episode,step,active_agent,valid_actions,discrete_action,reward,done,next_active_agent,raw_0,raw_1,raw_2,raw_3,padded_0,padded_1,padded_2,padded_3,dense_sparse_weight,top_k,rerank_threshold,source_diversity,rewrite_strength,query_expansion_weight,relevance_threshold,evidence_keep_ratio,strictness_score,temperature,citation_strictness,max_tokens,answer_detail_level,support_threshold
1,1,retriever,dense_retrieve|sparse_retrieve|hybrid_retrieve|hybrid_rerank,hybrid_rerank,-0.02,0,grader,-0.405679,-0.25832,0.654575,-0.163553,-0.405679,-0.25832,0.654575,-0.163553,0.29716072976589203,10,0.8272875249385834,0.41822365671396255,,,,,,,,,,
1,2,grader,keep_all|loose_filter|medium_filter|strict_filter|rerank_only,loose_filter,-0.07,0,generator,-0.031141,-0.005086,0.456534,,-0.031141,-0.005086,0.456534,0.0,,,,,,,0.4844295345246792,0.8492370452964678,0.7282669693231583,,,,,
1,3,generator,generate_answer|generate_with_strict_citations|generate_short_answer,generate_short_answer,-0.07,0,verifier,-0.007197,0.107148,-0.023195,0.02894,-0.007197,0.107148,-0.023195,0.02894,,,,,,,,,,0.4964016075246036,0.5535737872123718,256,0.5144700538367033,
1,4,verifier,verify_answer,verify_answer,-0.07,0,verifier,0.323828,,,,0.323828,0.0,0.0,0.0,,,,,,,,,,,,,,0.6619137525558472
1,5,verifier,request_regeneration|request_more_retrieval|request_rewrite,request_regeneration,-0.07,0,generator,0.492643,,,,0.492643,0.0,0.0,0.0,,,,,,,,,,,,,,0.7463213801383972
1,6,generator,generate_answer|generate_with_strict_citations|generate_short_answer|regenerate,generate_short_answer,-0.07,0,verifier,-0.191364,-0.260035,-0.075302,-0.150216,-0.191364,-0.260035,-0.075302,-0.150216,,,,,,,,,,0.4043179452419281,0.3699827045202255,227,0.42489200830459595,
1,7,verifier,verify_answer,verify_answer,-0.07,0,verifier,0.42445,,,,0.42445,0.0,0.0,0.0,,,,,,,,,,,,,,0.7122247666120529
1,8,verifier,request_regeneration|request_more_retrieval|request_rewrite,request_regeneration,-0.07,0,generator,0.344105,,,,0.344105,0.0,0.0,0.0,,,,,,,,,,,,,,0.6720525622367859
1,9,generator,generate_answer|generate_with_strict_citations|generate_short_answer|regenerate,generate_short_answer,-0.07,0,verifier,-0.325135,-0.065,-0.056429,-0.086278,-0.325135,-0.065,-0.056429,-0.086278,,,,,,,,,,0.3374324142932892,0.4674999602138996,237,0.45686106383800507,
1,10,verifier,verify_answer,verify_answer,0.46,1,,0.004431,,,,0.004431,0.0,0.0,0.0,,,,,,,,,,,,,,0.5022152785677463
2,1,retriever,dense_retrieve|sparse_retrieve|hybrid_retrieve|hybrid_rerank,hybrid_rerank,-0.02,0,grader,-0.521645,-0.0289,0.23347,-0.38898,-0.521645,-0.0289,0.23347,-0.38898,0.2391776740550995,12,0.6167348250746727,0.3055102229118347,,,,,,,,,,
2,2,grader,keep_all|loose_filter|medium_filter|strict_filter|rerank_only,rerank_only,-0.07,0,generator,0.07003,-0.122029,0.216301,,0.07003,-0.122029,0.216301,0.0,,,,,,,0.5350151136517525,0.8316956087946892,0.6081505939364433,,,,,
2,3,generator,generate_answer|generate_with_strict_citations|generate_short_answer,generate_short_answer,-0.07,0,verifier,0.195252,0.121564,-0.289623,0.209451,0.195252,0.121564,-0.289623,0.209451,,,,,,,,,,0.5976262241601944,0.5607818104326725,240,0.6047254949808121,
2,4,verifier,verify_answer,verify_answer,0.6185,1,,0.247531,,,,0.247531,0.0,0.0,0.0,,,,,,,,,,,,,,0.6237654015421867
3,1,retriever,dense_retrieve|sparse_retrieve|hybrid_retrieve|hybrid_rerank,hybrid_rerank,-0.02,0,grader,-0.468913,-0.463089,0.299169,-0.431535,-0.468913,-0.463089,0.299169,-0.431535,0.2655433863401413,9,0.6495842933654785,0.28423239290714264,,,,,,,,,,
3,2,grader,keep_all|loose_filter|medium_filter|strict_filter|rerank_only,rerank_only,-0.07,0,generator,0.05165,0.182429,0.140794,,0.05165,0.182429,0.140794,0.0,,,,,,,0.5258251577615738,0.8773644015192985,0.5703969225287437,,,,,
3,3,generator,generate_answer|generate_with_strict_citations|generate_short_answer,generate_short_answer,-0.07,0,verifier,0.026299,-0.038724,-0.31613,0.071267,0.026299,-0.038724,-0.31613,0.071267,,,,,,,,,,0.5131495147943497,0.48063780553638935,222,0.5356336049735546,
3,4,verifier,verify_answer,verify_answer,-0.07,0,verifier,0.598832,,,,0.598832,0.0,0.0,0.0,,,,,,,,,,,,,,0.7994157671928406
3,5,verifier,request_regeneration|request_more_retrieval|request_rewrite,request_regeneration,-0.07,0,generator,0.757254,,,,0.757254,0.0,0.0,0.0,,,,,,,,,,,,,,0.8786270320415497
3,6,generator,generate_answer|generate_with_strict_citations|generate_short_answer|regenerate,generate_short_answer,-0.07,0,verifier,-0.170714,-0.09951,-0.28302,-0.06923,-0.170714,-0.09951,-0.28302,-0.06923,,,,,,,,,,0.41464313864707947,0.450244776904583,211,0.4653850309550762,
3,7,verifier,verify_answer,verify_answer,-0.07,0,verifier,0.673923,,,,0.673923,0.0,0.0,0.0,,,,,,,,,,,,,,0.8369613289833069
3,8,verifier,request_regeneration|request_more_retrieval|request_rewrite,request_regeneration,-0.07,0,generator,0.926861,,,,0.926861,0.0,0.0,0.0,,,,,,,,,,,,,,0.9634304642677307
3,9,generator,generate_answer|generate_with_strict_citations|generate_short_answer|regenerate,generate_short_answer,-0.07,0,verifier,0.02666,-0.272107,-0.264254,0.007542,0.02666,-0.272107,-0.264254,0.007542,,,,,,,,,,0.5133299808949232,0.3639463931322098,222,0.5037708173040301,
3,10,verifier,verify_answer,verify_answer,0.2528,1,,0.803989,,,,0.803989,0.0,0.0,0.0,,,,,,,,,,,,,,0.9019943475723267
4,1,retriever,dense_retrieve|sparse_retrieve|hybrid_retrieve|hybrid_rerank,hybrid_rerank,-0.02,0,grader,-0.506647,-0.304897,0.42588,-0.531927,-0.506647,-0.304897,0.42588,-0.531927,0.2466764748096466,10,0.7129402458667755,0.23403656482696533,,,,,,,,,,
4,2,grader,keep_all|loose_filter|medium_filter|strict_filter|rerank_only,rerank_only,-0.07,0,generator,0.151713,0.174609,0.197401,,0.151713,0.174609,0.197401,0.0,,,,,,,0.5758564546704292,0.8761913530528544,0.5987006053328514,,,,,
4,3,generator,generate_answer|generate_with_strict_citations|generate_short_answer,generate_short_answer,-0.07,0,verifier,0.010073,0.153206,-0.22255,0.133589,0.010073,0.153206,-0.22255,0.133589,,,,,,,,,,0.5050364504568279,0.5766030550003052,242,0.5667943358421326,
4,4,verifier,verify_answer,verify_answer,0.7136,1,,0.564545,,,,0.564545,0.0,0.0,0.0,,,,,,,,,,,,,,0.7822724282741547
5,1,retriever,dense_retrieve|sparse_retrieve|hybrid_retrieve|hybrid_rerank,hybrid_rerank,-0.02,0,grader,-0.505617,0.065558,0.105435,-0.337779,-0.505617,0.065558,0.105435,-0.337779,0.2471916675567627,12,0.5527173615992069,0.33111049234867096,,,,,,,,,,
5,2,grader,keep_all|loose_filter|medium_filter|strict_filter|rerank_only,rerank_only,-0.07,0,generator,-0.012364,0.094839,0.211225,,-0.012364,0.094839,0.211225,0.0,,,,,,,0.4938182318583131,0.8642258767038583,0.6056127026677132,,,,,
5,3,generator,generate_answer|generate_with_strict_citations|generate_short_answer,generate_short_answer,-0.07,0,verifier,-0.202475,0.145098,-0.142637,0.349814,-0.202475,0.145098,-0.142637,0.349814,,,,,,,,,,0.3987622633576393,0.5725487843155861,278,0.674906998872757,
5,4,verifier,verify_answer,verify_answer,0.7286,1,,0.357537,,,,0.357537,0.0,0.0,0.0,,,,,,,,,,,,,,0.6787686198949814
6,1,retriever,dense_retrieve|sparse_retrieve|hybrid_retrieve|hybrid_rerank,hybrid_rerank,-0.02,0,grader,-0.567138,-0.108788,0.55687,-0.307061,-0.567138,-0.108788,0.55687,-0.307061,0.21643105149269104,11,0.778435230255127,0.3464692533016205,,,,,,,,,,
6,2,grader,keep_all|loose_filter|medium_filter|strict_filter|rerank_only,rerank_only,-0.07,0,generator,0.218159,-0.039029,0.376258,,0.218159,-0.039029,0.376258,0.0,,,,,,,0.609079398214817,0.8441455764696002,0.6881290823221207,,,,,
6,3,generator,generate_answer|generate_with_strict_citations|generate_short_answer,generate_short_answer,-0.07,0,verifier,0.000903,-0.026657,-0.015992,-0.025965,0.000903,-0.026657,-0.015992,-0.025965,,,,,,,,,,0.5004515032342169,0.48667134437710047,249,0.4870176622644067,
6,4,verifier,verify_answer,verify_answer,0.6468,1,,0.105725,,,,0.105725,0.0,0.0,0.0,,,,,,,,,,,,,,0.5528626888990402
7,1,retriever,dense_retrieve|sparse_retrieve|hybrid_retrieve|hybrid_rerank,hybrid_rerank,-0.02,0,grader,-0.435768,-0.198422,0.558189,-0.427195,-0.435768,-0.198422,0.558189,-0.427195,0.28211618959903717,11,0.7790943682193756,0.2864023745059967,,,,,,,,,,
7,2,grader,keep_all|loose_filter|medium_filter|strict_filter|rerank_only,rerank_only,-0.07,0,generator,-0.213088,-0.030983,0.167954,,-0.213088,-0.030983,0.167954,0.0,,,,,,,0.39345577359199524,0.8453525559976697,0.5839769691228867,,,,,
7,3,generator,generate_answer|generate_with_strict_citations|generate_short_answer,generate_answer,-0.07,0,verifier,-0.249174,0.163235,-0.053115,0.410387,-0.249174,0.163235,-0.053115,0.410387,,,,,,,,,,0.37541278451681137,0.5816173627972603,300,0.705193355679512,
7,4,verifier,verify_answer,verify_answer,0.6096,1,,0.397516,,,,0.397516,0.0,0.0,0.0,,,,,,,,,,,,,,0.6987580358982086
8,1,retriever,dense_retrieve|sparse_retrieve|hybrid_retrieve|hybrid_rerank,hybrid_rerank,-0.02,0,grader,-0.375731,-0.110371,0.204298,-0.356277,-0.375731,-0.110371,0.204298,-0.356277,0.312134325504303,11,0.6021488383412361,0.321861669421196,,,,,,,,,,
8,2,grader,keep_all|loose_filter|medium_filter|strict_filter|rerank_only,rerank_only,-0.07,0,generator,0.178262,0.2649,0.26402,,0.178262,0.2649,0.26402,0.0,,,,,,,0.5891307890415192,0.8897350579500198,0.6320101320743561,,,,,
8,3,generator,generate_answer|generate_with_strict_citations|generate_short_answer,generate_short_answer,-0.07,0,verifier,-0.098551,0.06295,-0.258117,0.210215,-0.098551,0.06295,-0.258117,0.210215,,,,,,,,,,0.4507244974374771,0.5314750038087368,245,0.605107456445694,
8,4,verifier,verify_answer,verify_answer,0.7073,1,,0.518708,,,,0.518708,0.0,0.0,0.0,,,,,,,,,,,,,,0.7593539953231812
9,1,retriever,dense_retrieve|sparse_retrieve|hybrid_retrieve|hybrid_rerank,hybrid_rerank,-0.02,0,grader,-0.361531,-0.373988,0.767841,-0.602285,-0.361531,-0.373988,0.767841,-0.602285,0.31923456490039825,9,0.883920431137085,0.19885757565498352,,,,,,,,,,
9,2,grader,keep_all|loose_filter|medium_filter|strict_filter|rerank_only,keep_all,-0.07,0,generator,0.065229,0.375796,0.042495,,0.065229,0.375796,0.042495,0.0,,,,,,,0.5326147228479385,0.9063694700598717,0.5212473105639219,,,,,
9,3,generator,generate_answer|generate_with_strict_citations|generate_short_answer,generate_short_answer,-0.07,0,verifier,-0.161864,0.155312,-0.222164,-0.11989,-0.161864,0.155312,-0.222164,-0.11989,,,,,,,,,,0.4190680533647537,0.5776561796665192,213,0.4400548078119755,
9,4,verifier,verify_answer,verify_answer,-0.07,0,verifier,0.385105,,,,0.385105,0.0,0.0,0.0,,,,,,,,,,,,,,0.6925524771213531
9,5,verifier,request_regeneration|request_more_retrieval|request_rewrite,request_regeneration,-0.07,0,generator,0.370897,,,,0.370897,0.0,0.0,0.0,,,,,,,,,,,,,,0.6854486465454102
9,6,generator,generate_answer|generate_with_strict_citations|generate_short_answer|regenerate,generate_short_answer,-0.07,0,verifier,0.050707,-0.154725,0.07535,-0.27333,0.050707,-0.154725,0.07535,-0.27333,,,,,,,,,,0.5253536645323038,0.42263756692409515,228,0.36333490908145905,
9,7,verifier,verify_answer,verify_answer,-0.07,0,verifier,0.221054,,,,0.221054,0.0,0.0,0.0,,,,,,,,,,,,,,0.6105271205306053
9,8,verifier,request_regeneration|request_more_retrieval|request_rewrite,request_regeneration,-0.07,0,generator,0.449372,,,,0.449372,0.0,0.0,0.0,,,,,,,,,,,,,,0.7246859222650528
9,9,generator,generate_answer|generate_with_strict_citations|generate_short_answer|regenerate,generate_short_answer,-0.07,0,verifier,-0.095714,-0.153015,0.303618,-0.438958,-0.095714,-0.153015,0.303618,-0.438958,,,,,,,,,,0.45214293524622917,0.4234926626086235,229,0.2805207818746567,
9,10,verifier,verify_answer,verify_answer,0.6028,1,,0.320935,,,,0.320935,0.0,0.0,0.0,,,,,,,,,,,,,,0.6604674160480499
10,1,retriever,dense_retrieve|sparse_retrieve|hybrid_retrieve|hybrid_rerank,hybrid_rerank,-0.02,0,grader,-0.401005,0.071735,0.220576,-0.643403,-0.401005,0.071735,0.220576,-0.643403,0.2994975745677948,13,0.6102880388498306,0.17829862236976624,,,,,,,,,,
10,2,grader,keep_all|loose_filter|medium_filter|strict_filter|rerank_only,rerank_only,-0.07,0,generator,0.226631,0.024303,0.364483,,0.226631,0.024303,0.364483,0.0,,,,,,,0.6133154332637787,0.8536455249413848,0.6822416633367538,,,,,
10,3,generator,generate_answer|generate_with_strict_citations|generate_short_answer,generate_short_answer,-0.07,0,verifier,0.126067,-0.144534,0.045699,0.196711,0.126067,-0.144534,0.045699,0.196711,,,,,,,,,,0.5630335435271263,0.42773278057575226,286,0.5983553007245064,
10,4,verifier,verify_answer,verify_answer,0.7632,1,,0.086909,,,,0.086909,0.0,0.0,0.0,,,,,,,,,,,,,,0.5434544682502747
11,1,retriever,dense_retrieve|sparse_retrieve|hybrid_retrieve|hybrid_rerank,hybrid_rerank,-0.02,0,grader,-0.220377,-0.098063,0.319701,-0.362581,-0.220377,-0.098063,0.319701,-0.362581,0.3898117020726204,11,0.6598504781723022,0.3187093287706375,,,,,,,,,,
11,2,grader,keep_all|loose_filter|medium_filter|strict_filter|rerank_only,rerank_only,-0.07,0,generator,-0.210895,0.25359,0.37393,,-0.210895,0.25359,0.37393,0.0,,,,,,,0.39455243945121765,0.888038457930088,0.6869651824235916,,,,,
11,3,generator,generate_answer|generate_with_strict_citations|generate_short_answer,generate_short_answer,-0.07,0,verifier,-0.147756,0.401663,-0.095782,0.260532,-0.147756,0.401663,-0.095782,0.260532,,,,,,,,,,0.4261220023036003,0.700831264257431,274,0.630266085267067,
11,4,verifier,verify_answer,verify_answer,0.7642,1,,0.708314,,,,0.708314,0.0,0.0,0.0,,,,,,,,,,,,,,0.8541571497917175
12,1,retriever,dense_retrieve|sparse_retrieve|hybrid_retrieve|hybrid_rerank,hybrid_rerank,-0.02,0,grader,-0.471579,-0.390109,0.458404,-0.474867,-0.471579,-0.390109,0.458404,-0.474867,0.26421043276786804,9,0.7292017787694931,0.2625662833452225,,,,,,,,,,
12,2,grader,keep_all|loose_filter|medium_filter|strict_filter|rerank_only,rerank_only,-0.07,0,generator,0.004533,0.022445,0.20024,,0.004533,0.022445,0.20024,0.0,,,,,,,0.5022665590513498,0.8533666889183222,0.6001197695732117,,,,,
12,3,generator,generate_answer|generate_with_strict_citations|generate_short_answer,generate_short_answer,-0.07,0,verifier,0.325227,0.20954,0.007125,-0.086251,0.325227,0.20954,0.007125,-0.086251,,,,,,,,,,0.6626134663820267,0.6047698706388474,244,0.4568745233118534,
12,4,verifier,verify_answer,verify_answer,0.7343,1,,1.0,,,,1.0,0.0,0.0,0.0,,,,,,,,,,,,,,1.0
13,1,retriever,dense_retrieve|sparse_retrieve|hybrid_retrieve|hybrid_rerank,hybrid_rerank,-0.02,0,grader,-0.153898,-0.511377,0.308535,-0.297047,-0.153898,-0.511377,0.308535,-0.297047,0.42305103689432144,8,0.6542675644159317,0.3514764755964279,,,,,,,,,,
13,2,grader,keep_all|loose_filter|medium_filter|strict_filter|rerank_only,keep_all,-0.07,0,generator,-0.054955,0.61176,-0.145346,,-0.054955,0.61176,-0.145346,0.0,,,,,,,0.47252257168293,0.9417640298604965,0.4273267611861229,,,,,
13,3,generator,generate_answer|generate_with_strict_citations|generate_short_answer,generate_short_answer,-0.07,0,verifier,0.627682,0.315589,-0.620666,-0.178431,0.627682,0.315589,-0.620666,-0.178431,,,,,,,,,,0.8138410747051239,0.6577946543693542,160,0.41078436374664307,
13,4,verifier,verify_answer,verify_answer,0.6839,1,,0.843167,,,,0.843167,0.0,0.0,0.0,,,,,,,,,,,,,,0.9215835332870483
14,1,retriever,dense_retrieve|sparse_retrieve|hybrid_retrieve|hybrid_rerank,hybrid_rerank,-0.02,0,grader,0.168776,-0.780963,0.541668,-0.151683,0.168776,-0.780963,0.541668,-0.151683,0.5843878462910652,6,0.77083420753479,0.42415858805179596,,,,,,,,,,
14,2,grader,keep_all|loose_filter|medium_filter|strict_filter|rerank_only,keep_all,-0.07,0,generator,0.010709,0.694101,-0.54121,,0.010709,0.694101,-0.54121,0.0,,,,,,,0.5053545590490103,0.9541152179241179,0.22939524054527283,,,,,
14,3,generator,generate_answer|generate_with_strict_citations|generate_short_answer,generate_short_answer,-0.07,0,verifier,0.532774,0.54699,-0.388964,0.005516,0.532774,0.54699,-0.388964,0.005516,,,,,,,,,,0.7663869559764862,0.7734947502613068,206,0.5027582107577473,
14,4,verifier,verify_answer,verify_answer,-0.07,0,verifier,0.777925,,,,0.777925,0.0,0.0,0.0,,,,,,,,,,,,,,0.8889623880386353
14,5,verifier,request_regeneration|request_more_retrieval|request_rewrite,request_regeneration,-0.07,0,generator,0.242252,,,,0.242252,0.0,0.0,0.0,,,,,,,,,,,,,,0.6211259886622429
14,6,generator,generate_answer|generate_with_strict_citations|generate_short_answer|regenerate,generate_short_answer,-0.07,0,verifier,0.46288,0.465876,-0.297401,-0.015687,0.46288,0.465876,-0.297401,-0.015687,,,,,,,,,,0.7314398884773254,0.7329380512237549,215,0.4921564310789108,
14,7,verifier,verify_answer,verify_answer,-0.07,0,verifier,0.719626,,,,0.719626,0.0,0.0,0.0,,,,,,,,,,,,,,0.8598127663135529
14,8,verifier,request_regeneration|request_more_retrieval|request_rewrite,request_regeneration,-0.07,0,generator,0.453747,,,,0.453747,0.0,0.0,0.0,,,,,,,,,,,,,,0.7268735468387604
14,9,generator,generate_answer|generate_with_strict_citations|generate_short_answer|regenerate,generate_short_answer,-0.07,0,verifier,0.765754,0.631663,-0.337786,-0.089295,0.765754,0.631663,-0.337786,-0.089295,,,,,,,,,,0.8828769028186798,0.8158315122127533,202,0.4553525298833847,
14,10,verifier,verify_answer,verify_answer,0.149,1,,0.55375,,,,0.55375,0.0,0.0,0.0,,,,,,,,,,,,,,0.7768748104572296
15,1,retriever,dense_retrieve|sparse_retrieve|hybrid_retrieve|hybrid_rerank,hybrid_rerank,-0.02,0,grader,0.612638,-0.645896,0.217959,0.00241,0.612638,-0.645896,0.217959,0.00241,0.8063192367553711,7,0.6089797094464302,0.5012047743657604,,,,,,,,,,
15,2,grader,keep_all|loose_filter|medium_filter|strict_filter|rerank_only,keep_all,-0.07,0,generator,1.0,0.630878,-0.735046,,1.0,0.630878,-0.735046,0.0,,,,,,,1.0,0.9446316957473755,0.13247713446617126,,,,,
15,3,generator,generate_answer|generate_with_strict_citations|generate_short_answer,generate_short_answer,-0.07,0,verifier,0.677308,0.56091,-0.525263,-0.138471,0.677308,0.56091,-0.525263,-0.138471,,,,,,,,,,0.8386537730693817,0.7804549336433411,174,0.4307646229863167,
15,4,verifier,verify_answer,verify_answer,0.7548,1,,-0.175901,,,,-0.175901,0.0,0.0,0.0,,,,,,,,,,,,,,0.4120496064424515
16,1,retriever,dense_retrieve|sparse_retrieve|hybrid_retrieve|hybrid_rerank,dense_retrieve,-0.02,0,grader,0.681078,-0.284589,-0.012221,0.040961,0.681078,-0.284589,-0.012221,0.040961,0.8405389785766602,10,0.4938896205276251,0.520480690523982,,,,,,,,,,
16,2,grader,keep_all|loose_filter|medium_filter|strict_filter|rerank_only,keep_all,-0.07,0,generator,0.796959,0.843763,-0.546545,,0.796959,0.843763,-0.546545,0.0,,,,,,,0.898479551076889,0.9765645205974578,0.22672760486602783,,,,,
16,3,generator,generate_answer|generate_with_strict_citations|generate_short_answer,generate_short_answer,-0.07,0,verifier,1.0,0.377715,-0.749336,-0.190348,1.0,0.377715,-0.749336,-0.190348,,,,,,,,,,1.0,0.6888572573661804,144,0.40482618659734726,
16,4,verifier,verify_answer,verify_answer,0.6163,1,,0.118558,,,,0.118558,0.0,0.0,0.0,,,,,,,,,,,,,,0.5592790767550468
17,1,retriever,dense_retrieve|sparse_retrieve|hybrid_retrieve|hybrid_rerank,hybrid_rerank,-0.02,0,grader,0.733396,-0.320234,0.194432,0.343528,0.733396,-0.320234,0.194432,0.343528,0.8666978180408478,10,0.5972158387303352,0.6717637926340103,,,,,,,,,,
17,2,grader,keep_all|loose_filter|medium_filter|strict_filter|rerank_only,keep_all,-0.07,0,generator,0.673009,0.896972,-0.889422,,0.673009,0.896972,-0.889422,0.0,,,,,,,0.8365043997764587,0.984545862674713,0.055288881063461304,,,,,
17,3,generator,generate_answer|generate_with_strict_citations|generate_short_answer,generate_with_strict_citations,-0.07,0,verifier,0.85581,1.0,-0.738943,-0.137939,0.85581,1.0,-0.738943,-0.137939,,,,,,,,,,0.9279049336910248,1.0,149,0.4310307055711746,
17,4,verifier,verify_answer,verify_answer,0.5163,1,,0.058431,,,,0.058431,0.0,0.0,0.0,,,,,,,,,,,,,,0.529215395450592
18,1,retriever,dense_retrieve|sparse_retrieve|hybrid_retrieve|hybrid_rerank,dense_retrieve,-0.02,0,grader,1.0,-0.059743,-0.04258,0.126176,1.0,-0.059743,-0.04258,0.126176,1.0,12,0.4787099752575159,0.5630882233381271,,,,,,,,,,
18,2,grader,keep_all|loose_filter|medium_filter|strict_filter|rerank_only,keep_all,-0.07,0,generator,1.0,0.855191,-0.810436,,1.0,0.855191,-0.810436,0.0,,,,,,,1.0,0.9782786756753921,0.09478187561035156,,,,,
18,3,generator,generate_answer|generate_with_strict_citations|generate_short_answer,generate_short_answer,-0.07,0,verifier,1.0,0.667455,-0.846544,-0.305637,1.0,0.667455,-0.846544,-0.305637,,,,,,,,,,1.0,0.8337273597717285,128,0.3471812903881073,
18,4,verifier,verify_answer,verify_answer,0.2776,1,,-0.09302,,,,-0.09302,0.0,0.0,0.0,,,,,,,,,,,,,,0.453490249812603
19,1,retriever,dense_retrieve|sparse_retrieve|hybrid_retrieve|hybrid_rerank,hybrid_rerank,-0.02,0,grader,0.871796,-0.139488,0.460788,0.085588,0.871796,-0.139488,0.460788,0.085588,0.9358982443809509,11,0.730394184589386,0.5427938215434551,,,,,,,,,,
19,2,grader,keep_all|loose_filter|medium_filter|strict_filter|rerank_only,keep_all,-0.07,0,generator,0.830132,0.990036,-0.618518,,0.830132,0.990036,-0.618518,0.0,,,,,,,0.9150659143924713,0.9985053658485412,0.19074079394340515,,,,,
19,3,generator,generate_answer|generate_with_strict_citations|generate_short_answer,generate_with_strict_citations,-0.07,0,verifier,0.753581,1.0,-0.874353,0.148857,0.753581,1.0,-0.874353,0.148857,,,,,,,,,,0.8767902553081512,1.0,154,0.5744284838438034,
19,4,verifier,verify_answer,verify_answer,0.8237,1,,0.255554,,,,0.255554,0.0,0.0,0.0,,,,,,,,,,,,,,0.6277768760919571
20,1,retriever,dense_retrieve|sparse_retrieve|hybrid_retrieve|hybrid_rerank,hybrid_rerank,-0.02,0,grader,0.965259,-0.071857,0.444571,0.275564,0.965259,-0.071857,0.444571,0.275564,0.9826296269893646,11,0.7222852855920792,0.637781947851181,,,,,,,,,,
20,2,grader,keep_all|loose_filter|medium_filter|strict_filter|rerank_only,keep_all,-0.07,0,generator,0.906731,1.0,-0.603872,,0.906731,1.0,-0.603872,0.0,,,,,,,0.953365296125412,1.0,0.19806411862373352,,,,,
20,3,generator,generate_answer|generate_with_strict_citations|generate_short_answer,generate_with_strict_citations,-0.07,0,verifier,0.791127,1.0,-1.0,0.37471,0.791127,1.0,-1.0,0.37471,,,,,,,,,,0.8955634832382202,1.0,151,0.6873551607131958,
20,4,verifier,verify_answer,verify_answer,0.8098,1,,0.190452,,,,0.190452,0.0,0.0,0.0,,,,,,,,,,,,,,0.5952261984348297
21,1,retriever,dense_retrieve|sparse_retrieve|hybrid_retrieve|hybrid_rerank,hybrid_rerank,-0.02,0,grader,0.982296,0.238556,0.392854,0.254653,0.982296,0.238556,0.392854,0.254653,0.9911481738090515,14,0.696427196264267,0.6273263543844223,,,,,,,,,,
21,2,grader,keep_all|loose_filter|medium_filter|strict_filter|rerank_only,keep_all,-0.07,0,generator,0.813759,1.0,-0.729223,,0.813759,1.0,-0.729223,0.0,,,,,,,0.9068794250488281,1.0,0.13538843393325806,,,,,
21,3,generator,generate_answer|generate_with_strict_citations|generate_short_answer,generate_with_strict_citations,-0.07,0,verifier,0.87557,1.0,-0.852603,0.568025,0.87557,1.0,-0.852603,0.568025,,,,,,,,,,0.9377850294113159,1.0,187,0.7840123176574707,
21,4,verifier,verify_answer,verify_answer,-0.07,0,verifier,0.312877,,,,0.312877,0.0,0.0,0.0,,,,,,,,,,,,,,0.6564386785030365
21,5,verifier,request_regeneration|request_more_retrieval|request_rewrite,request_more_retrieval,-0.07,0,retriever,-0.850264,,,,-0.850264,0.0,0.0,0.0,,,,,,,,,,,,,,0.0748680830001831
21,6,retriever,retrieve_more,retrieve_more,-0.02,0,grader,0.790507,0.100265,0.687987,0.149735,0.790507,0.100265,0.687987,0.149735,0.8952535688877106,13,0.8439934253692627,0.5748677402734756,,,,,,,,,,
21,7,grader,keep_all|loose_filter|medium_filter|strict_filter|rerank_only,keep_all,-0.07,0,generator,0.82599,1.0,-0.679022,,0.82599,1.0,-0.679022,0.0,,,,,,,0.9129952490329742,1.0,0.16048884391784668,,,,,
21,8,generator,generate_answer|generate_with_strict_citations|generate_short_answer,generate_with_strict_citations,-0.07,0,verifier,0.979626,0.944818,-0.878735,0.8361,0.979626,0.944818,-0.878735,0.8361,,,,,,,,,,0.9898127913475037,0.9724092185497284,202,0.9180500507354736,
21,9,verifier,verify_answer,verify_answer,0.3975,1,,-0.350934,,,,-0.350934,0.0,0.0,0.0,,,,,,,,,,,,,,0.3245328515768051
22,1,retriever,dense_retrieve|sparse_retrieve|hybrid_retrieve|hybrid_rerank,hybrid_rerank,-0.02,0,grader,1.0,0.494495,0.642869,0.342889,1.0,0.494495,0.642869,0.342889,1.0,16,0.8214343190193176,0.6714444160461426,,,,,,,,,,
22,2,grader,keep_all|loose_filter|medium_filter|strict_filter|rerank_only,keep_all,-0.07,0,generator,0.843021,1.0,-0.741565,,0.843021,1.0,-0.741565,0.0,,,,,,,0.9215102791786194,1.0,0.12921753525733948,,,,,
22,3,generator,generate_answer|generate_with_strict_citations|generate_short_answer,generate_with_strict_citations,-0.07,0,verifier,1.0,1.0,-1.0,0.958088,1.0,1.0,-1.0,0.958088,,,,,,,,,,1.0,1.0,189,0.9790438115596771,
22,4,verifier,verify_answer,verify_answer,0.5473,1,,-0.428727,,,,-0.428727,0.0,0.0,0.0,,,,,,,,,,,,,,0.2856367230415344
23,1,retriever,dense_retrieve|sparse_retrieve|hybrid_retrieve|hybrid_rerank,hybrid_rerank,-0.02,0,grader,0.783019,0.564948,0.791835,0.288928,0.783019,0.564948,0.791835,0.288928,0.8915093243122101,16,0.8959172964096069,0.644463986158371,,,,,,,,,,
23,2,grader,keep_all|loose_filter|medium_filter|strict_filter|rerank_only,keep_all,-0.07,0,generator,0.994768,0.982191,-0.763167,,0.994768,0.982191,-0.763167,0.0,,,,,,,0.9973839819431305,0.9973286181688308,0.11841657757759094,,,,,
23,3,generator,generate_answer|generate_with_strict_citations|generate_short_answer,generate_with_strict_citations,-0.07,0,verifier,0.996877,0.832125,-0.780381,0.646295,0.996877,0.832125,-0.780381,0.646295,,,,,,,,,,0.9984387159347534,0.9160625338554382,206,0.8231474459171295,
23,4,verifier,verify_answer,verify_answer,0.8256,1,,-0.361552,,,,-0.361552,0.0,0.0,0.0,,,,,,,,,,,,,,0.3192241042852402
24,1,retriever,dense_retrieve|sparse_retrieve|hybrid_retrieve|hybrid_rerank,hybrid_rerank,-0.02,0,grader,0.922304,0.392957,0.630785,-0.06756,0.922304,0.392957,0.630785,-0.06756,0.9611522257328033,15,0.8153924942016602,0.4662197530269623,,,,,,,,,,
24,2,grader,keep_all|loose_filter|medium_filter|strict_filter|rerank_only,keep_all,-0.07,0,generator,0.903926,1.0,-0.628228,,0.903926,1.0,-0.628228,0.0,,,,,,,0.9519629180431366,1.0,0.1858862042427063,,,,,
24,3,generator,generate_answer|generate_with_strict_citations|generate_short_answer,generate_with_strict_citations,-0.07,0,verifier,0.918412,0.972558,-1.0,0.524641,0.918412,0.972558,-1.0,0.524641,,,,,,,,,,0.9592061042785645,0.9862789213657379,161,0.7623206377029419,
24,4,verifier,verify_answer,verify_answer,0.7408,1,,-0.476581,,,,-0.476581,0.0,0.0,0.0,,,,,,,,,,,,,,0.26170945167541504
25,1,retriever,dense_retrieve|sparse_retrieve|hybrid_retrieve|hybrid_rerank,hybrid_rerank,-0.02,0,grader,0.939368,0.432918,0.929366,0.024026,0.939368,0.432918,0.929366,0.024026,0.969683974981308,15,0.9646827876567841,0.5120131708681583,,,,,,,,,,
25,2,grader,keep_all|loose_filter|medium_filter|strict_filter|rerank_only,keep_all,-0.07,0,generator,0.812256,0.98248,-0.543068,,0.812256,0.98248,-0.543068,0.0,,,,,,,0.9061281979084015,0.9973719358444213,0.22846612334251404,,,,,
25,3,generator,generate_answer|generate_with_strict_citations|generate_short_answer,generate_with_strict_citations,-0.07,0,verifier,0.988558,0.887717,-0.874849,0.649639,0.988558,0.887717,-0.874849,0.649639,,,,,,,,,,0.9942790865898132,0.9438583552837372,190,0.8248195648193359,
25,4,verifier,verify_answer,verify_answer,0.7785,1,,0.017527,,,,0.017527,0.0,0.0,0.0,,,,,,,,,,,,,,0.5087635815143585
26,1,retriever,dense_retrieve|sparse_retrieve|hybrid_retrieve|hybrid_rerank,hybrid_rerank,-0.02,0,grader,1.0,0.346172,0.797247,-0.113934,1.0,0.346172,0.797247,-0.113934,1.0,15,0.8986234962940216,0.4430331140756607,,,,,,,,,,
26,2,grader,keep_all|loose_filter|medium_filter|strict_filter|rerank_only,keep_all,-0.07,0,generator,0.749759,1.0,-0.248134,,0.749759,1.0,-0.248134,0.0,,,,,,,0.8748793601989746,1.0,0.37593304365873337,,,,,
26,3,generator,generate_answer|generate_with_strict_citations|generate_short_answer,generate_with_strict_citations,-0.07,0,verifier,1.0,0.804441,-0.918966,0.947065,1.0,0.804441,-0.918966,0.947065,,,,,,,,,,1.0,0.9022203683853149,203,0.973532646894455,
26,4,verifier,verify_answer,verify_answer,-0.07,0,verifier,0.454398,,,,0.454398,0.0,0.0,0.0,,,,,,,,,,,,,,0.7271987646818161
26,5,verifier,request_regeneration|request_more_retrieval|request_rewrite,request_more_retrieval,-0.07,0,retriever,-0.609067,,,,-0.609067,0.0,0.0,0.0,,,,,,,,,,,,,,0.19546625018119812
26,6,retriever,retrieve_more,retrieve_more,-0.02,0,grader,1.0,0.085475,0.984851,-0.206508,1.0,0.085475,0.984851,-0.206508,1.0,13,0.9924255013465881,0.3967457637190819,,,,,,,,,,
26,7,grader,keep_all|loose_filter|medium_filter|strict_filter|rerank_only,keep_all,-0.07,0,generator,1.0,0.889892,-0.20075,,1.0,0.889892,-0.20075,0.0,,,,,,,1.0,0.9834837794303893,0.3996250182390213,,,,,
26,8,generator,generate_answer|generate_with_strict_citations|generate_short_answer,generate_answer,-0.07,0,verifier,0.912403,0.493359,-1.0,0.854854,0.912403,0.493359,-1.0,0.854854,,,,,,,,,,0.956201434135437,0.7466797232627869,182,0.9274272322654724,
26,9,verifier,verify_answer,verify_answer,0.5286,1,,-0.085055,,,,-0.085055,0.0,0.0,0.0,,,,,,,,,,,,,,0.45747261494398117
27,1,retriever,dense_retrieve|sparse_retrieve|hybrid_retrieve|hybrid_rerank,hybrid_rerank,-0.02,0,grader,1.0,0.412587,0.975466,-0.228402,1.0,0.412587,0.975466,-0.228402,1.0,15,0.9877329468727112,0.385798804461956,,,,,,,,,,
27,2,grader,keep_all|loose_filter|medium_filter|strict_filter|rerank_only,keep_all,-0.07,0,generator,0.670958,1.0,-0.090077,,0.670958,1.0,-0.090077,0.0,,,,,,,0.835479199886322,1.0,0.4549614414572716,,,,,
27,3,generator,generate_answer|generate_with_strict_citations|generate_short_answer,generate_with_strict_citations,-0.07,0,verifier,1.0,1.0,-0.996095,0.560121,1.0,1.0,-0.996095,0.560121,,,,,,,,,,1.0,1.0,163,0.780060738325119,
27,4,verifier,verify_answer,verify_answer,0.8676,1,,0.334202,,,,0.334202,0.0,0.0,0.0,,,,,,,,,,,,,,0.6671008169651031
28,1,retriever,dense_retrieve|sparse_retrieve|hybrid_retrieve|hybrid_rerank,hybrid_rerank,-0.02,0,grader,0.962103,0.333161,0.575783,-0.439099,0.962103,0.333161,0.575783,-0.439099,0.9810515940189362,14,0.7878913581371307,0.28045035898685455,,,,,,,,,,
28,2,grader,keep_all|loose_filter|medium_filter|strict_filter|rerank_only,keep_all,-0.07,0,generator,0.71168,0.990406,0.106206,,0.71168,0.990406,0.106206,0.0,,,,,,,0.8558398485183716,0.9985609501600266,0.5531027652323246,,,,,
28,3,generator,generate_answer|generate_with_strict_citations|generate_short_answer,generate_with_strict_citations,-0.07,0,verifier,1.0,0.796264,-0.937976,0.886574,1.0,0.796264,-0.937976,0.886574,,,,,,,,,,1.0,0.8981318175792694,194,0.9432871341705322,
28,4,verifier,verify_answer,verify_answer,0.8132,1,,0.406129,,,,0.406129,0.0,0.0,0.0,,,,,,,,,,,,,,0.7030647099018097
29,1,retriever,dense_retrieve|sparse_retrieve|hybrid_retrieve|hybrid_rerank,hybrid_rerank,-0.02,0,grader,1.0,0.005584,0.557554,-0.210351,1.0,0.005584,0.557554,-0.210351,1.0,12,0.7787772119045258,0.39482465386390686,,,,,,,,,,
29,2,grader,keep_all|loose_filter|medium_filter|strict_filter|rerank_only,loose_filter,-0.07,0,generator,0.709441,0.871527,0.41396,,0.709441,0.871527,0.41396,0.0,,,,,,,0.854720413684845,0.9807290345430373,0.7069800943136215,,,,,
29,3,generator,generate_answer|generate_with_strict_citations|generate_short_answer,generate_with_strict_citations,-0.07,0,verifier,1.0,1.0,-0.897499,1.0,1.0,1.0,-0.897499,1.0,,,,,,,,,,1.0,1.0,211,1.0,
29,4,verifier,verify_answer,verify_answer,-0.07,0,verifier,0.815413,,,,0.815413,0.0,0.0,0.0,,,,,,,,,,,,,,0.9077063202857971
29,5,verifier,request_regeneration|request_more_retrieval|request_rewrite,request_more_retrieval,-0.07,0,retriever,-0.733918,,,,-0.733918,0.0,0.0,0.0,,,,,,,,,,,,,,0.1330411732196808
29,6,retriever,retrieve_more,retrieve_more,-0.02,0,grader,1.0,-0.033953,0.834443,-0.6438,1.0,-0.033953,0.834443,-0.6438,1.0,12,0.9172214567661285,0.17810001969337463,,,,,,,,,,
29,7,grader,keep_all|loose_filter|medium_filter|strict_filter|rerank_only,keep_all,-0.07,0,generator,0.807326,1.0,-0.052271,,0.807326,1.0,-0.052271,0.0,,,,,,,0.9036630690097809,1.0,0.47386426106095314,,,,,
29,8,generator,generate_answer|generate_with_strict_citations|generate_short_answer,generate_with_strict_citations,-0.07,0,verifier,0.83163,0.78901,-0.937633,1.0,0.83163,0.78901,-0.937633,1.0,,,,,,,,,,0.9158148765563965,0.894504964351654,202,1.0,
29,9,verifier,verify_answer,verify_answer,0.6667,1,,0.352941,,,,0.352941,0.0,0.0,0.0,,,,,,,,,,,,,,0.6764703691005707
30,1,retriever,dense_retrieve|sparse_retrieve|hybrid_retrieve|hybrid_rerank,hybrid_rerank,-0.02,0,grader,0.971158,0.633221,0.492171,-0.669983,0.971158,0.633221,0.492171,-0.669983,0.9855792224407196,17,0.7460854649543762,0.1650083065032959,,,,,,,,,,
30,2,grader,keep_all|loose_filter|medium_filter|strict_filter|rerank_only,keep_all,-0.07,0,generator,0.749002,1.0,-0.055886,,0.749002,1.0,-0.055886,0.0,,,,,,,0.8745011985301971,1.0,0.4720571655780077,,,,,
30,3,generator,generate_answer|generate_with_strict_citations|generate_short_answer,generate_with_strict_citations,-0.07,0,verifier,0.682584,0.952459,-1.0,0.95693,0.682584,0.952459,-1.0,0.95693,,,,,,,,,,0.8412921726703644,0.9762293696403503,189,0.9784648716449738,
30,4,verifier,verify_answer,verify_answer,0.8515,1,,0.463939,,,,0.463939,0.0,0.0,0.0,,,,,,,,,,,,,,0.7319696992635727
31,1,retriever,dense_retrieve|sparse_retrieve|hybrid_retrieve|hybrid_rerank,hybrid_rerank,-0.02,0,grader,0.836314,0.016239,0.636431,-0.326223,0.836314,0.016239,0.636431,-0.326223,0.9181570112705231,12,0.818215548992157,0.33688828349113464,,,,,,,,,,
31,2,grader,keep_all|loose_filter|medium_filter|strict_filter|rerank_only,keep_all,-0.07,0,generator,0.80769,0.836029,-0.014418,,0.80769,0.836029,-0.014418,0.0,,,,,,,0.9038451611995697,0.9754042953252792,0.4927911972627044,,,,,
31,3,generator,generate_answer|generate_with_strict_citations|generate_short_answer,generate_with_strict_citations,-0.07,0,verifier,0.913936,0.831014,-0.918436,0.779555,0.913936,0.831014,-0.918436,0.779555,,,,,,,,,,0.9569680094718933,0.9155070185661316,191,0.8897774517536163,
31,4,verifier,verify_answer,verify_answer,0.6666,1,,0.498273,,,,0.498273,0.0,0.0,0.0,,,,,,,,,,,,,,0.7491364479064941
32,1,retriever,dense_retrieve|sparse_retrieve|hybrid_retrieve|hybrid_rerank,hybrid_rerank,-0.02,0,grader,0.799991,0.241547,0.855494,-0.270725,0.799991,0.241547,0.855494,-0.270725,0.8999956548213959,14,0.9277469217777252,0.36463743448257446,,,,,,,,,,
32,2,grader,keep_all|loose_filter|medium_filter|strict_filter|rerank_only,keep_all,-0.07,0,generator,0.802193,0.96337,-0.145165,,0.802193,0.96337,-0.145165,0.0,,,,,,,0.9010965824127197,0.9945055574178695,0.42741774767637253,,,,,
32,3,generator,generate_answer|generate_with_strict_citations|generate_short_answer,generate_with_strict_citations,-0.07,0,verifier,1.0,1.0,-0.946864,0.809695,1.0,1.0,-0.946864,0.809695,,,,,,,,,,1.0,1.0,188,0.9048475325107574,
32,4,verifier,verify_answer,verify_answer,-0.07,0,verifier,0.142325,,,,0.142325,0.0,0.0,0.0,,,,,,,,,,,,,,0.5711622685194016
32,5,verifier,request_regeneration|request_more_retrieval|request_rewrite,request_more_retrieval,-0.07,0,retriever,-1.0,,,,-1.0,0.0,0.0,0.0,,,,,,,,,,,,,,0.0
32,6,retriever,retrieve_more,retrieve_more,-0.02,0,grader,0.542199,0.560386,1.0,-0.822264,0.542199,0.560386,1.0,-0.822264,0.7710996866226196,16,1.0,0.0888681709766388,,,,,,,,,,
32,7,grader,keep_all|loose_filter|medium_filter|strict_filter|rerank_only,keep_all,-0.07,0,generator,0.925115,1.0,0.13137,,0.925115,1.0,0.13137,0.0,,,,,,,0.9625576436519623,1.0,0.5656850710511208,,,,,
32,8,generator,generate_answer|generate_with_strict_citations|generate_short_answer,generate_with_strict_citations,-0.07,0,verifier,1.0,1.0,-1.0,0.611982,1.0,1.0,-1.0,0.611982,,,,,,,,,,1.0,1.0,167,0.8059910535812378,
32,9,verifier,verify_answer,verify_answer,0.6922,1,,-0.794997,,,,-0.794997,0.0,0.0,0.0,,,,,,,,,,,,,,0.10250130295753479
33,1,retriever,dense_retrieve|sparse_retrieve|hybrid_retrieve|hybrid_rerank,hybrid_rerank,-0.02,0,grader,0.854571,-0.278699,0.751538,-0.083838,0.854571,-0.278699,0.751538,-0.083838,0.9272855222225189,10,0.875769168138504,0.45808079093694687,,,,,,,,,,
33,2,grader,keep_all|loose_filter|medium_filter|strict_filter|rerank_only,keep_all,-0.07,0,generator,1.0,1.0,-0.216254,,1.0,1.0,-0.216254,0.0,,,,,,,1.0,1.0,0.39187291264533997,,,,,
33,3,generator,generate_answer|generate_with_strict_citations|generate_short_answer,generate_with_strict_citations,-0.07,0,verifier,1.0,0.960273,-1.0,1.0,1.0,0.960273,-1.0,1.0,,,,,,,,,,1.0,0.9801363348960876,192,1.0,
33,4,verifier,verify_answer,verify_answer,0.5898,1,,0.213131,,,,0.213131,0.0,0.0,0.0,,,,,,,,,,,,,,0.606565535068512
34,1,retriever,dense_retrieve|sparse_retrieve|hybrid_retrieve|hybrid_rerank,hybrid_rerank,-0.02,0,grader,0.821821,0.172178,0.676663,-0.332384,0.821821,0.172178,0.676663,-0.332384,0.9109103083610535,13,0.8383316993713379,0.33380793035030365,,,,,,,,,,
34,2,grader,keep_all|loose_filter|medium_filter|strict_filter|rerank_only,keep_all,-0.07,0,generator,1.0,1.0,-0.464419,,1.0,1.0,-0.464419,0.0,,,,,,,1.0,1.0,0.26779070496559143,,,,,
34,3,generator,generate_answer|generate_with_strict_citations|generate_short_answer,generate_with_strict_citations,-0.07,0,verifier,1.0,0.85985,-0.951047,0.856227,1.0,0.85985,-0.951047,0.856227,,,,,,,,,,1.0,0.9299249053001404,191,0.9281136691570282,
34,4,verifier,verify_answer,verify_answer,-0.07,0,verifier,0.044382,,,,0.044382,0.0,0.0,0.0,,,,,,,,,,,,,,0.5221910793334246
34,5,verifier,request_regeneration|request_more_retrieval|request_rewrite,request_more_retrieval,-0.07,0,retriever,-1.0,,,,-1.0,0.0,0.0,0.0,,,,,,,,,,,,,,0.0
34,6,retriever,retrieve_more,retrieve_more,-0.02,0,grader,0.683644,0.286503,0.674402,-0.726542,0.683644,0.286503,0.674402,-0.726542,0.8418218195438385,14,0.8372009992599487,0.1367291510105133,,,,,,,,,,
34,7,grader,keep_all|loose_filter|medium_filter|strict_filter|rerank_only,keep_all,-0.07,0,generator,0.893784,1.0,-0.407455,,0.893784,1.0,-0.407455,0.0,,,,,,,0.9468917846679688,1.0,0.29627256095409393,,,,,
34,8,generator,generate_answer|generate_with_strict_citations|generate_short_answer,generate_with_strict_citations,-0.07,0,verifier,1.0,0.71962,-0.927068,0.987648,1.0,0.71962,-0.927068,0.987648,,,,,,,,,,1.0,0.859809935092926,204,0.9938241243362427,
34,9,verifier,verify_answer,verify_answer,0.5048,1,,-0.991539,,,,-0.991539,0.0,0.0,0.0,,,,,,,,,,,,,,0.004230290651321411
35,1,retriever,dense_retrieve|sparse_retrieve|hybrid_retrieve|hybrid_rerank,hybrid_rerank,-0.02,0,grader,1.0,0.128284,0.873791,-0.193555,1.0,0.128284,0.873791,-0.193555,1.0,13,0.936895340681076,0.40322238951921463,,,,,,,,,,
35,2,grader,keep_all|loose_filter|medium_filter|strict_filter|rerank_only,keep_all,-0.07,0,generator,0.659031,0.736787,-0.199252,,0.659031,0.736787,-0.199252,0.0,,,,,,,0.8295156359672546,0.9605180889368057,0.4003740921616554,,,,,
35,3,generator,generate_answer|generate_with_strict_citations|generate_short_answer,generate_with_strict_citations,-0.07,0,verifier,1.0,0.826062,-0.745421,0.693457,1.0,0.826062,-0.745421,0.693457,,,,,,,,,,1.0,0.9130310118198395,215,0.846728652715683,
35,4,verifier,verify_answer,verify_answer,0.7191,1,,0.362677,,,,0.362677,0.0,0.0,0.0,,,,,,,,,,,,,,0.6813385039567947
36,1,retriever,dense_retrieve|sparse_retrieve|hybrid_retrieve|hybrid_rerank,hybrid_rerank,-0.02,0,grader,0.792409,0.163014,0.763659,-0.225517,0.792409,0.163014,0.763659,-0.225517,0.8962045311927795,13,0.8818296492099762,0.3872414156794548,,,,,,,,,,
36,2,grader,keep_all|loose_filter|medium_filter|strict_filter|rerank_only,keep_all,-0.07,0,generator,0.882004,1.0,-0.275552,,0.882004,1.0,-0.275552,0.0,,,,,,,0.9410020709037781,1.0,0.36222393810749054,,,,,
36,3,generator,generate_answer|generate_with_strict_citations|generate_short_answer,generate_with_strict_citations,-0.07,0,verifier,1.0,0.812645,-0.553824,1.0,1.0,0.812645,-0.553824,1.0,,,,,,,,,,1.0,0.906322717666626,277,1.0,
36,4,verifier,verify_answer,verify_answer,0.9454,1,,0.19936,,,,0.19936,0.0,0.0,0.0,,,,,,,,,,,,,,0.5996801555156708
37,1,retriever,dense_retrieve|sparse_retrieve|hybrid_retrieve|hybrid_rerank,hybrid_rerank,-0.02,0,grader,0.853266,0.343824,0.713202,-0.033995,0.853266,0.343824,0.713202,-0.033995,0.9266328513622284,15,0.8566010296344757,0.4830022696405649,,,,,,,,,,
37,2,grader,keep_all|loose_filter|medium_filter|strict_filter|rerank_only,keep_all,-0.07,0,generator,0.860615,0.992444,-0.152054,,0.860615,0.992444,-0.152054,0.0,,,,,,,0.9303076565265656,0.99886654317379,0.4239727780222893,,,,,
37,3,generator,generate_answer|generate_with_strict_citations|generate_short_answer,generate_with_strict_citations,-0.07,0,verifier,1.0,1.0,-0.70312,0.875832,1.0,1.0,-0.70312,0.875832,,,,,,,,,,1.0,1.0,238,0.9379159808158875,
37,4,verifier,verify_answer,verify_answer,-0.07,0,verifier,0.492688,,,,0.492688,0.0,0.0,0.0,,,,,,,,,,,,,,0.746344119310379
37,5,verifier,request_regeneration|request_more_retrieval|request_rewrite,request_more_retrieval,-0.07,0,retriever,-0.980842,,,,-0.980842,0.0,0.0,0.0,,,,,,,,,,,,,,0.009579181671142578
37,6,retriever,retrieve_more,retrieve_more,-0.02,0,grader,0.879636,0.395903,0.718011,-0.236932,0.879636,0.395903,0.718011,-0.236932,0.9398177564144135,15,0.8590055108070374,0.38153423368930817,,,,,,,,,,
37,7,grader,keep_all|loose_filter|medium_filter|strict_filter|rerank_only,keep_all,-0.07,0,generator,1.0,0.938441,-0.069402,,1.0,0.938441,-0.069402,0.0,,,,,,,1.0,0.9907661199569702,0.4652989096939564,,,,,
37,8,generator,generate_answer|generate_with_strict_citations|generate_short_answer,generate_answer,-0.07,0,verifier,1.0,0.689903,-0.82608,0.611247,1.0,0.689903,-0.82608,0.611247,,,,,,,,,,1.0,0.8449513018131256,195,0.8056233525276184,
37,9,verifier,verify_answer,verify_answer,-0.07,0,verifier,-0.467142,,,,-0.467142,0.0,0.0,0.0,,,,,,,,,,,,,,0.26642902195453644
37,10,verifier,request_regeneration|request_more_retrieval|request_rewrite,request_more_retrieval,-0.07,0,retriever,-1.0,,,,-1.0,0.0,0.0,0.0,,,,,,,,,,,,,,0.0
37,11,retriever,retrieve_more,retrieve_more,-0.02,0,grader,1.0,0.517885,0.546022,-0.353946,1.0,0.517885,0.546022,-0.353946,1.0,16,0.7730112373828888,0.3230268657207489,,,,,,,,,,
37,12,grader,keep_all|loose_filter|medium_filter|strict_filter|rerank_only,keep_all,-0.4591,1,,0.663215,0.976507,-0.130073,,0.663215,0.976507,-0.130073,0.0,,,,,,,0.8316073417663574,0.9964760512113571,0.43496347963809967,,,,,
38,1,retriever,dense_retrieve|sparse_retrieve|hybrid_retrieve|hybrid_rerank,hybrid_rerank,-0.02,0,grader,0.746213,0.406501,0.754128,-0.197608,0.746213,0.406501,0.754128,-0.197608,0.8731062710285187,15,0.8770641386508942,0.4011959880590439,,,,,,,,,,
38,2,grader,keep_all|loose_filter|medium_filter|strict_filter|rerank_only,keep_all,-0.07,0,generator,1.0,1.0,0.047747,,1.0,1.0,0.047747,0.0,,,,,,,1.0,1.0,0.5238734018057585,,,,,
38,3,generator,generate_answer|generate_with_strict_citations|generate_short_answer,generate_with_strict_citations,-0.07,0,verifier,1.0,0.917096,-0.227686,0.958604,1.0,0.917096,-0.227686,0.958604,,,,,,,,,,1.0,0.9585477709770203,334,0.979302167892456,
38,4,verifier,verify_answer,verify_answer,-0.07,0,verifier,0.540309,,,,0.540309,0.0,0.0,0.0,,,,,,,,,,,,,,0.7701546847820282
38,5,verifier,request_regeneration|request_more_retrieval|request_rewrite,request_more_retrieval,-0.07,0,retriever,-0.752889,,,,-0.752889,0.0,0.0,0.0,,,,,,,,,,,,,,0.12355569005012512
38,6,retriever,retrieve_more,retrieve_more,-0.02,0,grader,0.583814,0.615659,0.718079,-0.730281,0.583814,0.615659,0.718079,-0.730281,0.7919070720672607,17,0.8590395152568817,0.13485941290855408,,,,,,,,,,
38,7,grader,keep_all|loose_filter|medium_filter|strict_filter|rerank_only,keep_all,-0.07,0,generator,0.973111,1.0,-0.356873,,0.973111,1.0,-0.356873,0.0,,,,,,,0.986555427312851,1.0,0.3215634673833847,,,,,
38,8,generator,generate_answer|generate_with_strict_citations|generate_short_answer,generate_with_strict_citations,-0.07,0,verifier,0.958308,0.976645,0.0383,0.823765,0.958308,0.976645,0.0383,0.823765,,,,,,,,,,0.9791539013385773,0.9883224070072174,367,0.9118825495243073,
38,9,verifier,verify_answer,verify_answer,-0.07,0,verifier,0.428072,,,,0.428072,0.0,0.0,0.0,,,,,,,,,,,,,,0.7140361219644547
38,10,verifier,request_regeneration|request_more_retrieval|request_rewrite,request_more_retrieval,-0.07,0,retriever,-0.494213,,,,-0.494213,0.0,0.0,0.0,,,,,,,,,,,,,,0.25289374589920044
38,11,retriever,retrieve_more,retrieve_more,-0.02,0,grader,0.661298,0.950932,0.478968,-0.994422,0.661298,0.950932,0.478968,-0.994422,0.830649197101593,19,0.7394839376211166,0.0027891993522644043,,,,,,,,,,
38,12,grader,keep_all|loose_filter|medium_filter|strict_filter|rerank_only,keep_all,-0.6325,1,,0.704752,1.0,-0.454776,,0.704752,1.0,-0.454776,0.0,,,,,,,0.8523761630058289,1.0,0.27261218428611755,,,,,
39,1,retriever,dense_retrieve|sparse_retrieve|hybrid_retrieve|hybrid_rerank,hybrid_rerank,-0.02,0,grader,0.956237,0.149318,0.557729,0.235988,0.956237,0.149318,0.557729,0.235988,0.978118509054184,13,0.7788645029067993,0.6179940700531006,,,,,,,,,,
39,2,grader,keep_all|loose_filter|medium_filter|strict_filter|rerank_only,keep_all,-0.07,0,generator,1.0,0.986501,0.166524,,1.0,0.986501,0.166524,0.0,,,,,,,1.0,0.9979750752449035,0.583262138068676,,,,,
39,3,generator,generate_answer|generate_with_strict_citations|generate_short_answer,generate_with_strict_citations,-0.07,0,verifier,1.0,1.0,0.160503,0.806194,1.0,1.0,0.160503,0.806194,,,,,,,,,,1.0,1.0,384,0.9030967652797699,
39,4,verifier,verify_answer,verify_answer,0.7626,1,,0.885027,,,,0.885027,0.0,0.0,0.0,,,,,,,,,,,,,,0.94251349568367
40,1,retriever,dense_retrieve|sparse_retrieve|hybrid_retrieve|hybrid_rerank,hybrid_rerank,-0.02,0,grader,1.0,0.291423,0.655704,-0.275191,1.0,0.291423,0.655704,-0.275191,1.0,14,0.8278522193431854,0.3624044954776764,,,,,,,,,,
40,2,grader,keep_all|loose_filter|medium_filter|strict_filter|rerank_only,keep_all,-0.07,0,generator,0.964869,0.975208,0.196526,,0.964869,0.975208,0.196526,0.0,,,,,,,0.9824344515800476,0.996281161904335,0.5982628166675568,,,,,
40,3,generator,generate_answer|generate_with_strict_citations|generate_short_answer,generate_with_strict_citations,-0.07,0,verifier,0.737425,1.0,-0.229875,0.788324,0.737425,1.0,-0.229875,0.788324,,,,,,,,,,0.8687125146389008,1.0,315,0.8941622078418732,
40,4,verifier,verify_answer,verify_answer,0.5624,1,,0.360158,,,,0.360158,0.0,0.0,0.0,,,,,,,,,,,,,,0.6800791025161743
41,1,retriever,dense_retrieve|sparse_retrieve|hybrid_retrieve|hybrid_rerank,hybrid_rerank,-0.02,0,grader,0.715554,0.143862,0.728707,-0.315048,0.715554,0.143862,0.728707,-0.315048,0.857776939868927,13,0.864353746175766,0.3424759656190872,,,,,,,,,,
41,2,grader,keep_all|loose_filter|medium_filter|strict_filter|rerank_only,keep_all,-0.07,0,generator,0.789419,0.911447,0.190326,,0.789419,0.911447,0.190326,0.0,,,,,,,0.8947096467018127,0.9867171108722685,0.5951630175113678,,,,,
41,3,generator,generate_answer|generate_with_strict_citations|generate_short_answer,generate_with_strict_citations,-0.07,0,verifier,0.952598,0.750675,-0.176391,0.752391,0.952598,0.750675,-0.176391,0.752391,,,,,,,,,,0.9762989282608032,0.8753375709056854,320,0.8761955201625824,
41,4,verifier,verify_answer,verify_answer,0.5839,1,,0.095963,,,,0.095963,0.0,0.0,0.0,,,,,,,,,,,,,,0.5479814261198044
42,1,retriever,dense_retrieve|sparse_retrieve|hybrid_retrieve|hybrid_rerank,hybrid_rerank,-0.02,0,grader,0.953684,-0.0102,0.785858,0.152516,0.953684,-0.0102,0.785858,0.152516,0.9768418967723846,12,0.892928957939148,0.5762582272291183,,,,,,,,,,
42,2,grader,keep_all|loose_filter|medium_filter|strict_filter|rerank_only,keep_all,-0.07,0,generator,1.0,0.916509,-0.297319,,1.0,0.916509,-0.297319,0.0,,,,,,,1.0,0.9874763101339339,0.3513404130935669,,,,,
42,3,generator,generate_answer|generate_with_strict_citations|generate_short_answer,generate_with_strict_citations,-0.07,0,verifier,1.0,0.986959,0.264812,0.432456,1.0,0.986959,0.264812,0.432456,,,,,,,,,,1.0,0.9934795498847961,351,0.7162279933691025,
42,4,verifier,verify_answer,verify_answer,-0.07,0,verifier,0.730319,,,,0.730319,0.0,0.0,0.0,,,,,,,,,,,,,,0.8651595115661621
42,5,verifier,request_regeneration|request_more_retrieval|request_rewrite,request_more_retrieval,-0.07,0,retriever,-0.173562,,,,-0.173562,0.0,0.0,0.0,,,,,,,,,,,,,,0.41321899741888046
42,6,retriever,retrieve_more,retrieve_more,-0.02,0,grader,0.722905,0.178742,0.621946,-0.690368,0.722905,0.178742,0.621946,-0.690368,0.8614523112773895,13,0.8109729290008545,0.15481603145599365,,,,,,,,,,
42,7,grader,keep_all|loose_filter|medium_filter|strict_filter|rerank_only,keep_all,-0.07,0,generator,1.0,0.930613,-0.713478,,1.0,0.930613,-0.713478,0.0,,,,,,,1.0,0.9895919919013976,0.14326080679893494,,,,,
42,8,generator,generate_answer|generate_with_strict_citations|generate_short_answer,generate_answer,-0.07,0,verifier,1.0,0.579877,0.227109,0.560839,1.0,0.579877,0.227109,0.560839,,,,,,,,,,1.0,0.7899386882781982,364,0.7804194092750549,
42,9,verifier,verify_answer,verify_answer,-0.07,0,verifier,0.221633,,,,0.221633,0.0,0.0,0.0,,,,,,,,,,,,,,0.6108162626624107
42,10,verifier,request_regeneration|request_more_retrieval|request_rewrite,request_more_retrieval,-0.07,0,retriever,-0.357969,,,,-0.357969,0.0,0.0,0.0,,,,,,,,,,,,,,0.3210153430700302
42,11,retriever,retrieve_more,retrieve_more,-0.02,0,grader,0.644124,0.043983,0.365088,-0.936325,0.644124,0.043983,0.365088,-0.936325,0.8220617771148682,12,0.6825439780950546,0.031837403774261475,,,,,,,,,,
42,12,grader,keep_all|loose_filter|medium_filter|strict_filter|rerank_only,keep_all,-0.422,1,,1.0,1.0,-0.728974,,1.0,1.0,-0.728974,0.0,,,,,,,1.0,1.0,0.13551318645477295,,,,,
43,1,retriever,dense_retrieve|sparse_retrieve|hybrid_retrieve|hybrid_rerank,hybrid_rerank,-0.02,0,grader,1.0,-0.501222,0.729352,0.507365,1.0,-0.501222,0.729352,0.507365,1.0,8,0.8646761775016785,0.7536825835704803,,,,,,,,,,
43,2,grader,keep_all|loose_filter|medium_filter|strict_filter|rerank_only,keep_all,-0.07,0,generator,0.806767,1.0,-0.264684,,0.806767,1.0,-0.264684,0.0,,,,,,,0.9033835530281067,1.0,0.3676578253507614,,,,,
43,3,generator,generate_answer|generate_with_strict_citations|generate_short_answer,generate_with_strict_citations,-0.07,0,verifier,0.933473,1.0,-0.272041,0.310433,0.933473,1.0,-0.272041,0.310433,,,,,,,,,,0.9667367339134216,1.0,255,0.6552165448665619,
43,4,verifier,verify_answer,verify_answer,0.6001,1,,0.56254,,,,0.56254,0.0,0.0,0.0,,,,,,,,,,,,,,0.7812699973583221
44,1,retriever,dense_retrieve|sparse_retrieve|hybrid_retrieve|hybrid_rerank,hybrid_rerank,-0.02,0,grader,0.804781,-0.120661,0.91314,0.335247,0.804781,-0.120661,0.91314,0.335247,0.9023905396461487,11,0.9565700888633728,0.6676233410835266,,,,,,,,,,
44,2,grader,keep_all|loose_filter|medium_filter|strict_filter|rerank_only,keep_all,-0.07,0,generator,1.0,0.736805,-0.097183,,1.0,0.736805,-0.097183,0.0,,,,,,,1.0,0.9605207175016403,0.45140836015343666,,,,,
44,3,generator,generate_answer|generate_with_strict_citations|generate_short_answer,generate_with_strict_citations,-0.07,0,verifier,0.960261,0.889242,0.298801,-0.445006,0.960261,0.889242,0.298801,-0.445006,,,,,,,,,,0.9801306128501892,0.9446212351322174,228,0.2774968147277832,
44,4,verifier,verify_answer,verify_answer,0.7018,1,,0.579335,,,,0.579335,0.0,0.0,0.0,,,,,,,,,,,,,,0.7896677255630493
45,1,retriever,dense_retrieve|sparse_retrieve|hybrid_retrieve|hybrid_rerank,hybrid_rerank,-0.02,0,grader,0.731617,-0.077322,0.618944,0.415943,0.731617,-0.077322,0.618944,0.415943,0.8658082783222198,11,0.8094720244407654,0.7079714983701706,,,,,,,,,,
45,2,grader,keep_all|loose_filter|medium_filter|strict_filter|rerank_only,keep_all,-0.07,0,generator,0.676748,1.0,-0.29615,,0.676748,1.0,-0.29615,0.0,,,,,,,0.8383740484714508,1.0,0.3519250899553299,,,,,
45,3,generator,generate_answer|generate_with_strict_citations|generate_short_answer,generate_with_strict_citations,-0.07,0,verifier,0.974657,0.878439,0.016116,-0.493656,0.974657,0.878439,0.016116,-0.493656,,,,,,,,,,0.9873284697532654,0.9392195641994476,194,0.25317199528217316,
45,4,verifier,verify_answer,verify_answer,0.8069,1,,1.0,,,,1.0,0.0,0.0,0.0,,,,,,,,,,,,,,1.0
46,1,retriever,dense_retrieve|sparse_retrieve|hybrid_retrieve|hybrid_rerank,hybrid_rerank,-0.02,0,grader,0.981117,-0.135418,0.75589,0.164805,0.981117,-0.135418,0.75589,0.164805,0.9905585646629333,11,0.8779449164867401,0.5824026465415955,,,,,,,,,,
46,2,grader,keep_all|loose_filter|medium_filter|strict_filter|rerank_only,keep_all,-0.07,0,generator,1.0,0.619096,-0.612552,,1.0,0.619096,-0.612552,0.0,,,,,,,1.0,0.9428643703460693,0.19372394680976868,,,,,
46,3,generator,generate_answer|generate_with_strict_citations|generate_short_answer,generate_with_strict_citations,-0.07,0,verifier,1.0,0.979788,-0.192972,-0.557705,1.0,0.979788,-0.192972,-0.557705,,,,,,,,,,1.0,0.9898940622806549,166,0.22114741802215576,
46,4,verifier,verify_answer,verify_answer,-0.07,0,verifier,0.929374,,,,0.929374,0.0,0.0,0.0,,,,,,,,,,,,,,0.9646867513656616
46,5,verifier,request_regeneration|request_more_retrieval|request_rewrite,request_regeneration,-0.07,0,generator,0.770921,,,,0.770921,0.0,0.0,0.0,,,,,,,,,,,,,,0.8854604661464691
46,6,generator,generate_answer|generate_with_strict_citations|generate_short_answer|regenerate,generate_with_strict_citations,-0.07,0,verifier,0.969806,0.998942,-0.476026,-0.460507,0.969806,0.998942,-0.476026,-0.460507,,,,,,,,,,0.9849028885364532,0.9994711875915527,150,0.2697463184595108,
46,7,verifier,verify_answer,verify_answer,0.8286,1,,0.540595,,,,0.540595,0.0,0.0,0.0,,,,,,,,,,,,,,0.7702975869178772
47,1,retriever,dense_retrieve|sparse_retrieve|hybrid_retrieve|hybrid_rerank,hybrid_rerank,-0.02,0,grader,1.0,-0.119254,0.881257,0.413144,1.0,-0.119254,0.881257,0.413144,1.0,11,0.9406287372112274,0.7065718322992325,,,,,,,,,,
47,2,grader,keep_all|loose_filter|medium_filter|strict_filter|rerank_only,keep_all,-0.07,0,generator,1.0,0.945317,-0.611598,,1.0,0.945317,-0.611598,0.0,,,,,,,1.0,0.9917976170778273,0.19420120120048523,,,,,
47,3,generator,generate_answer|generate_with_strict_citations|generate_short_answer,generate_with_strict_citations,-0.07,0,verifier,0.798421,0.851405,-0.20512,-0.633198,0.798421,0.851405,-0.20512,-0.633198,,,,,,,,,,0.8992104232311249,0.9257024228572845,156,0.18340110778808594,
47,4,verifier,verify_answer,verify_answer,0.6994,1,,0.798306,,,,0.798306,0.0,0.0,0.0,,,,,,,,,,,,,,0.8991528451442719
48,1,retriever,dense_retrieve|sparse_retrieve|hybrid_retrieve|hybrid_rerank,hybrid_rerank,-0.02,0,grader,0.999807,-0.471334,0.817137,0.270564,0.999807,-0.471334,0.817137,0.270564,0.9999033212661743,8,0.9085683822631836,0.6352818161249161,,,,,,,,,,
48,2,grader,keep_all|loose_filter|medium_filter|strict_filter|rerank_only,keep_all,-0.07,0,generator,0.854114,0.529127,-0.369915,,0.854114,0.529127,-0.369915,0.0,,,,,,,0.9270571172237396,0.9293690323829651,0.3150424361228943,,,,,
48,3,generator,generate_answer|generate_with_strict_citations|generate_short_answer,generate_with_strict_citations,-0.07,0,verifier,1.0,0.805672,0.351165,-0.696593,1.0,0.805672,0.351165,-0.696593,,,,,,,,,,1.0,0.9028360247612,195,0.15170326828956604,
48,4,verifier,verify_answer,verify_answer,0.8572,1,,0.92764,,,,0.92764,0.0,0.0,0.0,,,,,,,,,,,,,,0.9638201594352722
49,1,retriever,dense_retrieve|sparse_retrieve|hybrid_retrieve|hybrid_rerank,hybrid_rerank,-0.02,0,grader,0.836685,-0.108694,0.782314,0.35707,0.836685,-0.108694,0.782314,0.35707,0.9183425307273865,11,0.8911571204662323,0.6785348206758499,,,,,,,,,,
49,2,grader,keep_all|loose_filter|medium_filter|strict_filter|rerank_only,keep_all,-0.07,0,generator,1.0,0.601253,-0.090508,,1.0,0.601253,-0.090508,0.0,,,,,,,1.0,0.9401879906654358,0.454745814204216,,,,,
49,3,generator,generate_answer|generate_with_strict_citations|generate_short_answer,generate_with_strict_citations,-0.07,0,verifier,0.885644,0.939804,0.114783,-0.856521,0.885644,0.939804,0.114783,-0.856521,,,,,,,,,,0.9428222477436066,0.969901978969574,154,0.07173937559127808,
49,4,verifier,verify_answer,verify_answer,-0.07,0,verifier,1.0,,,,1.0,0.0,0.0,0.0,,,,,,,,,,,,,,1.0
49,5,verifier,request_regeneration|request_more_retrieval|request_rewrite,request_regeneration,-0.07,0,generator,1.0,,,,1.0,0.0,0.0,0.0,,,,,,,,,,,,,,1.0
49,6,generator,generate_answer|generate_with_strict_citations|generate_short_answer|regenerate,generate_with_strict_citations,-0.07,0,verifier,0.818904,1.0,0.095155,-0.652968,0.818904,1.0,0.095155,-0.652968,,,,,,,,,,0.9094520211219788,1.0,180,0.173516184091568,
49,7,verifier,verify_answer,verify_answer,0.8404,1,,0.94239,,,,0.94239,0.0,0.0,0.0,,,,,,,,,,,,,,0.9711952209472656
50,1,retriever,dense_retrieve|sparse_retrieve|hybrid_retrieve|hybrid_rerank,hybrid_rerank,-0.02,0,grader,0.862251,-0.381793,0.907696,0.576677,0.862251,-0.381793,0.907696,0.576677,0.9311255514621735,9,0.9538478851318359,0.7883384823799133,,,,,,,,,,
50,2,grader,keep_all|loose_filter|medium_filter|strict_filter|rerank_only,rerank_only,-0.07,0,generator,1.0,0.144039,-0.08589,,1.0,0.144039,-0.08589,0.0,,,,,,,1.0,0.8716057792305946,0.4570552483201027,,,,,
50,3,generator,generate_answer|generate_with_strict_citations|generate_short_answer,generate_with_strict_citations,-0.07,0,verifier,1.0,1.0,-0.502882,-0.220375,1.0,1.0,-0.502882,-0.220375,,,,,,,,,,1.0,1.0,169,0.38981253653764725,
50,4,verifier,verify_answer,verify_answer,0.7782,1,,0.955711,,,,0.955711,0.0,0.0,0.0,,,,,,,,,,,,,,0.9778554737567902
51,1,retriever,dense_retrieve|sparse_retrieve|hybrid_retrieve|hybrid_rerank,hybrid_rerank,-0.02,0,grader,0.960731,-0.605621,0.991102,0.528806,0.960731,-0.605621,0.991102,0.528806,0.9803656041622162,7,0.995550811290741,0.7644028663635254,,,,,,,,,,
51,2,grader,keep_all|loose_filter|medium_filter|strict_filter|rerank_only,rerank_only,-0.07,0,generator,1.0,-0.069514,-0.306963,,1.0,-0.069514,-0.306963,0.0,,,,,,,1.0,0.8395729035139083,0.3465186059474945,,,,,
51,3,generator,generate_answer|generate_with_strict_citations|generate_short_answer,generate_with_strict_citations,-0.07,0,verifier,1.0,0.935587,-0.525827,-0.310526,1.0,0.935587,-0.525827,-0.310526,,,,,,,,,,1.0,0.967793345451355,158,0.344736784696579,
51,4,verifier,verify_answer,verify_answer,0.5589,1,,0.886152,,,,0.886152,0.0,0.0,0.0,,,,,,,,,,,,,,0.9430761933326721
52,1,retriever,dense_retrieve|sparse_retrieve|hybrid_retrieve|hybrid_rerank,hybrid_rerank,-0.02,0,grader,1.0,-0.440097,0.948235,0.44013,1.0,-0.440097,0.948235,0.44013,1.0,9,0.9741174280643463,0.7200647592544556,,,,,,,,,,
52,2,grader,keep_all|loose_filter|medium_filter|strict_filter|rerank_only,rerank_only,-0.07,0,generator,0.927265,-0.14701,-0.099304,,0.927265,-0.14701,-0.099304,0.0,,,,,,,0.9636323750019073,0.8279484778642654,0.4503481164574623,,,,,
52,3,generator,generate_answer|generate_with_strict_citations|generate_short_answer,generate_with_strict_citations,-0.07,0,verifier,0.921607,1.0,-0.76946,-0.258772,0.921607,1.0,-0.76946,-0.258772,,,,,,,,,,0.9608033895492554,1.0,136,0.37061382830142975,
52,4,verifier,verify_answer,verify_answer,0.7001,1,,0.802995,,,,0.802995,0.0,0.0,0.0,,,,,,,,,,,,,,0.9014973938465118
53,1,retriever,dense_retrieve|sparse_retrieve|hybrid_retrieve|hybrid_rerank,hybrid_rerank,-0.02,0,grader,1.0,-0.382787,1.0,0.337153,1.0,-0.382787,1.0,0.337153,1.0,9,1.0,0.6685766875743866,,,,,,,,,,
53,2,grader,keep_all|loose_filter|medium_filter|strict_filter|rerank_only,rerank_only,-0.07,0,generator,1.0,-0.163357,-0.092511,,1.0,-0.163357,-0.092511,0.0,,,,,,,1.0,0.825496395677328,0.45374465361237526,,,,,
53,3,generator,generate_answer|generate_with_strict_citations|generate_short_answer,generate_with_strict_citations,-0.07,0,verifier,1.0,0.880426,0.482188,-0.377425,1.0,0.880426,0.482188,-0.377425,,,,,,,,,,1.0,0.9402131140232086,257,0.311287596821785,
53,4,verifier,verify_answer,verify_answer,-0.07,0,verifier,0.804511,,,,0.804511,0.0,0.0,0.0,,,,,,,,,,,,,,0.9022553861141205
53,5,verifier,request_regeneration|request_more_retrieval|request_rewrite,request_regeneration,-0.07,0,generator,0.804662,,,,0.804662,0.0,0.0,0.0,,,,,,,,,,,,,,0.9023309946060181
53,6,generator,generate_answer|generate_with_strict_citations|generate_short_answer|regenerate,generate_with_strict_citations,-0.07,0,verifier,1.0,1.0,0.057169,-0.242147,1.0,1.0,0.057169,-0.242147,,,,,,,,,,1.0,1.0,231,0.3789266422390938,
53,7,verifier,verify_answer,verify_answer,0.8579,1,,0.631373,,,,0.631373,0.0,0.0,0.0,,,,,,,,,,,,,,0.8156863152980804
54,1,retriever,dense_retrieve|sparse_retrieve|hybrid_retrieve|hybrid_rerank,hybrid_rerank,-0.02,0,grader,0.759332,-0.348107,0.76786,0.246326,0.759332,-0.348107,0.76786,0.246326,0.8796659111976624,9,0.883929967880249,0.6231629028916359,,,,,,,,,,
54,2,grader,keep_all|loose_filter|medium_filter|strict_filter|rerank_only,rerank_only,-0.07,0,generator,0.985702,-0.44118,0.063175,,0.985702,-0.44118,0.063175,0.0,,,,,,,0.9928511381149292,0.7838229745626449,0.5315877199172974,,,,,
54,3,generator,generate_answer|generate_with_strict_citations|generate_short_answer,generate_with_strict_citations,-0.07,0,verifier,0.84433,1.0,-0.001327,-0.525764,0.84433,1.0,-0.001327,-0.525764,,,,,,,,,,0.9221648275852203,1.0,187,0.23711788654327393,
54,4,verifier,verify_answer,verify_answer,0.8115,1,,0.915598,,,,0.915598,0.0,0.0,0.0,,,,,,,,,,,,,,0.9577989876270294
55,1,retriever,dense_retrieve|sparse_retrieve|hybrid_retrieve|hybrid_rerank,hybrid_rerank,-0.02,0,grader,0.790797,-0.124158,0.948381,0.414859,0.790797,-0.124158,0.948381,0.414859,0.8953984081745148,11,0.9741903245449066,0.7074294537305832,,,,,,,,,,
55,2,grader,keep_all|loose_filter|medium_filter|strict_filter|rerank_only,rerank_only,-0.07,0,generator,1.0,-0.227445,-0.267123,,1.0,-0.227445,-0.267123,0.0,,,,,,,1.0,0.8158832043409348,0.36643825471401215,,,,,
55,3,generator,generate_answer|generate_with_strict_citations|generate_short_answer,generate_with_strict_citations,-0.07,0,verifier,0.914949,0.863098,-0.688809,0.028606,0.914949,0.863098,-0.688809,0.028606,,,,,,,,,,0.957474559545517,0.9315489828586578,169,0.5143028991296887,
55,4,verifier,verify_answer,verify_answer,0.7061,1,,0.909646,,,,0.909646,0.0,0.0,0.0,,,,,,,,,,,,,,0.9548228979110718
56,1,retriever,dense_retrieve|sparse_retrieve|hybrid_retrieve|hybrid_rerank,hybrid_rerank,-0.02,0,grader,1.0,-0.372036,0.831175,0.547619,1.0,-0.372036,0.831175,0.547619,1.0,9,0.915587455034256,0.7738093733787537,,,,,,,,,,
56,2,grader,keep_all|loose_filter|medium_filter|strict_filter|rerank_only,rerank_only,-0.07,0,generator,0.908915,-0.580847,-0.01531,,0.908915,-0.580847,-0.01531,0.0,,,,,,,0.9544573724269867,0.7628729999065399,0.49234500154852867,,,,,
56,3,generator,generate_answer|generate_with_strict_citations|generate_short_answer,generate_with_strict_citations,-0.07,0,verifier,0.766677,1.0,-0.428914,0.230774,0.766677,1.0,-0.428914,0.230774,,,,,,,,,,0.8833386898040771,1.0,224,0.6153868362307549,
56,4,verifier,verify_answer,verify_answer,0.593,1,,0.599416,,,,0.599416,0.0,0.0,0.0,,,,,,,,,,,,,,0.7997079491615295
57,1,retriever,dense_retrieve|sparse_retrieve|hybrid_retrieve|hybrid_rerank,hybrid_rerank,-0.02,0,grader,1.0,-0.074002,1.0,0.633367,1.0,-0.074002,1.0,0.633367,1.0,11,1.0,0.8166835606098175,,,,,,,,,,
57,2,grader,keep_all|loose_filter|medium_filter|strict_filter|rerank_only,rerank_only,-0.07,0,generator,0.96398,-0.847571,-0.240513,,0.96398,-0.847571,-0.240513,0.0,,,,,,,0.9819902181625366,0.7228643834590911,0.37974343448877335,,,,,
57,3,generator,generate_answer|generate_with_strict_citations|generate_short_answer,generate_with_strict_citations,-0.07,0,verifier,0.884856,0.963613,0.085911,-0.246446,0.884856,0.963613,0.085911,-0.246446,,,,,,,,,,0.9424280822277069,0.9818063378334045,233,0.376776784658432,
57,4,verifier,verify_answer,verify_answer,0.7779,1,,0.61529,,,,0.61529,0.0,0.0,0.0,,,,,,,,,,,,,,0.8076452016830444
58,1,retriever,dense_retrieve|sparse_retrieve|hybrid_retrieve|hybrid_rerank,hybrid_rerank,-0.02,0,grader,0.961913,-0.038976,1.0,0.381832,0.961913,-0.038976,1.0,0.381832,0.980956494808197,12,1.0,0.6909159272909164,,,,,,,,,,
58,2,grader,keep_all|loose_filter|medium_filter|strict_filter|rerank_only,rerank_only,-0.07,0,generator,0.918235,-0.629134,0.219039,,0.918235,-0.629134,0.219039,0.0,,,,,,,0.9591175019741058,0.7556299358606338,0.6095194965600967,,,,,
58,3,generator,generate_answer|generate_with_strict_citations|generate_short_answer,generate_with_strict_citations,-0.07,0,verifier,1.0,1.0,0.063753,-0.188348,1.0,1.0,0.063753,-0.188348,,,,,,,,,,1.0,1.0,239,0.405826210975647,
58,4,verifier,verify_answer,verify_answer,-0.07,0,verifier,0.636286,,,,0.636286,0.0,0.0,0.0,,,,,,,,,,,,,,0.8181431889533997
58,5,verifier,request_regeneration|request_more_retrieval|request_rewrite,request_regeneration,-0.07,0,generator,0.960053,,,,0.960053,0.0,0.0,0.0,,,,,,,,,,,,,,0.9800265431404114
58,6,generator,generate_answer|generate_with_strict_citations|generate_short_answer|regenerate,generate_with_strict_citations,-0.07,0,verifier,1.0,1.0,-0.16082,0.379647,1.0,1.0,-0.16082,0.379647,,,,,,,,,,1.0,1.0,279,0.6898235529661179,
58,7,verifier,verify_answer,verify_answer,-0.07,0,verifier,0.508225,,,,0.508225,0.0,0.0,0.0,,,,,,,,,,,,,,0.7541125118732452
58,8,verifier,request_regeneration|request_more_retrieval|request_rewrite,request_regeneration,-0.07,0,generator,0.706647,,,,0.706647,0.0,0.0,0.0,,,,,,,,,,,,,,0.8533235788345337
58,9,generator,generate_answer|generate_with_strict_citations|generate_short_answer|regenerate,generate_with_strict_citations,-0.07,0,verifier,1.0,1.0,-0.654661,0.776806,1.0,1.0,-0.654661,0.776806,,,,,,,,,,1.0,1.0,238,0.8884028196334839,
58,10,verifier,verify_answer,verify_answer,0.616,1,,0.18281,,,,0.18281,0.0,0.0,0.0,,,,,,,,,,,,,,0.5914048328995705
59,1,retriever,dense_retrieve|sparse_retrieve|hybrid_retrieve|hybrid_rerank,hybrid_rerank,-0.02,0,grader,0.944633,0.435029,0.970664,0.065417,0.944633,0.435029,0.970664,0.065417,0.9723166823387146,15,0.9853320717811584,0.5327086634933949,,,,,,,,,,
59,2,grader,keep_all|loose_filter|medium_filter|strict_filter|rerank_only,rerank_only,-0.07,0,generator,0.786348,-0.727287,0.37889,,0.786348,-0.727287,0.37889,0.0,,,,,,,0.8931741714477539,0.7409069865942001,0.6894449293613434,,,,,
59,3,generator,generate_answer|generate_with_strict_citations|generate_short_answer,generate_with_strict_citations,-0.07,0,verifier,1.0,0.910618,-0.746361,0.570107,1.0,0.910618,-0.746361,0.570107,,,,,,,,,,1.0,0.9553087651729584,205,0.7850532829761505,
59,4,verifier,verify_answer,verify_answer,0.7314,1,,0.524511,,,,0.524511,0.0,0.0,0.0,,,,,,,,,,,,,,0.7622555196285248
60,1,retriever,dense_retrieve|sparse_retrieve|hybrid_retrieve|hybrid_rerank,hybrid_rerank,-0.02,0,grader,0.922563,0.361051,1.0,0.042833,0.922563,0.361051,1.0,0.042833,0.9612815380096436,15,1.0,0.5214163977652788,,,,,,,,,,
60,2,grader,keep_all|loose_filter|medium_filter|strict_filter|rerank_only,loose_filter,-0.07,0,generator,0.923331,-0.819494,0.520984,,0.923331,-0.819494,0.520984,0.0,,,,,,,0.9616656601428986,0.7270759165287017,0.7604917883872986,,,,,
60,3,generator,generate_answer|generate_with_strict_citations|generate_short_answer,generate_with_strict_citations,-0.07,0,verifier,0.841308,0.985448,-0.72956,0.520017,0.841308,0.985448,-0.72956,0.520017,,,,,,,,,,0.9206542372703552,0.9927241206169128,204,0.7600085437297821,
60,4,verifier,verify_answer,verify_answer,0.6773,1,,0.026139,,,,0.026139,0.0,0.0,0.0,,,,,,,,,,,,,,0.5130697386339307
61,1,retriever,dense_retrieve|sparse_retrieve|hybrid_retrieve|hybrid_rerank,hybrid_rerank,-0.02,0,grader,0.850006,0.422336,1.0,-0.049857,0.850006,0.422336,1.0,-0.049857,0.9250030815601349,15,1.0,0.4750715550035238,,,,,,,,,,
61,2,grader,keep_all|loose_filter|medium_filter|strict_filter|rerank_only,rerank_only,-0.07,0,generator,0.906942,-0.576426,0.210493,,0.906942,-0.576426,0.210493,0.0,,,,,,,0.9534708261489868,0.7635360509157181,0.6052462980151176,,,,,
61,3,generator,generate_answer|generate_with_strict_citations|generate_short_answer,generate_with_strict_citations,-0.07,0,verifier,0.665641,1.0,-0.450044,-0.02904,0.665641,1.0,-0.450044,-0.02904,,,,,,,,,,0.8328203558921814,1.0,195,0.48548015113919973,
61,4,verifier,verify_answer,verify_answer,0.8605,1,,0.419769,,,,0.419769,0.0,0.0,0.0,,,,,,,,,,,,,,0.7098846435546875
62,1,retriever,dense_retrieve|sparse_retrieve|hybrid_retrieve|hybrid_rerank,hybrid_rerank,-0.02,0,grader,0.980113,0.249322,0.771822,0.157077,0.980113,0.249322,0.771822,0.157077,0.9900566041469574,14,0.8859108984470367,0.5785385221242905,,,,,,,,,,
62,2,grader,keep_all|loose_filter|medium_filter|strict_filter|rerank_only,medium_filter,-0.07,0,generator,1.0,-0.884931,0.788074,,1.0,-0.884931,0.788074,0.0,,,,,,,1.0,0.7172603726387023,0.8940369188785553,,,,,
62,3,generator,generate_answer|generate_with_strict_citations|generate_short_answer,generate_with_strict_citations,-0.07,0,verifier,0.834485,0.725212,-0.922439,0.584368,0.834485,0.725212,-0.922439,0.584368,,,,,,,,,,0.9172425270080566,0.862606018781662,177,0.7921839952468872,
62,4,verifier,verify_answer,verify_answer,-0.07,0,verifier,0.265689,,,,0.265689,0.0,0.0,0.0,,,,,,,,,,,,,,0.6328443288803101
62,5,verifier,request_regeneration|request_more_retrieval|request_rewrite,request_regeneration,-0.07,0,generator,0.569369,,,,0.569369,0.0,0.0,0.0,,,,,,,,,,,,,,0.7846844494342804
62,6,generator,generate_answer|generate_with_strict_citations|generate_short_answer|regenerate,generate_answer,-0.07,0,verifier,0.910188,0.556083,-0.785716,0.764522,0.910188,0.556083,-0.785716,0.764522,,,,,,,,,,0.9550938308238983,0.7780413329601288,214,0.8822608590126038,
62,7,verifier,verify_answer,verify_answer,-0.07,0,verifier,0.207498,,,,0.207498,0.0,0.0,0.0,,,,,,,,,,,,,,0.6037490367889404
62,8,verifier,request_regeneration|request_more_retrieval|request_rewrite,request_regeneration,-0.07,0,generator,0.597668,,,,0.597668,0.0,0.0,0.0,,,,,,,,,,,,,,0.798833966255188
62,9,generator,generate_answer|generate_with_strict_citations|generate_short_answer|regenerate,generate_answer,-0.07,0,verifier,0.990082,0.686349,-0.763188,0.925413,0.990082,0.686349,-0.763188,0.925413,,,,,,,,,,0.995040774345398,0.8431745767593384,231,0.9627063274383545,
62,10,verifier,verify_answer,verify_answer,0.154,1,,0.237306,,,,0.237306,0.0,0.0,0.0,,,,,,,,,,,,,,0.6186531037092209
63,1,retriever,dense_retrieve|sparse_retrieve|hybrid_retrieve|hybrid_rerank,hybrid_rerank,-0.02,0,grader,0.966572,0.461778,0.95296,0.12169,0.966572,0.461778,0.95296,0.12169,0.983286052942276,15,0.9764800071716309,0.5608447752892971,,,,,,,,,,
63,2,grader,keep_all|loose_filter|medium_filter|strict_filter|rerank_only,loose_filter,-0.07,0,generator,0.889194,-0.607016,0.576252,,0.889194,-0.607016,0.576252,0.0,,,,,,,0.9445970952510834,0.7589476585388183,0.7881262004375458,,,,,
63,3,generator,generate_answer|generate_with_strict_citations|generate_short_answer,generate_with_strict_citations,-0.07,0,verifier,0.781323,0.993821,-0.398205,0.263382,0.781323,0.993821,-0.398205,0.263382,,,,,,,,,,0.8906612694263458,0.9969106614589691,231,0.6316912025213242,
63,4,verifier,verify_answer,verify_answer,0.4135,1,,0.388431,,,,0.388431,0.0,0.0,0.0,,,,,,,,,,,,,,0.6942153424024582
64,1,retriever,dense_retrieve|sparse_retrieve|hybrid_retrieve|hybrid_rerank,hybrid_rerank,-0.02,0,grader,0.870185,0.015605,0.904943,-0.437162,0.870185,0.015605,0.904943,-0.437162,0.9350925087928772,12,0.9524714946746826,0.28141921758651733,,,,,,,,,,
64,2,grader,keep_all|loose_filter|medium_filter|strict_filter|rerank_only,medium_filter,-0.07,0,generator,0.75313,-0.765669,0.736767,,0.75313,-0.765669,0.736767,0.0,,,,,,,0.8765648007392883,0.7351497054100036,0.8683835864067078,,,,,
64,3,generator,generate_answer|generate_with_strict_citations|generate_short_answer,generate_with_strict_citations,-0.07,0,verifier,1.0,0.805287,-0.845284,0.60773,1.0,0.805287,-0.845284,0.60773,,,,,,,,,,1.0,0.9026435613632202,191,0.803864985704422,
64,4,verifier,verify_answer,verify_answer,0.6779,1,,0.23183,,,,0.23183,0.0,0.0,0.0,,,,,,,,,,,,,,0.61591487377882
65,1,retriever,dense_retrieve|sparse_retrieve|hybrid_retrieve|hybrid_rerank,hybrid_rerank,-0.02,0,grader,1.0,0.414732,0.940457,-0.100454,1.0,0.414732,0.940457,-0.100454,1.0,15,0.9702286720275879,0.44977277889847755,,,,,,,,,,
65,2,grader,keep_all|loose_filter|medium_filter|strict_filter|rerank_only,loose_filter,-0.07,0,generator,1.0,-1.0,0.594785,,1.0,-1.0,0.594785,0.0,,,,,,,1.0,0.7,0.797392725944519,,,,,
65,3,generator,generate_answer|generate_with_strict_citations|generate_short_answer,generate_with_strict_citations,-0.07,0,verifier,0.893787,0.825615,-0.27821,0.394882,0.893787,0.825615,-0.27821,0.394882,,,,,,,,,,0.946893572807312,0.912807434797287,263,0.6974408179521561,
65,4,verifier,verify_answer,verify_answer,-0.07,0,verifier,0.662582,,,,0.662582,0.0,0.0,0.0,,,,,,,,,,,,,,0.8312910497188568
65,5,verifier,request_regeneration|request_more_retrieval|request_rewrite,request_regeneration,-0.07,0,generator,0.855386,,,,0.855386,0.0,0.0,0.0,,,,,,,,,,,,,,0.9276931285858154
65,6,generator,generate_answer|generate_with_strict_citations|generate_short_answer|regenerate,generate_with_strict_citations,-0.07,0,verifier,0.994839,1.0,-0.497794,0.703818,0.994839,1.0,-0.497794,0.703818,,,,,,,,,,0.9974195063114166,1.0,259,0.8519088625907898,
65,7,verifier,verify_answer,verify_answer,0.5538,1,,0.314224,,,,0.314224,0.0,0.0,0.0,,,,,,,,,,,,,,0.6571120917797089
66,1,retriever,dense_retrieve|sparse_retrieve|hybrid_retrieve|hybrid_rerank,hybrid_rerank,-0.02,0,grader,1.0,0.398038,1.0,-0.275215,1.0,0.398038,1.0,-0.275215,1.0,15,1.0,0.36239251494407654,,,,,,,,,,
66,2,grader,keep_all|loose_filter|medium_filter|strict_filter|rerank_only,medium_filter,-0.07,0,generator,1.0,-0.945363,0.785234,,1.0,-0.945363,0.785234,0.0,,,,,,,1.0,0.7081956058740615,0.8926171660423279,,,,,
66,3,generator,generate_answer|generate_with_strict_citations|generate_short_answer,generate_with_strict_citations,-0.07,0,verifier,1.0,1.0,-0.943048,0.874093,1.0,1.0,-0.943048,0.874093,,,,,,,,,,1.0,1.0,194,0.9370467066764832,
66,4,verifier,verify_answer,verify_answer,0.732,1,,0.492832,,,,0.492832,0.0,0.0,0.0,,,,,,,,,,,,,,0.7464161217212677
67,1,retriever,dense_retrieve|sparse_retrieve|hybrid_retrieve|hybrid_rerank,hybrid_rerank,-0.02,0,grader,0.685076,0.120877,0.929539,0.199965,0.685076,0.120877,0.929539,0.199965,0.8425380289554596,13,0.9647694230079651,0.599982738494873,,,,,,,,,,
67,2,grader,keep_all|loose_filter|medium_filter|strict_filter|rerank_only,medium_filter,-0.07,0,generator,1.0,-0.964261,0.637989,,1.0,-0.964261,0.637989,0.0,,,,,,,1.0,0.705360797047615,0.8189944624900818,,,,,
67,3,generator,generate_answer|generate_with_strict_citations|generate_short_answer,generate_with_strict_citations,-0.07,0,verifier,1.0,1.0,-0.488784,0.328402,1.0,1.0,-0.488784,0.328402,,,,,,,,,,1.0,1.0,224,0.664201095700264,
67,4,verifier,verify_answer,verify_answer,0.5825,1,,0.005322,,,,0.005322,0.0,0.0,0.0,,,,,,,,,,,,,,0.5026607962790877
68,1,retriever,dense_retrieve|sparse_retrieve|hybrid_retrieve|hybrid_rerank,hybrid_rerank,-0.02,0,grader,0.867248,-0.020286,0.939574,-0.132104,0.867248,-0.020286,0.939574,-0.132104,0.9336239099502563,12,0.9697872400283813,0.4339480474591255,,,,,,,,,,
68,2,grader,keep_all|loose_filter|medium_filter|strict_filter|rerank_only,loose_filter,-0.07,0,generator,1.0,-0.782737,0.566281,,1.0,-0.782737,0.566281,0.0,,,,,,,1.0,0.7325894832611084,0.7831403017044067,,,,,
68,3,generator,generate_answer|generate_with_strict_citations|generate_short_answer,generate_with_strict_citations,-0.07,0,verifier,1.0,0.768521,-1.0,0.580299,1.0,0.768521,-1.0,0.580299,,,,,,,,,,1.0,0.8842606246471405,165,0.7901495695114136,
68,4,verifier,verify_answer,verify_answer,-0.07,0,verifier,0.005319,,,,0.005319,0.0,0.0,0.0,,,,,,,,,,,,,,0.5026595639064908
68,5,verifier,request_regeneration|request_more_retrieval|request_rewrite,request_regeneration,-0.07,0,generator,0.949674,,,,0.949674,0.0,0.0,0.0,,,,,,,,,,,,,,0.97483691573143
68,6,generator,generate_answer|generate_with_strict_citations|generate_short_answer|regenerate,generate_with_strict_citations,-0.07,0,verifier,1.0,0.935587,-1.0,0.818856,1.0,0.935587,-1.0,0.818856,,,,,,,,,,1.0,0.9677933752536774,180,0.9094278812408447,
68,7,verifier,verify_answer,verify_answer,-0.07,0,verifier,0.132811,,,,0.132811,0.0,0.0,0.0,,,,,,,,,,,,,,0.566405676305294
68,8,verifier,request_regeneration|request_more_retrieval|request_rewrite,request_regeneration,-0.07,0,generator,0.756885,,,,0.756885,0.0,0.0,0.0,,,,,,,,,,,,,,0.8784427344799042
68,9,generator,generate_answer|generate_with_strict_citations|generate_short_answer|regenerate,generate_with_strict_citations,-0.07,0,verifier,0.868391,1.0,-0.9103,0.801243,0.868391,1.0,-0.9103,0.801243,,,,,,,,,,0.9341953694820404,1.0,194,0.9006216526031494,
68,10,verifier,verify_answer,verify_answer,0.7607,1,,0.012662,,,,0.012662,0.0,0.0,0.0,,,,,,,,,,,,,,0.5063307816162705
69,1,retriever,dense_retrieve|sparse_retrieve|hybrid_retrieve|hybrid_rerank,hybrid_rerank,-0.02,0,grader,0.950475,0.177699,0.875989,-0.538658,0.950475,0.177699,0.875989,-0.538658,0.9752376079559326,13,0.9379947483539581,0.23067116737365723,,,,,,,,,,
69,2,grader,keep_all|loose_filter|medium_filter|strict_filter|rerank_only,loose_filter,-0.07,0,generator,0.985756,-0.69602,0.590636,,0.985756,-0.69602,0.590636,0.0,,,,,,,0.9928779006004333,0.745596981048584,0.7953181266784668,,,,,
69,3,generator,generate_answer|generate_with_strict_citations|generate_short_answer,generate_with_strict_citations,-0.07,0,verifier,0.941361,1.0,-1.0,0.649962,0.941361,1.0,-1.0,0.649962,,,,,,,,,,0.9706806242465973,1.0,169,0.8249810636043549,
69,4,verifier,verify_answer,verify_answer,-0.07,0,verifier,0.339212,,,,0.339212,0.0,0.0,0.0,,,,,,,,,,,,,,0.669605940580368
69,5,verifier,request_regeneration|request_more_retrieval|request_rewrite,request_regeneration,-0.07,0,generator,0.626364,,,,0.626364,0.0,0.0,0.0,,,,,,,,,,,,,,0.8131821155548096
69,6,generator,generate_answer|generate_with_strict_citations|generate_short_answer|regenerate,generate_with_strict_citations,-0.07,0,verifier,0.781508,0.855945,-0.982861,0.775619,0.781508,0.855945,-0.982861,0.775619,,,,,,,,,,0.8907540738582611,0.9279723763465881,180,0.8878097236156464,
69,7,verifier,verify_answer,verify_answer,0.7177,1,,0.197742,,,,0.197742,0.0,0.0,0.0,,,,,,,,,,,,,,0.5988711342215538
70,1,retriever,dense_retrieve|sparse_retrieve|hybrid_retrieve|hybrid_rerank,hybrid_rerank,-0.02,0,grader,0.897625,-0.075359,0.993963,-0.330357,0.897625,-0.075359,0.993963,-0.330357,0.9488125741481781,11,0.9969815611839294,0.3348216563463211,,,,,,,,,,
70,2,grader,keep_all|loose_filter|medium_filter|strict_filter|rerank_only,rerank_only,-0.07,0,generator,1.0,-0.968824,0.336805,,1.0,-0.968824,0.336805,0.0,,,,,,,1.0,0.7046763688325881,0.6684022694826126,,,,,
70,3,generator,generate_answer|generate_with_strict_citations|generate_short_answer,generate_with_strict_citations,-0.07,0,verifier,0.932639,1.0,-0.206622,0.374518,0.932639,1.0,-0.206622,0.374518,,,,,,,,,,0.9663194417953491,1.0,271,0.6872591525316238,
70,4,verifier,verify_answer,verify_answer,-0.07,0,verifier,0.538915,,,,0.538915,0.0,0.0,0.0,,,,,,,,,,,,,,0.76945760846138
70,5,verifier,request_regeneration|request_more_retrieval|request_rewrite,request_regeneration,-0.07,0,generator,0.837133,,,,0.837133,0.0,0.0,0.0,,,,,,,,,,,,,,0.9185662865638733
70,6,generator,generate_answer|generate_with_strict_citations|generate_short_answer|regenerate,generate_with_strict_citations,-0.07,0,verifier,1.0,1.0,-0.598392,0.84698,1.0,1.0,-0.598392,0.84698,,,,,,,,,,1.0,1.0,254,0.9234897792339325,
70,7,verifier,verify_answer,verify_answer,0.6985,1,,0.293388,,,,0.293388,0.0,0.0,0.0,,,,,,,,,,,,,,0.6466940343379974
71,1,retriever,dense_retrieve|sparse_retrieve|hybrid_retrieve|hybrid_rerank,hybrid_rerank,-0.02,0,grader,0.852427,-0.145405,0.96847,-0.173534,0.852427,-0.145405,0.96847,-0.173534,0.9262133240699768,11,0.9842352271080017,0.4132331609725952,,,,,,,,,,
71,2,grader,keep_all|loose_filter|medium_filter|strict_filter|rerank_only,medium_filter,-0.07,0,generator,1.0,-0.882564,0.620739,,1.0,-0.882564,0.620739,0.0,,,,,,,1.0,0.7176153987646102,0.8103697299957275,,,,,
71,3,generator,generate_answer|generate_with_strict_citations|generate_short_answer,generate_with_strict_citations,-0.07,0,verifier,0.983911,0.926551,-1.0,0.87044,0.983911,0.926551,-1.0,0.87044,,,,,,,,,,0.9919552803039551,0.9632755219936371,183,0.9352198839187622,
71,4,verifier,verify_answer,verify_answer,0.7071,1,,0.455176,,,,0.455176,0.0,0.0,0.0,,,,,,,,,,,,,,0.7275878190994263
72,1,retriever,dense_retrieve|sparse_retrieve|hybrid_retrieve|hybrid_rerank,hybrid_rerank,-0.02,0,grader,0.998921,-0.412033,1.0,-0.368398,0.998921,-0.412033,1.0,-0.368398,0.9994605481624603,9,1.0,0.3158009946346283,,,,,,,,,,
72,2,grader,keep_all|loose_filter|medium_filter|strict_filter|rerank_only,loose_filter,-0.07,0,generator,1.0,-1.0,0.476023,,1.0,-1.0,0.476023,0.0,,,,,,,1.0,0.7,0.7380116134881973,,,,,
72,3,generator,generate_answer|generate_with_strict_citations|generate_short_answer,generate_with_strict_citations,-0.07,0,verifier,0.838688,0.822697,-0.590661,0.675259,0.838688,0.822697,-0.590661,0.675259,,,,,,,,,,0.9193439483642578,0.911348283290863,240,0.8376292884349823,
72,4,verifier,verify_answer,verify_answer,0.5383,1,,0.430805,,,,0.430805,0.0,0.0,0.0,,,,,,,,,,,,,,0.7154023200273514
73,1,retriever,dense_retrieve|sparse_retrieve|hybrid_retrieve|hybrid_rerank,hybrid_rerank,-0.02,0,grader,0.983164,0.11988,0.983513,-0.23395,0.983164,0.11988,0.983513,-0.23395,0.9915819466114044,13,0.9917564690113068,0.3830251842737198,,,,,,,,,,
73,2,grader,keep_all|loose_filter|medium_filter|strict_filter|rerank_only,loose_filter,-0.07,0,generator,1.0,-0.882263,0.402253,,1.0,-0.882263,0.402253,0.0,,,,,,,1.0,0.7176605403423308,0.7011266648769379,,,,,
73,3,generator,generate_answer|generate_with_strict_citations|generate_short_answer,generate_with_strict_citations,-0.07,0,verifier,1.0,1.0,-0.597592,0.685983,1.0,1.0,-0.597592,0.685983,,,,,,,,,,1.0,1.0,240,0.8429916501045227,
73,4,verifier,verify_answer,verify_answer,0.6697,1,,0.429254,,,,0.429254,0.0,0.0,0.0,,,,,,,,,,,,,,0.7146272361278534
74,1,retriever,dense_retrieve|sparse_retrieve|hybrid_retrieve|hybrid_rerank,hybrid_rerank,-0.02,0,grader,1.0,-0.170563,1.0,-0.171244,1.0,-0.170563,1.0,-0.171244,1.0,11,1.0,0.4143778756260872,,,,,,,,,,
74,2,grader,keep_all|loose_filter|medium_filter|strict_filter|rerank_only,loose_filter,-0.07,0,generator,0.979805,-0.843548,0.457231,,0.979805,-0.843548,0.457231,0.0,,,,,,,0.9899026155471802,0.7234677374362946,0.7286157011985779,,,,,
74,3,generator,generate_answer|generate_with_strict_citations|generate_short_answer,generate_with_strict_citations,-0.07,0,verifier,1.0,1.0,-0.599314,0.458735,1.0,1.0,-0.599314,0.458735,,,,,,,,,,1.0,1.0,220,0.7293676733970642,
74,4,verifier,verify_answer,verify_answer,0.7731,1,,0.807252,,,,0.807252,0.0,0.0,0.0,,,,,,,,,,,,,,0.9036262035369873
75,1,retriever,dense_retrieve|sparse_retrieve|hybrid_retrieve|hybrid_rerank,hybrid_rerank,-0.02,0,grader,1.0,-0.083288,1.0,-0.036724,1.0,-0.083288,1.0,-0.036724,1.0,11,1.0,0.4816377982497215,,,,,,,,,,
75,2,grader,keep_all|loose_filter|medium_filter|strict_filter|rerank_only,rerank_only,-0.07,0,generator,0.94421,-0.678483,0.309875,,0.94421,-0.678483,0.309875,0.0,,,,,,,0.9721047580242157,0.7482276111841202,0.6549373865127563,,,,,
75,3,generator,generate_answer|generate_with_strict_citations|generate_short_answer,generate_with_strict_citations,-0.07,0,verifier,1.0,0.920358,-0.52741,0.205009,1.0,0.920358,-0.52741,0.205009,,,,,,,,,,1.0,0.960178792476654,207,0.6025046855211258,
75,4,verifier,verify_answer,verify_answer,0.8118,1,,0.51167,,,,0.51167,0.0,0.0,0.0,,,,,,,,,,,,,,0.7558349668979645
76,1,retriever,dense_retrieve|sparse_retrieve|hybrid_retrieve|hybrid_rerank,hybrid_rerank,-0.02,0,grader,1.0,-0.195048,0.829946,-0.135904,1.0,-0.195048,0.829946,-0.135904,1.0,11,0.9149729907512665,0.43204814940690994,,,,,,,,,,
76,2,grader,keep_all|loose_filter|medium_filter|strict_filter|rerank_only,medium_filter,-0.07,0,generator,0.89363,-1.0,0.669824,,0.89363,-1.0,0.669824,0.0,,,,,,,0.9468149542808533,0.7,0.834911972284317,,,,,
76,3,generator,generate_answer|generate_with_strict_citations|generate_short_answer,generate_with_strict_citations,-0.07,0,verifier,1.0,0.758245,-0.55049,0.768354,1.0,0.758245,-0.55049,0.768354,,,,,,,,,,1.0,0.8791227042675018,256,0.8841771185398102,
76,4,verifier,verify_answer,verify_answer,0.6851,1,,0.515467,,,,0.515467,0.0,0.0,0.0,,,,,,,,,,,,,,0.7577335834503174
77,1,retriever,dense_retrieve|sparse_retrieve|hybrid_retrieve|hybrid_rerank,hybrid_rerank,-0.02,0,grader,0.496025,0.488776,0.751101,-0.196698,0.496025,0.488776,0.751101,-0.196698,0.748012438416481,16,0.8755507469177246,0.4016510918736458,,,,,,,,,,
77,2,grader,keep_all|loose_filter|medium_filter|strict_filter|rerank_only,loose_filter,-0.07,0,generator,1.0,-0.525847,0.52495,,1.0,-0.525847,0.52495,0.0,,,,,,,1.0,0.7711229473352432,0.7624750733375549,,,,,
77,3,generator,generate_answer|generate_with_strict_citations|generate_short_answer,generate_with_strict_citations,-0.07,0,verifier,1.0,0.965089,-0.700454,0.619121,1.0,0.965089,-0.700454,0.619121,,,,,,,,,,1.0,0.9825447201728821,217,0.8095606863498688,
77,4,verifier,verify_answer,verify_answer,-0.07,0,verifier,0.6139,,,,0.6139,0.0,0.0,0.0,,,,,,,,,,,,,,0.8069498836994171
77,5,verifier,request_regeneration|request_more_retrieval|request_rewrite,request_regeneration,-0.07,0,generator,0.977569,,,,0.977569,0.0,0.0,0.0,,,,,,,,,,,,,,0.988784521818161
77,6,generator,generate_answer|generate_with_strict_citations|generate_short_answer|regenerate,generate_with_strict_citations,-0.07,0,verifier,1.0,0.767831,-0.864688,0.554076,1.0,0.767831,-0.864688,0.554076,,,,,,,,,,1.0,0.8839153051376343,185,0.7770380079746246,
77,7,verifier,verify_answer,verify_answer,0.7387,1,,0.246051,,,,0.246051,0.0,0.0,0.0,,,,,,,,,,,,,,0.6230252981185913
78,1,retriever,dense_retrieve|sparse_retrieve|hybrid_retrieve|hybrid_rerank,hybrid_rerank,-0.02,0,grader,0.733277,0.054839,0.984297,0.474962,0.733277,0.054839,0.984297,0.474962,0.8666384220123291,12,0.992148369550705,0.7374808192253113,,,,,,,,,,
78,2,grader,keep_all|loose_filter|medium_filter|strict_filter|rerank_only,rerank_only,-0.07,0,generator,1.0,-1.0,0.184463,,1.0,-1.0,0.184463,0.0,,,,,,,1.0,0.7,0.5922312811017036,,,,,
78,3,generator,generate_answer|generate_with_strict_citations|generate_short_answer,generate_with_strict_citations,-0.07,0,verifier,1.0,0.774031,-0.555237,0.259111,1.0,0.774031,-0.555237,0.259111,,,,,,,,,,1.0,0.8870155811309814,207,0.629555732011795,
78,4,verifier,verify_answer,verify_answer,-0.07,0,verifier,0.603847,,,,0.603847,0.0,0.0,0.0,,,,,,,,,,,,,,0.801923543214798
78,5,verifier,request_regeneration|request_more_retrieval|request_rewrite,request_regeneration,-0.07,0,generator,0.855422,,,,0.855422,0.0,0.0,0.0,,,,,,,,,,,,,,0.9277111887931824
78,6,generator,generate_answer|generate_with_strict_citations|generate_short_answer|regenerate,generate_short_answer,-0.07,0,verifier,0.917181,0.649926,-0.797567,0.315381,0.917181,0.649926,-0.797567,0.315381,,,,,,,,,,0.9585905969142914,0.8249631226062775,177,0.6576904654502869,
78,7,verifier,verify_answer,verify_answer,-0.07,0,verifier,0.511253,,,,0.511253,0.0,0.0,0.0,,,,,,,,,,,,,,0.7556264102458954
78,8,verifier,request_regeneration|request_more_retrieval|request_rewrite,request_regeneration,-0.07,0,generator,0.902987,,,,0.902987,0.0,0.0,0.0,,,,,,,,,,,,,,0.9514932930469513
78,9,generator,generate_answer|generate_with_strict_citations|generate_short_answer|regenerate,generate_answer,-0.07,0,verifier,1.0,0.650051,-0.698509,0.552021,1.0,0.650051,-0.698509,0.552021,,,,,,,,,,1.0,0.8250255584716797,211,0.7760105729103088,
78,10,verifier,verify_answer,verify_answer,0.6008,1,,0.076181,,,,0.076181,0.0,0.0,0.0,,,,,,,,,,,,,,0.5380906946957111
79,1,retriever,dense_retrieve|sparse_retrieve|hybrid_retrieve|hybrid_rerank,hybrid_rerank,-0.02,0,grader,0.92461,0.060909,0.983324,0.621208,0.92461,0.060909,0.983324,0.621208,0.9623050093650818,12,0.9916621446609497,0.8106040358543396,,,,,,,,,,
79,2,grader,keep_all|loose_filter|medium_filter|strict_filter|rerank_only,rerank_only,-0.07,0,generator,0.88413,-1.0,0.214252,,0.88413,-1.0,0.214252,0.0,,,,,,,0.9420651197433472,0.7,0.6071260496973991,,,,,
79,3,generator,generate_answer|generate_with_strict_citations|generate_short_answer,generate_short_answer,-0.07,0,verifier,1.0,0.610644,-0.987011,0.263483,1.0,0.610644,-0.987011,0.263483,,,,,,,,,,1.0,0.8053219020366669,145,0.631741389632225,
79,4,verifier,verify_answer,verify_answer,0.7849,1,,0.658404,,,,0.658404,0.0,0.0,0.0,,,,,,,,,,,,,,0.829201877117157
80,1,retriever,dense_retrieve|sparse_retrieve|hybrid_retrieve|hybrid_rerank,hybrid_rerank,-0.02,0,grader,0.863635,0.155459,0.874463,0.697916,0.863635,0.155459,0.874463,0.697916,0.9318174719810486,13,0.9372313618659973,0.8489580750465393,,,,,,,,,,
80,2,grader,keep_all|loose_filter|medium_filter|strict_filter|rerank_only,rerank_only,-0.07,0,generator,0.864199,-0.608618,0.278685,,0.864199,-0.608618,0.278685,0.0,,,,,,,0.932099312543869,0.7587072789669036,0.639342650771141,,,,,
80,3,generator,generate_answer|generate_with_strict_citations|generate_short_answer,generate_with_strict_citations,-0.07,0,verifier,1.0,1.0,-0.252612,-0.113598,1.0,1.0,-0.252612,-0.113598,,,,,,,,,,1.0,1.0,210,0.4432009868323803,
80,4,verifier,verify_answer,verify_answer,-0.07,0,verifier,0.691924,,,,0.691924,0.0,0.0,0.0,,,,,,,,,,,,,,0.8459619879722595
80,5,verifier,request_regeneration|request_more_retrieval|request_rewrite,request_regeneration,-0.07,0,generator,0.95428,,,,0.95428,0.0,0.0,0.0,,,,,,,,,,,,,,0.977139800786972
80,6,generator,generate_answer|generate_with_strict_citations|generate_short_answer|regenerate,generate_with_strict_citations,-0.07,0,verifier,1.0,1.0,-0.427382,0.315319,1.0,1.0,-0.427382,0.315319,,,,,,,,,,1.0,1.0,232,0.6576594263315201,
80,7,verifier,verify_answer,verify_answer,0.5565,1,,0.154375,,,,0.154375,0.0,0.0,0.0,,,,,,,,,,,,,,0.577187292277813
81,1,retriever,dense_retrieve|sparse_retrieve|hybrid_retrieve|hybrid_rerank,hybrid_rerank,-0.02,0,grader,0.853986,0.376233,0.848405,1.0,0.853986,0.376233,0.848405,1.0,0.926993191242218,15,0.9242026209831238,1.0,,,,,,,,,,
81,2,grader,keep_all|loose_filter|medium_filter|strict_filter|rerank_only,loose_filter,-0.07,0,generator,1.0,-1.0,0.491228,,1.0,-1.0,0.491228,0.0,,,,,,,1.0,0.7,0.7456138134002686,,,,,
81,3,generator,generate_answer|generate_with_strict_citations|generate_short_answer,generate_with_strict_citations,-0.07,0,verifier,1.0,0.830113,-0.673667,-0.12931,1.0,0.830113,-0.673667,-0.12931,,,,,,,,,,1.0,0.9150564968585968,158,0.43534520268440247,
81,4,verifier,verify_answer,verify_answer,0.6256,1,,0.218077,,,,0.218077,0.0,0.0,0.0,,,,,,,,,,,,,,0.6090384721755981
82,1,retriever,dense_retrieve|sparse_retrieve|hybrid_retrieve|hybrid_rerank,hybrid_rerank,-0.02,0,grader,0.79656,0.041972,0.950889,0.380521,0.79656,0.041972,0.950889,0.380521,0.8982799351215363,12,0.975444495677948,0.6902605444192886,,,,,,,,,,
82,2,grader,keep_all|loose_filter|medium_filter|strict_filter|rerank_only,loose_filter,-0.07,0,generator,1.0,-1.0,0.433377,,1.0,-1.0,0.433377,0.0,,,,,,,1.0,0.7,0.716688334941864,,,,,
82,3,generator,generate_answer|generate_with_strict_citations|generate_short_answer,generate_short_answer,-0.07,0,verifier,1.0,0.528653,-0.781391,0.315875,1.0,0.528653,-0.781391,0.315875,,,,,,,,,,1.0,0.7643264532089233,179,0.6579373627901077,
82,4,verifier,verify_answer,verify_answer,0.5982,1,,0.203183,,,,0.203183,0.0,0.0,0.0,,,,,,,,,,,,,,0.6015914753079414
83,1,retriever,dense_retrieve|sparse_retrieve|hybrid_retrieve|hybrid_rerank,hybrid_rerank,-0.02,0,grader,1.0,0.095993,0.858439,0.632314,1.0,0.095993,0.858439,0.632314,1.0,13,0.9292196929454803,0.8161570131778717,,,,,,,,,,
83,2,grader,keep_all|loose_filter|medium_filter|strict_filter|rerank_only,loose_filter,-0.07,0,generator,1.0,-0.916124,0.491772,,1.0,-0.916124,0.491772,0.0,,,,,,,1.0,0.7125814199447631,0.745886042714119,,,,,
83,3,generator,generate_answer|generate_with_strict_citations|generate_short_answer,generate_with_strict_citations,-0.07,0,verifier,0.85934,0.846277,-1.0,0.095762,0.85934,0.846277,-1.0,0.095762,,,,,,,,,,0.929670125246048,0.9231386482715607,134,0.5478809215128422,
83,4,verifier,verify_answer,verify_answer,-0.07,0,verifier,0.257761,,,,0.257761,0.0,0.0,0.0,,,,,,,,,,,,,,0.628880500793457
83,5,verifier,request_regeneration|request_more_retrieval|request_rewrite,request_regeneration,-0.07,0,generator,0.626283,,,,0.626283,0.0,0.0,0.0,,,,,,,,,,,,,,0.813141256570816
83,6,generator,generate_answer|generate_with_strict_citations|generate_short_answer|regenerate,generate_with_strict_citations,-0.07,0,verifier,1.0,0.91465,-1.0,0.356647,1.0,0.91465,-1.0,0.356647,,,,,,,,,,1.0,0.9573251008987427,150,0.6783237159252167,
83,7,verifier,verify_answer,verify_answer,-0.07,0,verifier,-0.428566,,,,-0.428566,0.0,0.0,0.0,,,,,,,,,,,,,,0.2857169061899185
83,8,verifier,request_regeneration|request_more_retrieval|request_rewrite,request_regeneration,-0.07,0,generator,0.568333,,,,0.568333,0.0,0.0,0.0,,,,,,,,,,,,,,0.7841665744781494
83,9,generator,generate_answer|generate_with_strict_citations|generate_short_answer|regenerate,generate_with_strict_citations,-0.07,0,verifier,1.0,1.0,-0.986881,0.572345,1.0,1.0,-0.986881,0.572345,,,,,,,,,,1.0,1.0,165,0.7861723005771637,
83,10,verifier,verify_answer,verify_answer,0.1606,1,,-0.62891,,,,-0.62891,0.0,0.0,0.0,,,,,,,,,,,,,,0.18554484844207764
84,1,retriever,dense_retrieve|sparse_retrieve|hybrid_retrieve|hybrid_rerank,hybrid_rerank,-0.02,0,grader,0.919555,-0.119941,1.0,0.84241,0.919555,-0.119941,1.0,0.84241,0.9597775936126709,11,1.0,0.9212048351764679,,,,,,,,,,
84,2,grader,keep_all|loose_filter|medium_filter|strict_filter|rerank_only,rerank_only,-0.07,0,generator,0.87217,-1.0,0.196715,,0.87217,-1.0,0.196715,0.0,,,,,,,0.9360851347446442,0.7,0.5983573645353317,,,,,
84,3,generator,generate_answer|generate_with_strict_citations|generate_short_answer,generate_with_strict_citations,-0.07,0,verifier,1.0,0.789289,-0.431521,-0.233561,1.0,0.789289,-0.431521,-0.233561,,,,,,,,,,1.0,0.8946446180343628,176,0.3832193911075592,
84,4,verifier,verify_answer,verify_answer,0.6664,1,,0.999114,,,,0.999114,0.0,0.0,0.0,,,,,,,,,,,,,,0.9995571672916412
85,1,retriever,dense_retrieve|sparse_retrieve|hybrid_retrieve|hybrid_rerank,hybrid_rerank,-0.02,0,grader,0.879623,0.289922,0.939338,0.360629,0.879623,0.289922,0.939338,0.360629,0.9398114681243896,14,0.9696690142154694,0.6803147047758102,,,,,,,,,,
85,2,grader,keep_all|loose_filter|medium_filter|strict_filter|rerank_only,rerank_only,-0.07,0,generator,1.0,-0.959533,0.347985,,1.0,-0.959533,0.347985,0.0,,,,,,,1.0,0.7060700446367263,0.6739926338195801,,,,,
85,3,generator,generate_answer|generate_with_strict_citations|generate_short_answer,generate_with_strict_citations,-0.07,0,verifier,1.0,0.792209,-0.661632,0.043874,1.0,0.792209,-0.661632,0.043874,,,,,,,,,,1.0,0.896104484796524,174,0.5219370536506176,
85,4,verifier,verify_answer,verify_answer,0.6667,1,,0.201605,,,,0.201605,0.0,0.0,0.0,,,,,,,,,,,,,,0.6008024215698242
86,1,retriever,dense_retrieve|sparse_retrieve|hybrid_retrieve|hybrid_rerank,hybrid_rerank,-0.02,0,grader,0.894754,-0.313161,0.975964,0.871562,0.894754,-0.313161,0.975964,0.871562,0.9473768472671509,10,0.9879822134971619,0.9357807636260986,,,,,,,,,,
86,2,grader,keep_all|loose_filter|medium_filter|strict_filter|rerank_only,loose_filter,-0.07,0,generator,1.0,-0.855463,0.452702,,1.0,-0.855463,0.452702,0.0,,,,,,,1.0,0.7216805905103683,0.7263507544994354,,,,,
86,3,generator,generate_answer|generate_with_strict_citations|generate_short_answer,generate_with_strict_citations,-0.07,0,verifier,1.0,1.0,-0.768992,0.152876,1.0,1.0,-0.768992,0.152876,,,,,,,,,,1.0,1.0,169,0.5764378756284714,
86,4,verifier,verify_answer,verify_answer,0.6997,1,,-0.138983,,,,-0.138983,0.0,0.0,0.0,,,,,,,,,,,,,,0.43050873279571533
87,1,retriever,dense_retrieve|sparse_retrieve|hybrid_retrieve|hybrid_rerank,hybrid_rerank,-0.02,0,grader,0.272577,-0.419098,0.877158,0.846222,0.272577,-0.419098,0.877158,0.846222,0.6362883001565933,9,0.9385789036750793,0.9231110513210297,,,,,,,,,,
87,2,grader,keep_all|loose_filter|medium_filter|strict_filter|rerank_only,loose_filter,-0.07,0,generator,0.999101,-0.845511,0.516956,,0.999101,-0.845511,0.516956,0.0,,,,,,,0.9995503425598145,0.723173302412033,0.7584781050682068,,,,,
87,3,generator,generate_answer|generate_with_strict_citations|generate_short_answer,generate_with_strict_citations,-0.07,0,verifier,1.0,0.952239,-1.0,-0.028283,1.0,0.952239,-1.0,-0.028283,,,,,,,,,,1.0,0.9761192798614502,128,0.4858585922047496,
87,4,verifier,verify_answer,verify_answer,0.5849,1,,0.188665,,,,0.188665,0.0,0.0,0.0,,,,,,,,,,,,,,0.5943327099084854
88,1,retriever,dense_retrieve|sparse_retrieve|hybrid_retrieve|hybrid_rerank,hybrid_rerank,-0.02,0,grader,0.665791,0.261809,1.0,0.412931,0.665791,0.261809,1.0,0.412931,0.8328955173492432,14,1.0,0.7064654231071472,,,,,,,,,,
88,2,grader,keep_all|loose_filter|medium_filter|strict_filter|rerank_only,rerank_only,-0.07,0,generator,0.956581,-0.692264,0.285228,,0.956581,-0.692264,0.285228,0.0,,,,,,,0.9782906174659729,0.7461603879928589,0.6426141262054443,,,,,
88,3,generator,generate_answer|generate_with_strict_citations|generate_short_answer,generate_with_strict_citations,-0.07,0,verifier,0.947271,0.835544,-0.862619,0.073727,0.947271,0.835544,-0.862619,0.073727,,,,,,,,,,0.9736352860927582,0.9177719354629517,150,0.5368636101484299,
88,4,verifier,verify_answer,verify_answer,0.7072,1,,0.351845,,,,0.351845,0.0,0.0,0.0,,,,,,,,,,,,,,0.6759224981069565
89,1,retriever,dense_retrieve|sparse_retrieve|hybrid_retrieve|hybrid_rerank,hybrid_rerank,-0.02,0,grader,0.863335,-0.188335,1.0,0.908161,0.863335,-0.188335,1.0,0.908161,0.9316676259040833,11,1.0,0.9540804624557495,,,,,,,,,,
89,2,grader,keep_all|loose_filter|medium_filter|strict_filter|rerank_only,rerank_only,-0.07,0,generator,1.0,-1.0,-0.049364,,1.0,-1.0,-0.049364,0.0,,,,,,,1.0,0.7,0.47531794011592865,,,,,
89,3,generator,generate_answer|generate_with_strict_citations|generate_short_answer,generate_with_strict_citations,-0.07,0,verifier,1.0,0.761313,-0.482951,-0.251538,1.0,0.761313,-0.482951,-0.251538,,,,,,,,,,1.0,0.8806563317775726,169,0.3742309510707855,
89,4,verifier,verify_answer,verify_answer,0.7438,1,,0.253524,,,,0.253524,0.0,0.0,0.0,,,,,,,,,,,,,,0.6267618983983994
90,1,retriever,dense_retrieve|sparse_retrieve|hybrid_retrieve|hybrid_rerank,hybrid_rerank,-0.02,0,grader,0.901051,-0.069668,0.879651,0.34018,0.901051,-0.069668,0.879651,0.34018,0.9505254030227661,11,0.9398252964019775,0.6700899451971054,,,,,,,,,,
90,2,grader,keep_all|loose_filter|medium_filter|strict_filter|rerank_only,rerank_only,-0.07,0,generator,0.907306,-0.870026,0.205997,,0.907306,-0.870026,0.205997,0.0,,,,,,,0.95365309715271,0.7194960743188857,0.6029985919594765,,,,,
90,3,generator,generate_answer|generate_with_strict_citations|generate_short_answer,generate_with_strict_citations,-0.07,0,verifier,1.0,0.981066,-0.020533,0.053022,1.0,0.981066,-0.020533,0.053022,,,,,,,,,,1.0,0.990533173084259,259,0.526511138305068,
90,4,verifier,verify_answer,verify_answer,-0.07,0,verifier,0.535068,,,,0.535068,0.0,0.0,0.0,,,,,,,,,,,,,,0.7675338983535767
90,5,verifier,request_regeneration|request_more_retrieval|request_rewrite,request_regeneration,-0.07,0,generator,1.0,,,,1.0,0.0,0.0,0.0,,,,,,,,,,,,,,1.0
90,6,generator,generate_answer|generate_with_strict_citations|generate_short_answer|regenerate,generate_with_strict_citations,-0.07,0,verifier,0.997232,0.96187,-0.864142,0.610033,0.997232,0.96187,-0.864142,0.610033,,,,,,,,,,0.9986157715320587,0.9809349775314331,189,0.8050165176391602,
90,7,verifier,verify_answer,verify_answer,0.5964,1,,0.164021,,,,0.164021,0.0,0.0,0.0,,,,,,,,,,,,,,0.5820102840662003
91,1,retriever,dense_retrieve|sparse_retrieve|hybrid_retrieve|hybrid_rerank,hybrid_rerank,-0.02,0,grader,0.77117,0.154021,0.743674,0.354431,0.77117,0.154021,0.743674,0.354431,0.8855848610401154,13,0.8718371987342834,0.6772153377532959,,,,,,,,,,
91,2,grader,keep_all|loose_filter|medium_filter|strict_filter|rerank_only,rerank_only,-0.07,0,generator,1.0,-0.949852,0.230641,,1.0,-0.949852,0.230641,0.0,,,,,,,1.0,0.7075222462415695,0.6153206452727318,,,,,
91,3,generator,generate_answer|generate_with_strict_citations|generate_short_answer,generate_with_strict_citations,-0.07,0,verifier,1.0,0.895177,0.106667,0.213894,1.0,0.895177,0.106667,0.213894,,,,,,,,,,1.0,0.9475885331630707,297,0.6069469377398491,
91,4,verifier,verify_answer,verify_answer,-0.07,0,verifier,0.648111,,,,0.648111,0.0,0.0,0.0,,,,,,,,,,,,,,0.8240556418895721
91,5,verifier,request_regeneration|request_more_retrieval|request_rewrite,request_regeneration,-0.07,0,generator,1.0,,,,1.0,0.0,0.0,0.0,,,,,,,,,,,,,,1.0
91,6,generator,generate_answer|generate_with_strict_citations|generate_short_answer|regenerate,generate_with_strict_citations,-0.07,0,verifier,1.0,1.0,-0.513213,0.917434,1.0,1.0,-0.513213,0.917434,,,,,,,,,,1.0,1.0,277,0.958716869354248,
91,7,verifier,verify_answer,verify_answer,0.8397,1,,0.789526,,,,0.789526,0.0,0.0,0.0,,,,,,,,,,,,,,0.8947628736495972
92,1,retriever,dense_retrieve|sparse_retrieve|hybrid_retrieve|hybrid_rerank,hybrid_rerank,-0.02,0,grader,0.77079,0.07083,0.908758,-0.025051,0.77079,0.07083,0.908758,-0.025051,0.8853949904441833,13,0.9543788135051727,0.4874743986874819,,,,,,,,,,
92,2,grader,keep_all|loose_filter|medium_filter|strict_filter|rerank_only,rerank_only,-0.07,0,generator,1.0,-0.860409,-0.005397,,1.0,-0.860409,-0.005397,0.0,,,,,,,1.0,0.720938691496849,0.49730143579654396,,,,,
92,3,generator,generate_answer|generate_with_strict_citations|generate_short_answer,generate_with_strict_citations,-0.07,0,verifier,1.0,0.781517,-0.508223,0.321621,1.0,0.781517,-0.508223,0.321621,,,,,,,,,,1.0,0.8907584846019745,220,0.6608106195926666,
92,4,verifier,verify_answer,verify_answer,-0.07,0,verifier,0.716708,,,,0.716708,0.0,0.0,0.0,,,,,,,,,,,,,,0.8583537638187408
92,5,verifier,request_regeneration|request_more_retrieval|request_rewrite,request_regeneration,-0.07,0,generator,0.735905,,,,0.735905,0.0,0.0,0.0,,,,,,,,,,,,,,0.867952436208725
92,6,generator,generate_answer|generate_with_strict_citations|generate_short_answer|regenerate,generate_with_strict_citations,-0.07,0,verifier,1.0,0.978879,-0.776811,0.886411,1.0,0.978879,-0.776811,0.886411,,,,,,,,,,1.0,0.9894393682479858,225,0.9432055056095123,
92,7,verifier,verify_answer,verify_answer,0.6116,1,,0.096394,,,,0.096394,0.0,0.0,0.0,,,,,,,,,,,,,,0.5481970682740211
93,1,retriever,dense_retrieve|sparse_retrieve|hybrid_retrieve|hybrid_rerank,hybrid_rerank,-0.02,0,grader,0.512184,0.4608,0.760673,-0.036203,0.512184,0.4608,0.760673,-0.036203,0.7560921311378479,15,0.880336731672287,0.4818986728787422,,,,,,,,,,
93,2,grader,keep_all|loose_filter|medium_filter|strict_filter|rerank_only,rerank_only,-0.07,0,generator,1.0,-0.779937,0.027259,,1.0,-0.779937,0.027259,0.0,,,,,,,1.0,0.7330095082521438,0.5136292511597276,,,,,
93,3,generator,generate_answer|generate_with_strict_citations|generate_short_answer,generate_with_strict_citations,-0.07,0,verifier,1.0,0.889777,-0.116904,0.123701,1.0,0.889777,-0.116904,0.123701,,,,,,,,,,1.0,0.9448886811733246,255,0.5618506073951721,
93,4,verifier,verify_answer,verify_answer,0.8137,1,,0.867291,,,,0.867291,0.0,0.0,0.0,,,,,,,,,,,,,,0.9336453080177307
94,1,retriever,dense_retrieve|sparse_retrieve|hybrid_retrieve|hybrid_rerank,hybrid_rerank,-0.02,0,grader,0.861251,-0.133975,1.0,0.796943,0.861251,-0.133975,1.0,0.796943,0.9306255877017975,11,1.0,0.8984715640544891,,,,,,,,,,
94,2,grader,keep_all|loose_filter|medium_filter|strict_filter|rerank_only,rerank_only,-0.07,0,generator,0.928987,-1.0,-0.032581,,0.928987,-1.0,-0.032581,0.0,,,,,,,0.964493602514267,0.7,0.48370939306914806,,,,,
94,3,generator,generate_answer|generate_with_strict_citations|generate_short_answer,generate_with_strict_citations,-0.07,0,verifier,0.70283,1.0,-0.5878,0.093188,0.70283,1.0,-0.5878,0.093188,,,,,,,,,,0.8514149188995361,1.0,188,0.5465941652655602,
94,4,verifier,verify_answer,verify_answer,-0.07,0,verifier,0.588045,,,,0.588045,0.0,0.0,0.0,,,,,,,,,,,,,,0.7940223515033722
94,5,verifier,request_regeneration|request_more_retrieval|request_rewrite,request_regeneration,-0.07,0,generator,0.987179,,,,0.987179,0.0,0.0,0.0,,,,,,,,,,,,,,0.993589460849762
94,6,generator,generate_answer|generate_with_strict_citations|generate_short_answer|regenerate,generate_with_strict_citations,-0.07,0,verifier,0.868281,1.0,-1.0,0.653696,0.868281,1.0,-1.0,0.653696,,,,,,,,,,0.9341404438018799,1.0,169,0.8268481492996216,
94,7,verifier,verify_answer,verify_answer,0.5635,1,,-0.162763,,,,-0.162763,0.0,0.0,0.0,,,,,,,,,,,,,,0.4186186343431473
95,1,retriever,dense_retrieve|sparse_retrieve|hybrid_retrieve|hybrid_rerank,hybrid_rerank,-0.02,0,grader,0.604613,0.509786,0.837578,0.004876,0.604613,0.509786,0.837578,0.004876,0.802306592464447,16,0.9187888205051422,0.502438124269247,,,,,,,,,,
95,2,grader,keep_all|loose_filter|medium_filter|strict_filter|rerank_only,rerank_only,-0.07,0,generator,1.0,-0.633313,-0.131739,,1.0,-0.633313,-0.131739,0.0,,,,,,,1.0,0.7550031214952468,0.4341304823756218,,,,,
95,3,generator,generate_answer|generate_with_strict_citations|generate_short_answer,generate_with_strict_citations,-0.07,0,verifier,0.803526,1.0,-0.204696,-0.127674,0.803526,1.0,-0.204696,-0.127674,,,,,,,,,,0.9017631411552429,1.0,214,0.43616290390491486,
95,4,verifier,verify_answer,verify_answer,-0.07,0,verifier,0.929874,,,,0.929874,0.0,0.0,0.0,,,,,,,,,,,,,,0.9649370610713959
95,5,verifier,request_regeneration|request_more_retrieval|request_rewrite,request_regeneration,-0.07,0,generator,1.0,,,,1.0,0.0,0.0,0.0,,,,,,,,,,,,,,1.0
95,6,generator,generate_answer|generate_with_strict_citations|generate_short_answer|regenerate,generate_with_strict_citations,-0.07,0,verifier,0.835672,1.0,-0.452798,0.403783,0.835672,1.0,-0.452798,0.403783,,,,,,,,,,0.9178361892700195,1.0,237,0.7018914520740509,
95,7,verifier,verify_answer,verify_answer,-0.07,0,verifier,1.0,,,,1.0,0.0,0.0,0.0,,,,,,,,,,,,,,1.0
95,8,verifier,request_regeneration|request_more_retrieval|request_rewrite,request_regeneration,-0.07,0,generator,1.0,,,,1.0,0.0,0.0,0.0,,,,,,,,,,,,,,1.0
95,9,generator,generate_answer|generate_with_strict_citations|generate_short_answer|regenerate,generate_with_strict_citations,-0.07,0,verifier,0.595052,1.0,-0.648269,0.915911,0.595052,1.0,-0.648269,0.915911,,,,,,,,,,0.7975257635116577,1.0,252,0.9579556286334991,
95,10,verifier,verify_answer,verify_answer,0.8183,1,,0.306163,,,,0.306163,0.0,0.0,0.0,,,,,,,,,,,,,,0.6530812829732895
96,1,retriever,dense_retrieve|sparse_retrieve|hybrid_retrieve|hybrid_rerank,hybrid_rerank,-0.02,0,grader,0.412399,0.000694,0.630205,-0.343188,0.412399,0.000694,0.630205,-0.343188,0.706199586391449,12,0.8151026666164398,0.3284059911966324,,,,,,,,,,
96,2,grader,keep_all|loose_filter|medium_filter|strict_filter|rerank_only,rerank_only,-0.07,0,generator,0.894344,-0.655632,0.001574,,0.894344,-0.655632,0.001574,0.0,,,,,,,0.9471718668937683,0.7516551703214644,0.5007867972599342,,,,,
96,3,generator,generate_answer|generate_with_strict_citations|generate_short_answer,generate_with_strict_citations,-0.07,0,verifier,1.0,0.809581,-0.043405,0.048714,1.0,0.809581,-0.043405,0.048714,,,,,,,,,,1.0,0.9047903120517731,256,0.5243571847677231,
96,4,verifier,verify_answer,verify_answer,-0.07,0,verifier,0.753052,,,,0.753052,0.0,0.0,0.0,,,,,,,,,,,,,,0.87652587890625
96,5,verifier,request_regeneration|request_more_retrieval|request_rewrite,request_regeneration,-0.07,0,generator,0.862361,,,,0.862361,0.0,0.0,0.0,,,,,,,,,,,,,,0.9311805069446564
96,6,generator,generate_answer|generate_with_strict_citations|generate_short_answer|regenerate,generate_with_strict_citations,-0.07,0,verifier,1.0,0.711616,-0.452747,0.525773,1.0,0.711616,-0.452747,0.525773,,,,,,,,,,1.0,0.8558081388473511,250,0.7628866136074066,
96,7,verifier,verify_answer,verify_answer,-0.07,0,verifier,0.395765,,,,0.395765,0.0,0.0,0.0,,,,,,,,,,,,,,0.697882354259491
96,8,verifier,request_regeneration|request_more_retrieval|request_rewrite,request_regeneration,-0.07,0,generator,0.786654,,,,0.786654,0.0,0.0,0.0,,,,,,,,,,,,,,0.89332714676857
96,9,generator,generate_answer|generate_with_strict_citations|generate_short_answer|regenerate,generate_with_strict_citations,-0.07,0,verifier,0.976112,0.84813,-0.763708,1.0,0.976112,0.84813,-0.763708,1.0,,,,,,,,,,0.9880561232566833,0.9240649044513702,237,1.0,
96,10,verifier,verify_answer,verify_answer,0.8113,1,,-0.55977,,,,-0.55977,0.0,0.0,0.0,,,,,,,,,,,,,,0.22011497616767883
97,1,retriever,dense_retrieve|sparse_retrieve|hybrid_retrieve|hybrid_rerank,hybrid_rerank,-0.02,0,grader,0.013341,-0.181259,0.646124,0.206883,0.013341,-0.181259,0.646124,0.206883,0.5066705634817481,11,0.8230619728565216,0.6034417152404785,,,,,,,,,,
97,2,grader,keep_all|loose_filter|medium_filter|strict_filter|rerank_only,rerank_only,-0.07,0,generator,0.755388,-0.4561,-0.078692,,0.755388,-0.4561,-0.078692,0.0,,,,,,,0.8776939511299133,0.7815850734710693,0.4606541208922863,,,,,
97,3,generator,generate_answer|generate_with_strict_citations|generate_short_answer,generate_with_strict_citations,-0.07,0,verifier,1.0,0.907668,-0.211186,0.315766,1.0,0.907668,-0.211186,0.315766,,,,,,,,,,1.0,0.9538342356681824,263,0.6578830480575562,
97,4,verifier,verify_answer,verify_answer,0.8213,1,,0.977467,,,,0.977467,0.0,0.0,0.0,,,,,,,,,,,,,,0.988733559846878
98,1,retriever,dense_retrieve|sparse_retrieve|hybrid_retrieve|hybrid_rerank,hybrid_rerank,-0.02,0,grader,0.288592,-0.151089,1.0,0.421062,0.288592,-0.151089,1.0,0.421062,0.644295871257782,11,1.0,0.7105311453342438,,,,,,,,,,
98,2,grader,keep_all|loose_filter|medium_filter|strict_filter|rerank_only,rerank_only,-0.07,0,generator,1.0,-0.647404,-0.239636,,1.0,-0.647404,-0.239636,0.0,,,,,,,1.0,0.7528894245624542,0.38018176704645157,,,,,
98,3,generator,generate_answer|generate_with_strict_citations|generate_short_answer,generate_with_strict_citations,-0.07,0,verifier,0.997088,0.94682,-0.788326,0.323879,0.997088,0.94682,-0.788326,0.323879,,,,,,,,,,0.9985442459583282,0.97340989112854,180,0.6619397103786469,
98,4,verifier,verify_answer,verify_answer,0.7099,1,,0.696024,,,,0.696024,0.0,0.0,0.0,,,,,,,,,,,,,,0.8480120003223419
99,1,retriever,dense_retrieve|sparse_retrieve|hybrid_retrieve|hybrid_rerank,hybrid_rerank,-0.02,0,grader,0.265683,0.23828,0.307904,-0.157766,0.265683,0.23828,0.307904,-0.157766,0.6328417211771011,14,0.6539521366357803,0.4211168885231018,,,,,,,,,,
99,2,grader,keep_all|loose_filter|medium_filter|strict_filter|rerank_only,rerank_only,-0.07,0,generator,0.869629,-0.659332,-0.342855,,0.869629,-0.659332,-0.342855,0.0,,,,,,,0.9348145723342896,0.7511002123355865,0.3285723477602005,,,,,
99,3,generator,generate_answer|generate_with_strict_citations|generate_short_answer,generate_with_strict_citations,-0.07,0,verifier,0.979621,1.0,-0.623347,0.060145,0.979621,1.0,-0.623347,0.060145,,,,,,,,,,0.9898105263710022,1.0,181,0.5300727318972349,
99,4,verifier,verify_answer,verify_answer,0.7115,1,,0.703515,,,,0.703515,0.0,0.0,0.0,,,,,,,,,,,,,,0.8517576456069946
100,1,retriever,dense_retrieve|sparse_retrieve|hybrid_retrieve|hybrid_rerank,hybrid_rerank,-0.02,0,grader,0.472756,0.065155,0.397345,-0.20163,0.472756,0.065155,0.397345,-0.20163,0.7363779842853546,12,0.6986726075410843,0.39918483793735504,,,,,,,,,,
100,2,grader,keep_all|loose_filter|medium_filter|strict_filter|rerank_only,rerank_only,-0.07,0,generator,0.920816,-0.111873,-0.04812,,0.920816,-0.111873,-0.04812,0.0,,,,,,,0.9604080021381378,0.8332191001623869,0.47594017535448074,,,,,
100,3,generator,generate_answer|generate_with_strict_citations|generate_short_answer,generate_with_strict_citations,-0.07,0,verifier,1.0,0.900621,-0.872046,0.263273,1.0,0.900621,-0.872046,0.263273,,,,,,,,,,1.0,0.9503103196620941,162,0.6316362619400024,
100,4,verifier,verify_answer,verify_answer,0.3934,1,,0.126342,,,,0.126342,0.0,0.0,0.0,,,,,,,,,,,,,,0.5631711483001709
101,1,retriever,dense_retrieve|sparse_retrieve|hybrid_retrieve|hybrid_rerank,hybrid_rerank,-0.02,0,grader,0.031898,-0.574528,0.791218,0.374539,0.031898,-0.574528,0.791218,0.374539,0.5159489661455154,8,0.8956092298030853,0.6872697025537491,,,,,,,,,,
101,2,grader,keep_all|loose_filter|medium_filter|strict_filter|rerank_only,rerank_only,-0.07,0,generator,1.0,-0.305589,-0.252335,,1.0,-0.305589,-0.252335,0.0,,,,,,,1.0,0.8041615933179855,0.3738323152065277,,,,,
101,3,generator,generate_answer|generate_with_strict_citations|generate_short_answer,generate_with_strict_citations,-0.07,0,verifier,0.567316,0.989156,0.223434,0.391949,0.567316,0.989156,0.223434,0.391949,,,,,,,,,,0.7836581766605377,0.994577944278717,339,0.6959746330976486,
101,4,verifier,verify_answer,verify_answer,0.7567,1,,0.552879,,,,0.552879,0.0,0.0,0.0,,,,,,,,,,,,,,0.7764394879341125
102,1,retriever,dense_retrieve|sparse_retrieve|hybrid_retrieve|hybrid_rerank,hybrid_rerank,-0.02,0,grader,0.279194,-0.044258,0.165548,0.122621,0.279194,-0.044258,0.165548,0.122621,0.639597088098526,12,0.5827738419175148,0.5613106526434422,,,,,,,,,,
102,2,grader,keep_all|loose_filter|medium_filter|strict_filter|rerank_only,rerank_only,-0.07,0,generator,1.0,0.173868,-0.279818,,1.0,0.173868,-0.279818,0.0,,,,,,,1.0,0.8760802559554577,0.36009109020233154,,,,,
102,3,generator,generate_answer|generate_with_strict_citations|generate_short_answer,generate_with_strict_citations,-0.07,0,verifier,0.967629,0.859904,-0.319504,0.032406,0.967629,0.859904,-0.319504,0.032406,,,,,,,,,,0.9838145077228546,0.9299519658088684,218,0.516202924773097,
102,4,verifier,verify_answer,verify_answer,0.8293,1,,0.857206,,,,0.857206,0.0,0.0,0.0,,,,,,,,,,,,,,0.928602933883667
103,1,retriever,dense_retrieve|sparse_retrieve|hybrid_retrieve|hybrid_rerank,hybrid_rerank,-0.02,0,grader,0.37717,-0.519019,0.786989,0.361189,0.37717,-0.519019,0.786989,0.361189,0.6885851472616196,8,0.8934946060180664,0.6805946975946426,,,,,,,,,,
103,2,grader,keep_all|loose_filter|medium_filter|strict_filter|rerank_only,rerank_only,-0.07,0,generator,0.972174,-0.025554,-0.536419,,0.972174,-0.025554,-0.536419,0.0,,,,,,,0.9860871434211731,0.8461669322103261,0.23179051280021667,,,,,
103,3,generator,generate_answer|generate_with_strict_citations|generate_short_answer,generate_with_strict_citations,-0.07,0,verifier,1.0,1.0,-0.138195,0.082056,1.0,1.0,-0.138195,0.082056,,,,,,,,,,1.0,1.0,247,0.54102798178792,
103,4,verifier,verify_answer,verify_answer,-0.07,0,verifier,0.744215,,,,0.744215,0.0,0.0,0.0,,,,,,,,,,,,,,0.8721072673797607
103,5,verifier,request_regeneration|request_more_retrieval|request_rewrite,request_regeneration,-0.07,0,generator,0.804742,,,,0.804742,0.0,0.0,0.0,,,,,,,,,,,,,,0.9023707807064056
103,6,generator,generate_answer|generate_with_strict_citations|generate_short_answer|regenerate,generate_with_strict_citations,-0.07,0,verifier,1.0,1.0,-0.812063,0.709971,1.0,1.0,-0.812063,0.709971,,,,,,,,,,1.0,1.0,205,0.8549856841564178,
103,7,verifier,verify_answer,verify_answer,0.6443,1,,-0.572346,,,,-0.572346,0.0,0.0,0.0,,,,,,,,,,,,,,0.21382692456245422
104,1,retriever,dense_retrieve|sparse_retrieve|hybrid_retrieve|hybrid_rerank,dense_retrieve,-0.02,0,grader,0.408017,-0.313578,-0.118444,0.29449,0.408017,-0.313578,-0.118444,0.29449,0.7040086686611176,10,0.44077787175774574,0.6472447663545609,,,,,,,,,,
104,2,grader,keep_all|loose_filter|medium_filter|strict_filter|rerank_only,rerank_only,-0.07,0,generator,0.859708,0.148029,-0.134898,,0.859708,0.148029,-0.134898,0.0,,,,,,,0.9298540651798248,0.8722042873501777,0.4325510933995247,,,,,
104,3,generator,generate_answer|generate_with_strict_citations|generate_short_answer,generate_with_strict_citations,-0.07,0,verifier,1.0,0.839333,-0.068723,0.076418,1.0,0.839333,-0.068723,0.076418,,,,,,,,,,1.0,0.9196666181087494,256,0.5382087752223015,
104,4,verifier,verify_answer,verify_answer,0.9204,1,,0.862779,,,,0.862779,0.0,0.0,0.0,,,,,,,,,,,,,,0.9313897490501404
105,1,retriever,dense_retrieve|sparse_retrieve|hybrid_retrieve|hybrid_rerank,dense_retrieve,-0.02,0,grader,0.339581,-0.423084,-0.04521,0.100754,0.339581,-0.423084,-0.04521,0.100754,0.669790580868721,9,0.4773951396346092,0.5503770560026169,,,,,,,,,,
105,2,grader,keep_all|loose_filter|medium_filter|strict_filter|rerank_only,rerank_only,-0.07,0,generator,0.805938,-0.081327,-0.13065,,0.805938,-0.081327,-0.13065,0.0,,,,,,,0.9029688835144043,0.8378009758889675,0.43467510491609573,,,,,
105,3,generator,generate_answer|generate_with_strict_citations|generate_short_answer,generate_short_answer,-0.07,0,verifier,1.0,0.63677,-0.245263,0.068445,1.0,0.63677,-0.245263,0.068445,,,,,,,,,,1.0,0.8183852136135101,231,0.5342222861945629,
105,4,verifier,verify_answer,verify_answer,0.8548,1,,1.0,,,,1.0,0.0,0.0,0.0,,,,,,,,,,,,,,1.0
106,1,retriever,dense_retrieve|sparse_retrieve|hybrid_retrieve|hybrid_rerank,hybrid_retrieve,-0.02,0,grader,-0.042461,-0.691245,-0.570042,-0.38033,-0.042461,-0.691245,-0.570042,-0.38033,0.47876945696771145,7,0.21497893333435059,0.30983516573905945,,,,,,,,,,
106,2,grader,keep_all|loose_filter|medium_filter|strict_filter|rerank_only,rerank_only,-0.07,0,generator,0.865658,0.222181,-0.21038,,0.865658,0.222181,-0.21038,0.0,,,,,,,0.9328291714191437,0.8833272024989127,0.3948100358247757,,,,,
106,3,generator,generate_answer|generate_with_strict_citations|generate_short_answer,generate_with_strict_citations,-0.07,0,verifier,0.854649,0.985479,-0.606527,0.424122,0.854649,0.985479,-0.606527,0.424122,,,,,,,,,,0.9273243248462677,0.9927397072315216,215,0.7120607942342758,
106,4,verifier,verify_answer,verify_answer,0.8039,1,,-0.215323,,,,-0.215323,0.0,0.0,0.0,,,,,,,,,,,,,,0.39233849197626114
107,1,retriever,dense_retrieve|sparse_retrieve|hybrid_retrieve|hybrid_rerank,hybrid_rerank,-0.02,0,grader,-0.201829,-1.0,0.775559,0.423142,-0.201829,-1.0,0.775559,0.423142,0.3990853279829025,5,0.8877796828746796,0.7115707993507385,,,,,,,,,,
107,2,grader,keep_all|loose_filter|medium_filter|strict_filter|rerank_only,keep_all,-0.07,0,generator,0.94467,0.812261,-0.119818,,0.94467,0.812261,-0.119818,0.0,,,,,,,0.9723348915576935,0.9718390852212906,0.44009116291999817,,,,,
107,3,generator,generate_answer|generate_with_strict_citations|generate_short_answer,generate_with_strict_citations,-0.07,0,verifier,0.884731,0.909962,-0.606074,0.52497,0.884731,0.909962,-0.606074,0.52497,,,,,,,,,,0.9423657059669495,0.9549808204174042,224,0.7624852359294891,
107,4,verifier,verify_answer,verify_answer,0.7779,1,,-0.478459,,,,-0.478459,0.0,0.0,0.0,,,,,,,,,,,,,,0.2607703357934952
108,1,retriever,dense_retrieve|sparse_retrieve|hybrid_retrieve|hybrid_rerank,hybrid_rerank,-0.02,0,grader,0.089911,-0.84769,0.687313,0.433272,0.089911,-0.84769,0.687313,0.433272,0.5449554696679115,6,0.8436565101146698,0.7166360020637512,,,,,,,,,,
108,2,grader,keep_all|loose_filter|medium_filter|strict_filter|rerank_only,keep_all,-0.07,0,generator,0.894954,0.565754,-0.276621,,0.894954,0.565754,-0.276621,0.0,,,,,,,0.9474769830703735,0.9348631531000137,0.36168940365314484,,,,,
108,3,generator,generate_answer|generate_with_strict_citations|generate_short_answer,generate_with_strict_citations,-0.07,0,verifier,1.0,1.0,-0.800933,0.163725,1.0,1.0,-0.800933,0.163725,,,,,,,,,,1.0,1.0,165,0.5818626806139946,
108,4,verifier,verify_answer,verify_answer,0.7735,1,,0.182883,,,,0.182883,0.0,0.0,0.0,,,,,,,,,,,,,,0.5914412960410118
109,1,retriever,dense_retrieve|sparse_retrieve|hybrid_retrieve|hybrid_rerank,hybrid_retrieve,-0.02,0,grader,0.236418,-0.612859,-0.263777,-0.032132,0.236418,-0.612859,-0.263777,-0.032132,0.618208758533001,7,0.3681115359067917,0.4839337784796953,,,,,,,,,,
109,2,grader,keep_all|loose_filter|medium_filter|strict_filter|rerank_only,keep_all,-0.07,0,generator,1.0,0.336835,-0.471058,,1.0,0.336835,-0.471058,0.0,,,,,,,1.0,0.9005253076553345,0.264471098780632,,,,,
109,3,generator,generate_answer|generate_with_strict_citations|generate_short_answer,generate_with_strict_citations,-0.07,0,verifier,1.0,0.978406,-0.220713,-0.326559,1.0,0.978406,-0.220713,-0.326559,,,,,,,,,,1.0,0.9892030954360962,189,0.33672039210796356,
109,4,verifier,verify_answer,verify_answer,0.8574,1,,0.592556,,,,0.592556,0.0,0.0,0.0,,,,,,,,,,,,,,0.7962782382965088
110,1,retriever,dense_retrieve|sparse_retrieve|hybrid_retrieve|hybrid_rerank,hybrid_rerank,-0.02,0,grader,-0.206883,-0.69621,0.695509,0.645415,-0.206883,-0.69621,0.695509,0.645415,0.39655859023332596,7,0.847754567861557,0.822707325220108,,,,,,,,,,
110,2,grader,keep_all|loose_filter|medium_filter|strict_filter|rerank_only,rerank_only,-0.07,0,generator,1.0,0.299772,-0.26968,,1.0,0.299772,-0.26968,0.0,,,,,,,1.0,0.894965834915638,0.3651600629091263,,,,,
110,3,generator,generate_answer|generate_with_strict_citations|generate_short_answer,generate_with_strict_citations,-0.07,0,verifier,0.945084,1.0,-0.193979,-0.066564,0.945084,1.0,-0.193979,-0.066564,,,,,,,,,,0.9725421965122223,1.0,223,0.46671806275844574,
110,4,verifier,verify_answer,verify_answer,0.5144,1,,0.234269,,,,0.234269,0.0,0.0,0.0,,,,,,,,,,,,,,0.6171342730522156
111,1,retriever,dense_retrieve|sparse_retrieve|hybrid_retrieve|hybrid_rerank,hybrid_rerank,-0.02,0,grader,-0.320123,-0.706596,0.699482,0.10617,-0.320123,-0.706596,0.699482,0.10617,0.3399384766817093,7,0.849741131067276,0.5530848801136017,,,,,,,,,,
111,2,grader,keep_all|loose_filter|medium_filter|strict_filter|rerank_only,rerank_only,-0.07,0,generator,0.644596,0.096416,-0.10986,,0.644596,0.096416,-0.10986,0.0,,,,,,,0.8222982287406921,0.8644623693078756,0.4450698681175709,,,,,
111,3,generator,generate_answer|generate_with_strict_citations|generate_short_answer,generate_with_strict_citations,-0.07,0,verifier,0.993861,0.814671,-0.942792,0.689553,0.993861,0.814671,-0.942792,0.689553,,,,,,,,,,0.9969306588172913,0.9073353111743927,181,0.8447766304016113,
111,4,verifier,verify_answer,verify_answer,0.7288,1,,-0.120606,,,,-0.120606,0.0,0.0,0.0,,,,,,,,,,,,,,0.4396969713270664
112,1,retriever,dense_retrieve|sparse_retrieve|hybrid_retrieve|hybrid_rerank,dense_retrieve,-0.02,0,grader,0.304985,-0.701925,-0.056322,-0.296676,0.304985,-0.701925,-0.056322,-0.296676,0.6524924039840698,7,0.471839003264904,0.3516618013381958,,,,,,,,,,
112,2,grader,keep_all|loose_filter|medium_filter|strict_filter|rerank_only,keep_all,-0.07,0,generator,1.0,0.357678,-0.4076,,1.0,0.357678,-0.4076,0.0,,,,,,,1.0,0.9036517173051833,0.29620011150836945,,,,,
112,3,generator,generate_answer|generate_with_strict_citations|generate_short_answer,generate_with_strict_citations,-0.07,0,verifier,1.0,1.0,-0.463868,-0.079904,1.0,1.0,-0.463868,-0.079904,,,,,,,,,,1.0,1.0,188,0.460048109292984,
112,4,verifier,verify_answer,verify_answer,0.8369,1,,0.459064,,,,0.459064,0.0,0.0,0.0,,,,,,,,,,,,,,0.7295319885015488
113,1,retriever,dense_retrieve|sparse_retrieve|hybrid_retrieve|hybrid_rerank,hybrid_rerank,-0.02,0,grader,-0.132173,-0.792213,0.211144,0.175743,-0.132173,-0.792213,0.211144,0.175743,0.43391329050064087,6,0.6055719181895256,0.5878715664148331,,,,,,,,,,
113,2,grader,keep_all|loose_filter|medium_filter|strict_filter|rerank_only,rerank_only,-0.07,0,generator,0.872438,0.14514,-0.450936,,0.872438,0.14514,-0.450936,0.0,,,,,,,0.9362188577651978,0.8717709988355636,0.27453190088272095,,,,,
113,3,generator,generate_answer|generate_with_strict_citations|generate_short_answer,generate_with_strict_citations,-0.07,0,verifier,0.959222,1.0,-0.343431,0.071255,0.959222,1.0,-0.343431,0.071255,,,,,,,,,,0.979610949754715,1.0,219,0.5356274768710136,
113,4,verifier,verify_answer,verify_answer,0.7082,1,,-0.075655,,,,-0.075655,0.0,0.0,0.0,,,,,,,,,,,,,,0.4621724486351013
114,1,retriever,dense_retrieve|sparse_retrieve|hybrid_retrieve|hybrid_rerank,dense_retrieve,-0.02,0,grader,0.382737,-0.406203,-0.060188,-0.309603,0.382737,-0.406203,-0.060188,-0.309603,0.6913686394691467,9,0.4699061457067728,0.34519827365875244,,,,,,,,,,
114,2,grader,keep_all|loose_filter|medium_filter|strict_filter|rerank_only,rerank_only,-0.07,0,generator,1.0,0.218924,-0.416076,,1.0,0.218924,-0.416076,0.0,,,,,,,1.0,0.8828386627137661,0.2919621169567108,,,,,
114,3,generator,generate_answer|generate_with_strict_citations|generate_short_answer,generate_with_strict_citations,-0.07,0,verifier,1.0,1.0,-0.194793,0.017029,1.0,1.0,-0.194793,0.017029,,,,,,,,,,1.0,1.0,232,0.5085145654156804,
114,4,verifier,verify_answer,verify_answer,0.8808,1,,0.685921,,,,0.685921,0.0,0.0,0.0,,,,,,,,,,,,,,0.8429605066776276
115,1,retriever,dense_retrieve|sparse_retrieve|hybrid_retrieve|hybrid_rerank,hybrid_rerank,-0.02,0,grader,-0.075192,-0.63102,0.379646,-0.327639,-0.075192,-0.63102,0.379646,-0.327639,0.46240413561463356,7,0.6898229867219925,0.33618053793907166,,,,,,,,,,
115,2,grader,keep_all|loose_filter|medium_filter|strict_filter|rerank_only,rerank_only,-0.07,0,generator,1.0,-0.218168,-0.509503,,1.0,-0.218168,-0.509503,0.0,,,,,,,1.0,0.8172748573124409,0.24524840712547302,,,,,
115,3,generator,generate_answer|generate_with_strict_citations|generate_short_answer,generate_with_strict_citations,-0.07,0,verifier,1.0,0.912408,-0.388115,0.311835,1.0,0.912408,-0.388115,0.311835,,,,,,,,,,1.0,0.9562038779258728,238,0.6559174507856369,
115,4,verifier,verify_answer,verify_answer,0.8508,1,,0.065016,,,,0.065016,0.0,0.0,0.0,,,,,,,,,,,,,,0.5325078293681145
116,1,retriever,dense_retrieve|sparse_retrieve|hybrid_retrieve|hybrid_rerank,hybrid_rerank,-0.02,0,grader,0.527691,-0.801855,0.215448,-0.282505,0.527691,-0.801855,0.215448,-0.282505,0.7638455927371979,6,0.6077237725257874,0.3587474077939987,,,,,,,,,,
116,2,grader,keep_all|loose_filter|medium_filter|strict_filter|rerank_only,rerank_only,-0.07,0,generator,1.0,0.119614,-0.538092,,1.0,0.119614,-0.538092,0.0,,,,,,,1.0,0.8679421454668045,0.23095378279685974,,,,,
116,3,generator,generate_answer|generate_with_strict_citations|generate_short_answer,generate_with_strict_citations,-0.07,0,verifier,1.0,0.909693,-0.117757,-0.042721,1.0,0.909693,-0.117757,-0.042721,,,,,,,,,,1.0,0.9548463821411133,234,0.4786396976560354,
116,4,verifier,verify_answer,verify_answer,-0.07,0,verifier,1.0,,,,1.0,0.0,0.0,0.0,,,,,,,,,,,,,,1.0
116,5,verifier,request_regeneration|request_more_retrieval|request_rewrite,request_regeneration,-0.07,0,generator,1.0,,,,1.0,0.0,0.0,0.0,,,,,,,,,,,,,,1.0
116,6,generator,generate_answer|generate_with_strict_citations|generate_short_answer|regenerate,generate_with_strict_citations,-0.07,0,verifier,1.0,0.910133,-0.597612,0.680835,1.0,0.910133,-0.597612,0.680835,,,,,,,,,,1.0,0.9550666809082031,239,0.8404172658920288,
116,7,verifier,verify_answer,verify_answer,0.6018,1,,0.110341,,,,0.110341,0.0,0.0,0.0,,,,,,,,,,,,,,0.5551707409322262
117,1,retriever,dense_retrieve|sparse_retrieve|hybrid_retrieve|hybrid_rerank,hybrid_rerank,-0.02,0,grader,0.383793,-0.922628,0.372754,0.022785,0.383793,-0.922628,0.372754,0.022785,0.6918966621160507,5,0.686377078294754,0.5113923847675323,,,,,,,,,,
117,2,grader,keep_all|loose_filter|medium_filter|strict_filter|rerank_only,rerank_only,-0.07,0,generator,0.906643,-0.162541,-0.231257,,0.906643,-0.162541,-0.231257,0.0,,,,,,,0.9533216059207916,0.8256188295781612,0.3843715414404869,,,,,
117,3,generator,generate_answer|generate_with_strict_citations|generate_short_answer,generate_with_strict_citations,-0.07,0,verifier,1.0,0.850253,-0.176981,0.053175,1.0,0.850253,-0.176981,0.053175,,,,,,,,,,1.0,0.9251264929771423,239,0.526587588712573,
117,4,verifier,verify_answer,verify_answer,-0.07,0,verifier,0.944169,,,,0.944169,0.0,0.0,0.0,,,,,,,,,,,,,,0.972084254026413
117,5,verifier,request_regeneration|request_more_retrieval|request_rewrite,request_regeneration,-0.07,0,generator,1.0,,,,1.0,0.0,0.0,0.0,,,,,,,,,,,,,,1.0
117,6,generator,generate_answer|generate_with_strict_citations|generate_short_answer|regenerate,generate_answer,-0.07,0,verifier,1.0,0.456186,-0.496149,0.549058,1.0,0.456186,-0.496149,0.549058,,,,,,,,,,1.0,0.7280929237604141,244,0.774528831243515,
117,7,verifier,verify_answer,verify_answer,0.542,1,,0.056027,,,,0.056027,0.0,0.0,0.0,,,,,,,,,,,,,,0.5280134063214064
118,1,retriever,dense_retrieve|sparse_retrieve|hybrid_retrieve|hybrid_rerank,hybrid_rerank,-0.02,0,grader,0.355173,-0.724152,0.458766,0.019005,0.355173,-0.724152,0.458766,0.019005,0.6775863617658615,7,0.7293832153081894,0.5095022562891245,,,,,,,,,,
118,2,grader,keep_all|loose_filter|medium_filter|strict_filter|rerank_only,loose_filter,-0.07,0,generator,1.0,-0.47723,0.572782,,1.0,-0.47723,0.572782,0.0,,,,,,,1.0,0.7784155651926994,0.7863909006118774,,,,,
118,3,generator,generate_answer|generate_with_strict_citations|generate_short_answer,generate_with_strict_citations,-0.07,0,verifier,1.0,0.997836,-0.543746,0.173739,1.0,0.997836,-0.543746,0.173739,,,,,,,,,,1.0,0.9989178478717804,202,0.5868693888187408,
118,4,verifier,verify_answer,verify_answer,0.7177,1,,0.581737,,,,0.581737,0.0,0.0,0.0,,,,,,,,,,,,,,0.7908683717250824
119,1,retriever,dense_retrieve|sparse_retrieve|hybrid_retrieve|hybrid_rerank,hybrid_rerank,-0.02,0,grader,0.649399,-0.947341,0.247623,-0.246938,0.649399,-0.947341,0.247623,-0.246938,0.8246996402740479,5,0.6238116696476936,0.3765309303998947,,,,,,,,,,
119,2,grader,keep_all|loose_filter|medium_filter|strict_filter|rerank_only,rerank_only,-0.07,0,generator,0.956406,-0.328716,0.032089,,0.956406,-0.328716,0.032089,0.0,,,,,,,0.9782029688358307,0.8006925985217094,0.5160444024950266,,,,,
119,3,generator,generate_answer|generate_with_strict_citations|generate_short_answer,generate_with_strict_citations,-0.07,0,verifier,1.0,0.880669,-0.418089,0.027404,1.0,0.880669,-0.418089,0.027404,,,,,,,,,,1.0,0.9403344690799713,204,0.5137021038681269,
119,4,verifier,verify_answer,verify_answer,-0.07,0,verifier,0.670636,,,,0.670636,0.0,0.0,0.0,,,,,,,,,,,,,,0.8353180587291718
119,5,verifier,request_regeneration|request_more_retrieval|request_rewrite,request_regeneration,-0.07,0,generator,0.903457,,,,0.903457,0.0,0.0,0.0,,,,,,,,,,,,,,0.9517285823822021
119,6,generator,generate_answer|generate_with_strict_citations|generate_short_answer|regenerate,generate_answer,-0.07,0,verifier,0.918651,0.673417,-0.899487,0.45425,0.918651,0.673417,-0.899487,0.45425,,,,,,,,,,0.9593257009983063,0.8367086946964264,171,0.7271251976490021,
119,7,verifier,verify_answer,verify_answer,-0.07,0,verifier,0.026763,,,,0.026763,0.0,0.0,0.0,,,,,,,,,,,,,,0.5133816739544272
119,8,verifier,request_regeneration|request_more_retrieval|request_rewrite,request_regeneration,-0.07,0,generator,0.91024,,,,0.91024,0.0,0.0,0.0,,,,,,,,,,,,,,0.9551200568675995
119,9,generator,generate_answer|generate_with_strict_citations|generate_short_answer|regenerate,generate_answer,-0.07,0,verifier,0.710271,0.643811,-1.0,0.709669,0.710271,0.643811,-1.0,0.709669,,,,,,,,,,0.8551356196403503,0.8219054043292999,173,0.8548342883586884,
119,10,verifier,verify_answer,verify_answer,0.4411,1,,-0.385349,,,,-0.385349,0.0,0.0,0.0,,,,,,,,,,,,,,0.30732540786266327
120,1,retriever,dense_retrieve|sparse_retrieve|hybrid_retrieve|hybrid_rerank,hybrid_retrieve,-0.02,0,grader,0.019631,-0.845565,-0.41822,-0.659223,0.019631,-0.845565,-0.41822,-0.659223,0.5098155727609992,6,0.29089024662971497,0.17038828134536743,,,,,,,,,,
120,2,grader,keep_all|loose_filter|medium_filter|strict_filter|rerank_only,rerank_only,-0.07,0,generator,0.939928,-0.521418,0.040106,,0.939928,-0.521418,0.040106,0.0,,,,,,,0.9699641764163971,0.7717873215675354,0.520053043961525,,,,,
120,3,generator,generate_answer|generate_with_strict_citations|generate_short_answer,generate_with_strict_citations,-0.07,0,verifier,0.878474,1.0,-0.885126,0.511286,0.878474,1.0,-0.885126,0.511286,,,,,,,,,,0.9392368197441101,1.0,178,0.755642831325531,
120,4,verifier,verify_answer,verify_answer,0.8371,1,,0.773684,,,,0.773684,0.0,0.0,0.0,,,,,,,,,,,,,,0.8868418037891388
121,1,retriever,dense_retrieve|sparse_retrieve|hybrid_retrieve|hybrid_rerank,dense_retrieve,-0.02,0,grader,0.363527,-1.0,-0.058564,-0.396154,0.363527,-1.0,-0.058564,-0.396154,0.6817634105682373,5,0.47071814350783825,0.3019229769706726,,,,,,,,,,
121,2,grader,keep_all|loose_filter|medium_filter|strict_filter|rerank_only,rerank_only,-0.07,0,generator,0.962306,-0.224085,-0.20958,,0.962306,-0.224085,-0.20958,0.0,,,,,,,0.9811532497406006,0.8163872808218002,0.39521022886037827,,,,,
121,3,generator,generate_answer|generate_with_strict_citations|generate_short_answer,generate_with_strict_citations,-0.07,0,verifier,1.0,0.917218,-0.205608,0.243896,1.0,0.917218,-0.205608,0.243896,,,,,,,,,,1.0,0.9586091935634613,256,0.6219479143619537,
121,4,verifier,verify_answer,verify_answer,-0.07,0,verifier,1.0,,,,1.0,0.0,0.0,0.0,,,,,,,,,,,,,,1.0
121,5,verifier,request_regeneration|request_more_retrieval|request_rewrite,request_regeneration,-0.07,0,generator,1.0,,,,1.0,0.0,0.0,0.0,,,,,,,,,,,,,,1.0
121,6,generator,generate_answer|generate_with_strict_citations|generate_short_answer|regenerate,generate_answer,-0.07,0,verifier,0.977976,0.589136,-0.80779,0.845434,0.977976,0.589136,-0.80779,0.845434,,,,,,,,,,0.9889878332614899,0.7945680320262909,216,0.9227170646190643,
121,7,verifier,verify_answer,verify_answer,-0.07,0,verifier,0.550597,,,,0.550597,0.0,0.0,0.0,,,,,,,,,,,,,,0.7752983570098877
121,8,verifier,request_regeneration|request_more_retrieval|request_rewrite,request_regeneration,-0.07,0,generator,0.887791,,,,0.887791,0.0,0.0,0.0,,,,,,,,,,,,,,0.9438955187797546
121,9,generator,generate_answer|generate_with_strict_citations|generate_short_answer|regenerate,generate_answer,-0.07,0,verifier,0.991268,0.572282,-1.0,1.0,0.991268,0.572282,-1.0,1.0,,,,,,,,,,0.9956341087818146,0.7861410081386566,192,1.0,
121,10,verifier,verify_answer,verify_answer,0.6142,1,,-0.323309,,,,-0.323309,0.0,0.0,0.0,,,,,,,,,,,,,,0.3383453041315079
122,1,retriever,dense_retrieve|sparse_retrieve|hybrid_retrieve|hybrid_rerank,hybrid_rerank,-0.02,0,grader,0.380856,-0.619558,0.056447,-0.107411,0.380856,-0.619558,0.056447,-0.107411,0.6904279291629791,7,0.5282233562320471,0.4462943449616432,,,,,,,,,,
122,2,grader,keep_all|loose_filter|medium_filter|strict_filter|rerank_only,rerank_only,-0.07,0,generator,0.995611,0.261976,-0.151177,,0.995611,0.261976,-0.151177,0.0,,,,,,,0.9978057444095612,0.8892963334918021,0.4244115352630615,,,,,
122,3,generator,generate_answer|generate_with_strict_citations|generate_short_answer,generate_with_strict_citations,-0.07,0,verifier,1.0,0.870025,-0.697369,-0.041708,1.0,0.870025,-0.697369,-0.041708,,,,,,,,,,1.0,0.9350123703479767,162,0.47914622724056244,
122,4,verifier,verify_answer,verify_answer,-0.07,0,verifier,0.985131,,,,0.985131,0.0,0.0,0.0,,,,,,,,,,,,,,0.9925653040409088
122,5,verifier,request_regeneration|request_more_retrieval|request_rewrite,request_regeneration,-0.07,0,generator,0.996301,,,,0.996301,0.0,0.0,0.0,,,,,,,,,,,,,,0.9981504678726196
122,6,generator,generate_answer|generate_with_strict_citations|generate_short_answer|regenerate,generate_with_strict_citations,-0.07,0,verifier,1.0,0.816548,-1.0,0.467672,1.0,0.816548,-1.0,0.467672,,,,,,,,,,1.0,0.9082739949226379,157,0.7338361591100693,
122,7,verifier,verify_answer,verify_answer,-0.07,0,verifier,0.529282,,,,0.529282,0.0,0.0,0.0,,,,,,,,,,,,,,0.7646411657333374
122,8,verifier,request_regeneration|request_more_retrieval|request_rewrite,request_regeneration,-0.07,0,generator,0.990262,,,,0.990262,0.0,0.0,0.0,,,,,,,,,,,,,,0.9951310455799103
122,9,generator,generate_answer|generate_with_strict_citations|generate_short_answer|regenerate,generate_with_strict_citations,-0.07,0,verifier,0.846512,0.972455,-1.0,0.835263,0.846512,0.972455,-1.0,0.835263,,,,,,,,,,0.9232562184333801,0.9862275719642639,181,0.9176316261291504,
122,10,verifier,verify_answer,verify_answer,0.643,1,,-0.591434,,,,-0.591434,0.0,0.0,0.0,,,,,,,,,,,,,,0.2042829692363739
123,1,retriever,dense_retrieve|sparse_retrieve|hybrid_retrieve|hybrid_rerank,sparse_retrieve,-0.02,0,grader,-0.40965,-0.699471,-0.078383,-0.180457,-0.40965,-0.699471,-0.078383,-0.180457,0.29517512023448944,7,0.4608083926141262,0.4097713902592659,,,,,,,,,,
123,2,grader,keep_all|loose_filter|medium_filter|strict_filter|rerank_only,rerank_only,-0.07,0,generator,0.832227,0.063061,-0.392616,,0.832227,0.063061,-0.392616,0.0,,,,,,,0.9161135256290436,0.8594591096043587,0.30369190871715546,,,,,
123,3,generator,generate_answer|generate_with_strict_citations|generate_short_answer,generate_with_strict_citations,-0.07,0,verifier,0.958808,1.0,-0.764464,0.407129,0.958808,1.0,-0.764464,0.407129,,,,,,,,,,0.9794042110443115,1.0,190,0.7035645693540573,
123,4,verifier,verify_answer,verify_answer,0.7502,1,,0.74777,,,,0.74777,0.0,0.0,0.0,,,,,,,,,,,,,,0.8738851249217987
124,1,retriever,dense_retrieve|sparse_retrieve|hybrid_retrieve|hybrid_rerank,hybrid_rerank,-0.02,0,grader,0.240928,-1.0,0.286458,-0.362147,0.240928,-1.0,0.286458,-0.362147,0.6204637736082077,5,0.6432291269302368,0.31892673671245575,,,,,,,,,,
124,2,grader,keep_all|loose_filter|medium_filter|strict_filter|rerank_only,keep_all,-0.07,0,generator,0.999197,0.64286,-0.641937,,0.999197,0.64286,-0.641937,0.0,,,,,,,0.9995986223220825,0.9464289367198944,0.1790316104888916,,,,,
124,3,generator,generate_answer|generate_with_strict_citations|generate_short_answer,generate_with_strict_citations,-0.07,0,verifier,0.936955,0.821886,-0.419361,0.136794,0.936955,0.821886,-0.419361,0.136794,,,,,,,,,,0.968477725982666,0.9109430313110352,215,0.5683969333767891,
124,4,verifier,verify_answer,verify_answer,-0.07,0,verifier,1.0,,,,1.0,0.0,0.0,0.0,,,,,,,,,,,,,,1.0
124,5,verifier,request_regeneration|request_more_retrieval|request_rewrite,request_regeneration,-0.07,0,generator,1.0,,,,1.0,0.0,0.0,0.0,,,,,,,,,,,,,,1.0
124,6,generator,generate_answer|generate_with_strict_citations|generate_short_answer|regenerate,generate_with_strict_citations,-0.07,0,verifier,1.0,0.742712,-0.812035,0.455551,1.0,0.742712,-0.812035,0.455551,,,,,,,,,,1.0,0.8713561296463013,186,0.7277756780385971,
124,7,verifier,verify_answer,verify_answer,-0.07,0,verifier,0.580831,,,,0.580831,0.0,0.0,0.0,,,,,,,,,,,,,,0.790415346622467
124,8,verifier,request_regeneration|request_more_retrieval|request_rewrite,request_regeneration,-0.07,0,generator,1.0,,,,1.0,0.0,0.0,0.0,,,,,,,,,,,,,,1.0
124,9,generator,generate_answer|generate_with_strict_citations|generate_short_answer|regenerate,generate_answer,-0.07,0,verifier,1.0,0.548168,-1.0,0.671223,1.0,0.548168,-1.0,0.671223,,,,,,,,,,1.0,0.7740841805934906,170,0.8356113135814667,
124,10,verifier,verify_answer,verify_answer,0.21,1,,-0.408394,,,,-0.408394,0.0,0.0,0.0,,,,,,,,,,,,,,0.2958032041788101
125,1,retriever,dense_retrieve|sparse_retrieve|hybrid_retrieve|hybrid_rerank,hybrid_rerank,-0.02,0,grader,0.08515,-0.77845,0.022097,-0.114689,0.08515,-0.77845,0.022097,-0.114689,0.5425751209259033,6,0.5110486745834351,0.44265562295913696,,,,,,,,,,
125,2,grader,keep_all|loose_filter|medium_filter|strict_filter|rerank_only,keep_all,-0.07,0,generator,0.848231,0.731795,-0.627774,,0.848231,0.731795,-0.627774,0.0,,,,,,,0.9241156876087189,0.9597692161798477,0.18611302971839905,,,,,
125,3,generator,generate_answer|generate_with_strict_citations|generate_short_answer,generate_with_strict_citations,-0.07,0,verifier,0.98184,0.944586,-0.831096,0.318322,0.98184,0.944586,-0.831096,0.318322,,,,,,,,,,0.9909200966358185,0.9722927808761597,172,0.659160777926445,
125,4,verifier,verify_answer,verify_answer,0.6913,1,,1.0,,,,1.0,0.0,0.0,0.0,,,,,,,,,,,,,,1.0
126,1,retriever,dense_retrieve|sparse_retrieve|hybrid_retrieve|hybrid_rerank,hybrid_rerank,-0.02,0,grader,-0.233092,-1.0,0.310762,-0.282032,-0.233092,-1.0,0.310762,-0.282032,0.38345423340797424,5,0.6553807705640793,0.3589840233325958,,,,,,,,,,
126,2,grader,keep_all|loose_filter|medium_filter|strict_filter|rerank_only,keep_all,-0.07,0,generator,0.983905,0.588932,-0.510804,,0.983905,0.588932,-0.510804,0.0,,,,,,,0.9919527471065521,0.9383397787809371,0.2445981800556183,,,,,
126,3,generator,generate_answer|generate_with_strict_citations|generate_short_answer,generate_with_strict_citations,-0.07,0,verifier,1.0,0.753476,-0.521137,0.268161,1.0,0.753476,-0.521137,0.268161,,,,,,,,,,1.0,0.8767381608486176,214,0.6340803802013397,
126,4,verifier,verify_answer,verify_answer,0.8223,1,,0.774738,,,,0.774738,0.0,0.0,0.0,,,,,,,,,,,,,,0.8873689472675323
127,1,retriever,dense_retrieve|sparse_retrieve|hybrid_retrieve|hybrid_rerank,hybrid_rerank,-0.02,0,grader,0.441467,-0.49966,0.233789,-0.068652,0.441467,-0.49966,0.233789,-0.068652,0.7207333743572235,8,0.616894505918026,0.4656740315258503,,,,,,,,,,
127,2,grader,keep_all|loose_filter|medium_filter|strict_filter|rerank_only,keep_all,-0.07,0,generator,0.501468,0.65547,-0.608769,,0.501468,0.65547,-0.608769,0.0,,,,,,,0.7507341802120209,0.9483204752206802,0.1956155002117157,,,,,
127,3,generator,generate_answer|generate_with_strict_citations|generate_short_answer,generate_with_strict_citations,-0.07,0,verifier,0.90508,0.924527,-0.885805,0.154455,0.90508,0.924527,-0.885805,0.154455,,,,,,,,,,0.9525398313999176,0.9622636139392853,152,0.5772272646427155,
127,4,verifier,verify_answer,verify_answer,0.7577,1,,1.0,,,,1.0,0.0,0.0,0.0,,,,,,,,,,,,,,1.0
128,1,retriever,dense_retrieve|sparse_retrieve|hybrid_retrieve|hybrid_rerank,hybrid_rerank,-0.02,0,grader,-0.364271,-0.906717,0.571919,-0.406116,-0.364271,-0.906717,0.571919,-0.406116,0.3178643137216568,5,0.7859595119953156,0.2969420552253723,,,,,,,,,,
128,2,grader,keep_all|loose_filter|medium_filter|strict_filter|rerank_only,keep_all,-0.07,0,generator,0.40576,0.559397,-0.311954,,0.40576,0.559397,-0.311954,0.0,,,,,,,0.7028798162937164,0.9339095830917358,0.3440232425928116,,,,,
128,3,generator,generate_answer|generate_with_strict_citations|generate_short_answer,generate_with_strict_citations,-0.07,0,verifier,1.0,0.766951,-0.719614,0.521692,1.0,0.766951,-0.719614,0.521692,,,,,,,,,,1.0,0.8834756016731262,205,0.7608460485935211,
128,4,verifier,verify_answer,verify_answer,0.7094,1,,0.730003,,,,0.730003,0.0,0.0,0.0,,,,,,,,,,,,,,0.8650015890598297
129,1,retriever,dense_retrieve|sparse_retrieve|hybrid_retrieve|hybrid_rerank,hybrid_rerank,-0.02,0,grader,0.576586,-1.0,0.262519,-0.112587,0.576586,-1.0,0.262519,-0.112587,0.788293182849884,5,0.63125941157341,0.44370662048459053,,,,,,,,,,
129,2,grader,keep_all|loose_filter|medium_filter|strict_filter|rerank_only,keep_all,-0.07,0,generator,0.901898,0.663117,-0.487568,,0.901898,0.663117,-0.487568,0.0,,,,,,,0.9509487748146057,0.9494675844907761,0.25621600449085236,,,,,
129,3,generator,generate_answer|generate_with_strict_citations|generate_short_answer,generate_with_strict_citations,-0.07,0,verifier,0.939685,0.994898,-0.846659,0.483303,0.939685,0.994898,-0.846659,0.483303,,,,,,,,,,0.9698424637317657,0.9974488914012909,182,0.7416514307260513,
129,4,verifier,verify_answer,verify_answer,-0.07,0,verifier,0.608341,,,,0.608341,0.0,0.0,0.0,,,,,,,,,,,,,,0.8041704595088959
129,5,verifier,request_regeneration|request_more_retrieval|request_rewrite,request_regeneration,-0.07,0,generator,0.872992,,,,0.872992,0.0,0.0,0.0,,,,,,,,,,,,,,0.9364960491657257
129,6,generator,generate_answer|generate_with_strict_citations|generate_short_answer|regenerate,generate_with_strict_citations,-0.07,0,verifier,0.943389,1.0,-0.958123,0.613605,0.943389,1.0,-0.958123,0.613605,,,,,,,,,,0.971694678068161,1.0,173,0.8068025410175323,
129,7,verifier,verify_answer,verify_answer,0.7425,1,,-0.664864,,,,-0.664864,0.0,0.0,0.0,,,,,,,,,,,,,,0.1675681471824646
130,1,retriever,dense_retrieve|sparse_retrieve|hybrid_retrieve|hybrid_rerank,hybrid_rerank,-0.02,0,grader,-0.17414,-1.0,0.2378,-0.065549,-0.17414,-1.0,0.2378,-0.065549,0.412929967045784,5,0.6189001426100731,0.4672255739569664,,,,,,,,,,
130,2,grader,keep_all|loose_filter|medium_filter|strict_filter|rerank_only,keep_all,-0.07,0,generator,0.472247,0.938071,-0.266891,,0.472247,0.938071,-0.266891,0.0,,,,,,,0.736123651266098,0.990710625052452,0.3665546625852585,,,,,
130,3,generator,generate_answer|generate_with_strict_citations|generate_short_answer,generate_with_strict_citations,-0.07,0,verifier,1.0,0.977198,-0.522859,0.558103,1.0,0.977198,-0.522859,0.558103,,,,,,,,,,1.0,0.9885988235473633,241,0.7790516912937164,
130,4,verifier,verify_answer,verify_answer,0.7182,1,,0.533375,,,,0.533375,0.0,0.0,0.0,,,,,,,,,,,,,,0.766687661409378
131,1,retriever,dense_retrieve|sparse_retrieve|hybrid_retrieve|hybrid_rerank,hybrid_rerank,-0.02,0,grader,0.058762,-0.897124,0.331723,-0.319628,0.058762,-0.897124,0.331723,-0.319628,0.5293809063732624,5,0.665861502289772,0.3401861637830734,,,,,,,,,,
131,2,grader,keep_all|loose_filter|medium_filter|strict_filter|rerank_only,keep_all,-0.07,0,generator,0.769054,0.455511,-0.348943,,0.769054,0.455511,-0.348943,0.0,,,,,,,0.8845270574092865,0.9183265969157218,0.325528547167778,,,,,
131,3,generator,generate_answer|generate_with_strict_citations|generate_short_answer,generate_with_strict_citations,-0.07,0,verifier,0.557287,1.0,-0.797404,0.526178,0.557287,1.0,-0.797404,0.526178,,,,,,,,,,0.7786435782909393,1.0,193,0.7630889117717743,
131,4,verifier,verify_answer,verify_answer,0.6183,1,,-0.01946,,,,-0.01946,0.0,0.0,0.0,,,,,,,,,,,,,,0.49027010425925255
132,1,retriever,dense_retrieve|sparse_retrieve|hybrid_retrieve|hybrid_rerank,hybrid_rerank,-0.02,0,grader,0.171654,-0.76615,0.259619,-0.2537,0.171654,-0.76615,0.259619,-0.2537,0.5858268067240715,6,0.629809707403183,0.3731500208377838,,,,,,,,,,
132,2,grader,keep_all|loose_filter|medium_filter|strict_filter|rerank_only,rerank_only,-0.07,0,generator,0.665914,0.038163,-0.483198,,0.665914,0.038163,-0.483198,0.0,,,,,,,0.832956850528717,0.8557244772091508,0.2584007680416107,,,,,
132,3,generator,generate_answer|generate_with_strict_citations|generate_short_answer,generate_with_strict_citations,-0.07,0,verifier,1.0,1.0,-0.780368,0.692595,1.0,1.0,-0.780368,0.692595,,,,,,,,,,1.0,1.0,210,0.8462972640991211,
132,4,verifier,verify_answer,verify_answer,0.7626,1,,0.192657,,,,0.192657,0.0,0.0,0.0,,,,,,,,,,,,,,0.596328429877758
133,1,retriever,dense_retrieve|sparse_retrieve|hybrid_retrieve|hybrid_rerank,hybrid_rerank,-0.02,0,grader,-0.216956,-0.875283,0.559409,-0.257012,-0.216956,-0.875283,0.559409,-0.257012,0.39152180403470993,5,0.7797045707702637,0.371493935585022,,,,,,,,,,
133,2,grader,keep_all|loose_filter|medium_filter|strict_filter|rerank_only,rerank_only,-0.07,0,generator,0.999782,0.076194,-0.298254,,0.999782,0.076194,-0.298254,0.0,,,,,,,0.9998910129070282,0.8614290356636047,0.35087287425994873,,,,,
133,3,generator,generate_answer|generate_with_strict_citations|generate_short_answer,generate_with_strict_citations,-0.07,0,verifier,1.0,0.979566,-0.770117,0.523781,1.0,0.979566,-0.770117,0.523781,,,,,,,,,,1.0,0.9897831678390503,198,0.7618904113769531,
133,4,verifier,verify_answer,verify_answer,0.7994,1,,-0.521062,,,,-0.521062,0.0,0.0,0.0,,,,,,,,,,,,,,0.23946920037269592
134,1,retriever,dense_retrieve|sparse_retrieve|hybrid_retrieve|hybrid_rerank,hybrid_rerank,-0.02,0,grader,0.24779,-0.811556,0.13817,-0.261394,0.24779,-0.811556,0.13817,-0.261394,0.6238950416445732,6,0.5690848082304001,0.36930321156978607,,,,,,,,,,
134,2,grader,keep_all|loose_filter|medium_filter|strict_filter|rerank_only,rerank_only,-0.07,0,generator,0.512532,-0.009257,-0.363893,,0.512532,-0.009257,-0.363893,0.0,,,,,,,0.7562660276889801,0.848611469566822,0.31805337965488434,,,,,
134,3,generator,generate_answer|generate_with_strict_citations|generate_short_answer,generate_with_strict_citations,-0.07,0,verifier,0.875849,1.0,-0.737517,0.195265,0.875849,1.0,-0.737517,0.195265,,,,,,,,,,0.9379246830940247,1.0,176,0.5976324304938316,
134,4,verifier,verify_answer,verify_answer,0.7206,1,,-0.478084,,,,-0.478084,0.0,0.0,0.0,,,,,,,,,,,,,,0.26095788180828094
135,1,retriever,dense_retrieve|sparse_retrieve|hybrid_retrieve|hybrid_rerank,hybrid_rerank,-0.02,0,grader,-0.138093,-1.0,0.527619,-0.39916,-0.138093,-1.0,0.527619,-0.39916,0.4309532716870308,5,0.7638097405433655,0.3004201650619507,,,,,,,,,,
135,2,grader,keep_all|loose_filter|medium_filter|strict_filter|rerank_only,rerank_only,-0.07,0,generator,0.779831,-0.574178,-0.177233,,0.779831,-0.574178,-0.177233,0.0,,,,,,,0.8899153769016266,0.763873267173767,0.41138362139463425,,,,,
135,3,generator,generate_answer|generate_with_strict_citations|generate_short_answer,generate_with_strict_citations,-0.07,0,verifier,0.812617,0.979969,-0.71416,0.754058,0.812617,0.979969,-0.71416,0.754058,,,,,,,,,,0.9063085913658142,0.989984542131424,225,0.8770290017127991,
135,4,verifier,verify_answer,verify_answer,0.7214,1,,-0.875579,,,,-0.875579,0.0,0.0,0.0,,,,,,,,,,,,,,0.06221038103103638
136,1,retriever,dense_retrieve|sparse_retrieve|hybrid_retrieve|hybrid_rerank,hybrid_rerank,-0.02,0,grader,-0.894011,-0.937605,0.751947,-0.300161,-0.894011,-0.937605,0.751947,-0.300161,0.05299457907676697,5,0.8759737312793732,0.3499196469783783,,,,,,,,,,
136,2,grader,keep_all|loose_filter|medium_filter|strict_filter|rerank_only,rerank_only,-0.07,0,generator,0.872937,-0.676106,-0.13641,,0.872937,-0.676106,-0.13641,0.0,,,,,,,0.9364685416221619,0.7485841661691666,0.4317951500415802,,,,,
136,3,generator,generate_answer|generate_with_strict_citations|generate_short_answer,generate_with_strict_citations,-0.07,0,verifier,0.852022,0.956729,-0.851765,0.897784,0.852022,0.956729,-0.851765,0.897784,,,,,,,,,,0.9260112345218658,0.978364497423172,211,0.9488918781280518,
136,4,verifier,verify_answer,verify_answer,0.777,1,,-0.457837,,,,-0.457837,0.0,0.0,0.0,,,,,,,,,,,,,,0.2710815966129303
137,1,retriever,dense_retrieve|sparse_retrieve|hybrid_retrieve|hybrid_rerank,hybrid_rerank,-0.02,0,grader,0.307959,-0.965386,0.250844,-0.550014,0.307959,-0.965386,0.250844,-0.550014,0.6539797484874725,5,0.6254218816757202,0.22499319911003113,,,,,,,,,,
137,2,grader,keep_all|loose_filter|medium_filter|strict_filter|rerank_only,rerank_only,-0.07,0,generator,0.716274,-0.530095,-0.249286,,0.716274,-0.530095,-0.249286,0.0,,,,,,,0.8581369519233704,0.7704857528209685,0.37535686045885086,,,,,
137,3,generator,generate_answer|generate_with_strict_citations|generate_short_answer,generate_with_strict_citations,-0.07,0,verifier,1.0,0.841458,-0.623797,0.43957,1.0,0.841458,-0.623797,0.43957,,,,,,,,,,1.0,0.9207288324832916,214,0.7197851538658142,
137,4,verifier,verify_answer,verify_answer,0.7037,1,,-0.781245,,,,-0.781245,0.0,0.0,0.0,,,,,,,,,,,,,,0.10937747359275818
138,1,retriever,dense_retrieve|sparse_retrieve|hybrid_retrieve|hybrid_rerank,hybrid_rerank,-0.02,0,grader,-0.11474,-0.934653,0.520456,-0.513055,-0.11474,-0.934653,0.520456,-0.513055,0.4426298476755619,5,0.7602281868457794,0.24347227811813354,,,,,,,,,,
138,2,grader,keep_all|loose_filter|medium_filter|strict_filter|rerank_only,rerank_only,-0.07,0,generator,0.758745,-0.77376,-0.270833,,0.758745,-0.77376,-0.270833,0.0,,,,,,,0.879372626543045,0.733935996890068,0.36458373069763184,,,,,
138,3,generator,generate_answer|generate_with_strict_citations|generate_short_answer,generate_with_strict_citations,-0.07,0,verifier,0.875712,0.894328,-0.629613,0.573715,0.875712,0.894328,-0.629613,0.573715,,,,,,,,,,0.9378559291362762,0.9471639096736908,225,0.7868574559688568,
138,4,verifier,verify_answer,verify_answer,0.7145,1,,-0.899078,,,,-0.899078,0.0,0.0,0.0,,,,,,,,,,,,,,0.0504610538482666
139,1,retriever,dense_retrieve|sparse_retrieve|hybrid_retrieve|hybrid_rerank,hybrid_rerank,-0.02,0,grader,0.69752,-0.745735,0.186873,-0.104919,0.69752,-0.745735,0.186873,-0.104919,0.8487599194049835,6,0.593436636030674,0.44754061847925186,,,,,,,,,,
139,2,grader,keep_all|loose_filter|medium_filter|strict_filter|rerank_only,rerank_only,-0.07,0,generator,0.80326,-0.624009,-0.482635,,0.80326,-0.624009,-0.482635,0.0,,,,,,,0.9016299843788147,0.756398719549179,0.25868238508701324,,,,,
139,3,generator,generate_answer|generate_with_strict_citations|generate_short_answer,generate_with_strict_citations,-0.07,0,verifier,0.978327,1.0,-0.682506,0.386122,0.978327,1.0,-0.682506,0.386122,,,,,,,,,,0.9891633689403534,1.0,200,0.6930610984563828,
139,4,verifier,verify_answer,verify_answer,0.8133,1,,-0.604544,,,,-0.604544,0.0,0.0,0.0,,,,,,,,,,,,,,0.19772788882255554
140,1,retriever,dense_retrieve|sparse_retrieve|hybrid_retrieve|hybrid_rerank,hybrid_rerank,-0.02,0,grader,-0.313004,-0.932354,0.352002,-0.437458,-0.313004,-0.932354,0.352002,-0.437458,0.34349803626537323,5,0.6760007590055466,0.2812710404396057,,,,,,,,,,
140,2,grader,keep_all|loose_filter|medium_filter|strict_filter|rerank_only,rerank_only,-0.07,0,generator,0.905458,-0.623429,-0.116114,,0.905458,-0.623429,-0.116114,0.0,,,,,,,0.9527289569377899,0.7564857214689255,0.4419427663087845,,,,,
140,3,generator,generate_answer|generate_with_strict_citations|generate_short_answer,generate_with_strict_citations,-0.07,0,verifier,0.93091,0.958619,-0.748495,0.32801,0.93091,0.958619,-0.748495,0.32801,,,,,,,,,,0.9654549956321716,0.9793095290660858,186,0.6640049070119858,
140,4,verifier,verify_answer,verify_answer,0.8029,1,,-1.0,,,,-1.0,0.0,0.0,0.0,,,,,,,,,,,,,,0.0
141,1,retriever,dense_retrieve|sparse_retrieve|hybrid_retrieve|hybrid_rerank,hybrid_rerank,-0.02,0,grader,0.198408,-1.0,0.283675,-0.21056,0.198408,-1.0,0.283675,-0.21056,0.5992040708661079,5,0.6418376564979553,0.3947201073169708,,,,,,,,,,
141,2,grader,keep_all|loose_filter|medium_filter|strict_filter|rerank_only,rerank_only,-0.07,0,generator,0.736076,-0.560604,0.042441,,0.736076,-0.560604,0.042441,0.0,,,,,,,0.8680379092693329,0.7659093677997588,0.5212205704301596,,,,,
141,3,generator,generate_answer|generate_with_strict_citations|generate_short_answer,generate_with_strict_citations,-0.07,0,verifier,1.0,0.970669,-1.0,0.51071,1.0,0.970669,-1.0,0.51071,,,,,,,,,,1.0,0.9853346943855286,160,0.7553549408912659,
141,4,verifier,verify_answer,verify_answer,0.6379,1,,-0.944593,,,,-0.944593,0.0,0.0,0.0,,,,,,,,,,,,,,0.027703702449798584
142,1,retriever,dense_retrieve|sparse_retrieve|hybrid_retrieve|hybrid_rerank,hybrid_rerank,-0.02,0,grader,0.578878,-1.0,0.064495,0.056382,0.578878,-1.0,0.064495,0.056382,0.7894389629364014,5,0.532247319817543,0.5281909946352243,,,,,,,,,,
142,2,grader,keep_all|loose_filter|medium_filter|strict_filter|rerank_only,rerank_only,-0.07,0,generator,0.820838,-0.889284,-0.127376,,0.820838,-0.889284,-0.127376,0.0,,,,,,,0.9104189276695251,0.7166073262691497,0.43631207942962646,,,,,
142,3,generator,generate_answer|generate_with_strict_citations|generate_short_answer,generate_with_strict_citations,-0.07,0,verifier,1.0,0.776382,-0.541969,-0.009138,1.0,0.776382,-0.541969,-0.009138,,,,,,,,,,1.0,0.8881911039352417,185,0.4954309524036944,
142,4,verifier,verify_answer,verify_answer,0.5436,1,,-0.801854,,,,-0.801854,0.0,0.0,0.0,,,,,,,,,,,,,,0.09907308220863342
143,1,retriever,dense_retrieve|sparse_retrieve|hybrid_retrieve|hybrid_rerank,hybrid_rerank,-0.02,0,grader,0.086949,-0.853153,0.377123,-0.211721,0.086949,-0.853153,0.377123,-0.211721,0.543474592268467,6,0.6885613352060318,0.39413951337337494,,,,,,,,,,
143,2,grader,keep_all|loose_filter|medium_filter|strict_filter|rerank_only,rerank_only,-0.07,0,generator,0.808465,-0.986132,0.194463,,0.808465,-0.986132,0.194463,0.0,,,,,,,0.9042327105998993,0.7020802408456802,0.59723149985075,,,,,
143,3,generator,generate_answer|generate_with_strict_citations|generate_short_answer,generate_with_strict_citations,-0.07,0,verifier,0.921448,0.937608,-0.834286,-0.115371,0.921448,0.937608,-0.834286,-0.115371,,,,,,,,,,0.9607241153717041,0.9688042104244232,140,0.4423143044114113,
143,4,verifier,verify_answer,verify_answer,0.7335,1,,-0.964375,,,,-0.964375,0.0,0.0,0.0,,,,,,,,,,,,,,0.017812520265579224
144,1,retriever,dense_retrieve|sparse_retrieve|hybrid_retrieve|hybrid_rerank,hybrid_rerank,-0.02,0,grader,0.501104,-0.818967,0.452735,-0.200655,0.501104,-0.818967,0.452735,-0.200655,0.7505520582199097,6,0.7263675332069397,0.39967241138219833,,,,,,,,,,
144,2,grader,keep_all|loose_filter|medium_filter|strict_filter|rerank_only,rerank_only,-0.07,0,generator,0.77251,-0.763874,-0.103474,,0.77251,-0.763874,-0.103474,0.0,,,,,,,0.8862548768520355,0.7354188740253448,0.4482628330588341,,,,,
144,3,generator,generate_answer|generate_with_strict_citations|generate_short_answer,generate_with_strict_citations,-0.07,0,verifier,1.0,1.0,-0.559375,0.251175,1.0,1.0,-0.559375,0.251175,,,,,,,,,,1.0,1.0,207,0.6255872696638107,
144,4,verifier,verify_answer,verify_answer,0.7603,1,,-0.929477,,,,-0.929477,0.0,0.0,0.0,,,,,,,,,,,,,,0.035261332988739014
145,1,retriever,dense_retrieve|sparse_retrieve|hybrid_retrieve|hybrid_rerank,hybrid_rerank,-0.02,0,grader,0.765875,-0.43654,0.163104,0.058177,0.765875,-0.43654,0.163104,0.058177,0.882937490940094,9,0.5815521702170372,0.5290882997214794,,,,,,,,,,
145,2,grader,keep_all|loose_filter|medium_filter|strict_filter|rerank_only,rerank_only,-0.07,0,generator,0.63549,-0.463959,-0.162587,,0.63549,-0.463959,-0.162587,0.0,,,,,,,0.8177452385425568,0.7804060906171798,0.4187065213918686,,,,,
145,3,generator,generate_answer|generate_with_strict_citations|generate_short_answer,generate_with_strict_citations,-0.07,0,verifier,0.777849,0.894073,-0.89292,-0.056144,0.777849,0.894073,-0.89292,-0.056144,,,,,,,,,,0.8889247477054596,0.9470364451408386,137,0.47192790545523167,
145,4,verifier,verify_answer,verify_answer,0.7314,1,,-0.50002,,,,-0.50002,0.0,0.0,0.0,,,,,,,,,,,,,,0.2499900758266449
146,1,retriever,dense_retrieve|sparse_retrieve|hybrid_retrieve|hybrid_rerank,hybrid_rerank,-0.02,0,grader,0.442916,-0.513447,0.052418,-0.083665,0.442916,-0.513447,0.052418,-0.083665,0.7214578241109848,8,0.5262091383337975,0.4581674747169018,,,,,,,,,,
146,2,grader,keep_all|loose_filter|medium_filter|strict_filter|rerank_only,rerank_only,-0.07,0,generator,0.629833,-1.0,-0.046865,,0.629833,-1.0,-0.046865,0.0,,,,,,,0.8149166405200958,0.7,0.4765673764050007,,,,,
146,3,generator,generate_answer|generate_with_strict_citations|generate_short_answer,generate_with_strict_citations,-0.07,0,verifier,1.0,0.972831,-0.668473,-0.291921,1.0,0.972831,-0.668473,-0.291921,,,,,,,,,,1.0,0.9864153265953064,145,0.3540392518043518,
146,4,verifier,verify_answer,verify_answer,0.7023,1,,-0.928389,,,,-0.928389,0.0,0.0,0.0,,,,,,,,,,,,,,0.035805732011795044
147,1,retriever,dense_retrieve|sparse_retrieve|hybrid_retrieve|hybrid_rerank,hybrid_rerank,-0.02,0,grader,0.230023,-0.861433,0.522521,0.063507,0.230023,-0.861433,0.522521,0.063507,0.6150114089250565,6,0.7612603902816772,0.5317535810172558,,,,,,,,,,
147,2,grader,keep_all|loose_filter|medium_filter|strict_filter|rerank_only,rerank_only,-0.07,0,generator,0.359577,-0.784283,0.028542,,0.359577,-0.784283,0.028542,0.0,,,,,,,0.6797884553670883,0.7323576152324676,0.5142711149528623,,,,,
147,3,generator,generate_answer|generate_with_strict_citations|generate_short_answer,generate_with_strict_citations,-0.07,0,verifier,1.0,1.0,-0.99152,-0.154381,1.0,1.0,-0.99152,-0.154381,,,,,,,,,,1.0,1.0,128,0.4228096455335617,
147,4,verifier,verify_answer,verify_answer,0.7805,1,,-1.0,,,,-1.0,0.0,0.0,0.0,,,,,,,,,,,,,,0.0
148,1,retriever,dense_retrieve|sparse_retrieve|hybrid_retrieve|hybrid_rerank,hybrid_rerank,-0.02,0,grader,0.20798,-0.707438,0.443277,-0.024479,0.20798,-0.707438,0.443277,-0.024479,0.6039900332689285,7,0.7216383665800095,0.48776031751185656,,,,,,,,,,
148,2,grader,keep_all|loose_filter|medium_filter|strict_filter|rerank_only,rerank_only,-0.07,0,generator,0.431449,-0.800276,-0.209551,,0.431449,-0.800276,-0.209551,0.0,,,,,,,0.7157246321439743,0.7299586027860641,0.3952242583036423,,,,,
148,3,generator,generate_answer|generate_with_strict_citations|generate_short_answer,generate_short_answer,-0.07,0,verifier,1.0,0.654904,-0.80167,0.24978,1.0,0.654904,-0.80167,0.24978,,,,,,,,,,1.0,0.8274519443511963,172,0.6248900219798088,
148,4,verifier,verify_answer,verify_answer,0.7191,1,,-0.845782,,,,-0.845782,0.0,0.0,0.0,,,,,,,,,,,,,,0.07710891962051392
149,1,retriever,dense_retrieve|sparse_retrieve|hybrid_retrieve|hybrid_rerank,hybrid_rerank,-0.02,0,grader,0.540526,-0.232375,0.09296,0.394429,0.540526,-0.232375,0.09296,0.394429,0.7702630460262299,10,0.5464799739420414,0.6972144395112991,,,,,,,,,,
149,2,grader,keep_all|loose_filter|medium_filter|strict_filter|rerank_only,rerank_only,-0.07,0,generator,-0.040628,-0.48229,-0.35805,,-0.040628,-0.48229,-0.35805,0.0,,,,,,,0.47968583554029465,0.7776565626263618,0.3209748715162277,,,,,
149,3,generator,generate_answer|generate_with_strict_citations|generate_short_answer,generate_with_strict_citations,-0.07,0,verifier,0.957832,0.820737,-0.780226,-0.484453,0.957832,0.820737,-0.780226,-0.484453,,,,,,,,,,0.9789161384105682,0.9103686809539795,128,0.2577732503414154,
149,4,verifier,verify_answer,verify_answer,0.575,1,,-0.473278,,,,-0.473278,0.0,0.0,0.0,,,,,,,,,,,,,,0.26336120069026947
150,1,retriever,dense_retrieve|sparse_retrieve|hybrid_retrieve|hybrid_rerank,hybrid_rerank,-0.02,0,grader,0.453622,-0.887014,0.24993,-0.115935,0.453622,-0.887014,0.24993,-0.115935,0.7268107682466507,5,0.6249649450182915,0.4420323483645916,,,,,,,,,,
150,2,grader,keep_all|loose_filter|medium_filter|strict_filter|rerank_only,rerank_only,-0.07,0,generator,0.244862,-0.831293,-0.286868,,0.244862,-0.831293,-0.286868,0.0,,,,,,,0.6224309429526329,0.7253060609102249,0.3565658777952194,,,,,
150,3,generator,generate_answer|generate_with_strict_citations|generate_short_answer,generate_with_strict_citations,-0.07,0,verifier,1.0,1.0,-0.810919,-0.00151,1.0,1.0,-0.810919,-0.00151,,,,,,,,,,1.0,1.0,151,0.49924514576559886,
150,4,verifier,verify_answer,verify_answer,0.5981,1,,-1.0,,,,-1.0,0.0,0.0,0.0,,,,,,,,,,,,,,0.0
151,1,retriever,dense_retrieve|sparse_retrieve|hybrid_retrieve|hybrid_rerank,sparse_retrieve,-0.02,0,grader,-0.478301,-0.3119,-0.033585,-0.332441,-0.478301,-0.3119,-0.033585,-0.332441,0.260849729180336,10,0.4832073077559471,0.33377961814403534,,,,,,,,,,
151,2,grader,keep_all|loose_filter|medium_filter|strict_filter|rerank_only,rerank_only,-0.07,0,generator,-0.547298,-0.858803,-0.556265,,-0.547298,-0.858803,-0.556265,0.0,,,,,,,0.22635093331336975,0.7211795449256897,0.22186774015426636,,,,,
151,3,generator,generate_answer|generate_with_strict_citations|generate_short_answer,generate_with_strict_citations,-0.07,0,verifier,1.0,1.0,-0.904533,0.153302,1.0,1.0,-0.904533,0.153302,,,,,,,,,,1.0,1.0,150,0.5766511261463165,
151,4,verifier,verify_answer,verify_answer,0.8338,1,,-0.736194,,,,-0.736194,0.0,0.0,0.0,,,,,,,,,,,,,,0.13190308213233948
152,1,retriever,dense_retrieve|sparse_retrieve|hybrid_retrieve|hybrid_rerank,hybrid_rerank,-0.02,0,grader,0.384588,0.072557,0.408239,0.110539,0.384588,0.072557,0.408239,0.110539,0.6922938972711563,13,0.7041195780038834,0.5552694126963615,,,,,,,,,,
152,2,grader,keep_all|loose_filter|medium_filter|strict_filter|rerank_only,rerank_only,-0.07,0,generator,0.131947,-0.839846,-0.161668,,0.131947,-0.839846,-0.161668,0.0,,,,,,,0.5659733563661575,0.7240230441093445,0.4191661924123764,,,,,
152,3,generator,generate_answer|generate_with_strict_citations|generate_short_answer,generate_with_strict_citations,-0.07,0,verifier,0.970606,0.82287,-0.608133,-0.102287,0.970606,0.82287,-0.608133,-0.102287,,,,,,,,,,0.9853029847145081,0.9114350974559784,168,0.44885648414492607,
152,4,verifier,verify_answer,verify_answer,0.622,1,,-0.958777,,,,-0.958777,0.0,0.0,0.0,,,,,,,,,,,,,,0.020611345767974854
153,1,retriever,dense_retrieve|sparse_retrieve|hybrid_retrieve|hybrid_rerank,hybrid_rerank,-0.02,0,grader,-0.27966,-0.383898,0.115756,0.016381,-0.27966,-0.383898,0.115756,0.016381,0.3601701855659485,9,0.5578777976334095,0.5081904781982303,,,,,,,,,,
153,2,grader,keep_all|loose_filter|medium_filter|strict_filter|rerank_only,rerank_only,-0.07,0,generator,0.100172,-0.673387,-0.367459,,0.100172,-0.673387,-0.367459,0.0,,,,,,,0.5500861667096615,0.7489919066429138,0.316270649433136,,,,,
153,3,generator,generate_answer|generate_with_strict_citations|generate_short_answer,generate_with_strict_citations,-0.07,0,verifier,1.0,0.928818,-0.892658,-0.16692,1.0,0.928818,-0.892658,-0.16692,,,,,,,,,,1.0,0.9644089639186859,129,0.41653983294963837,
153,4,verifier,verify_answer,verify_answer,0.6415,1,,-0.806928,,,,-0.806928,0.0,0.0,0.0,,,,,,,,,,,,,,0.09653577208518982
154,1,retriever,dense_retrieve|sparse_retrieve|hybrid_retrieve|hybrid_rerank,hybrid_rerank,-0.02,0,grader,-0.018607,-0.412813,0.551966,-0.385103,-0.018607,-0.412813,0.551966,-0.385103,0.49069659039378166,9,0.7759832441806793,0.3074486404657364,,,,,,,,,,
154,2,grader,keep_all|loose_filter|medium_filter|strict_filter|rerank_only,rerank_only,-0.07,0,generator,0.696611,-0.770371,-0.310746,,0.696611,-0.770371,-0.310746,0.0,,,,,,,0.848305344581604,0.7344442844390868,0.34462685883045197,,,,,
154,3,generator,generate_answer|generate_with_strict_citations|generate_short_answer,generate_with_strict_citations,-0.07,0,verifier,0.7982,0.954535,-0.350853,-0.054038,0.7982,0.954535,-0.350853,-0.054038,,,,,,,,,,0.8991000652313232,0.9772677421569824,205,0.47298108227550983,
154,4,verifier,verify_answer,verify_answer,0.878,1,,-0.719554,,,,-0.719554,0.0,0.0,0.0,,,,,,,,,,,,,,0.14022305607795715
155,1,retriever,dense_retrieve|sparse_retrieve|hybrid_retrieve|hybrid_rerank,hybrid_rerank,-0.02,0,grader,-0.751029,-0.628742,0.054439,-0.268948,-0.751029,-0.628742,0.054439,-0.268948,0.12448558211326599,7,0.5272195544093847,0.3655258119106293,,,,,,,,,,
155,2,grader,keep_all|loose_filter|medium_filter|strict_filter|rerank_only,rerank_only,-0.07,0,generator,0.6013,-0.903186,-0.617901,,0.6013,-0.903186,-0.617901,0.0,,,,,,,0.800650030374527,0.7145221054553985,0.1910494863986969,,,,,
155,3,generator,generate_answer|generate_with_strict_citations|generate_short_answer,generate_with_strict_citations,-0.07,0,verifier,1.0,1.0,-0.563466,0.261682,1.0,1.0,-0.563466,0.261682,,,,,,,,,,1.0,1.0,206,0.6308409422636032,
155,4,verifier,verify_answer,verify_answer,0.4508,1,,-1.0,,,,-1.0,0.0,0.0,0.0,,,,,,,,,,,,,,0.0
156,1,retriever,dense_retrieve|sparse_retrieve|hybrid_retrieve|hybrid_rerank,sparse_retrieve,-0.02,0,grader,-0.808328,-0.714995,-0.004209,-0.62318,-0.808328,-0.714995,-0.004209,-0.62318,0.09583613276481628,7,0.4978957262355834,0.1884099543094635,,,,,,,,,,
156,2,grader,keep_all|loose_filter|medium_filter|strict_filter|rerank_only,rerank_only,-0.07,0,generator,-0.311685,-0.910302,-0.322868,,-0.311685,-0.910302,-0.322868,0.0,,,,,,,0.3441575914621353,0.7134547561407089,0.3385661542415619,,,,,
156,3,generator,generate_answer|generate_with_strict_citations|generate_short_answer,generate_with_strict_citations,-0.07,0,verifier,0.920308,0.84681,-0.82484,0.379483,0.920308,0.84681,-0.82484,0.379483,,,,,,,,,,0.9601539671421051,0.9234049320220947,178,0.68974170088768,
156,4,verifier,verify_answer,verify_answer,-0.07,0,verifier,-1.0,,,,-1.0,0.0,0.0,0.0,,,,,,,,,,,,,,0.0
156,5,verifier,request_regeneration|request_more_retrieval|request_rewrite,request_more_retrieval,-0.07,0,retriever,-0.931742,,,,-0.931742,0.0,0.0,0.0,,,,,,,,,,,,,,0.03412923216819763
156,6,retriever,retrieve_more,retrieve_more,-0.02,0,grader,-1.0,-0.70359,0.669425,-1.0,-1.0,-0.70359,0.669425,-1.0,0.0,7,0.8347125351428986,0.0,,,,,,,,,,
156,7,grader,keep_all|loose_filter|medium_filter|strict_filter|rerank_only,rerank_only,-0.07,0,generator,-0.274369,-0.731343,-0.430819,,-0.274369,-0.731343,-0.430819,0.0,,,,,,,0.36281564831733704,0.7402986079454421,0.2845905274152756,,,,,
156,8,generator,generate_answer|generate_with_strict_citations|generate_short_answer,generate_with_strict_citations,-0.07,0,verifier,0.862118,0.922202,-0.71896,0.452179,0.862118,0.922202,-0.71896,0.452179,,,,,,,,,,0.9310590326786041,0.9611010849475861,199,0.7260894626379013,
156,9,verifier,verify_answer,verify_answer,-0.07,0,verifier,-1.0,,,,-1.0,0.0,0.0,0.0,,,,,,,,,,,,,,0.0
156,10,verifier,request_regeneration|request_more_retrieval|request_rewrite,request_more_retrieval,-0.07,0,retriever,-0.81694,,,,-0.81694,0.0,0.0,0.0,,,,,,,,,,,,,,0.09153005480766296
156,11,retriever,retrieve_more,retrieve_more,-0.02,0,grader,-0.799549,-0.60435,0.730887,-1.0,-0.799549,-0.60435,0.730887,-1.0,0.10022565722465515,7,0.8654435276985168,0.0,,,,,,,,,,
156,12,grader,keep_all|loose_filter|medium_filter|strict_filter|rerank_only,rerank_only,-0.348,1,,-0.220065,-0.687194,-0.286665,,-0.220065,-0.687194,-0.286665,0.0,,,,,,,0.3899676352739334,0.7469208568334579,0.3566676676273346,,,,,
157,1,retriever,dense_retrieve|sparse_retrieve|hybrid_retrieve|hybrid_rerank,hybrid_rerank,-0.02,0,grader,0.471592,0.300647,0.091353,0.062377,0.471592,0.300647,0.091353,0.062377,0.7357959002256393,14,0.5456765033304691,0.5311886481940746,,,,,,,,,,
157,2,grader,keep_all|loose_filter|medium_filter|strict_filter|rerank_only,rerank_only,-0.07,0,generator,0.556522,-0.712151,-0.24296,,0.556522,-0.712151,-0.24296,0.0,,,,,,,0.778261125087738,0.7431773960590362,0.3785199820995331,,,,,
157,3,generator,generate_answer|generate_with_strict_citations|generate_short_answer,generate_with_strict_citations,-0.07,0,verifier,1.0,1.0,-0.771807,-0.085974,1.0,1.0,-0.771807,-0.085974,,,,,,,,,,1.0,1.0,150,0.4570128060877323,
157,4,verifier,verify_answer,verify_answer,0.412,1,,-0.771681,,,,-0.771681,0.0,0.0,0.0,,,,,,,,,,,,,,0.11415934562683105
158,1,retriever,dense_retrieve|sparse_retrieve|hybrid_retrieve|hybrid_rerank,hybrid_rerank,-0.02,0,grader,0.395776,0.145872,0.597711,-0.074446,0.395776,0.145872,0.597711,-0.074446,0.6978878378868103,13,0.7988552749156952,0.4627770334482193,,,,,,,,,,
158,2,grader,keep_all|loose_filter|medium_filter|strict_filter|rerank_only,rerank_only,-0.07,0,generator,0.822369,-0.544723,-0.228295,,0.822369,-0.544723,-0.228295,0.0,,,,,,,0.911184549331665,0.7682914912700652,0.38585226237773895,,,,,
158,3,generator,generate_answer|generate_with_strict_citations|generate_short_answer,generate_with_strict_citations,-0.07,0,verifier,1.0,0.804709,-0.942847,-0.206628,1.0,0.804709,-0.942847,-0.206628,,,,,,,,,,1.0,0.9023545980453491,128,0.39668620377779007,
158,4,verifier,verify_answer,verify_answer,0.6906,1,,-0.786321,,,,-0.786321,0.0,0.0,0.0,,,,,,,,,,,,,,0.10683950781822205
159,1,retriever,dense_retrieve|sparse_retrieve|hybrid_retrieve|hybrid_rerank,hybrid_rerank,-0.02,0,grader,0.394971,0.251201,0.58379,-0.118236,0.394971,0.251201,0.58379,-0.118236,0.6974853724241257,14,0.7918952405452728,0.4408821538090706,,,,,,,,,,
159,2,grader,keep_all|loose_filter|medium_filter|strict_filter|rerank_only,rerank_only,-0.07,0,generator,0.884873,-0.803163,-0.35539,,0.884873,-0.803163,-0.35539,0.0,,,,,,,0.9424366056919098,0.7295255869626999,0.3223050981760025,,,,,
159,3,generator,generate_answer|generate_with_strict_citations|generate_short_answer,generate_with_strict_citations,-0.07,0,verifier,1.0,1.0,-0.585877,0.022006,1.0,1.0,-0.585877,0.022006,,,,,,,,,,1.0,1.0,182,0.5110030313953757,
159,4,verifier,verify_answer,verify_answer,0.6215,1,,-1.0,,,,-1.0,0.0,0.0,0.0,,,,,,,,,,,,,,0.0
160,1,retriever,dense_retrieve|sparse_retrieve|hybrid_retrieve|hybrid_rerank,hybrid_rerank,-0.02,0,grader,-0.767927,-0.661709,0.489463,-0.498479,-0.767927,-0.661709,0.489463,-0.498479,0.1160363256931305,7,0.744731530547142,0.25076036155223846,,,,,,,,,,
160,2,grader,keep_all|loose_filter|medium_filter|strict_filter|rerank_only,rerank_only,-0.07,0,generator,0.844179,-0.849257,-0.334634,,0.844179,-0.849257,-0.334634,0.0,,,,,,,0.9220893979072571,0.7226114690303802,0.3326830267906189,,,,,
160,3,generator,generate_answer|generate_with_strict_citations|generate_short_answer,generate_with_strict_citations,-0.07,0,verifier,1.0,1.0,-0.417403,0.299006,1.0,1.0,-0.417403,0.299006,,,,,,,,,,1.0,1.0,232,0.6495028138160706,
160,4,verifier,verify_answer,verify_answer,0.8428,1,,-1.0,,,,-1.0,0.0,0.0,0.0,,,,,,,,,,,,,,0.0
161,1,retriever,dense_retrieve|sparse_retrieve|hybrid_retrieve|hybrid_rerank,hybrid_rerank,-0.02,0,grader,0.470115,0.096958,0.199216,-0.024516,0.470115,0.096958,0.199216,-0.024516,0.7350573092699051,13,0.5996079072356224,0.4877421800047159,,,,,,,,,,
161,2,grader,keep_all|loose_filter|medium_filter|strict_filter|rerank_only,rerank_only,-0.07,0,generator,0.774704,-0.468528,-0.212866,,0.774704,-0.468528,-0.212866,0.0,,,,,,,0.887351930141449,0.7797207415103912,0.3935670033097267,,,,,
161,3,generator,generate_answer|generate_with_strict_citations|generate_short_answer,generate_short_answer,-0.07,0,verifier,1.0,0.689666,-0.653724,-0.050293,1.0,0.689666,-0.653724,-0.050293,,,,,,,,,,1.0,0.8448327779769897,167,0.47485366091132164,
161,4,verifier,verify_answer,verify_answer,0.6189,1,,-0.915896,,,,-0.915896,0.0,0.0,0.0,,,,,,,,,,,,,,0.042051851749420166
162,1,retriever,dense_retrieve|sparse_retrieve|hybrid_retrieve|hybrid_rerank,hybrid_rerank,-0.02,0,grader,-0.522576,-0.88906,0.347335,-0.674874,-0.522576,-0.88906,0.347335,-0.674874,0.2387121617794037,5,0.673667386174202,0.162562757730484,,,,,,,,,,
162,2,grader,keep_all|loose_filter|medium_filter|strict_filter|rerank_only,rerank_only,-0.07,0,generator,0.598702,-1.0,-0.193354,,0.598702,-1.0,-0.193354,0.0,,,,,,,0.7993509769439697,0.7,0.40332287549972534,,,,,
162,3,generator,generate_answer|generate_with_strict_citations|generate_short_answer,generate_with_strict_citations,-0.07,0,verifier,0.902485,1.0,-0.913422,-0.141297,0.902485,1.0,-0.913422,-0.141297,,,,,,,,,,0.951242595911026,1.0,129,0.4293512552976608,
162,4,verifier,verify_answer,verify_answer,0.7116,1,,-1.0,,,,-1.0,0.0,0.0,0.0,,,,,,,,,,,,,,0.0
163,1,retriever,dense_retrieve|sparse_retrieve|hybrid_retrieve|hybrid_rerank,hybrid_rerank,-0.02,0,grader,0.422778,-0.133978,0.302475,-0.195545,0.422778,-0.133978,0.302475,-0.195545,0.7113892138004303,11,0.6512373983860016,0.40222737193107605,,,,,,,,,,
163,2,grader,keep_all|loose_filter|medium_filter|strict_filter|rerank_only,rerank_only,-0.07,0,generator,0.978114,-0.572279,-0.020795,,0.978114,-0.572279,-0.020795,0.0,,,,,,,0.9890569150447845,0.7641581624746322,0.4896023469045758,,,,,
163,3,generator,generate_answer|generate_with_strict_citations|generate_short_answer,generate_with_strict_citations,-0.07,0,verifier,0.94326,0.787093,-0.335234,0.18118,0.94326,0.787093,-0.335234,0.18118,,,,,,,,,,0.9716301262378693,0.8935467302799225,232,0.5905900076031685,
163,4,verifier,verify_answer,verify_answer,0.6128,1,,-1.0,,,,-1.0,0.0,0.0,0.0,,,,,,,,,,,,,,0.0
164,1,retriever,dense_retrieve|sparse_retrieve|hybrid_retrieve|hybrid_rerank,hybrid_rerank,-0.02,0,grader,0.241554,0.294802,0.338777,-0.073016,0.241554,0.294802,0.338777,-0.073016,0.6207767799496651,14,0.669388622045517,0.46349188685417175,,,,,,,,,,
164,2,grader,keep_all|loose_filter|medium_filter|strict_filter|rerank_only,rerank_only,-0.07,0,generator,0.76087,-0.648597,-0.441941,,0.76087,-0.648597,-0.441941,0.0,,,,,,,0.8804349899291992,0.7527104049921035,0.27902933955192566,,,,,
164,3,generator,generate_answer|generate_with_strict_citations|generate_short_answer,generate_with_strict_citations,-0.07,0,verifier,1.0,1.0,-0.663282,-0.219733,1.0,1.0,-0.663282,-0.219733,,,,,,,,,,1.0,1.0,152,0.3901335522532463,
164,4,verifier,verify_answer,verify_answer,0.7566,1,,-1.0,,,,-1.0,0.0,0.0,0.0,,,,,,,,,,,,,,0.0
165,1,retriever,dense_retrieve|sparse_retrieve|hybrid_retrieve|hybrid_rerank,hybrid_rerank,-0.02,0,grader,0.290977,0.17121,0.160792,-0.211348,0.290977,0.17121,0.160792,-0.211348,0.6454882770776749,13,0.5803960934281349,0.39432618021965027,,,,,,,,,,
165,2,grader,keep_all|loose_filter|medium_filter|strict_filter|rerank_only,rerank_only,-0.07,0,generator,0.739878,-0.597397,-0.287799,,0.739878,-0.597397,-0.287799,0.0,,,,,,,0.8699392080307007,0.7603904008865356,0.3561004102230072,,,,,
165,3,generator,generate_answer|generate_with_strict_citations|generate_short_answer,generate_with_strict_citations,-0.07,0,verifier,0.888639,1.0,-0.39857,-0.063175,0.888639,1.0,-0.39857,-0.063175,,,,,,,,,,0.9443192780017853,1.0,197,0.4684125557541847,
165,4,verifier,verify_answer,verify_answer,0.8098,1,,-0.715544,,,,-0.715544,0.0,0.0,0.0,,,,,,,,,,,,,,0.14222821593284607
166,1,retriever,dense_retrieve|sparse_retrieve|hybrid_retrieve|hybrid_rerank,hybrid_rerank,-0.02,0,grader,-0.199936,-0.657561,0.359356,-0.290776,-0.199936,-0.657561,0.359356,-0.290776,0.4000322297215462,7,0.6796782165765762,0.3546120226383209,,,,,,,,,,
166,2,grader,keep_all|loose_filter|medium_filter|strict_filter|rerank_only,rerank_only,-0.07,0,generator,0.716719,-0.625381,-0.081338,,0.716719,-0.625381,-0.081338,0.0,,,,,,,0.858359694480896,0.7561928242444992,0.45933088287711143,,,,,
166,3,generator,generate_answer|generate_with_strict_citations|generate_short_answer,generate_with_strict_citations,-0.07,0,verifier,0.82843,0.719262,-0.691561,0.179514,0.82843,0.719262,-0.691561,0.179514,,,,,,,,,,0.9142147600650787,0.8596311807632446,181,0.5897572338581085,
166,4,verifier,verify_answer,verify_answer,0.7949,1,,-0.880402,,,,-0.880402,0.0,0.0,0.0,,,,,,,,,,,,,,0.05979883670806885
167,1,retriever,dense_retrieve|sparse_retrieve|hybrid_retrieve|hybrid_rerank,hybrid_rerank,-0.02,0,grader,0.455641,0.196882,0.196672,0.148687,0.455641,0.196882,0.196672,0.148687,0.7278205901384354,13,0.5983357727527618,0.5743432939052582,,,,,,,,,,
167,2,grader,keep_all|loose_filter|medium_filter|strict_filter|rerank_only,rerank_only,-0.07,0,generator,1.0,-0.677848,-0.294282,,1.0,-0.677848,-0.294282,0.0,,,,,,,1.0,0.748322731256485,0.35285891592502594,,,,,
167,3,generator,generate_answer|generate_with_strict_citations|generate_short_answer,generate_with_strict_citations,-0.07,0,verifier,0.767268,1.0,-0.231553,0.052761,0.767268,1.0,-0.231553,0.052761,,,,,,,,,,0.8836340010166168,1.0,231,0.5263806600123644,
167,4,verifier,verify_answer,verify_answer,0.2601,1,,-0.803525,,,,-0.803525,0.0,0.0,0.0,,,,,,,,,,,,,,0.09823766350746155
168,1,retriever,dense_retrieve|sparse_retrieve|hybrid_retrieve|hybrid_rerank,hybrid_rerank,-0.02,0,grader,-0.359458,-0.253954,0.05442,-0.276703,-0.359458,-0.253954,0.05442,-0.276703,0.3202711492776871,10,0.5272098761051893,0.36164845526218414,,,,,,,,,,
168,2,grader,keep_all|loose_filter|medium_filter|strict_filter|rerank_only,rerank_only,-0.07,0,generator,0.887435,-0.640845,-0.320582,,0.887435,-0.640845,-0.320582,0.0,,,,,,,0.943717360496521,0.7538732051849365,0.3397091329097748,,,,,
168,3,generator,generate_answer|generate_with_strict_citations|generate_short_answer,generate_with_strict_citations,-0.07,0,verifier,0.976792,0.938923,-0.955786,-0.039724,0.976792,0.938923,-0.955786,-0.039724,,,,,,,,,,0.9883959293365479,0.9694616198539734,130,0.4801381342113018,
168,4,verifier,verify_answer,verify_answer,0.6915,1,,-0.662611,,,,-0.662611,0.0,0.0,0.0,,,,,,,,,,,,,,0.16869446635246277
169,1,retriever,dense_retrieve|sparse_retrieve|hybrid_retrieve|hybrid_rerank,hybrid_rerank,-0.02,0,grader,-0.271408,-0.707135,0.352984,-0.388571,-0.271408,-0.707135,0.352984,-0.388571,0.364296093583107,7,0.6764917969703674,0.30571457743644714,,,,,,,,,,
169,2,grader,keep_all|loose_filter|medium_filter|strict_filter|rerank_only,rerank_only,-0.07,0,generator,0.927673,-0.609446,-0.369136,,0.927673,-0.609446,-0.369136,0.0,,,,,,,0.9638363122940063,0.7585831731557846,0.3154321759939194,,,,,
169,3,generator,generate_answer|generate_with_strict_citations|generate_short_answer,generate_with_strict_citations,-0.07,0,verifier,0.879176,0.881593,-0.673912,0.140686,0.879176,0.881593,-0.673912,0.140686,,,,,,,,,,0.9395880401134491,0.9407964944839478,180,0.5703428462147713,
169,4,verifier,verify_answer,verify_answer,0.8493,1,,-0.994025,,,,-0.994025,0.0,0.0,0.0,,,,,,,,,,,,,,0.002987384796142578
170,1,retriever,dense_retrieve|sparse_retrieve|hybrid_retrieve|hybrid_rerank,hybrid_rerank,-0.02,0,grader,-0.552727,-0.339563,0.470062,-0.314963,-0.552727,-0.339563,0.470062,-0.314963,0.223636656999588,9,0.7350309044122696,0.34251856803894043,,,,,,,,,,
170,2,grader,keep_all|loose_filter|medium_filter|strict_filter|rerank_only,rerank_only,-0.07,0,generator,0.949059,-0.556894,-0.17866,,0.949059,-0.556894,-0.17866,0.0,,,,,,,0.9745296239852905,0.7664658367633819,0.4106699898838997,,,,,
170,3,generator,generate_answer|generate_with_strict_citations|generate_short_answer,generate_with_strict_citations,-0.07,0,verifier,1.0,0.901301,-0.825233,0.219593,1.0,0.901301,-0.825233,0.219593,,,,,,,,,,1.0,0.9506505727767944,166,0.6097966283559799,
170,4,verifier,verify_answer,verify_answer,0.7069,1,,-0.818198,,,,-0.818198,0.0,0.0,0.0,,,,,,,,,,,,,,0.09090104699134827
171,1,retriever,dense_retrieve|sparse_retrieve|hybrid_retrieve|hybrid_rerank,hybrid_rerank,-0.02,0,grader,0.561439,0.036173,0.451923,0.322155,0.561439,0.036173,0.451923,0.322155,0.7807197272777557,12,0.7259615063667297,0.6610776782035828,,,,,,,,,,
171,2,grader,keep_all|loose_filter|medium_filter|strict_filter|rerank_only,rerank_only,-0.07,0,generator,0.87408,-0.268131,0.057494,,0.87408,-0.268131,0.057494,0.0,,,,,,,0.9370401799678802,0.8097803965210915,0.5287471693009138,,,,,
171,3,generator,generate_answer|generate_with_strict_citations|generate_short_answer,generate_short_answer,-0.07,0,verifier,0.877933,0.656409,-0.793208,0.31118,0.877933,0.656409,-0.793208,0.31118,,,,,,,,,,0.9389663338661194,0.8282042741775513,177,0.655590146780014,
171,4,verifier,verify_answer,verify_answer,0.7706,1,,-0.979617,,,,-0.979617,0.0,0.0,0.0,,,,,,,,,,,,,,0.010191738605499268
172,1,retriever,dense_retrieve|sparse_retrieve|hybrid_retrieve|hybrid_rerank,hybrid_rerank,-0.02,0,grader,0.635497,-0.010204,0.559126,0.190992,0.635497,-0.010204,0.559126,0.190992,0.817748636007309,12,0.7795632481575012,0.595495767891407,,,,,,,,,,
172,2,grader,keep_all|loose_filter|medium_filter|strict_filter|rerank_only,rerank_only,-0.07,0,generator,1.0,-0.046834,-0.418329,,1.0,-0.046834,-0.418329,0.0,,,,,,,1.0,0.8429749732837081,0.2908353805541992,,,,,
172,3,generator,generate_answer|generate_with_strict_citations|generate_short_answer,generate_with_strict_citations,-0.07,0,verifier,0.913923,1.0,-0.501684,0.274027,0.913923,1.0,-0.501684,0.274027,,,,,,,,,,0.9569616913795471,1.0,217,0.6370136439800262,
172,4,verifier,verify_answer,verify_answer,0.6445,1,,-0.978827,,,,-0.978827,0.0,0.0,0.0,,,,,,,,,,,,,,0.010586470365524292
173,1,retriever,dense_retrieve|sparse_retrieve|hybrid_retrieve|hybrid_rerank,hybrid_rerank,-0.02,0,grader,-0.215473,0.384797,0.042892,0.240493,-0.215473,0.384797,0.042892,0.240493,0.39226367324590683,15,0.5214460268616676,0.6202467158436775,,,,,,,,,,
173,2,grader,keep_all|loose_filter|medium_filter|strict_filter|rerank_only,rerank_only,-0.07,0,generator,1.0,-0.229246,-0.301078,,1.0,-0.229246,-0.301078,0.0,,,,,,,1.0,0.815613130480051,0.34946100413799286,,,,,
173,3,generator,generate_answer|generate_with_strict_citations|generate_short_answer,generate_with_strict_citations,-0.07,0,verifier,0.954264,0.941375,-0.520082,0.18282,0.954264,0.941375,-0.520082,0.18282,,,,,,,,,,0.9771320223808289,0.9706874787807465,206,0.5914100483059883,
173,4,verifier,verify_answer,verify_answer,0.8227,1,,-0.900271,,,,-0.900271,0.0,0.0,0.0,,,,,,,,,,,,,,0.04986432194709778
174,1,retriever,dense_retrieve|sparse_retrieve|hybrid_retrieve|hybrid_rerank,hybrid_rerank,-0.02,0,grader,0.486858,0.225269,0.374042,0.217567,0.486858,0.225269,0.374042,0.217567,0.7434288859367371,14,0.687021017074585,0.6087834760546684,,,,,,,,,,
174,2,grader,keep_all|loose_filter|medium_filter|strict_filter|rerank_only,rerank_only,-0.07,0,generator,0.739339,0.272596,-0.143509,,0.739339,0.272596,-0.143509,0.0,,,,,,,0.8696697354316711,0.8908893600106239,0.4282457306981087,,,,,
174,3,generator,generate_answer|generate_with_strict_citations|generate_short_answer,generate_with_strict_citations,-0.07,0,verifier,0.793405,0.788153,-0.389786,0.427629,0.793405,0.788153,-0.389786,0.427629,,,,,,,,,,0.8967025578022003,0.8940765857696533,250,0.7138146311044693,
174,4,verifier,verify_answer,verify_answer,0.8375,1,,-0.903648,,,,-0.903648,0.0,0.0,0.0,,,,,,,,,,,,,,0.04817578196525574
175,1,retriever,dense_retrieve|sparse_retrieve|hybrid_retrieve|hybrid_rerank,hybrid_rerank,-0.02,0,grader,0.24357,0.290188,0.518038,0.427619,0.24357,0.290188,0.518038,0.427619,0.6217852011322975,14,0.7590188980102539,0.7138093411922455,,,,,,,,,,
175,2,grader,keep_all|loose_filter|medium_filter|strict_filter|rerank_only,rerank_only,-0.07,0,generator,0.51368,-0.142904,-0.46632,,0.51368,-0.142904,-0.46632,0.0,,,,,,,0.7568399608135223,0.8285644695162773,0.2668399214744568,,,,,
175,3,generator,generate_answer|generate_with_strict_citations|generate_short_answer,generate_with_strict_citations,-0.07,0,verifier,1.0,1.0,-0.799698,0.321387,1.0,1.0,-0.799698,0.321387,,,,,,,,,,1.0,1.0,177,0.6606936603784561,
175,4,verifier,verify_answer,verify_answer,0.7643,1,,-0.831155,,,,-0.831155,0.0,0.0,0.0,,,,,,,,,,,,,,0.08442243933677673
176,1,retriever,dense_retrieve|sparse_retrieve|hybrid_retrieve|hybrid_rerank,hybrid_rerank,-0.02,0,grader,0.330565,0.618756,0.473087,0.826962,0.330565,0.618756,0.473087,0.826962,0.6652826070785522,17,0.736543744802475,0.9134810864925385,,,,,,,,,,
176,2,grader,keep_all|loose_filter|medium_filter|strict_filter|rerank_only,rerank_only,-0.07,0,generator,0.474171,0.315925,-0.6212,,0.474171,0.315925,-0.6212,0.0,,,,,,,0.7370852828025818,0.8973887994885444,0.18939995765686035,,,,,
176,3,generator,generate_answer|generate_with_strict_citations|generate_short_answer,generate_with_strict_citations,-0.07,0,verifier,1.0,0.76108,-0.882452,-0.063033,1.0,0.76108,-0.882452,-0.063033,,,,,,,,,,1.0,0.8805402219295502,138,0.46848342195153236,
176,4,verifier,verify_answer,verify_answer,0.683,1,,-0.843379,,,,-0.843379,0.0,0.0,0.0,,,,,,,,,,,,,,0.07831040024757385
177,1,retriever,dense_retrieve|sparse_retrieve|hybrid_retrieve|hybrid_rerank,hybrid_rerank,-0.02,0,grader,-0.275709,-0.051736,0.272479,0.139672,-0.275709,-0.051736,0.272479,0.139672,0.36214567720890045,12,0.6362396478652954,0.5698361620306969,,,,,,,,,,
177,2,grader,keep_all|loose_filter|medium_filter|strict_filter|rerank_only,rerank_only,-0.07,0,generator,0.588369,-0.046159,-0.400106,,0.588369,-0.046159,-0.400106,0.0,,,,,,,0.7941846549510956,0.8430762149393558,0.2999468594789505,,,,,
177,3,generator,generate_answer|generate_with_strict_citations|generate_short_answer,generate_with_strict_citations,-0.07,0,verifier,1.0,0.778296,-1.0,0.397286,1.0,0.778296,-1.0,0.397286,,,,,,,,,,1.0,0.889147937297821,153,0.6986432075500488,
177,4,verifier,verify_answer,verify_answer,0.7133,1,,-0.820132,,,,-0.820132,0.0,0.0,0.0,,,,,,,,,,,,,,0.08993417024612427
178,1,retriever,dense_retrieve|sparse_retrieve|hybrid_retrieve|hybrid_rerank,hybrid_rerank,-0.02,0,grader,0.438466,0.272118,0.121044,0.781307,0.438466,0.272118,0.121044,0.781307,0.719233050942421,14,0.5605222396552563,0.8906533420085907,,,,,,,,,,
178,2,grader,keep_all|loose_filter|medium_filter|strict_filter|rerank_only,rerank_only,-0.07,0,generator,0.579929,0.301659,-0.376549,,0.579929,0.301659,-0.376549,0.0,,,,,,,0.7899643778800964,0.895248794555664,0.31172536313533783,,,,,
178,3,generator,generate_answer|generate_with_strict_citations|generate_short_answer,generate_with_strict_citations,-0.07,0,verifier,0.599513,0.887219,-0.779195,0.215952,0.599513,0.887219,-0.779195,0.215952,,,,,,,,,,0.7997565865516663,0.9436094164848328,172,0.6079760119318962,
178,4,verifier,verify_answer,verify_answer,0.5063,1,,-1.0,,,,-1.0,0.0,0.0,0.0,,,,,,,,,,,,,,0.0
179,1,retriever,dense_retrieve|sparse_retrieve|hybrid_retrieve|hybrid_rerank,hybrid_rerank,-0.02,0,grader,-0.505444,-0.039195,0.355497,0.072593,-0.505444,-0.039195,0.355497,0.072593,0.24727797508239746,12,0.6777484267950058,0.5362965911626816,,,,,,,,,,
179,2,grader,keep_all|loose_filter|medium_filter|strict_filter|rerank_only,rerank_only,-0.07,0,generator,0.692984,-0.142645,-0.186225,,0.692984,-0.142645,-0.186225,0.0,,,,,,,0.8464920520782471,0.8286032475531101,0.4068872630596161,,,,,
179,3,generator,generate_answer|generate_with_strict_citations|generate_short_answer,generate_with_strict_citations,-0.07,0,verifier,1.0,0.947519,-0.601794,0.270244,1.0,0.947519,-0.601794,0.270244,,,,,,,,,,1.0,0.9737594425678253,202,0.6351220458745956,
179,4,verifier,verify_answer,verify_answer,0.5829,1,,-1.0,,,,-1.0,0.0,0.0,0.0,,,,,,,,,,,,,,0.0
180,1,retriever,dense_retrieve|sparse_retrieve|hybrid_retrieve|hybrid_rerank,hybrid_rerank,-0.02,0,grader,-0.102143,0.614472,0.380651,0.603186,-0.102143,0.614472,0.380651,0.603186,0.4489286057651043,17,0.6903254836797714,0.8015930652618408,,,,,,,,,,
180,2,grader,keep_all|loose_filter|medium_filter|strict_filter|rerank_only,rerank_only,-0.07,0,generator,0.880027,0.185856,0.003962,,0.880027,0.185856,0.003962,0.0,,,,,,,0.9400133490562439,0.8778783462941646,0.5019808816723526,,,,,
180,3,generator,generate_answer|generate_with_strict_citations|generate_short_answer,generate_with_strict_citations,-0.07,0,verifier,1.0,1.0,-0.505915,0.569723,1.0,1.0,-0.505915,0.569723,,,,,,,,,,1.0,1.0,245,0.7848612666130066,
180,4,verifier,verify_answer,verify_answer,0.8729,1,,-0.828493,,,,-0.828493,0.0,0.0,0.0,,,,,,,,,,,,,,0.08575329184532166
181,1,retriever,dense_retrieve|sparse_retrieve|hybrid_retrieve|hybrid_rerank,hybrid_rerank,-0.02,0,grader,-0.233727,0.077042,0.510923,0.271667,-0.233727,0.077042,0.510923,0.271667,0.38313668221235275,13,0.7554614543914795,0.6358335614204407,,,,,,,,,,
181,2,grader,keep_all|loose_filter|medium_filter|strict_filter|rerank_only,keep_all,-0.07,0,generator,0.63924,0.523855,-0.332386,,0.63924,0.523855,-0.332386,0.0,,,,,,,0.8196201920509338,0.928578245639801,0.33380718529224396,,,,,
181,3,generator,generate_answer|generate_with_strict_citations|generate_short_answer,generate_with_strict_citations,-0.07,0,verifier,0.987678,0.823618,-0.749419,0.052569,0.987678,0.823618,-0.749419,0.052569,,,,,,,,,,0.9938390254974365,0.9118092060089111,164,0.5262845121324062,
181,4,verifier,verify_answer,verify_answer,0.7918,1,,-1.0,,,,-1.0,0.0,0.0,0.0,,,,,,,,,,,,,,0.0
182,1,retriever,dense_retrieve|sparse_retrieve|hybrid_retrieve|hybrid_rerank,hybrid_rerank,-0.02,0,grader,-0.213593,0.325264,0.528454,0.017793,-0.213593,0.325264,0.528454,0.017793,0.3932033106684685,14,0.7642272114753723,0.5088967084884644,,,,,,,,,,
182,2,grader,keep_all|loose_filter|medium_filter|strict_filter|rerank_only,rerank_only,-0.07,0,generator,0.814634,0.149578,-0.343613,,0.814634,0.149578,-0.343613,0.0,,,,,,,0.9073169231414795,0.8724367052316665,0.32819339632987976,,,,,
182,3,generator,generate_answer|generate_with_strict_citations|generate_short_answer,generate_with_strict_citations,-0.07,0,verifier,0.899844,0.771621,-0.970184,0.127706,0.899844,0.771621,-0.970184,0.127706,,,,,,,,,,0.9499220848083496,0.8858104944229126,139,0.5638532117009163,
182,4,verifier,verify_answer,verify_answer,0.6381,1,,-0.855826,,,,-0.855826,0.0,0.0,0.0,,,,,,,,,,,,,,0.07208678126335144
183,1,retriever,dense_retrieve|sparse_retrieve|hybrid_retrieve|hybrid_rerank,hybrid_rerank,-0.02,0,grader,-0.008591,0.402089,0.37739,0.289773,-0.008591,0.402089,0.37739,0.289773,0.4957044078037143,15,0.6886952072381973,0.6448863744735718,,,,,,,,,,
183,2,grader,keep_all|loose_filter|medium_filter|strict_filter|rerank_only,keep_all,-0.07,0,generator,0.517491,0.657724,-0.119272,,0.517491,0.657724,-0.119272,0.0,,,,,,,0.7587454319000244,0.9486585319042206,0.4403637684881687,,,,,
183,3,generator,generate_answer|generate_with_strict_citations|generate_short_answer,generate_with_strict_citations,-0.07,0,verifier,0.883567,0.992455,-0.50142,0.32569,0.883567,0.992455,-0.50142,0.32569,,,,,,,,,,0.9417835175991058,0.9962274730205536,222,0.6628450751304626,
183,4,verifier,verify_answer,verify_answer,0.6944,1,,-0.889202,,,,-0.889202,0.0,0.0,0.0,,,,,,,,,,,,,,0.05539923906326294
184,1,retriever,dense_retrieve|sparse_retrieve|hybrid_retrieve|hybrid_rerank,hybrid_rerank,-0.02,0,grader,-0.840466,-0.53391,0.51839,-0.547281,-0.840466,-0.53391,0.51839,-0.547281,0.07976719737052917,8,0.7591948807239532,0.22635963559150696,,,,,,,,,,
184,2,grader,keep_all|loose_filter|medium_filter|strict_filter|rerank_only,rerank_only,-0.07,0,generator,0.521408,0.297898,0.037781,,0.521408,0.297898,0.037781,0.0,,,,,,,0.7607042491436005,0.8946847349405288,0.5188904460519552,,,,,
184,3,generator,generate_answer|generate_with_strict_citations|generate_short_answer,generate_with_strict_citations,-0.07,0,verifier,0.926636,0.907994,-0.713228,0.60943,0.926636,0.907994,-0.713228,0.60943,,,,,,,,,,0.9633179306983948,0.953996866941452,213,0.8047147989273071,
184,4,verifier,verify_answer,verify_answer,0.8022,1,,-0.963446,,,,-0.963446,0.0,0.0,0.0,,,,,,,,,,,,,,0.01827716827392578
185,1,retriever,dense_retrieve|sparse_retrieve|hybrid_retrieve|hybrid_rerank,hybrid_rerank,-0.02,0,grader,-0.639127,0.218695,0.658275,-0.078853,-0.639127,0.218695,0.658275,-0.078853,0.1804364025592804,14,0.8291373252868652,0.4605734534561634,,,,,,,,,,
185,2,grader,keep_all|loose_filter|medium_filter|strict_filter|rerank_only,rerank_only,-0.07,0,generator,0.903522,0.075073,0.025655,,0.903522,0.075073,0.025655,0.0,,,,,,,0.9517609477043152,0.8612609729170799,0.5128276022151113,,,,,
185,3,generator,generate_answer|generate_with_strict_citations|generate_short_answer,generate_with_strict_citations,-0.07,0,verifier,1.0,0.950067,-0.789088,0.338562,1.0,0.950067,-0.789088,0.338562,,,,,,,,,,1.0,0.9750335812568665,180,0.6692808121442795,
185,4,verifier,verify_answer,verify_answer,0.4901,1,,-1.0,,,,-1.0,0.0,0.0,0.0,,,,,,,,,,,,,,0.0
186,1,retriever,dense_retrieve|sparse_retrieve|hybrid_retrieve|hybrid_rerank,hybrid_rerank,-0.02,0,grader,-0.292318,0.215629,0.38462,0.144502,-0.292318,0.215629,0.38462,0.144502,0.3538410812616348,14,0.6923098862171173,0.5722510069608688,,,,,,,,,,
186,2,grader,keep_all|loose_filter|medium_filter|strict_filter|rerank_only,keep_all,-0.07,0,generator,0.767253,0.432925,0.043273,,0.767253,0.432925,0.043273,0.0,,,,,,,0.8836262822151184,0.9149386763572692,0.5216363128274679,,,,,
186,3,generator,generate_answer|generate_with_strict_citations|generate_short_answer,generate_with_strict_citations,-0.07,0,verifier,1.0,1.0,-0.697228,0.21094,1.0,1.0,-0.697228,0.21094,,,,,,,,,,1.0,1.0,183,0.6054700091481209,
186,4,verifier,verify_answer,verify_answer,0.7756,1,,-1.0,,,,-1.0,0.0,0.0,0.0,,,,,,,,,,,,,,0.0
187,1,retriever,dense_retrieve|sparse_retrieve|hybrid_retrieve|hybrid_rerank,hybrid_rerank,-0.02,0,grader,0.004994,0.29736,0.681622,-0.07537,0.004994,0.29736,0.681622,-0.07537,0.5024971945676953,14,0.8408109545707703,0.46231503039598465,,,,,,,,,,
187,2,grader,keep_all|loose_filter|medium_filter|strict_filter|rerank_only,keep_all,-0.07,0,generator,0.512936,0.656215,-0.359219,,0.512936,0.656215,-0.359219,0.0,,,,,,,0.7564679086208344,0.9484321981668472,0.3203904926776886,,,,,
187,3,generator,generate_answer|generate_with_strict_citations|generate_short_answer,generate_short_answer,-0.07,0,verifier,1.0,0.658289,-0.767475,0.035794,1.0,0.658289,-0.767475,0.035794,,,,,,,,,,1.0,0.8291446268558502,159,0.517897218465805,
187,4,verifier,verify_answer,verify_answer,0.7289,1,,-0.910437,,,,-0.910437,0.0,0.0,0.0,,,,,,,,,,,,,,0.04478129744529724
188,1,retriever,dense_retrieve|sparse_retrieve|hybrid_retrieve|hybrid_rerank,hybrid_rerank,-0.02,0,grader,-0.536952,-0.103477,0.605729,-0.174445,-0.536952,-0.103477,0.605729,-0.174445,0.23152416944503784,11,0.8028644621372223,0.41277745366096497,,,,,,,,,,
188,2,grader,keep_all|loose_filter|medium_filter|strict_filter|rerank_only,rerank_only,-0.07,0,generator,0.741018,0.004258,-0.387854,,0.741018,0.004258,-0.387854,0.0,,,,,,,0.8705087602138519,0.8506386789493262,0.3060728907585144,,,,,
188,3,generator,generate_answer|generate_with_strict_citations|generate_short_answer,generate_with_strict_citations,-0.07,0,verifier,1.0,0.748975,-0.650844,0.360474,1.0,0.748975,-0.650844,0.360474,,,,,,,,,,1.0,0.8744874894618988,203,0.6802369952201843,
188,4,verifier,verify_answer,verify_answer,0.4818,1,,-0.893241,,,,-0.893241,0.0,0.0,0.0,,,,,,,,,,,,,,0.05337962508201599
189,1,retriever,dense_retrieve|sparse_retrieve|hybrid_retrieve|hybrid_rerank,hybrid_rerank,-0.02,0,grader,-0.125239,0.187456,0.74785,0.114563,-0.125239,0.187456,0.74785,0.114563,0.43738071620464325,13,0.8739250302314758,0.557281356304884,,,,,,,,,,
189,2,grader,keep_all|loose_filter|medium_filter|strict_filter|rerank_only,keep_all,-0.07,0,generator,0.850597,0.413379,-0.458672,,0.850597,0.413379,-0.458672,0.0,,,,,,,0.9252986907958984,0.9120069056749344,0.27066420018672943,,,,,
189,3,generator,generate_answer|generate_with_strict_citations|generate_short_answer,generate_with_strict_citations,-0.07,0,verifier,1.0,1.0,-0.695922,0.149988,1.0,1.0,-0.695922,0.149988,,,,,,,,,,1.0,1.0,178,0.5749939531087875,
189,4,verifier,verify_answer,verify_answer,0.7528,1,,-1.0,,,,-1.0,0.0,0.0,0.0,,,,,,,,,,,,,,0.0
190,1,retriever,dense_retrieve|sparse_retrieve|hybrid_retrieve|hybrid_rerank,hybrid_rerank,-0.02,0,grader,-0.05356,0.318828,0.842111,0.223076,-0.05356,0.318828,0.842111,0.223076,0.47322020307183266,14,0.9210555553436279,0.6115380525588989,,,,,,,,,,
190,2,grader,keep_all|loose_filter|medium_filter|strict_filter|rerank_only,keep_all,-0.07,0,generator,0.620995,0.412078,-0.069917,,0.620995,0.412078,-0.069917,0.0,,,,,,,0.8104977309703827,0.9118117034435271,0.4650416895747185,,,,,
190,3,generator,generate_answer|generate_with_strict_citations|generate_short_answer,generate_with_strict_citations,-0.07,0,verifier,1.0,1.0,-0.21576,0.317462,1.0,1.0,-0.21576,0.317462,,,,,,,,,,1.0,1.0,264,0.658731147646904,
190,4,verifier,verify_answer,verify_answer,0.8191,1,,-0.958291,,,,-0.958291,0.0,0.0,0.0,,,,,,,,,,,,,,0.020854324102401733
191,1,retriever,dense_retrieve|sparse_retrieve|hybrid_retrieve|hybrid_rerank,hybrid_rerank,-0.02,0,grader,0.104991,0.259416,0.649841,-0.011664,0.104991,0.259416,0.649841,-0.011664,0.5524956472218037,14,0.8249204158782959,0.4941678959876299,,,,,,,,,,
191,2,grader,keep_all|loose_filter|medium_filter|strict_filter|rerank_only,rerank_only,-0.07,0,generator,1.0,0.010621,-0.017114,,1.0,0.010621,-0.017114,0.0,,,,,,,1.0,0.8515932015608996,0.4914429308846593,,,,,
191,3,generator,generate_answer|generate_with_strict_citations|generate_short_answer,generate_short_answer,-0.07,0,verifier,1.0,0.638734,-0.823115,0.065966,1.0,0.638734,-0.823115,0.065966,,,,,,,,,,1.0,0.8193670511245728,154,0.5329831913113594,
191,4,verifier,verify_answer,verify_answer,0.7203,1,,-0.897653,,,,-0.897653,0.0,0.0,0.0,,,,,,,,,,,,,,0.05117356777191162
192,1,retriever,dense_retrieve|sparse_retrieve|hybrid_retrieve|hybrid_rerank,hybrid_rerank,-0.02,0,grader,0.228262,0.276278,0.544293,0.328012,0.228262,0.276278,0.544293,0.328012,0.6141309887170792,14,0.7721465229988098,0.6640060544013977,,,,,,,,,,
192,2,grader,keep_all|loose_filter|medium_filter|strict_filter|rerank_only,rerank_only,-0.07,0,generator,0.697255,0.297635,-0.205374,,0.697255,0.297635,-0.205374,0.0,,,,,,,0.8486272990703583,0.8946453198790549,0.39731283485889435,,,,,
192,3,generator,generate_answer|generate_with_strict_citations|generate_short_answer,generate_with_strict_citations,-0.07,0,verifier,1.0,0.978489,-0.413409,0.054833,1.0,0.978489,-0.413409,0.054833,,,,,,,,,,1.0,0.9892444610595703,208,0.5274164509028196,
192,4,verifier,verify_answer,verify_answer,0.8948,1,,-1.0,,,,-1.0,0.0,0.0,0.0,,,,,,,,,,,,,,0.0
193,1,retriever,dense_retrieve|sparse_retrieve|hybrid_retrieve|hybrid_rerank,hybrid_rerank,-0.02,0,grader,0.057525,0.564492,0.761572,0.116845,0.057525,0.564492,0.761572,0.116845,0.5287626646459103,16,0.8807862401008606,0.5584223568439484,,,,,,,,,,
193,2,grader,keep_all|loose_filter|medium_filter|strict_filter|rerank_only,keep_all,-0.07,0,generator,0.659176,0.737082,-0.536126,,0.659176,0.737082,-0.536126,0.0,,,,,,,0.8295879364013672,0.9605622917413711,0.2319369912147522,,,,,
193,3,generator,generate_answer|generate_with_strict_citations|generate_short_answer,generate_with_strict_citations,-0.07,0,verifier,0.942312,1.0,-0.289592,-0.009171,0.942312,1.0,-0.289592,-0.009171,,,,,,,,,,0.9711558222770691,1.0,217,0.4954143213108182,
193,4,verifier,verify_answer,verify_answer,0.9,1,,-0.932769,,,,-0.932769,0.0,0.0,0.0,,,,,,,,,,,,,,0.0336155891418457
194,1,retriever,dense_retrieve|sparse_retrieve|hybrid_retrieve|hybrid_rerank,hybrid_rerank,-0.02,0,grader,-0.114785,0.351126,0.375808,-0.548045,-0.114785,0.351126,0.375808,-0.548045,0.44260744750499725,15,0.687903881072998,0.22597739100456238,,,,,,,,,,
194,2,grader,keep_all|loose_filter|medium_filter|strict_filter|rerank_only,rerank_only,-0.07,0,generator,0.767315,0.31893,-0.610203,,0.767315,0.31893,-0.610203,0.0,,,,,,,0.8836574256420135,0.8978395491838455,0.1948983371257782,,,,,
194,3,generator,generate_answer|generate_with_strict_citations|generate_short_answer,generate_with_strict_citations,-0.07,0,verifier,1.0,0.950659,-0.351682,0.181226,1.0,0.950659,-0.351682,0.181226,,,,,,,,,,1.0,0.9753294289112091,229,0.5906132310628891,
194,4,verifier,verify_answer,verify_answer,0.8562,1,,-1.0,,,,-1.0,0.0,0.0,0.0,,,,,,,,,,,,,,0.0
195,1,retriever,dense_retrieve|sparse_retrieve|hybrid_retrieve|hybrid_rerank,hybrid_rerank,-0.02,0,grader,0.08411,0.300127,0.534852,0.06873,0.08411,0.300127,0.534852,0.06873,0.5420548841357231,14,0.7674261927604675,0.5343651361763477,,,,,,,,,,
195,2,grader,keep_all|loose_filter|medium_filter|strict_filter|rerank_only,rerank_only,-0.07,0,generator,0.772484,-0.046723,-0.280506,,0.772484,-0.046723,-0.280506,0.0,,,,,,,0.8862422108650208,0.8429916158318519,0.35974718630313873,,,,,
195,3,generator,generate_answer|generate_with_strict_citations|generate_short_answer,generate_with_strict_citations,-0.07,0,verifier,1.0,0.865148,-0.296455,-0.073421,1.0,0.865148,-0.296455,-0.073421,,,,,,,,,,1.0,0.9325740039348602,209,0.4632897190749645,
195,4,verifier,verify_answer,verify_answer,0.8877,1,,-0.95622,,,,-0.95622,0.0,0.0,0.0,,,,,,,,,,,,,,0.021890193223953247
196,1,retriever,dense_retrieve|sparse_retrieve|hybrid_retrieve|hybrid_rerank,hybrid_rerank,-0.02,0,grader,0.308681,0.379557,0.534461,-0.072005,0.308681,0.379557,0.534461,-0.072005,0.6543406248092651,15,0.7672306001186371,0.4639975465834141,,,,,,,,,,
196,2,grader,keep_all|loose_filter|medium_filter|strict_filter|rerank_only,keep_all,-0.07,0,generator,0.783868,0.398699,-0.621582,,0.783868,0.398699,-0.621582,0.0,,,,,,,0.8919340074062347,0.9098048567771911,0.18920907378196716,,,,,
196,3,generator,generate_answer|generate_with_strict_citations|generate_short_answer,generate_short_answer,-0.07,0,verifier,0.966093,0.665157,-0.937435,-0.127687,0.966093,0.665157,-0.937435,-0.127687,,,,,,,,,,0.9830464422702789,0.83257856965065,128,0.4361564740538597,
196,4,verifier,verify_answer,verify_answer,0.5716,1,,-1.0,,,,-1.0,0.0,0.0,0.0,,,,,,,,,,,,,,0.0
197,1,retriever,dense_retrieve|sparse_retrieve|hybrid_retrieve|hybrid_rerank,hybrid_rerank,-0.02,0,grader,0.1484,0.360196,0.523015,0.12302,0.1484,0.360196,0.523015,0.12302,0.5742001086473465,15,0.7615073323249817,0.5615097619593143,,,,,,,,,,
197,2,grader,keep_all|loose_filter|medium_filter|strict_filter|rerank_only,rerank_only,-0.07,0,generator,0.717447,0.253745,-0.671315,,0.717447,0.253745,-0.671315,0.0,,,,,,,0.8587234914302826,0.8880617573857307,0.1643424928188324,,,,,
197,3,generator,generate_answer|generate_with_strict_citations|generate_short_answer,generate_with_strict_citations,-0.07,0,verifier,0.919445,0.844618,-0.979108,-0.307337,0.919445,0.844618,-0.979108,-0.307337,,,,,,,,,,0.959722638130188,0.9223088324069977,128,0.3463316857814789,
197,4,verifier,verify_answer,verify_answer,0.6093,1,,-1.0,,,,-1.0,0.0,0.0,0.0,,,,,,,,,,,,,,0.0
198,1,retriever,dense_retrieve|sparse_retrieve|hybrid_retrieve|hybrid_rerank,hybrid_rerank,-0.02,0,grader,-0.883492,-0.301146,0.08399,-0.76044,-0.883492,-0.301146,0.08399,-0.76044,0.058254092931747437,10,0.541995108127594,0.11977976560592651,,,,,,,,,,
198,2,grader,keep_all|loose_filter|medium_filter|strict_filter|rerank_only,rerank_only,-0.07,0,generator,0.759505,-0.277431,-0.359857,,0.759505,-0.277431,-0.359857,0.0,,,,,,,0.8797527253627777,0.8083853259682655,0.32007168233394623,,,,,
198,3,generator,generate_answer|generate_with_strict_citations|generate_short_answer,generate_with_strict_citations,-0.07,0,verifier,1.0,0.713559,-0.723016,0.396322,1.0,0.713559,-0.723016,0.396322,,,,,,,,,,1.0,0.8567793369293213,195,0.6981609463691711,
198,4,verifier,verify_answer,verify_answer,0.6984,1,,-0.960204,,,,-0.960204,0.0,0.0,0.0,,,,,,,,,,,,,,0.019898176193237305
199,1,retriever,dense_retrieve|sparse_retrieve|hybrid_retrieve|hybrid_rerank,hybrid_rerank,-0.02,0,grader,0.551357,0.379978,0.266709,-0.063525,0.551357,0.379978,0.266709,-0.063525,0.775678277015686,15,0.633354514837265,0.46823760122060776,,,,,,,,,,
199,2,grader,keep_all|loose_filter|medium_filter|strict_filter|rerank_only,keep_all,-0.07,0,generator,0.561994,0.367341,-0.648936,,0.561994,0.367341,-0.648936,0.0,,,,,,,0.7809970378875732,0.9051011517643928,0.17553192377090454,,,,,
199,3,generator,generate_answer|generate_with_strict_citations|generate_short_answer,generate_with_strict_citations,-0.07,0,verifier,1.0,0.898642,-0.520833,-0.417574,1.0,0.898642,-0.520833,-0.417574,,,,,,,,,,1.0,0.9493210911750793,149,0.29121294617652893,
199,4,verifier,verify_answer,verify_answer,0.8399,1,,-0.731642,,,,-0.731642,0.0,0.0,0.0,,,,,,,,,,,,,,0.1341787874698639
200,1,retriever,dense_retrieve|sparse_retrieve|hybrid_retrieve|hybrid_rerank,hybrid_rerank,-0.02,0,grader,-0.509677,0.389352,0.414766,-0.264904,-0.509677,0.389352,0.414766,-0.264904,0.24516171216964722,15,0.707382932305336,0.3675479143857956,,,,,,,,,,
200,2,grader,keep_all|loose_filter|medium_filter|strict_filter|rerank_only,rerank_only,-0.07,0,generator,0.950957,0.050033,-0.634724,,0.950957,0.050033,-0.634724,0.0,,,,,,,0.975478321313858,0.8575049711391329,0.182638019323349,,,,,
200,3,generator,generate_answer|generate_with_strict_citations|generate_short_answer,generate_with_strict_citations,-0.07,0,verifier,0.950129,0.931947,-0.929792,0.031644,0.950129,0.931947,-0.929792,0.031644,,,,,,,,,,0.9750646948814392,0.9659735858440399,138,0.5158218201249838,
200,4,verifier,verify_answer,verify_answer,0.703,1,,-0.974644,,,,-0.974644,0.0,0.0,0.0,,,,,,,,,,,,,,0.012677997350692749
