episode,step,active_agent,valid_actions,discrete_action,reward,done,next_active_agent,raw_0,raw_1,raw_2,raw_3,padded_0,padded_1,padded_2,padded_3,dense_sparse_weight,top_k,rerank_threshold,source_diversity,rewrite_strength,query_expansion_weight,relevance_threshold,evidence_keep_ratio,strictness_score,temperature,citation_strictness,max_tokens,answer_detail_level,support_threshold
1,1,retriever,dense_retrieve|sparse_retrieve|hybrid_retrieve|hybrid_rerank,hybrid_retrieve,-0.02,0,grader,0.253476,0.148327,-0.281837,0.413205,0.253476,0.148327,-0.281837,0.413205,0.6267378628253937,13,0.3590816855430603,0.7066022753715515,,,,,,,,,,
1,2,grader,keep_all|loose_filter|medium_filter|strict_filter|rerank_only,loose_filter,-0.07,0,generator,0.329984,-0.255596,0.400935,,0.329984,-0.255596,0.400935,0.0,,,,,,,0.6649921834468842,0.811660647392273,0.7004675567150116,,,,,
1,3,generator,generate_answer|generate_with_strict_citations|generate_short_answer,generate_short_answer,-0.07,0,verifier,0.052962,-0.198564,0.016805,0.219084,0.052962,-0.198564,0.016805,0.219084,,,,,,,,,,0.5264811161905527,0.40071821957826614,286,0.6095419526100159,
1,4,verifier,verify_answer,verify_answer,0.7071,1,,0.501042,,,,0.501042,0.0,0.0,0.0,,,,,,,,,,,,,,0.750520795583725
2,1,retriever,dense_retrieve|sparse_retrieve|hybrid_retrieve|hybrid_rerank,hybrid_retrieve,-0.02,0,grader,0.062287,-0.026821,-0.112685,0.522661,0.062287,-0.026821,-0.112685,0.522661,0.5311436746269464,12,0.44365768879652023,0.761330634355545,,,,,,,,,,
2,2,grader,keep_all|loose_filter|medium_filter|strict_filter|rerank_only,rerank_only,-0.07,0,generator,0.440458,-0.26011,0.160038,,0.440458,-0.26011,0.160038,0.0,,,,,,,0.7202287912368774,0.8109834298491477,0.5800192058086395,,,,,
2,3,generator,generate_answer|generate_with_strict_citations|generate_short_answer,generate_answer,-0.07,0,verifier,-0.16661,-0.083668,0.308749,0.428852,-0.16661,-0.083668,0.308749,0.428852,,,,,,,,,,0.4166949838399887,0.45816582813858986,358,0.7144260704517365,
2,4,verifier,verify_answer,verify_answer,0.6391,1,,0.512933,,,,0.512933,0.0,0.0,0.0,,,,,,,,,,,,,,0.7564666569232941
3,1,retriever,dense_retrieve|sparse_retrieve|hybrid_retrieve|hybrid_rerank,hybrid_retrieve,-0.02,0,grader,0.245039,0.362215,-0.163417,0.749018,0.245039,0.362215,-0.163417,0.749018,0.6225197464227676,15,0.4182915538549423,0.8745091557502747,,,,,,,,,,
3,2,grader,keep_all|loose_filter|medium_filter|strict_filter|rerank_only,rerank_only,-0.07,0,generator,0.216813,0.001459,0.130964,,0.216813,0.001459,0.130964,0.0,,,,,,,0.6084066480398178,0.8502188284764998,0.5654820501804352,,,,,
3,3,generator,generate_answer|generate_with_strict_citations|generate_short_answer,generate_short_answer,-0.07,0,verifier,-0.102798,-0.32363,0.112449,0.387359,-0.102798,-0.32363,0.112449,0.387359,,,,,,,,,,0.4486011974513531,0.3381848484277725,322,0.6936793178319931,
3,4,verifier,verify_answer,verify_answer,0.6839,1,,0.778951,,,,0.778951,0.0,0.0,0.0,,,,,,,,,,,,,,0.8894757330417633
4,1,retriever,dense_retrieve|sparse_retrieve|hybrid_retrieve|hybrid_rerank,hybrid_retrieve,-0.02,0,grader,-0.005686,0.223124,-0.172761,0.960717,-0.005686,0.223124,-0.172761,0.960717,0.4971567646134645,14,0.4136195108294487,0.9803586602210999,,,,,,,,,,
4,2,grader,keep_all|loose_filter|medium_filter|strict_filter|rerank_only,loose_filter,-0.07,0,generator,0.454929,0.025982,0.472362,,0.454929,0.025982,0.472362,0.0,,,,,,,0.7274644821882248,0.8538973614573478,0.7361811697483063,,,,,
4,3,generator,generate_answer|generate_with_strict_citations|generate_short_answer,generate_answer,-0.07,0,verifier,0.256001,-0.662757,-0.154815,0.439225,0.256001,-0.662757,-0.154815,0.439225,,,,,,,,,,0.6280006766319275,0.16862133145332336,287,0.7196126133203506,
4,4,verifier,verify_answer,verify_answer,0.5735,1,,0.66874,,,,0.66874,0.0,0.0,0.0,,,,,,,,,,,,,,0.8343701064586639
5,1,retriever,dense_retrieve|sparse_retrieve|hybrid_retrieve|hybrid_rerank,hybrid_retrieve,-0.02,0,grader,0.041999,0.381263,-0.190486,0.50552,0.041999,0.381263,-0.190486,0.50552,0.5209993030875921,15,0.4047570824623108,0.7527601420879364,,,,,,,,,,
5,2,grader,keep_all|loose_filter|medium_filter|strict_filter|rerank_only,rerank_only,-0.07,0,generator,0.003484,-0.191114,0.14638,,0.003484,-0.191114,0.14638,0.0,,,,,,,0.5017422302626073,0.8213328339159488,0.5731898844242096,,,,,
5,3,generator,generate_answer|generate_with_strict_citations|generate_short_answer,generate_short_answer,-0.07,0,verifier,-0.132915,-0.169924,0.249202,0.353724,-0.132915,-0.169924,0.249202,0.353724,,,,,,,,,,0.4335423782467842,0.41503819823265076,337,0.6768617779016495,
5,4,verifier,verify_answer,verify_answer,0.6808,1,,0.557416,,,,0.557416,0.0,0.0,0.0,,,,,,,,,,,,,,0.7787077724933624
6,1,retriever,dense_retrieve|sparse_retrieve|hybrid_retrieve|hybrid_rerank,dense_retrieve,-0.02,0,grader,0.317906,0.142045,-0.041237,0.735835,0.317906,0.142045,-0.041237,0.735835,0.6589530557394028,13,0.47938162833452225,0.8679175674915314,,,,,,,,,,
6,2,grader,keep_all|loose_filter|medium_filter|strict_filter|rerank_only,rerank_only,-0.07,0,generator,-0.107777,-0.215077,0.363223,,-0.107777,-0.215077,0.363223,0.0,,,,,,,0.4461115896701813,0.8177383810281753,0.6816116720438004,,,,,
6,3,generator,generate_answer|generate_with_strict_citations|generate_short_answer,generate_short_answer,-0.07,0,verifier,-0.10493,-0.290056,0.122837,0.336319,-0.10493,-0.290056,0.122837,0.336319,,,,,,,,,,0.4475352428853512,0.3549719452857971,316,0.6681596785783768,
6,4,verifier,verify_answer,verify_answer,0.7623,1,,0.568419,,,,0.568419,0.0,0.0,0.0,,,,,,,,,,,,,,0.7842095196247101
7,1,retriever,dense_retrieve|sparse_retrieve|hybrid_retrieve|hybrid_rerank,dense_retrieve,-0.02,0,grader,0.630484,-0.113591,-0.111562,0.578073,0.630484,-0.113591,-0.111562,0.578073,0.8152421116828918,11,0.4442189112305641,0.7890364229679108,,,,,,,,,,
7,2,grader,keep_all|loose_filter|medium_filter|strict_filter|rerank_only,loose_filter,-0.07,0,generator,0.134949,-0.192095,0.452016,,0.134949,-0.192095,0.452016,0.0,,,,,,,0.567474365234375,0.8211856879293918,0.7260078936815262,,,,,
7,3,generator,generate_answer|generate_with_strict_citations|generate_short_answer,generate_answer,-0.07,0,verifier,0.021057,-0.481092,-0.029061,0.652718,0.021057,-0.481092,-0.029061,0.652718,,,,,,,,,,0.5105287116020918,0.2594541162252426,334,0.8263590633869171,
7,4,verifier,verify_answer,verify_answer,0.5501,1,,0.424245,,,,0.424245,0.0,0.0,0.0,,,,,,,,,,,,,,0.7121224999427795
8,1,retriever,dense_retrieve|sparse_retrieve|hybrid_retrieve|hybrid_rerank,hybrid_rerank,-0.02,0,grader,0.540053,-0.142613,0.080674,0.448649,0.540053,-0.142613,0.080674,0.448649,0.7700265049934387,11,0.5403371937572956,0.724324569106102,,,,,,,,,,
8,2,grader,keep_all|loose_filter|medium_filter|strict_filter|rerank_only,rerank_only,-0.07,0,generator,-0.001034,-0.171216,0.157312,,-0.001034,-0.171216,0.157312,0.0,,,,,,,0.49948298663366586,0.8243175424635409,0.5786561816930771,,,,,
8,3,generator,generate_answer|generate_with_strict_citations|generate_short_answer,generate_short_answer,-0.07,0,verifier,-0.06908,-0.589775,0.042588,0.161552,-0.06908,-0.589775,0.042588,0.161552,,,,,,,,,,0.4654599241912365,0.20511260628700256,282,0.5807758420705795,
8,4,verifier,verify_answer,verify_answer,-0.07,0,verifier,0.432286,,,,0.432286,0.0,0.0,0.0,,,,,,,,,,,,,,0.716142863035202
8,5,verifier,request_regeneration|request_more_retrieval|request_rewrite,request_regeneration,-0.07,0,generator,0.433649,,,,0.433649,0.0,0.0,0.0,,,,,,,,,,,,,,0.7168244123458862
8,6,generator,generate_answer|generate_with_strict_citations|generate_short_answer|regenerate,generate_short_answer,-0.07,0,verifier,-0.115669,-0.435933,0.088986,0.145604,-0.115669,-0.435933,0.088986,0.145604,,,,,,,,,,0.4421652816236019,0.28203362226486206,286,0.572801947593689,
8,7,verifier,verify_answer,verify_answer,0.4423,1,,0.187724,,,,0.187724,0.0,0.0,0.0,,,,,,,,,,,,,,0.5938620716333389
9,1,retriever,dense_retrieve|sparse_retrieve|hybrid_retrieve|hybrid_rerank,hybrid_retrieve,-0.02,0,grader,0.293601,0.415009,-0.250716,0.635924,0.293601,0.415009,-0.250716,0.635924,0.6468006074428558,15,0.3746422082185745,0.8179620206356049,,,,,,,,,,
9,2,grader,keep_all|loose_filter|medium_filter|strict_filter|rerank_only,rerank_only,-0.07,0,generator,-0.289236,-0.390583,-0.021261,,-0.289236,-0.390583,-0.021261,0.0,,,,,,,0.3553820699453354,0.7914126023650169,0.48936925642192364,,,,,
9,3,generator,generate_answer|generate_with_strict_citations|generate_short_answer,generate_short_answer,-0.07,0,verifier,-0.206448,-0.316456,0.149028,0.352176,-0.206448,-0.316456,0.149028,0.352176,,,,,,,,,,0.39677608013153076,0.34177201986312866,323,0.676087960600853,
9,4,verifier,verify_answer,verify_answer,0.5879,1,,0.744755,,,,0.744755,0.0,0.0,0.0,,,,,,,,,,,,,,0.8723776042461395
10,1,retriever,dense_retrieve|sparse_retrieve|hybrid_retrieve|hybrid_rerank,hybrid_rerank,-0.02,0,grader,0.116453,0.002108,0.018548,0.704461,0.116453,0.002108,0.018548,0.704461,0.5582267083227634,12,0.5092742303386331,0.8522303402423859,,,,,,,,,,
10,2,grader,keep_all|loose_filter|medium_filter|strict_filter|rerank_only,rerank_only,-0.07,0,generator,0.134178,-0.196296,0.312453,,0.134178,-0.196296,0.312453,0.0,,,,,,,0.5670889168977737,0.820555543154478,0.656226709485054,,,,,
10,3,generator,generate_answer|generate_with_strict_citations|generate_short_answer,generate_answer,-0.07,0,verifier,0.031115,-0.842041,-0.001498,0.409087,0.031115,-0.842041,-0.001498,0.409087,,,,,,,,,,0.515557549893856,0.07897928357124329,307,0.7045436352491379,
10,4,verifier,verify_answer,verify_answer,0.7254,1,,0.473016,,,,0.473016,0.0,0.0,0.0,,,,,,,,,,,,,,0.7365079522132874
11,1,retriever,dense_retrieve|sparse_retrieve|hybrid_retrieve|hybrid_rerank,hybrid_rerank,-0.02,0,grader,0.567351,-0.053768,0.152496,0.896416,0.567351,-0.053768,0.152496,0.896416,0.7836755514144897,12,0.5762481316924095,0.9482079446315765,,,,,,,,,,
11,2,grader,keep_all|loose_filter|medium_filter|strict_filter|rerank_only,loose_filter,-0.07,0,generator,0.352838,-0.149535,0.515522,,0.352838,-0.149535,0.515522,0.0,,,,,,,0.6764188706874847,0.8275698237121105,0.7577607929706573,,,,,
11,3,generator,generate_answer|generate_with_strict_citations|generate_short_answer,generate_answer,-0.07,0,verifier,-0.223219,-0.480424,-0.08981,0.448823,-0.223219,-0.480424,-0.08981,0.448823,,,,,,,,,,0.388390488922596,0.25978781282901764,298,0.7244112938642502,
11,4,verifier,verify_answer,verify_answer,0.7227,1,,0.141819,,,,0.141819,0.0,0.0,0.0,,,,,,,,,,,,,,0.5709095522761345
12,1,retriever,dense_retrieve|sparse_retrieve|hybrid_retrieve|hybrid_rerank,hybrid_retrieve,-0.02,0,grader,0.10738,0.309853,-0.315739,0.715772,0.10738,0.309853,-0.315739,0.715772,0.5536902025341988,14,0.3421303480863571,0.857886016368866,,,,,,,,,,
12,2,grader,keep_all|loose_filter|medium_filter|strict_filter|rerank_only,loose_filter,-0.07,0,generator,0.107877,-0.054746,0.470645,,0.107877,-0.054746,0.470645,0.0,,,,,,,0.5539385974407196,0.8417881175875663,0.7353225648403168,,,,,
12,3,generator,generate_answer|generate_with_strict_citations|generate_short_answer,generate_answer,-0.07,0,verifier,-0.230714,-0.373306,-0.002506,0.412653,-0.230714,-0.373306,-0.002506,0.412653,,,,,,,,,,0.38464323431253433,0.31334714591503143,307,0.7063263207674026,
12,4,verifier,verify_answer,verify_answer,-0.07,0,verifier,0.717617,,,,0.717617,0.0,0.0,0.0,,,,,,,,,,,,,,0.8588085472583771
12,5,verifier,request_regeneration|request_more_retrieval|request_rewrite,request_regeneration,-0.07,0,generator,0.968393,,,,0.968393,0.0,0.0,0.0,,,,,,,,,,,,,,0.9841966331005096
12,6,generator,generate_answer|generate_with_strict_citations|generate_short_answer|regenerate,generate_short_answer,-0.07,0,verifier,-0.425446,-0.621796,0.228184,0.258539,-0.425446,-0.621796,0.228184,0.258539,,,,,,,,,,0.28727705776691437,0.18910178542137146,321,0.6292692571878433,
12,7,verifier,verify_answer,verify_answer,0.6912,1,,0.771742,,,,0.771742,0.0,0.0,0.0,,,,,,,,,,,,,,0.8858708739280701
13,1,retriever,dense_retrieve|sparse_retrieve|hybrid_retrieve|hybrid_rerank,dense_retrieve,-0.02,0,grader,0.554179,0.188447,-0.184742,0.589353,0.554179,0.188447,-0.184742,0.589353,0.7770892679691315,13,0.40762919187545776,0.7946763336658478,,,,,,,,,,
13,2,grader,keep_all|loose_filter|medium_filter|strict_filter|rerank_only,loose_filter,-0.07,0,generator,0.24267,-0.425539,0.576748,,0.24267,-0.425539,0.576748,0.0,,,,,,,0.6213351637125015,0.7861691161990165,0.7883742153644562,,,,,
13,3,generator,generate_answer|generate_with_strict_citations|generate_short_answer,generate_answer,-0.07,0,verifier,-0.133399,-0.364183,-0.03702,0.415275,-0.133399,-0.364183,-0.03702,0.415275,,,,,,,,,,0.4333004057407379,0.3179085999727249,303,0.7076372653245926,
13,4,verifier,verify_answer,verify_answer,0.6663,1,,0.623384,,,,0.623384,0.0,0.0,0.0,,,,,,,,,,,,,,0.8116921782493591
14,1,retriever,dense_retrieve|sparse_retrieve|hybrid_retrieve|hybrid_rerank,hybrid_rerank,-0.02,0,grader,0.67659,0.309626,0.030436,0.718924,0.67659,0.309626,0.030436,0.718924,0.8382948637008667,14,0.515218099579215,0.8594622313976288,,,,,,,,,,
14,2,grader,keep_all|loose_filter|medium_filter|strict_filter|rerank_only,loose_filter,-0.07,0,generator,0.364933,-0.200911,0.448766,,0.364933,-0.200911,0.448766,0.0,,,,,,,0.6824665069580078,0.8198633566498756,0.7243828624486923,,,,,
14,3,generator,generate_answer|generate_with_strict_citations|generate_short_answer,generate_short_answer,-0.07,0,verifier,-0.008245,-0.462457,-0.2047,0.173049,-0.008245,-0.462457,-0.2047,0.173049,,,,,,,,,,0.4958776985295117,0.2687714993953705,248,0.5865243151783943,
14,4,verifier,verify_answer,verify_answer,-0.07,0,verifier,0.553217,,,,0.553217,0.0,0.0,0.0,,,,,,,,,,,,,,0.7766085565090179
14,5,verifier,request_regeneration|request_more_retrieval|request_rewrite,request_regeneration,-0.07,0,generator,0.552862,,,,0.552862,0.0,0.0,0.0,,,,,,,,,,,,,,0.7764311730861664
14,6,generator,generate_answer|generate_with_strict_citations|generate_short_answer|regenerate,generate_short_answer,-0.07,0,verifier,0.120716,-0.530182,-0.26384,0.344504,0.120716,-0.530182,-0.26384,0.344504,,,,,,,,,,0.5603580549359322,0.234908789396286,260,0.6722518503665924,
14,7,verifier,verify_answer,verify_answer,-0.07,0,verifier,0.28781,,,,0.28781,0.0,0.0,0.0,,,,,,,,,,,,,,0.643904909491539
14,8,verifier,request_regeneration|request_more_retrieval|request_rewrite,request_more_retrieval,-0.07,0,retriever,-0.081638,,,,-0.081638,0.0,0.0,0.0,,,,,,,,,,,,,,0.4591810666024685
14,9,retriever,retrieve_more,retrieve_more,-0.02,0,grader,-0.350083,-0.352575,-0.091237,0.669443,-0.350083,-0.352575,-0.091237,0.669443,0.3249586969614029,9,0.45438162237405777,0.8347213566303253,,,,,,,,,,
14,10,grader,keep_all|loose_filter|medium_filter|strict_filter|rerank_only,loose_filter,-0.07,0,generator,0.207231,-0.157567,0.587599,,0.207231,-0.157567,0.587599,0.0,,,,,,,0.6036155074834824,0.8263650067150592,0.793799638748169,,,,,
14,11,generator,generate_answer|generate_with_strict_citations|generate_short_answer,generate_short_answer,-0.07,0,verifier,-0.55987,-0.608112,0.224597,-0.468101,-0.55987,-0.608112,0.224597,-0.468101,,,,,,,,,,0.220065176486969,0.19594401121139526,217,0.26594941318035126,
14,12,verifier,verify_answer,verify_answer,0.1498,1,,-0.359123,,,,-0.359123,0.0,0.0,0.0,,,,,,,,,,,,,,0.32043853402137756
15,1,retriever,dense_retrieve|sparse_retrieve|hybrid_retrieve|hybrid_rerank,hybrid_rerank,-0.02,0,grader,-0.381258,-0.344988,0.153473,0.682103,-0.381258,-0.344988,0.153473,0.682103,0.3093711882829666,9,0.5767363086342812,0.8410512506961823,,,,,,,,,,
15,2,grader,keep_all|loose_filter|medium_filter|strict_filter|rerank_only,loose_filter,-0.07,0,generator,-0.635523,-0.631726,0.404765,,-0.635523,-0.631726,0.404765,0.0,,,,,,,0.18223831057548523,0.7552410602569579,0.7023824155330658,,,,,
15,3,generator,generate_answer|generate_with_strict_citations|generate_short_answer,generate_short_answer,-0.07,0,verifier,-0.935602,-0.592145,0.513384,-0.411115,-0.935602,-0.592145,0.513384,-0.411115,,,,,,,,,,0.032198816537857056,0.2039276361465454,255,0.294442281126976,
15,4,verifier,verify_answer,verify_answer,0.7178,1,,-0.294919,,,,-0.294919,0.0,0.0,0.0,,,,,,,,,,,,,,0.3525402992963791
16,1,retriever,dense_retrieve|sparse_retrieve|hybrid_retrieve|hybrid_rerank,hybrid_rerank,-0.02,0,grader,-0.579878,-0.381001,0.093741,0.67946,-0.579878,-0.381001,0.093741,0.67946,0.21006080508232117,9,0.5468706041574478,0.8397300243377686,,,,,,,,,,
16,2,grader,keep_all|loose_filter|medium_filter|strict_filter|rerank_only,loose_filter,-0.07,0,generator,-0.78103,-0.93132,0.44624,,-0.78103,-0.93132,0.44624,0.0,,,,,,,0.10948517918586731,0.7103020697832108,0.7231198996305466,,,,,
16,3,generator,generate_answer|generate_with_strict_citations|generate_short_answer,generate_short_answer,-0.07,0,verifier,-0.827721,-0.759511,0.166638,-0.713887,-0.827721,-0.759511,0.166638,-0.713887,,,,,,,,,,0.08613955974578857,0.12024474143981934,178,0.14305660128593445,
16,4,verifier,verify_answer,verify_answer,0.6878,1,,-0.728821,,,,-0.728821,0.0,0.0,0.0,,,,,,,,,,,,,,0.13558942079544067
17,1,retriever,dense_retrieve|sparse_retrieve|hybrid_retrieve|hybrid_rerank,hybrid_rerank,-0.02,0,grader,-0.778577,-1.0,0.084866,0.408156,-0.778577,-1.0,0.084866,0.408156,0.11071154475212097,5,0.5424328446388245,0.704077959060669,,,,,,,,,,
17,2,grader,keep_all|loose_filter|medium_filter|strict_filter|rerank_only,rerank_only,-0.07,0,generator,-0.629367,-0.818522,0.133559,,-0.629367,-0.818522,0.133559,0.0,,,,,,,0.1853162944316864,0.7272217482328415,0.5667796805500984,,,,,
17,3,generator,generate_answer|generate_with_strict_citations|generate_short_answer,generate_short_answer,-0.07,0,verifier,-1.0,-0.535351,0.067171,-0.566432,-1.0,-0.535351,0.067171,-0.566432,,,,,,,,,,0.0,0.232324481010437,189,0.21678394079208374,
17,4,verifier,verify_answer,verify_answer,0.7486,1,,-0.858278,,,,-0.858278,0.0,0.0,0.0,,,,,,,,,,,,,,0.07086116075515747
18,1,retriever,dense_retrieve|sparse_retrieve|hybrid_retrieve|hybrid_rerank,sparse_retrieve,-0.02,0,grader,-0.881582,-0.775155,-0.008358,0.910748,-0.881582,-0.775155,-0.008358,0.910748,0.05920898914337158,6,0.4958212422206998,0.9553742110729218,,,,,,,,,,
18,2,grader,keep_all|loose_filter|medium_filter|strict_filter|rerank_only,rerank_only,-0.07,0,generator,-0.613235,-0.860736,0.192686,,-0.613235,-0.860736,0.192686,0.0,,,,,,,0.19338271021842957,0.7208895802497863,0.5963427871465683,,,,,
18,3,generator,generate_answer|generate_with_strict_citations|generate_short_answer,generate_short_answer,-0.07,0,verifier,-0.94508,-0.829008,0.184409,-0.505255,-0.94508,-0.829008,0.184409,-0.505255,,,,,,,,,,0.02745997905731201,0.08549606800079346,208,0.24737229943275452,
18,4,verifier,verify_answer,verify_answer,0.7838,1,,-0.821249,,,,-0.821249,0.0,0.0,0.0,,,,,,,,,,,,,,0.08937573432922363
19,1,retriever,dense_retrieve|sparse_retrieve|hybrid_retrieve|hybrid_rerank,sparse_retrieve,-0.02,0,grader,-0.919895,-1.0,-0.336783,0.730495,-0.919895,-1.0,-0.336783,0.730495,0.04005241394042969,5,0.3316084146499634,0.865247368812561,,,,,,,,,,
19,2,grader,keep_all|loose_filter|medium_filter|strict_filter|rerank_only,rerank_only,-0.07,0,generator,-0.783828,-0.739967,0.003855,,-0.783828,-0.739967,0.003855,0.0,,,,,,,0.10808610916137695,0.7390050143003464,0.5019274440128356,,,,,
19,3,generator,generate_answer|generate_with_strict_citations|generate_short_answer,generate_short_answer,-0.07,0,verifier,-0.91902,-0.958886,-0.212265,-0.580006,-0.91902,-0.958886,-0.212265,-0.580006,,,,,,,,,,0.04049023985862732,0.020557016134262085,161,0.20999684929847717,
19,4,verifier,verify_answer,verify_answer,0.3961,1,,-1.0,,,,-1.0,0.0,0.0,0.0,,,,,,,,,,,,,,0.0
20,1,retriever,dense_retrieve|sparse_retrieve|hybrid_retrieve|hybrid_rerank,sparse_retrieve,-0.02,0,grader,-0.971347,-1.0,-0.466748,0.345371,-0.971347,-1.0,-0.466748,0.345371,0.01432657241821289,5,0.26662616431713104,0.6726853251457214,,,,,,,,,,
20,2,grader,keep_all|loose_filter|medium_filter|strict_filter|rerank_only,rerank_only,-0.07,0,generator,-0.679248,-0.832082,-0.260687,,-0.679248,-0.832082,-0.260687,0.0,,,,,,,0.16037577390670776,0.7251876503229141,0.36965659260749817,,,,,
20,3,generator,generate_answer|generate_with_strict_citations|generate_short_answer,generate_short_answer,-0.07,0,verifier,-0.843287,-0.988823,-0.280493,-0.810101,-0.843287,-0.988823,-0.280493,-0.810101,,,,,,,,,,0.07835662364959717,0.005588740110397339,130,0.09494957327842712,
20,4,verifier,verify_answer,verify_answer,0.5458,1,,-1.0,,,,-1.0,0.0,0.0,0.0,,,,,,,,,,,,,,0.0
21,1,retriever,dense_retrieve|sparse_retrieve|hybrid_retrieve|hybrid_rerank,sparse_retrieve,-0.02,0,grader,-1.0,-0.885176,-0.54501,0.489783,-1.0,-0.885176,-0.54501,0.489783,0.0,5,0.22749513387680054,0.7448917031288147,,,,,,,,,,
21,2,grader,keep_all|loose_filter|medium_filter|strict_filter|rerank_only,rerank_only,-0.07,0,generator,-0.567554,-0.805563,-0.679779,,-0.567554,-0.805563,-0.679779,0.0,,,,,,,0.21622294187545776,0.729165580868721,0.16011032462120056,,,,,
21,3,generator,generate_answer|generate_with_strict_citations|generate_short_answer,generate_short_answer,-0.07,0,verifier,-0.93168,-0.831137,-0.275809,-0.732649,-0.93168,-0.831137,-0.275809,-0.732649,,,,,,,,,,0.03415989875793457,0.08443167805671692,139,0.1336756944656372,
21,4,verifier,verify_answer,verify_answer,0.524,1,,-1.0,,,,-1.0,0.0,0.0,0.0,,,,,,,,,,,,,,0.0
22,1,retriever,dense_retrieve|sparse_retrieve|hybrid_retrieve|hybrid_rerank,sparse_retrieve,-0.02,0,grader,-0.672159,-0.904671,-0.945691,0.196248,-0.672159,-0.904671,-0.945691,0.196248,0.1639203131198883,5,0.02715456485748291,0.5981239005923271,,,,,,,,,,
22,2,grader,keep_all|loose_filter|medium_filter|strict_filter|rerank_only,rerank_only,-0.07,0,generator,-0.807136,-0.9375,-0.779846,,-0.807136,-0.9375,-0.779846,0.0,,,,,,,0.09643206000328064,0.7093749731779098,0.11007687449455261,,,,,
22,3,generator,generate_answer|generate_with_strict_citations|generate_short_answer,generate_short_answer,-0.07,0,verifier,-0.982781,-1.0,-0.418636,-0.953922,-0.982781,-1.0,-0.418636,-0.953922,,,,,,,,,,0.008609741926193237,0.0,128,0.023038804531097412,
22,4,verifier,verify_answer,verify_answer,0.765,1,,-0.865196,,,,-0.865196,0.0,0.0,0.0,,,,,,,,,,,,,,0.06740188598632812
23,1,retriever,dense_retrieve|sparse_retrieve|hybrid_retrieve|hybrid_rerank,sparse_retrieve,-0.02,0,grader,-0.855323,-1.0,-0.938541,0.552502,-0.855323,-1.0,-0.938541,0.552502,0.07233834266662598,5,0.03072941303253174,0.7762512266635895,,,,,,,,,,
23,2,grader,keep_all|loose_filter|medium_filter|strict_filter|rerank_only,rerank_only,-0.07,0,generator,-0.635347,-0.756468,-0.600894,,-0.635347,-0.756468,-0.600894,0.0,,,,,,,0.18232661485671997,0.736529728770256,0.19955304265022278,,,,,
23,3,generator,generate_answer|generate_with_strict_citations|generate_short_answer,generate_short_answer,-0.07,0,verifier,-1.0,-0.946009,-0.561895,-0.872613,-1.0,-0.946009,-0.561895,-0.872613,,,,,,,,,,0.0,0.026995688676834106,128,0.06369340419769287,
23,4,verifier,verify_answer,verify_answer,0.7951,1,,-0.898847,,,,-0.898847,0.0,0.0,0.0,,,,,,,,,,,,,,0.050576746463775635
24,1,retriever,dense_retrieve|sparse_retrieve|hybrid_retrieve|hybrid_rerank,sparse_retrieve,-0.02,0,grader,-0.74177,-1.0,-0.873365,0.284827,-0.74177,-1.0,-0.873365,0.284827,0.12911492586135864,5,0.06331765651702881,0.6424136459827423,,,,,,,,,,
24,2,grader,keep_all|loose_filter|medium_filter|strict_filter|rerank_only,rerank_only,-0.07,0,generator,-0.93239,-1.0,-0.850368,,-0.93239,-1.0,-0.850368,0.0,,,,,,,0.03380477428436279,0.7,0.07481613755226135,,,,,
24,3,generator,generate_answer|generate_with_strict_citations|generate_short_answer,generate_short_answer,-0.07,0,verifier,-0.959038,-0.775841,-0.513137,-0.966836,-0.959038,-0.775841,-0.513137,-0.966836,,,,,,,,,,0.020481139421463013,0.11207965016365051,128,0.016582012176513672,
24,4,verifier,verify_answer,verify_answer,0.738,1,,-0.790829,,,,-0.790829,0.0,0.0,0.0,,,,,,,,,,,,,,0.10458564758300781
25,1,retriever,dense_retrieve|sparse_retrieve|hybrid_retrieve|hybrid_rerank,sparse_retrieve,-0.02,0,grader,-1.0,-0.927613,-0.991162,-0.035881,-1.0,-0.927613,-0.991162,-0.035881,0.0,5,0.004419147968292236,0.4820593111217022,,,,,,,,,,
25,2,grader,keep_all|loose_filter|medium_filter|strict_filter|rerank_only,rerank_only,-0.07,0,generator,-0.705955,-1.0,-0.733819,,-0.705955,-1.0,-0.733819,0.0,,,,,,,0.14702266454696655,0.7,0.13309067487716675,,,,,
25,3,generator,generate_answer|generate_with_strict_citations|generate_short_answer,generate_short_answer,-0.07,0,verifier,-0.666345,-0.770786,-0.773498,-0.783452,-0.666345,-0.770786,-0.773498,-0.783452,,,,,,,,,,0.16682729125022888,0.11460724472999573,128,0.10827389359474182,
25,4,verifier,verify_answer,verify_answer,0.4926,1,,-1.0,,,,-1.0,0.0,0.0,0.0,,,,,,,,,,,,,,0.0
26,1,retriever,dense_retrieve|sparse_retrieve|hybrid_retrieve|hybrid_rerank,sparse_retrieve,-0.02,0,grader,-0.810186,-0.692566,-0.848672,-0.205446,-0.810186,-0.692566,-0.848672,-0.205446,0.09490686655044556,7,0.07566380500793457,0.397276908159256,,,,,,,,,,
26,2,grader,keep_all|loose_filter|medium_filter|strict_filter|rerank_only,rerank_only,-0.07,0,generator,-0.384512,-0.876319,-1.0,,-0.384512,-0.876319,-1.0,0.0,,,,,,,0.3077441304922104,0.718552204966545,0.0,,,,,
26,3,generator,generate_answer|generate_with_strict_citations|generate_short_answer,generate_short_answer,-0.07,0,verifier,-1.0,-0.948016,-0.760705,-1.0,-1.0,-0.948016,-0.760705,-1.0,,,,,,,,,,0.0,0.02599203586578369,128,0.0,
26,4,verifier,verify_answer,verify_answer,0.7929,1,,-0.510367,,,,-0.510367,0.0,0.0,0.0,,,,,,,,,,,,,,0.24481630325317383
27,1,retriever,dense_retrieve|sparse_retrieve|hybrid_retrieve|hybrid_rerank,sparse_retrieve,-0.02,0,grader,-1.0,-0.781753,-0.950349,0.108631,-1.0,-0.781753,-0.950349,0.108631,0.0,6,0.024825572967529297,0.5543153136968613,,,,,,,,,,
27,2,grader,keep_all|loose_filter|medium_filter|strict_filter|rerank_only,rerank_only,-0.07,0,generator,-0.088438,-0.963492,-0.941358,,-0.088438,-0.963492,-0.941358,0.0,,,,,,,0.45578087866306305,0.7054762303829193,0.029320836067199707,,,,,
27,3,generator,generate_answer|generate_with_strict_citations|generate_short_answer,generate_short_answer,-0.07,0,verifier,-0.716656,-0.772,-0.76817,-0.94963,-0.716656,-0.772,-0.76817,-0.94963,,,,,,,,,,0.1416718065738678,0.11400002241134644,128,0.025184929370880127,
27,4,verifier,verify_answer,verify_answer,0.5816,1,,-1.0,,,,-1.0,0.0,0.0,0.0,,,,,,,,,,,,,,0.0
28,1,retriever,dense_retrieve|sparse_retrieve|hybrid_retrieve|hybrid_rerank,sparse_retrieve,-0.02,0,grader,-0.956932,-1.0,-0.966558,-0.152022,-0.956932,-1.0,-0.966558,-0.152022,0.02153414487838745,5,0.01672115921974182,0.4239891320466995,,,,,,,,,,
28,2,grader,keep_all|loose_filter|medium_filter|strict_filter|rerank_only,rerank_only,-0.07,0,generator,-0.272378,-0.825884,-1.0,,-0.272378,-0.825884,-1.0,0.0,,,,,,,0.36381107568740845,0.7261173397302627,0.0,,,,,
28,3,generator,generate_answer|generate_with_strict_citations|generate_short_answer,generate_short_answer,-0.07,0,verifier,-0.681529,-1.0,-1.0,-0.739481,-0.681529,-1.0,-1.0,-0.739481,,,,,,,,,,0.15923574566841125,0.0,128,0.13025927543640137,
28,4,verifier,verify_answer,verify_answer,0.6658,1,,-0.978832,,,,-0.978832,0.0,0.0,0.0,,,,,,,,,,,,,,0.010584205389022827
29,1,retriever,dense_retrieve|sparse_retrieve|hybrid_retrieve|hybrid_rerank,sparse_retrieve,-0.02,0,grader,-0.967243,-0.904666,-0.782878,-0.553127,-0.967243,-0.904666,-0.782878,-0.553127,0.016378283500671387,5,0.10856077075004578,0.22343653440475464,,,,,,,,,,
29,2,grader,keep_all|loose_filter|medium_filter|strict_filter|rerank_only,rerank_only,-0.07,0,generator,0.033829,-0.877166,-1.0,,0.033829,-0.877166,-1.0,0.0,,,,,,,0.5169144794344902,0.7184250593185424,0.0,,,,,
29,3,generator,generate_answer|generate_with_strict_citations|generate_short_answer,generate_short_answer,-0.07,0,verifier,-0.661538,-1.0,-0.863629,-0.721758,-0.661538,-1.0,-0.863629,-0.721758,,,,,,,,,,0.1692308485507965,0.0,128,0.13912084698677063,
29,4,verifier,verify_answer,verify_answer,0.6384,1,,-1.0,,,,-1.0,0.0,0.0,0.0,,,,,,,,,,,,,,0.0
30,1,retriever,dense_retrieve|sparse_retrieve|hybrid_retrieve|hybrid_rerank,sparse_retrieve,-0.02,0,grader,-0.964115,-0.977942,-1.0,-0.640244,-0.964115,-0.977942,-1.0,-0.640244,0.0179426372051239,5,0.0,0.17987781763076782,,,,,,,,,,
30,2,grader,keep_all|loose_filter|medium_filter|strict_filter|rerank_only,rerank_only,-0.07,0,generator,0.075396,-0.949709,-1.0,,0.075396,-0.949709,-1.0,0.0,,,,,,,0.537697896361351,0.7075437128543853,0.0,,,,,
30,3,generator,generate_answer|generate_with_strict_citations|generate_short_answer,generate_short_answer,-0.07,0,verifier,-0.804502,-0.977113,-0.731872,-0.870981,-0.804502,-0.977113,-0.731872,-0.870981,,,,,,,,,,0.09774896502494812,0.011443376541137695,128,0.06450939178466797,
30,4,verifier,verify_answer,verify_answer,0.824,1,,-1.0,,,,-1.0,0.0,0.0,0.0,,,,,,,,,,,,,,0.0
31,1,retriever,dense_retrieve|sparse_retrieve|hybrid_retrieve|hybrid_rerank,sparse_retrieve,-0.02,0,grader,-0.88767,-0.957076,-1.0,-0.810085,-0.88767,-0.957076,-1.0,-0.810085,0.056164950132369995,5,0.0,0.09495729207992554,,,,,,,,,,
31,2,grader,keep_all|loose_filter|medium_filter|strict_filter|rerank_only,rerank_only,-0.07,0,generator,0.252446,-0.798828,-1.0,,0.252446,-0.798828,-1.0,0.0,,,,,,,0.6262229681015015,0.7301757991313934,0.0,,,,,
31,3,generator,generate_answer|generate_with_strict_citations|generate_short_answer,generate_short_answer,-0.07,0,verifier,-0.606324,-0.915693,-0.604743,-0.801852,-0.606324,-0.915693,-0.604743,-0.801852,,,,,,,,,,0.19683822989463806,0.04215368628501892,128,0.09907376766204834,
31,4,verifier,verify_answer,verify_answer,0.8509,1,,-0.830673,,,,-0.830673,0.0,0.0,0.0,,,,,,,,,,,,,,0.08466362953186035
32,1,retriever,dense_retrieve|sparse_retrieve|hybrid_retrieve|hybrid_rerank,sparse_retrieve,-0.02,0,grader,-1.0,-1.0,-0.883379,-0.646948,-1.0,-1.0,-0.883379,-0.646948,0.0,5,0.05831068754196167,0.17652598023414612,,,,,,,,,,
32,2,grader,keep_all|loose_filter|medium_filter|strict_filter|rerank_only,rerank_only,-0.07,0,generator,0.181661,-0.860972,-1.0,,0.181661,-0.860972,-1.0,0.0,,,,,,,0.5908307358622551,0.7208542466163634,0.0,,,,,
32,3,generator,generate_answer|generate_with_strict_citations|generate_short_answer,generate_short_answer,-0.07,0,verifier,-0.363558,-0.783483,-0.938134,-1.0,-0.363558,-0.783483,-0.938134,-1.0,,,,,,,,,,0.3182210475206375,0.10825866460800171,128,0.0,
32,4,verifier,verify_answer,verify_answer,0.403,1,,-1.0,,,,-1.0,0.0,0.0,0.0,,,,,,,,,,,,,,0.0
33,1,retriever,dense_retrieve|sparse_retrieve|hybrid_retrieve|hybrid_rerank,sparse_retrieve,-0.02,0,grader,-0.999756,-1.0,-0.766445,-0.916462,-0.999756,-1.0,-0.766445,-0.916462,0.0001220405101776123,5,0.11677750945091248,0.04176896810531616,,,,,,,,,,
33,2,grader,keep_all|loose_filter|medium_filter|strict_filter|rerank_only,rerank_only,-0.07,0,generator,0.331058,-0.722746,-0.900937,,0.331058,-0.722746,-0.900937,0.0,,,,,,,0.665528878569603,0.7415881156921387,0.049531519412994385,,,,,
33,3,generator,generate_answer|generate_with_strict_citations|generate_short_answer,generate_short_answer,-0.07,0,verifier,-0.05653,-0.909866,-0.977181,-0.954457,-0.05653,-0.909866,-0.977181,-0.954457,,,,,,,,,,0.47173491679131985,0.045067012310028076,128,0.022771328687667847,
33,4,verifier,verify_answer,verify_answer,0.6715,1,,-0.786345,,,,-0.786345,0.0,0.0,0.0,,,,,,,,,,,,,,0.1068277359008789
34,1,retriever,dense_retrieve|sparse_retrieve|hybrid_retrieve|hybrid_rerank,sparse_retrieve,-0.02,0,grader,-1.0,-0.839622,-0.81441,-0.947,-1.0,-0.839622,-0.81441,-0.947,0.0,6,0.09279483556747437,0.026499778032302856,,,,,,,,,,
34,2,grader,keep_all|loose_filter|medium_filter|strict_filter|rerank_only,rerank_only,-0.07,0,generator,1.0,-0.501671,-1.0,,1.0,-0.501671,-1.0,0.0,,,,,,,1.0,0.7747493922710418,0.0,,,,,
34,3,generator,generate_answer|generate_with_strict_citations|generate_short_answer,generate_short_answer,-0.07,0,verifier,0.32174,-0.822675,-1.0,-0.890724,0.32174,-0.822675,-1.0,-0.890724,,,,,,,,,,0.660870224237442,0.08866235613822937,128,0.05463787913322449,
34,4,verifier,verify_answer,verify_answer,0.6057,1,,-0.956433,,,,-0.956433,0.0,0.0,0.0,,,,,,,,,,,,,,0.021783649921417236
35,1,retriever,dense_retrieve|sparse_retrieve|hybrid_retrieve|hybrid_rerank,sparse_retrieve,-0.02,0,grader,-0.840332,-1.0,-1.0,-0.599173,-0.840332,-1.0,-1.0,-0.599173,0.07983380556106567,5,0.0,0.20041343569755554,,,,,,,,,,
35,2,grader,keep_all|loose_filter|medium_filter|strict_filter|rerank_only,rerank_only,-0.07,0,generator,0.725236,-0.647038,-0.787634,,0.725236,-0.647038,-0.787634,0.0,,,,,,,0.8626178205013275,0.7529442399740218,0.1061830222606659,,,,,
35,3,generator,generate_answer|generate_with_strict_citations|generate_short_answer,generate_short_answer,-0.07,0,verifier,0.361107,-0.998916,-0.848622,-0.699058,0.361107,-0.998916,-0.848622,-0.699058,,,,,,,,,,0.6805536597967148,0.0005421340465545654,128,0.15047097206115723,
35,4,verifier,verify_answer,verify_answer,0.6645,1,,-0.842003,,,,-0.842003,0.0,0.0,0.0,,,,,,,,,,,,,,0.0789983868598938
36,1,retriever,dense_retrieve|sparse_retrieve|hybrid_retrieve|hybrid_rerank,sparse_retrieve,-0.02,0,grader,-0.908148,-0.998637,-0.934694,-0.992565,-0.908148,-0.998637,-0.934694,-0.992565,0.045925796031951904,5,0.032652974128723145,0.003717362880706787,,,,,,,,,,
36,2,grader,keep_all|loose_filter|medium_filter|strict_filter|rerank_only,rerank_only,-0.07,0,generator,0.860773,-0.568272,-0.718982,,0.860773,-0.568272,-0.718982,0.0,,,,,,,0.9303865134716034,0.7647592455148696,0.14050903916358948,,,,,
36,3,generator,generate_answer|generate_with_strict_citations|generate_short_answer,generate_short_answer,-0.07,0,verifier,0.690197,-0.865788,-0.634128,-0.975921,0.690197,-0.865788,-0.634128,-0.975921,,,,,,,,,,0.8450983464717865,0.06710603833198547,128,0.012039363384246826,
36,4,verifier,verify_answer,verify_answer,0.8574,1,,-0.862895,,,,-0.862895,0.0,0.0,0.0,,,,,,,,,,,,,,0.06855231523513794
37,1,retriever,dense_retrieve|sparse_retrieve|hybrid_retrieve|hybrid_rerank,sparse_retrieve,-0.02,0,grader,-1.0,-0.925761,-0.886041,-0.748067,-1.0,-0.925761,-0.886041,-0.748067,0.0,5,0.0569797158241272,0.12596642971038818,,,,,,,,,,
37,2,grader,keep_all|loose_filter|medium_filter|strict_filter|rerank_only,rerank_only,-0.07,0,generator,0.836451,-0.329962,-0.801236,,0.836451,-0.329962,-0.801236,0.0,,,,,,,0.9182257056236267,0.800505769252777,0.09938177466392517,,,,,
37,3,generator,generate_answer|generate_with_strict_citations|generate_short_answer,generate_short_answer,-0.07,0,verifier,0.500024,-0.875522,-0.936773,-0.766348,0.500024,-0.875522,-0.936773,-0.766348,,,,,,,,,,0.7500118017196655,0.06223881244659424,128,0.11682590842247009,
37,4,verifier,verify_answer,verify_answer,0.7644,1,,-0.802675,,,,-0.802675,0.0,0.0,0.0,,,,,,,,,,,,,,0.09866246581077576
38,1,retriever,dense_retrieve|sparse_retrieve|hybrid_retrieve|hybrid_rerank,sparse_retrieve,-0.02,0,grader,-1.0,-0.920449,-1.0,-1.0,-1.0,-0.920449,-1.0,-1.0,0.0,5,0.0,0.0,,,,,,,,,,
38,2,grader,keep_all|loose_filter|medium_filter|strict_filter|rerank_only,rerank_only,-0.07,0,generator,0.764062,-0.595498,-1.0,,0.764062,-0.595498,-1.0,0.0,,,,,,,0.8820307850837708,0.760675349831581,0.0,,,,,
38,3,generator,generate_answer|generate_with_strict_citations|generate_short_answer,generate_short_answer,-0.07,0,verifier,0.930733,-1.0,-1.0,-1.0,0.930733,-1.0,-1.0,-1.0,,,,,,,,,,0.9653666019439697,0.0,128,0.0,
38,4,verifier,verify_answer,verify_answer,0.7909,1,,-0.742824,,,,-0.742824,0.0,0.0,0.0,,,,,,,,,,,,,,0.12858808040618896
39,1,retriever,dense_retrieve|sparse_retrieve|hybrid_retrieve|hybrid_rerank,sparse_retrieve,-0.02,0,grader,-0.768816,-0.973224,-1.0,-0.747714,-0.768816,-0.973224,-1.0,-0.747714,0.11559176445007324,5,0.0,0.1261429786682129,,,,,,,,,,
39,2,grader,keep_all|loose_filter|medium_filter|strict_filter|rerank_only,rerank_only,-0.07,0,generator,1.0,-0.494583,-1.0,,1.0,-0.494583,-1.0,0.0,,,,,,,1.0,0.7758125528693198,0.0,,,,,
39,3,generator,generate_answer|generate_with_strict_citations|generate_short_answer,generate_short_answer,-0.07,0,verifier,0.597214,-0.852595,-0.886001,-1.0,0.597214,-0.852595,-0.886001,-1.0,,,,,,,,,,0.7986071407794952,0.07370227575302124,128,0.0,
39,4,verifier,verify_answer,verify_answer,0.5499,1,,-0.647534,,,,-0.647534,0.0,0.0,0.0,,,,,,,,,,,,,,0.1762329339981079
40,1,retriever,dense_retrieve|sparse_retrieve|hybrid_retrieve|hybrid_rerank,sparse_retrieve,-0.02,0,grader,-0.87673,-1.0,-0.743757,-0.922453,-0.87673,-1.0,-0.743757,-0.922453,0.06163489818572998,5,0.12812137603759766,0.038773536682128906,,,,,,,,,,
40,2,grader,keep_all|loose_filter|medium_filter|strict_filter|rerank_only,rerank_only,-0.07,0,generator,1.0,-0.535787,-0.676598,,1.0,-0.535787,-0.676598,0.0,,,,,,,1.0,0.7696320235729217,0.1617012321949005,,,,,
40,3,generator,generate_answer|generate_with_strict_citations|generate_short_answer,generate_short_answer,-0.07,0,verifier,1.0,-0.903507,-0.715752,-1.0,1.0,-0.903507,-0.715752,-1.0,,,,,,,,,,1.0,0.048246413469314575,128,0.0,
40,4,verifier,verify_answer,verify_answer,0.5185,1,,-0.641175,,,,-0.641175,0.0,0.0,0.0,,,,,,,,,,,,,,0.17941242456436157
41,1,retriever,dense_retrieve|sparse_retrieve|hybrid_retrieve|hybrid_rerank,sparse_retrieve,-0.02,0,grader,-1.0,-0.991387,-1.0,-0.997568,-1.0,-0.991387,-1.0,-0.997568,0.0,5,0.0,0.001216113567352295,,,,,,,,,,
41,2,grader,keep_all|loose_filter|medium_filter|strict_filter|rerank_only,rerank_only,-0.07,0,generator,1.0,-0.60946,-1.0,,1.0,-0.60946,-1.0,0.0,,,,,,,1.0,0.7585809916257857,0.0,,,,,
41,3,generator,generate_answer|generate_with_strict_citations|generate_short_answer,generate_short_answer,-0.07,0,verifier,0.792705,-0.838831,-0.680715,-1.0,0.792705,-0.838831,-0.680715,-1.0,,,,,,,,,,0.8963522911071777,0.08058434724807739,128,0.0,
41,4,verifier,verify_answer,verify_answer,0.3954,1,,-0.601814,,,,-0.601814,0.0,0.0,0.0,,,,,,,,,,,,,,0.19909295439720154
42,1,retriever,dense_retrieve|sparse_retrieve|hybrid_retrieve|hybrid_rerank,sparse_retrieve,-0.02,0,grader,-1.0,-1.0,-0.966599,-1.0,-1.0,-1.0,-0.966599,-1.0,0.0,5,0.016700565814971924,0.0,,,,,,,,,,
42,2,grader,keep_all|loose_filter|medium_filter|strict_filter|rerank_only,rerank_only,-0.07,0,generator,1.0,-0.259737,-0.837017,,1.0,-0.259737,-0.837017,0.0,,,,,,,1.0,0.8110395103693008,0.08149129152297974,,,,,
42,3,generator,generate_answer|generate_with_strict_citations|generate_short_answer,generate_short_answer,-0.07,0,verifier,1.0,-0.818143,-1.0,-0.895888,1.0,-0.818143,-1.0,-0.895888,,,,,,,,,,1.0,0.09092840552330017,128,0.052056074142456055,
42,4,verifier,verify_answer,verify_answer,0.8484,1,,-0.388624,,,,-0.388624,0.0,0.0,0.0,,,,,,,,,,,,,,0.305687814950943
43,1,retriever,dense_retrieve|sparse_retrieve|hybrid_retrieve|hybrid_rerank,sparse_retrieve,-0.02,0,grader,-1.0,-0.750308,-1.0,-1.0,-1.0,-0.750308,-1.0,-1.0,0.0,6,0.0,0.0,,,,,,,,,,
43,2,grader,keep_all|loose_filter|medium_filter|strict_filter|rerank_only,rerank_only,-0.07,0,generator,0.873002,-0.049401,-0.817326,,0.873002,-0.049401,-0.817326,0.0,,,,,,,0.9365010857582092,0.8425898114219308,0.0913369357585907,,,,,
43,3,generator,generate_answer|generate_with_strict_citations|generate_short_answer,generate_short_answer,-0.07,0,verifier,0.857623,-0.770802,-0.654568,-1.0,0.857623,-0.770802,-0.654568,-1.0,,,,,,,,,,0.9288115799427032,0.11459887027740479,128,0.0,
43,4,verifier,verify_answer,verify_answer,0.8235,1,,-0.29103,,,,-0.29103,0.0,0.0,0.0,,,,,,,,,,,,,,0.35448509454727173
44,1,retriever,dense_retrieve|sparse_retrieve|hybrid_retrieve|hybrid_rerank,sparse_retrieve,-0.02,0,grader,-0.753701,-1.0,-1.0,-0.87641,-0.753701,-1.0,-1.0,-0.87641,0.12314954400062561,5,0.0,0.06179523468017578,,,,,,,,,,
44,2,grader,keep_all|loose_filter|medium_filter|strict_filter|rerank_only,rerank_only,-0.07,0,generator,1.0,-0.039643,-0.842488,,1.0,-0.039643,-0.842488,0.0,,,,,,,1.0,0.8440534794703125,0.07875582575798035,,,,,
44,3,generator,generate_answer|generate_with_strict_citations|generate_short_answer,generate_short_answer,-0.07,0,verifier,0.950437,-0.950096,-0.857923,-1.0,0.950437,-0.950096,-0.857923,-1.0,,,,,,,,,,0.9752184748649597,0.02495214343070984,128,0.0,
44,4,verifier,verify_answer,verify_answer,0.6838,1,,-0.198031,,,,-0.198031,0.0,0.0,0.0,,,,,,,,,,,,,,0.40098436176776886
45,1,retriever,dense_retrieve|sparse_retrieve|hybrid_retrieve|hybrid_rerank,sparse_retrieve,-0.02,0,grader,-1.0,-1.0,-0.979666,-1.0,-1.0,-1.0,-0.979666,-1.0,0.0,5,0.010166764259338379,0.0,,,,,,,,,,
45,2,grader,keep_all|loose_filter|medium_filter|strict_filter|rerank_only,rerank_only,-0.07,0,generator,0.936477,0.142849,-0.912297,,0.936477,0.142849,-0.912297,0.0,,,,,,,0.9682387411594391,0.8714273497462273,0.0438515841960907,,,,,
45,3,generator,generate_answer|generate_with_strict_citations|generate_short_answer,generate_short_answer,-0.07,0,verifier,0.710349,-1.0,-1.0,-1.0,0.710349,-1.0,-1.0,-1.0,,,,,,,,,,0.8551742732524872,0.0,128,0.0,
45,4,verifier,verify_answer,verify_answer,0.5132,1,,-0.311,,,,-0.311,0.0,0.0,0.0,,,,,,,,,,,,,,0.3445000797510147
46,1,retriever,dense_retrieve|sparse_retrieve|hybrid_retrieve|hybrid_rerank,sparse_retrieve,-0.02,0,grader,-0.978965,-0.689146,-0.862266,-1.0,-0.978965,-0.689146,-0.862266,-1.0,0.010517627000808716,7,0.06886717677116394,0.0,,,,,,,,,,
46,2,grader,keep_all|loose_filter|medium_filter|strict_filter|rerank_only,keep_all,-0.07,0,generator,1.0,0.487717,-0.931573,,1.0,0.487717,-0.931573,0.0,,,,,,,1.0,0.9231575325131416,0.03421327471733093,,,,,
46,3,generator,generate_answer|generate_with_strict_citations|generate_short_answer,generate_short_answer,-0.07,0,verifier,0.741891,-0.678531,-1.0,-1.0,0.741891,-0.678531,-1.0,-1.0,,,,,,,,,,0.8709456026554108,0.1607344150543213,128,0.0,
46,4,verifier,verify_answer,verify_answer,0.5951,1,,0.242098,,,,0.242098,0.0,0.0,0.0,,,,,,,,,,,,,,0.6210489496588707
47,1,retriever,dense_retrieve|sparse_retrieve|hybrid_retrieve|hybrid_rerank,sparse_retrieve,-0.02,0,grader,-0.921646,-0.866952,-0.990771,-0.994567,-0.921646,-0.866952,-0.990771,-0.994567,0.039177119731903076,5,0.004614382982254028,0.00271645188331604,,,,,,,,,,
47,2,grader,keep_all|loose_filter|medium_filter|strict_filter|rerank_only,keep_all,-0.07,0,generator,0.99743,0.732637,-0.900801,,0.99743,0.732637,-0.900801,0.0,,,,,,,0.998714953660965,0.9598955482244491,0.049599647521972656,,,,,
47,3,generator,generate_answer|generate_with_strict_citations|generate_short_answer,generate_short_answer,-0.07,0,verifier,1.0,-1.0,-0.86753,-0.901956,1.0,-1.0,-0.86753,-0.901956,,,,,,,,,,1.0,0.0,128,0.04902181029319763,
47,4,verifier,verify_answer,verify_answer,0.7642,1,,0.161022,,,,0.161022,0.0,0.0,0.0,,,,,,,,,,,,,,0.5805108845233917
48,1,retriever,dense_retrieve|sparse_retrieve|hybrid_retrieve|hybrid_rerank,sparse_retrieve,-0.02,0,grader,-0.783339,-0.743139,-0.831117,-0.949493,-0.783339,-0.743139,-0.831117,-0.949493,0.1083306074142456,6,0.08444163203239441,0.0252535343170166,,,,,,,,,,
48,2,grader,keep_all|loose_filter|medium_filter|strict_filter|rerank_only,keep_all,-0.07,0,generator,1.0,0.690184,-0.753576,,1.0,0.690184,-0.753576,0.0,,,,,,,1.0,0.953527545928955,0.12321215867996216,,,,,
48,3,generator,generate_answer|generate_with_strict_citations|generate_short_answer,generate_short_answer,-0.07,0,verifier,0.771489,-1.0,-0.775328,-1.0,0.771489,-1.0,-0.775328,-1.0,,,,,,,,,,0.8857443332672119,0.0,128,0.0,
48,4,verifier,verify_answer,verify_answer,0.8158,1,,-0.005144,,,,-0.005144,0.0,0.0,0.0,,,,,,,,,,,,,,0.49742820765823126
49,1,retriever,dense_retrieve|sparse_retrieve|hybrid_retrieve|hybrid_rerank,sparse_retrieve,-0.02,0,grader,-0.738605,-1.0,-1.0,-0.813757,-0.738605,-1.0,-1.0,-0.813757,0.13069751858711243,5,0.0,0.09312129020690918,,,,,,,,,,
49,2,grader,keep_all|loose_filter|medium_filter|strict_filter|rerank_only,keep_all,-0.07,0,generator,0.970969,0.676193,-0.918109,,0.970969,0.676193,-0.918109,0.0,,,,,,,0.9854844212532043,0.9514289766550064,0.04094567894935608,,,,,
49,3,generator,generate_answer|generate_with_strict_citations|generate_short_answer,generate_short_answer,-0.07,0,verifier,0.910879,-0.852405,-1.0,-0.924119,0.910879,-0.852405,-1.0,-0.924119,,,,,,,,,,0.9554396569728851,0.07379758358001709,128,0.03794068098068237,
49,4,verifier,verify_answer,verify_answer,-0.07,0,verifier,0.368341,,,,0.368341,0.0,0.0,0.0,,,,,,,,,,,,,,0.6841707080602646
49,5,verifier,request_regeneration|request_more_retrieval|request_rewrite,request_more_retrieval,-0.07,0,retriever,-0.028072,,,,-0.028072,0.0,0.0,0.0,,,,,,,,,,,,,,0.48596420232206583
49,6,retriever,retrieve_more,retrieve_more,-0.02,0,grader,-0.957743,-1.0,-1.0,-0.682844,-0.957743,-1.0,-1.0,-0.682844,0.02112850546836853,5,0.0,0.1585780680179596,,,,,,,,,,
49,7,grader,keep_all|loose_filter|medium_filter|strict_filter|rerank_only,keep_all,-0.07,0,generator,1.0,0.570806,-0.859551,,1.0,0.570806,-0.859551,0.0,,,,,,,1.0,0.9356209218502044,0.07022431492805481,,,,,
49,8,generator,generate_answer|generate_with_strict_citations|generate_short_answer,generate_short_answer,-0.07,0,verifier,0.979042,-0.71596,-1.0,-0.883219,0.979042,-0.71596,-1.0,-0.883219,,,,,,,,,,0.9895207583904266,0.1420201063156128,128,0.05839037895202637,
49,9,verifier,verify_answer,verify_answer,-0.07,0,verifier,0.068494,,,,0.068494,0.0,0.0,0.0,,,,,,,,,,,,,,0.5342471748590469
49,10,verifier,request_regeneration|request_more_retrieval|request_rewrite,request_regeneration,-0.07,0,generator,0.132275,,,,0.132275,0.0,0.0,0.0,,,,,,,,,,,,,,0.5661377012729645
49,11,generator,generate_answer|generate_with_strict_citations|generate_short_answer|regenerate,generate_short_answer,-0.07,0,verifier,1.0,-1.0,-1.0,-0.851274,1.0,-1.0,-1.0,-0.851274,,,,,,,,,,1.0,0.0,128,0.07436320185661316,
49,12,verifier,verify_answer,verify_answer,0.4843,1,,0.080686,,,,0.080686,0.0,0.0,0.0,,,,,,,,,,,,,,0.5403430238366127
50,1,retriever,dense_retrieve|sparse_retrieve|hybrid_retrieve|hybrid_rerank,sparse_retrieve,-0.02,0,grader,-0.748483,-1.0,-0.823709,-1.0,-0.748483,-1.0,-0.823709,-1.0,0.12575829029083252,5,0.08814558386802673,0.0,,,,,,,,,,
50,2,grader,keep_all|loose_filter|medium_filter|strict_filter|rerank_only,keep_all,-0.07,0,generator,0.965087,0.898828,-0.911966,,0.965087,0.898828,-0.911966,0.0,,,,,,,0.9825435876846313,0.9848241955041885,0.04401677846908569,,,,,
50,3,generator,generate_answer|generate_with_strict_citations|generate_short_answer,generate_short_answer,-0.07,0,verifier,0.801362,-0.79611,-0.899433,-0.992223,0.801362,-0.79611,-0.899433,-0.992223,,,,,,,,,,0.9006810486316681,0.10194513201713562,128,0.0038886070251464844,
50,4,verifier,verify_answer,verify_answer,0.7953,1,,0.86349,,,,0.86349,0.0,0.0,0.0,,,,,,,,,,,,,,0.9317451119422913
51,1,retriever,dense_retrieve|sparse_retrieve|hybrid_retrieve|hybrid_rerank,sparse_retrieve,-0.02,0,grader,-0.890759,-1.0,-1.0,-0.830676,-0.890759,-1.0,-1.0,-0.830676,0.054620593786239624,5,0.0,0.0846618115901947,,,,,,,,,,
51,2,grader,keep_all|loose_filter|medium_filter|strict_filter|rerank_only,keep_all,-0.07,0,generator,0.993247,0.780324,-1.0,,0.993247,0.780324,-1.0,0.0,,,,,,,0.9966234266757965,0.9670485973358154,0.0,,,,,
51,3,generator,generate_answer|generate_with_strict_citations|generate_short_answer,generate_short_answer,-0.07,0,verifier,1.0,-0.817157,-1.0,-0.97682,1.0,-0.817157,-1.0,-0.97682,,,,,,,,,,1.0,0.09142163395881653,128,0.01158994436264038,
51,4,verifier,verify_answer,verify_answer,0.7308,1,,0.480957,,,,0.480957,0.0,0.0,0.0,,,,,,,,,,,,,,0.7404786944389343
52,1,retriever,dense_retrieve|sparse_retrieve|hybrid_retrieve|hybrid_rerank,sparse_retrieve,-0.02,0,grader,-0.8099,-0.944389,-0.867164,-1.0,-0.8099,-0.944389,-0.867164,-1.0,0.09504994750022888,5,0.06641820073127747,0.0,,,,,,,,,,
52,2,grader,keep_all|loose_filter|medium_filter|strict_filter|rerank_only,keep_all,-0.07,0,generator,1.0,0.879589,-0.694311,,1.0,0.879589,-0.694311,0.0,,,,,,,1.0,0.9819383978843688,0.1528443992137909,,,,,
52,3,generator,generate_answer|generate_with_strict_citations|generate_short_answer,generate_short_answer,-0.07,0,verifier,0.937627,-0.862623,-1.0,-1.0,0.937627,-0.862623,-1.0,-1.0,,,,,,,,,,0.9688136577606201,0.06868869066238403,128,0.0,
52,4,verifier,verify_answer,verify_answer,-0.07,0,verifier,0.613692,,,,0.613692,0.0,0.0,0.0,,,,,,,,,,,,,,0.8068460524082184
52,5,verifier,request_regeneration|request_more_retrieval|request_rewrite,request_regeneration,-0.07,0,generator,0.615188,,,,0.615188,0.0,0.0,0.0,,,,,,,,,,,,,,0.8075942397117615
52,6,generator,generate_answer|generate_with_strict_citations|generate_short_answer|regenerate,generate_short_answer,-0.07,0,verifier,1.0,-0.725682,-0.895948,-0.943881,1.0,-0.725682,-0.895948,-0.943881,,,,,,,,,,1.0,0.1371588110923767,128,0.028059661388397217,
52,7,verifier,verify_answer,verify_answer,-0.07,0,verifier,0.775928,,,,0.775928,0.0,0.0,0.0,,,,,,,,,,,,,,0.8879640400409698
52,8,verifier,request_regeneration|request_more_retrieval|request_rewrite,request_regeneration,-0.07,0,generator,0.776363,,,,0.776363,0.0,0.0,0.0,,,,,,,,,,,,,,0.8881815373897552
52,9,generator,generate_answer|generate_with_strict_citations|generate_short_answer|regenerate,generate_short_answer,-0.07,0,verifier,1.0,-0.83757,-0.732839,-1.0,1.0,-0.83757,-0.732839,-1.0,,,,,,,,,,1.0,0.08121517300605774,128,0.0,
52,10,verifier,verify_answer,verify_answer,0.1853,1,,0.78111,,,,0.78111,0.0,0.0,0.0,,,,,,,,,,,,,,0.8905551135540009
53,1,retriever,dense_retrieve|sparse_retrieve|hybrid_retrieve|hybrid_rerank,sparse_retrieve,-0.02,0,grader,-0.827585,-1.0,-0.922974,-1.0,-0.827585,-1.0,-0.922974,-1.0,0.08620736002922058,5,0.03851291537284851,0.0,,,,,,,,,,
53,2,grader,keep_all|loose_filter|medium_filter|strict_filter|rerank_only,keep_all,-0.07,0,generator,0.932868,0.884579,-0.518162,,0.932868,0.884579,-0.518162,0.0,,,,,,,0.9664342105388641,0.9826867967844009,0.24091902375221252,,,,,
53,3,generator,generate_answer|generate_with_strict_citations|generate_short_answer,generate_short_answer,-0.07,0,verifier,1.0,-0.656848,-0.926385,-0.839786,1.0,-0.656848,-0.926385,-0.839786,,,,,,,,,,1.0,0.17157617211341858,128,0.08010703325271606,
53,4,verifier,verify_answer,verify_answer,-0.07,0,verifier,0.771961,,,,0.771961,0.0,0.0,0.0,,,,,,,,,,,,,,0.8859803378582001
53,5,verifier,request_regeneration|request_more_retrieval|request_rewrite,request_regeneration,-0.07,0,generator,0.739259,,,,0.739259,0.0,0.0,0.0,,,,,,,,,,,,,,0.8696293532848358
53,6,generator,generate_answer|generate_with_strict_citations|generate_short_answer|regenerate,generate_short_answer,-0.07,0,verifier,1.0,-0.623964,-1.0,-0.840067,1.0,-0.623964,-1.0,-0.840067,,,,,,,,,,1.0,0.18801814317703247,128,0.07996636629104614,
53,7,verifier,verify_answer,verify_answer,0.7268,1,,0.974233,,,,0.974233,0.0,0.0,0.0,,,,,,,,,,,,,,0.9871165156364441
54,1,retriever,dense_retrieve|sparse_retrieve|hybrid_retrieve|hybrid_rerank,sparse_retrieve,-0.02,0,grader,-0.986906,-0.972164,-0.877806,-0.812449,-0.986906,-0.972164,-0.877806,-0.812449,0.006547212600708008,5,0.06109711527824402,0.0937754213809967,,,,,,,,,,
54,2,grader,keep_all|loose_filter|medium_filter|strict_filter|rerank_only,keep_all,-0.07,0,generator,1.0,0.92364,-0.27087,,1.0,0.92364,-0.27087,0.0,,,,,,,1.0,0.9885460644960402,0.36456482112407684,,,,,
54,3,generator,generate_answer|generate_with_strict_citations|generate_short_answer,generate_short_answer,-0.07,0,verifier,0.814786,-0.272112,-1.0,-0.767469,0.814786,-0.272112,-1.0,-0.767469,,,,,,,,,,0.9073931872844696,0.36394383013248444,128,0.1162654459476471,
54,4,verifier,verify_answer,verify_answer,0.7175,1,,0.772639,,,,0.772639,0.0,0.0,0.0,,,,,,,,,,,,,,0.8863195180892944
55,1,retriever,dense_retrieve|sparse_retrieve|hybrid_retrieve|hybrid_rerank,sparse_retrieve,-0.02,0,grader,-0.758063,-1.0,-1.0,-1.0,-0.758063,-1.0,-1.0,-1.0,0.12096843123435974,5,0.0,0.0,,,,,,,,,,
55,2,grader,keep_all|loose_filter|medium_filter|strict_filter|rerank_only,keep_all,-0.07,0,generator,0.815186,1.0,0.011537,,0.815186,1.0,0.011537,0.0,,,,,,,0.9075928926467896,1.0,0.5057682655751705,,,,,
55,3,generator,generate_answer|generate_with_strict_citations|generate_short_answer,generate_short_answer,-0.07,0,verifier,0.784742,-0.515542,-0.717833,-0.913643,0.784742,-0.515542,-0.717833,-0.913643,,,,,,,,,,0.8923712372779846,0.242229163646698,128,0.04317831993103027,
55,4,verifier,verify_answer,verify_answer,0.82,1,,0.937744,,,,0.937744,0.0,0.0,0.0,,,,,,,,,,,,,,0.9688718318939209
56,1,retriever,dense_retrieve|sparse_retrieve|hybrid_retrieve|hybrid_rerank,sparse_retrieve,-0.02,0,grader,-1.0,-0.890675,-1.0,-1.0,-1.0,-0.890675,-1.0,-1.0,0.0,5,0.0,0.0,,,,,,,,,,
56,2,grader,keep_all|loose_filter|medium_filter|strict_filter|rerank_only,keep_all,-0.07,0,generator,0.978565,0.802199,0.076364,,0.978565,0.802199,0.076364,0.0,,,,,,,0.9892826974391937,0.9703298687934875,0.5381821468472481,,,,,
56,3,generator,generate_answer|generate_with_strict_citations|generate_short_answer,generate_short_answer,-0.07,0,verifier,0.955988,-0.313261,-0.821277,-0.994491,0.955988,-0.313261,-0.821277,-0.994491,,,,,,,,,,0.9779942035675049,0.343369722366333,128,0.0027544796466827393,
56,4,verifier,verify_answer,verify_answer,0.7306,1,,0.663149,,,,0.663149,0.0,0.0,0.0,,,,,,,,,,,,,,0.8315744996070862
57,1,retriever,dense_retrieve|sparse_retrieve|hybrid_retrieve|hybrid_rerank,sparse_retrieve,-0.02,0,grader,-0.726759,-0.874677,-0.684286,-1.0,-0.726759,-0.874677,-0.684286,-1.0,0.13662025332450867,5,0.15785691142082214,0.0,,,,,,,,,,
57,2,grader,keep_all|loose_filter|medium_filter|strict_filter|rerank_only,keep_all,-0.07,0,generator,0.860557,0.915821,0.056363,,0.860557,0.915821,0.056363,0.0,,,,,,,0.9302783310413361,0.9873731881380081,0.5281815361231565,,,,,
57,3,generator,generate_answer|generate_with_strict_citations|generate_short_answer,generate_short_answer,-0.07,0,verifier,0.878382,-0.357664,-1.0,-0.839571,0.878382,-0.357664,-1.0,-0.839571,,,,,,,,,,0.9391912221908569,0.32116781175136566,128,0.08021426200866699,
57,4,verifier,verify_answer,verify_answer,-0.07,0,verifier,0.996386,,,,0.996386,0.0,0.0,0.0,,,,,,,,,,,,,,0.9981932044029236
57,5,verifier,request_regeneration|request_more_retrieval|request_rewrite,request_regeneration,-0.07,0,generator,0.944306,,,,0.944306,0.0,0.0,0.0,,,,,,,,,,,,,,0.9721530079841614
57,6,generator,generate_answer|generate_with_strict_citations|generate_short_answer|regenerate,generate_short_answer,-0.07,0,verifier,1.0,-0.138835,-1.0,-0.76852,1.0,-0.138835,-1.0,-0.76852,,,,,,,,,,1.0,0.4305827468633652,128,0.11574018001556396,
57,7,verifier,verify_answer,verify_answer,-0.07,0,verifier,0.991311,,,,0.991311,0.0,0.0,0.0,,,,,,,,,,,,,,0.9956556558609009
57,8,verifier,request_regeneration|request_more_retrieval|request_rewrite,request_regeneration,-0.07,0,generator,1.0,,,,1.0,0.0,0.0,0.0,,,,,,,,,,,,,,1.0
57,9,generator,generate_answer|generate_with_strict_citations|generate_short_answer|regenerate,generate_short_answer,-0.07,0,verifier,0.808648,0.001949,-1.0,-1.0,0.808648,0.001949,-1.0,-1.0,,,,,,,,,,0.9043239653110504,0.5009744844865054,128,0.0,
57,10,verifier,verify_answer,verify_answer,0.2487,1,,0.949884,,,,0.949884,0.0,0.0,0.0,,,,,,,,,,,,,,0.9749418497085571
58,1,retriever,dense_retrieve|sparse_retrieve|hybrid_retrieve|hybrid_rerank,sparse_retrieve,-0.02,0,grader,-0.86095,-0.89027,-0.831104,-1.0,-0.86095,-0.89027,-0.831104,-1.0,0.06952503323554993,5,0.0844479501247406,0.0,,,,,,,,,,
58,2,grader,keep_all|loose_filter|medium_filter|strict_filter|rerank_only,keep_all,-0.07,0,generator,0.846486,0.824599,0.370956,,0.846486,0.824599,0.370956,0.0,,,,,,,0.9232428669929504,0.9736899077892303,0.6854781955480576,,,,,
58,3,generator,generate_answer|generate_with_strict_citations|generate_short_answer,generate_short_answer,-0.07,0,verifier,0.760853,0.076822,-0.707211,-0.782486,0.760853,0.076822,-0.707211,-0.782486,,,,,,,,,,0.8804264962673187,0.5384111553430557,128,0.10875678062438965,
58,4,verifier,verify_answer,verify_answer,0.8404,1,,0.898588,,,,0.898588,0.0,0.0,0.0,,,,,,,,,,,,,,0.9492941796779633
59,1,retriever,dense_retrieve|sparse_retrieve|hybrid_retrieve|hybrid_rerank,sparse_retrieve,-0.02,0,grader,-0.990184,-0.910956,-0.91388,-0.83883,-0.990184,-0.910956,-0.91388,-0.83883,0.004907846450805664,5,0.043060243129730225,0.08058488368988037,,,,,,,,,,
59,2,grader,keep_all|loose_filter|medium_filter|strict_filter|rerank_only,strict_filter,-0.07,0,generator,1.0,1.0,0.930642,,1.0,1.0,0.930642,0.0,,,,,,,1.0,1.0,0.9653210043907166,,,,,
59,3,generator,generate_answer|generate_with_strict_citations|generate_short_answer,generate_short_answer,-0.07,0,verifier,0.870112,0.19963,-0.988803,-0.864954,0.870112,0.19963,-0.988803,-0.864954,,,,,,,,,,0.9350558221340179,0.599814884364605,128,0.06752282381057739,
59,4,verifier,verify_answer,verify_answer,-0.07,0,verifier,0.955457,,,,0.955457,0.0,0.0,0.0,,,,,,,,,,,,,,0.9777285158634186
59,5,verifier,request_regeneration|request_more_retrieval|request_rewrite,request_regeneration,-0.07,0,generator,1.0,,,,1.0,0.0,0.0,0.0,,,,,,,,,,,,,,1.0
59,6,generator,generate_answer|generate_with_strict_citations|generate_short_answer|regenerate,generate_short_answer,-0.07,0,verifier,0.786711,0.657193,-0.893074,-0.942845,0.786711,0.657193,-0.893074,-0.942845,,,,,,,,,,0.8933557271957397,0.8285965621471405,128,0.02857762575149536,
59,7,verifier,verify_answer,verify_answer,-0.07,0,verifier,1.0,,,,1.0,0.0,0.0,0.0,,,,,,,,,,,,,,1.0
59,8,verifier,request_regeneration|request_more_retrieval|request_rewrite,request_regeneration,-0.07,0,generator,0.986098,,,,0.986098,0.0,0.0,0.0,,,,,,,,,,,,,,0.9930488467216492
59,9,generator,generate_answer|generate_with_strict_citations|generate_short_answer|regenerate,generate_with_strict_citations,-0.07,0,verifier,0.783592,0.7043,-0.800893,-0.585575,0.783592,0.7043,-0.800893,-0.585575,,,,,,,,,,0.8917960524559021,0.8521499931812286,128,0.2072124481201172,
59,10,verifier,verify_answer,verify_answer,0.1027,1,,1.0,,,,1.0,0.0,0.0,0.0,,,,,,,,,,,,,,1.0
60,1,retriever,dense_retrieve|sparse_retrieve|hybrid_retrieve|hybrid_rerank,sparse_retrieve,-0.02,0,grader,-0.931711,-1.0,-0.951319,-0.947094,-0.931711,-1.0,-0.951319,-0.947094,0.03414452075958252,5,0.024340450763702393,0.0264531672000885,,,,,,,,,,
60,2,grader,keep_all|loose_filter|medium_filter|strict_filter|rerank_only,medium_filter,-0.07,0,generator,1.0,0.9862,0.6917,,1.0,0.9862,0.6917,0.0,,,,,,,1.0,0.9979299515485762,0.8458501994609833,,,,,
60,3,generator,generate_answer|generate_with_strict_citations|generate_short_answer,generate_with_strict_citations,-0.07,0,verifier,0.812065,0.808645,-0.776556,-0.502424,0.812065,0.808645,-0.776556,-0.502424,,,,,,,,,,0.906032532453537,0.9043223857879639,128,0.24878796935081482,
60,4,verifier,verify_answer,verify_answer,-0.07,0,verifier,0.787298,,,,0.787298,0.0,0.0,0.0,,,,,,,,,,,,,,0.8936491906642914
60,5,verifier,request_regeneration|request_more_retrieval|request_rewrite,request_regeneration,-0.07,0,generator,1.0,,,,1.0,0.0,0.0,0.0,,,,,,,,,,,,,,1.0
60,6,generator,generate_answer|generate_with_strict_citations|generate_short_answer|regenerate,generate_with_strict_citations,-0.07,0,verifier,0.637649,0.774263,-0.618754,-0.441166,0.637649,0.774263,-0.618754,-0.441166,,,,,,,,,,0.8188245594501495,0.8871314525604248,137,0.2794172316789627,
60,7,verifier,verify_answer,verify_answer,0.8248,1,,1.0,,,,1.0,0.0,0.0,0.0,,,,,,,,,,,,,,1.0
61,1,retriever,dense_retrieve|sparse_retrieve|hybrid_retrieve|hybrid_rerank,sparse_retrieve,-0.02,0,grader,-0.951504,-0.956563,-0.869744,-0.931212,-0.951504,-0.956563,-0.869744,-0.931212,0.02424800395965576,5,0.06512796878814697,0.034393757581710815,,,,,,,,,,
61,2,grader,keep_all|loose_filter|medium_filter|strict_filter|rerank_only,strict_filter,-0.07,0,generator,1.0,0.97978,0.92256,,1.0,0.97978,0.92256,0.0,,,,,,,1.0,0.9969669759273528,0.9612798094749451,,,,,
61,3,generator,generate_answer|generate_with_strict_citations|generate_short_answer,generate_with_strict_citations,-0.07,0,verifier,0.68758,0.789449,-0.461335,-0.116642,0.68758,0.789449,-0.461335,-0.116642,,,,,,,,,,0.843790203332901,0.8947243988513947,184,0.44167884066700935,
61,4,verifier,verify_answer,verify_answer,0.6451,1,,1.0,,,,1.0,0.0,0.0,0.0,,,,,,,,,,,,,,1.0
62,1,retriever,dense_retrieve|sparse_retrieve|hybrid_retrieve|hybrid_rerank,sparse_retrieve,-0.02,0,grader,-0.798505,-0.863889,-0.977423,-1.0,-0.798505,-0.863889,-0.977423,-1.0,0.10074737668037415,6,0.011288344860076904,0.0,,,,,,,,,,
62,2,grader,keep_all|loose_filter|medium_filter|strict_filter|rerank_only,medium_filter,-0.07,0,generator,1.0,1.0,0.628081,,1.0,1.0,0.628081,0.0,,,,,,,1.0,1.0,0.8140402734279633,,,,,
62,3,generator,generate_answer|generate_with_strict_citations|generate_short_answer,generate_with_strict_citations,-0.07,0,verifier,0.711617,0.832613,-0.245415,-0.310689,0.711617,0.832613,-0.245415,-0.310689,,,,,,,,,,0.8558086156845093,0.9163065552711487,189,0.344655305147171,
62,4,verifier,verify_answer,verify_answer,-0.07,0,verifier,1.0,,,,1.0,0.0,0.0,0.0,,,,,,,,,,,,,,1.0
62,5,verifier,request_regeneration|request_more_retrieval|request_rewrite,request_regeneration,-0.07,0,generator,0.935771,,,,0.935771,0.0,0.0,0.0,,,,,,,,,,,,,,0.9678856432437897
62,6,generator,generate_answer|generate_with_strict_citations|generate_short_answer|regenerate,generate_short_answer,-0.07,0,verifier,0.899733,0.563495,-0.067292,-0.330599,0.899733,0.563495,-0.067292,-0.330599,,,,,,,,,,0.9498664438724518,0.7817476987838745,206,0.3347005248069763,
62,7,verifier,verify_answer,verify_answer,-0.07,0,verifier,1.0,,,,1.0,0.0,0.0,0.0,,,,,,,,,,,,,,1.0
62,8,verifier,request_regeneration|request_more_retrieval|request_rewrite,request_regeneration,-0.07,0,generator,0.867978,,,,0.867978,0.0,0.0,0.0,,,,,,,,,,,,,,0.9339892268180847
62,9,generator,generate_answer|generate_with_strict_citations|generate_short_answer|regenerate,generate_short_answer,-0.07,0,verifier,0.888583,0.433219,0.136597,-0.305875,0.888583,0.433219,0.136597,-0.305875,,,,,,,,,,0.9442913234233856,0.7166096419095993,231,0.3470623344182968,
62,10,verifier,verify_answer,verify_answer,0.0335,1,,0.645944,,,,0.645944,0.0,0.0,0.0,,,,,,,,,,,,,,0.8229719996452332
63,1,retriever,dense_retrieve|sparse_retrieve|hybrid_retrieve|hybrid_rerank,sparse_retrieve,-0.02,0,grader,-0.841405,-0.897626,-1.0,-0.874379,-0.841405,-0.897626,-1.0,-0.874379,0.07929742336273193,5,0.0,0.0628107488155365,,,,,,,,,,
63,2,grader,keep_all|loose_filter|medium_filter|strict_filter|rerank_only,strict_filter,-0.07,0,generator,1.0,1.0,0.810105,,1.0,1.0,0.810105,0.0,,,,,,,1.0,1.0,0.9050523042678833,,,,,
63,3,generator,generate_answer|generate_with_strict_citations|generate_short_answer,generate_with_strict_citations,-0.07,0,verifier,0.320252,0.838265,-0.08765,0.335208,0.320252,0.838265,-0.08765,0.335208,,,,,,,,,,0.6601260900497437,0.91913241147995,284,0.6676040589809418,
63,4,verifier,verify_answer,verify_answer,0.7523,1,,0.88293,,,,0.88293,0.0,0.0,0.0,,,,,,,,,,,,,,0.9414647817611694
64,1,retriever,dense_retrieve|sparse_retrieve|hybrid_retrieve|hybrid_rerank,sparse_retrieve,-0.02,0,grader,-1.0,-0.819889,-0.945213,-1.0,-1.0,-0.819889,-0.945213,-1.0,0.0,6,0.02739328145980835,0.0,,,,,,,,,,
64,2,grader,keep_all|loose_filter|medium_filter|strict_filter|rerank_only,medium_filter,-0.07,0,generator,1.0,1.0,0.76826,,1.0,1.0,0.76826,0.0,,,,,,,1.0,1.0,0.8841302394866943,,,,,
64,3,generator,generate_answer|generate_with_strict_citations|generate_short_answer,generate_with_strict_citations,-0.07,0,verifier,0.340962,0.816035,0.415619,0.507944,0.340962,0.816035,0.415619,0.507944,,,,,,,,,,0.6704809218645096,0.9080176949501038,384,0.7539719343185425,
64,4,verifier,verify_answer,verify_answer,0.6962,1,,0.941563,,,,0.941563,0.0,0.0,0.0,,,,,,,,,,,,,,0.9707813858985901
65,1,retriever,dense_retrieve|sparse_retrieve|hybrid_retrieve|hybrid_rerank,sparse_retrieve,-0.02,0,grader,-0.948224,-0.873654,-0.784952,-1.0,-0.948224,-0.873654,-0.784952,-1.0,0.025887995958328247,5,0.1075238585472107,0.0,,,,,,,,,,
65,2,grader,keep_all|loose_filter|medium_filter|strict_filter|rerank_only,strict_filter,-0.07,0,generator,0.921093,1.0,1.0,,0.921093,1.0,1.0,0.0,,,,,,,0.9605466425418854,1.0,1.0,,,,,
65,3,generator,generate_answer|generate_with_strict_citations|generate_short_answer,generate_with_strict_citations,-0.07,0,verifier,0.418667,1.0,0.611036,0.014961,0.418667,1.0,0.611036,0.014961,,,,,,,,,,0.7093333750963211,1.0,336,0.5074805179610848,
65,4,verifier,verify_answer,verify_answer,0.84,1,,1.0,,,,1.0,0.0,0.0,0.0,,,,,,,,,,,,,,1.0
66,1,retriever,dense_retrieve|sparse_retrieve|hybrid_retrieve|hybrid_rerank,sparse_retrieve,-0.02,0,grader,-0.617449,-1.0,-1.0,-1.0,-0.617449,-1.0,-1.0,-1.0,0.1912754774093628,5,0.0,0.0,,,,,,,,,,
66,2,grader,keep_all|loose_filter|medium_filter|strict_filter|rerank_only,strict_filter,-0.07,0,generator,0.97005,1.0,0.846137,,0.97005,1.0,0.846137,0.0,,,,,,,0.9850249588489532,1.0,0.92306849360466,,,,,
66,3,generator,generate_answer|generate_with_strict_citations|generate_short_answer,generate_with_strict_citations,-0.07,0,verifier,0.480818,1.0,0.698194,0.764614,0.480818,1.0,0.698194,0.764614,,,,,,,,,,0.740409180521965,1.0,384,0.8823071420192719,
66,4,verifier,verify_answer,verify_answer,0.7414,1,,1.0,,,,1.0,0.0,0.0,0.0,,,,,,,,,,,,,,1.0
67,1,retriever,dense_retrieve|sparse_retrieve|hybrid_retrieve|hybrid_rerank,sparse_retrieve,-0.02,0,grader,-0.801339,-0.803147,-1.0,-1.0,-0.801339,-0.803147,-1.0,-1.0,0.0993306040763855,6,0.0,0.0,,,,,,,,,,
67,2,grader,keep_all|loose_filter|medium_filter|strict_filter|rerank_only,strict_filter,-0.07,0,generator,0.892924,0.780741,1.0,,0.892924,0.780741,1.0,0.0,,,,,,,0.9464617669582367,0.9671110928058624,1.0,,,,,
67,3,generator,generate_answer|generate_with_strict_citations|generate_short_answer,generate_with_strict_citations,-0.07,0,verifier,0.290242,0.876789,0.312865,0.369398,0.290242,0.876789,0.312865,0.369398,,,,,,,,,,0.6451210528612137,0.9383945763111115,350,0.6846989542245865,
67,4,verifier,verify_answer,verify_answer,-0.07,0,verifier,1.0,,,,1.0,0.0,0.0,0.0,,,,,,,,,,,,,,1.0
67,5,verifier,request_regeneration|request_more_retrieval|request_rewrite,request_regeneration,-0.07,0,generator,1.0,,,,1.0,0.0,0.0,0.0,,,,,,,,,,,,,,1.0
67,6,generator,generate_answer|generate_with_strict_citations|generate_short_answer|regenerate,generate_with_strict_citations,-0.07,0,verifier,0.41342,0.927693,0.260763,0.343646,0.41342,0.927693,0.260763,0.343646,,,,,,,,,,0.7067101001739502,0.9638462960720062,338,0.6718232035636902,
67,7,verifier,verify_answer,verify_answer,-0.07,0,verifier,1.0,,,,1.0,0.0,0.0,0.0,,,,,,,,,,,,,,1.0
67,8,verifier,request_regeneration|request_more_retrieval|request_rewrite,request_regeneration,-0.07,0,generator,1.0,,,,1.0,0.0,0.0,0.0,,,,,,,,,,,,,,1.0
67,9,generator,generate_answer|generate_with_strict_citations|generate_short_answer|regenerate,generate_with_strict_citations,-0.07,0,verifier,0.349277,0.930078,0.409998,0.241891,0.349277,0.930078,0.409998,0.241891,,,,,,,,,,0.674638643860817,0.965039074420929,345,0.6209454759955406,
67,10,verifier,verify_answer,verify_answer,0.2068,1,,1.0,,,,1.0,0.0,0.0,0.0,,,,,,,,,,,,,,1.0
68,1,retriever,dense_retrieve|sparse_retrieve|hybrid_retrieve|hybrid_rerank,sparse_retrieve,-0.02,0,grader,-0.953128,-0.998567,-1.0,-0.722043,-0.953128,-0.998567,-1.0,-0.722043,0.023436009883880615,5,0.0,0.13897839188575745,,,,,,,,,,
68,2,grader,keep_all|loose_filter|medium_filter|strict_filter|rerank_only,strict_filter,-0.07,0,generator,0.851943,0.916213,0.858415,,0.851943,0.916213,0.858415,0.0,,,,,,,0.9259715378284454,0.9874318927526473,0.9292076826095581,,,,,
68,3,generator,generate_answer|generate_with_strict_citations|generate_short_answer,generate_with_strict_citations,-0.07,0,verifier,-0.342995,0.832675,1.0,0.740636,-0.342995,0.832675,1.0,0.740636,,,,,,,,,,0.32850274443626404,0.91633740067482,384,0.8703180551528931,
68,4,verifier,verify_answer,verify_answer,0.7142,1,,0.89695,,,,0.89695,0.0,0.0,0.0,,,,,,,,,,,,,,0.9484749138355255
69,1,retriever,dense_retrieve|sparse_retrieve|hybrid_retrieve|hybrid_rerank,sparse_retrieve,-0.02,0,grader,-0.859893,-0.7857,-0.944625,-1.0,-0.859893,-0.7857,-0.944625,-1.0,0.07005360722541809,6,0.02768757939338684,0.0,,,,,,,,,,
69,2,grader,keep_all|loose_filter|medium_filter|strict_filter|rerank_only,strict_filter,-0.07,0,generator,1.0,0.795645,0.926582,,1.0,0.795645,0.926582,0.0,,,,,,,1.0,0.9693468123674391,0.9632909595966339,,,,,
69,3,generator,generate_answer|generate_with_strict_citations|generate_short_answer,generate_with_strict_citations,-0.07,0,verifier,-0.131738,1.0,0.691459,0.632529,-0.131738,1.0,0.691459,0.632529,,,,,,,,,,0.43413110822439194,1.0,384,0.8162644803524017,
69,4,verifier,verify_answer,verify_answer,-0.07,0,verifier,0.905102,,,,0.905102,0.0,0.0,0.0,,,,,,,,,,,,,,0.9525510966777802
69,5,verifier,request_regeneration|request_more_retrieval|request_rewrite,request_regeneration,-0.07,0,generator,0.879633,,,,0.879633,0.0,0.0,0.0,,,,,,,,,,,,,,0.939816415309906
69,6,generator,generate_answer|generate_with_strict_citations|generate_short_answer|regenerate,generate_with_strict_citations,-0.07,0,verifier,-0.005873,1.0,0.768116,0.762065,-0.005873,1.0,0.768116,0.762065,,,,,,,,,,0.4970632749609649,1.0,384,0.881032407283783,
69,7,verifier,verify_answer,verify_answer,-0.07,0,verifier,1.0,,,,1.0,0.0,0.0,0.0,,,,,,,,,,,,,,1.0
69,8,verifier,request_regeneration|request_more_retrieval|request_rewrite,request_regeneration,-0.07,0,generator,0.887421,,,,0.887421,0.0,0.0,0.0,,,,,,,,,,,,,,0.9437106251716614
69,9,generator,generate_answer|generate_with_strict_citations|generate_short_answer|regenerate,generate_with_strict_citations,-0.07,0,verifier,-0.199373,1.0,0.776587,0.620536,-0.199373,1.0,0.776587,0.620536,,,,,,,,,,0.4003134071826935,1.0,384,0.8102680742740631,
69,10,verifier,verify_answer,verify_answer,0.0087,1,,0.670442,,,,0.670442,0.0,0.0,0.0,,,,,,,,,,,,,,0.8352207839488983
70,1,retriever,dense_retrieve|sparse_retrieve|hybrid_retrieve|hybrid_rerank,sparse_retrieve,-0.02,0,grader,-0.69208,-0.889994,-0.801595,-1.0,-0.69208,-0.889994,-0.801595,-1.0,0.15395987033843994,5,0.0992027223110199,0.0,,,,,,,,,,
70,2,grader,keep_all|loose_filter|medium_filter|strict_filter|rerank_only,strict_filter,-0.07,0,generator,0.894199,1.0,1.0,,0.894199,1.0,1.0,0.0,,,,,,,0.9470996558666229,1.0,1.0,,,,,
70,3,generator,generate_answer|generate_with_strict_citations|generate_short_answer,generate_with_strict_citations,-0.07,0,verifier,-0.455667,1.0,0.606422,0.879148,-0.455667,1.0,0.606422,0.879148,,,,,,,,,,0.27216649055480957,1.0,384,0.9395739436149597,
70,4,verifier,verify_answer,verify_answer,0.6653,1,,0.553058,,,,0.553058,0.0,0.0,0.0,,,,,,,,,,,,,,0.7765291631221771
71,1,retriever,dense_retrieve|sparse_retrieve|hybrid_retrieve|hybrid_rerank,sparse_retrieve,-0.02,0,grader,-0.913575,-0.9268,-0.958447,-1.0,-0.913575,-0.9268,-0.958447,-1.0,0.043212711811065674,5,0.02077627182006836,0.0,,,,,,,,,,
71,2,grader,keep_all|loose_filter|medium_filter|strict_filter|rerank_only,strict_filter,-0.07,0,generator,0.973153,0.925403,1.0,,0.973153,0.925403,1.0,0.0,,,,,,,0.9865762591362,0.9888104587793349,1.0,,,,,
71,3,generator,generate_answer|generate_with_strict_citations|generate_short_answer,generate_with_strict_citations,-0.07,0,verifier,-0.591059,0.972384,0.983154,0.768725,-0.591059,0.972384,0.983154,0.768725,,,,,,,,,,0.2044706642627716,0.9861920773983002,384,0.8843623101711273,
71,4,verifier,verify_answer,verify_answer,0.8164,1,,0.806944,,,,0.806944,0.0,0.0,0.0,,,,,,,,,,,,,,0.9034718573093414
72,1,retriever,dense_retrieve|sparse_retrieve|hybrid_retrieve|hybrid_rerank,sparse_retrieve,-0.02,0,grader,-0.711976,-0.984791,-1.0,-0.822937,-0.711976,-0.984791,-1.0,-0.822937,0.14401188492774963,5,0.0,0.0885312557220459,,,,,,,,,,
72,2,grader,keep_all|loose_filter|medium_filter|strict_filter|rerank_only,strict_filter,-0.07,0,generator,0.882655,0.770623,1.0,,0.882655,0.770623,1.0,0.0,,,,,,,0.941327691078186,0.9655934631824492,1.0,,,,,
72,3,generator,generate_answer|generate_with_strict_citations|generate_short_answer,generate_with_strict_citations,-0.07,0,verifier,-0.661265,1.0,0.937999,0.760966,-0.661265,1.0,0.937999,0.760966,,,,,,,,,,0.16936752200126648,1.0,384,0.8804828226566315,
72,4,verifier,verify_answer,verify_answer,-0.07,0,verifier,0.661767,,,,0.661767,0.0,0.0,0.0,,,,,,,,,,,,,,0.8308834731578827
72,5,verifier,request_regeneration|request_more_retrieval|request_rewrite,request_regeneration,-0.07,0,generator,0.363293,,,,0.363293,0.0,0.0,0.0,,,,,,,,,,,,,,0.6816464960575104
72,6,generator,generate_answer|generate_with_strict_citations|generate_short_answer|regenerate,generate_with_strict_citations,-0.07,0,verifier,-0.75861,1.0,0.979038,0.900915,-0.75861,1.0,0.979038,0.900915,,,,,,,,,,0.12069475650787354,1.0,384,0.950457364320755,
72,7,verifier,verify_answer,verify_answer,-0.07,0,verifier,0.496472,,,,0.496472,0.0,0.0,0.0,,,,,,,,,,,,,,0.7482360154390335
72,8,verifier,request_regeneration|request_more_retrieval|request_rewrite,request_regeneration,-0.07,0,generator,0.492955,,,,0.492955,0.0,0.0,0.0,,,,,,,,,,,,,,0.7464773058891296
72,9,generator,generate_answer|generate_with_strict_citations|generate_short_answer|regenerate,generate_with_strict_citations,-0.07,0,verifier,-0.456705,1.0,0.920356,0.856257,-0.456705,1.0,0.920356,0.856257,,,,,,,,,,0.27164730429649353,1.0,384,0.9281283318996429,
72,10,verifier,verify_answer,verify_answer,0.2261,1,,0.629536,,,,0.629536,0.0,0.0,0.0,,,,,,,,,,,,,,0.8147678971290588
73,1,retriever,dense_retrieve|sparse_retrieve|hybrid_retrieve|hybrid_rerank,sparse_retrieve,-0.02,0,grader,-0.507031,-0.702162,-1.0,-0.90357,-0.507031,-0.702162,-1.0,-0.90357,0.24648460745811462,7,0.0,0.04821521043777466,,,,,,,,,,
73,2,grader,keep_all|loose_filter|medium_filter|strict_filter|rerank_only,strict_filter,-0.07,0,generator,1.0,0.936518,1.0,,1.0,0.936518,1.0,0.0,,,,,,,1.0,0.9904777467250823,1.0,,,,,
73,3,generator,generate_answer|generate_with_strict_citations|generate_short_answer,generate_with_strict_citations,-0.07,0,verifier,-0.872433,1.0,0.889835,0.619907,-0.872433,1.0,0.889835,0.619907,,,,,,,,,,0.06378346681594849,1.0,384,0.8099534511566162,
73,4,verifier,verify_answer,verify_answer,0.5127,1,,0.265815,,,,0.265815,0.0,0.0,0.0,,,,,,,,,,,,,,0.6329073011875153
74,1,retriever,dense_retrieve|sparse_retrieve|hybrid_retrieve|hybrid_rerank,sparse_retrieve,-0.02,0,grader,-0.761597,-1.0,-0.761314,-1.0,-0.761597,-1.0,-0.761314,-1.0,0.11920157074928284,5,0.11934316158294678,0.0,,,,,,,,,,
74,2,grader,keep_all|loose_filter|medium_filter|strict_filter|rerank_only,strict_filter,-0.07,0,generator,1.0,0.907229,1.0,,1.0,0.907229,1.0,0.0,,,,,,,1.0,0.9860844045877456,1.0,,,,,
74,3,generator,generate_answer|generate_with_strict_citations|generate_short_answer,generate_with_strict_citations,-0.07,0,verifier,-0.86445,1.0,0.996955,0.927894,-0.86445,1.0,0.996955,0.927894,,,,,,,,,,0.06777501106262207,1.0,384,0.963947057723999,
74,4,verifier,verify_answer,verify_answer,-0.07,0,verifier,0.188049,,,,0.188049,0.0,0.0,0.0,,,,,,,,,,,,,,0.5940243303775787
74,5,verifier,request_regeneration|request_more_retrieval|request_rewrite,request_more_retrieval,-0.07,0,retriever,-0.072438,,,,-0.072438,0.0,0.0,0.0,,,,,,,,,,,,,,0.46378104388713837
74,6,retriever,retrieve_more,retrieve_more,-0.02,0,grader,-0.688676,0.769801,-0.144385,-0.380867,-0.688676,0.769801,-0.144385,-0.380867,0.15566185116767883,18,0.42780742794275284,0.3095664829015732,,,,,,,,,,
74,7,grader,keep_all|loose_filter|medium_filter|strict_filter|rerank_only,strict_filter,-0.07,0,generator,1.0,0.898229,1.0,,1.0,0.898229,1.0,0.0,,,,,,,1.0,0.9847343236207962,1.0,,,,,
74,8,generator,generate_answer|generate_with_strict_citations|generate_short_answer,generate_with_strict_citations,-0.07,0,verifier,-0.913066,1.0,0.718296,0.884442,-0.913066,1.0,0.718296,0.884442,,,,,,,,,,0.04346686601638794,1.0,384,0.9422212243080139,
74,9,verifier,verify_answer,verify_answer,-0.07,0,verifier,-0.404937,,,,-0.404937,0.0,0.0,0.0,,,,,,,,,,,,,,0.2975313514471054
74,10,verifier,request_regeneration|request_more_retrieval|request_rewrite,request_more_retrieval,-0.07,0,retriever,-0.214695,,,,-0.214695,0.0,0.0,0.0,,,,,,,,,,,,,,0.3926525264978409
74,11,retriever,retrieve_more,retrieve_more,-0.02,0,grader,-0.379301,0.590124,0.234532,-0.410788,-0.379301,0.590124,0.234532,-0.410788,0.31034940481185913,16,0.6172661706805229,0.29460611939430237,,,,,,,,,,
74,12,grader,keep_all|loose_filter|medium_filter|strict_filter|rerank_only,strict_filter,-0.5072,1,,1.0,1.0,1.0,,1.0,1.0,1.0,0.0,,,,,,,1.0,1.0,1.0,,,,,
75,1,retriever,dense_retrieve|sparse_retrieve|hybrid_retrieve|hybrid_rerank,sparse_retrieve,-0.02,0,grader,-0.750124,-1.0,-0.810123,-1.0,-0.750124,-1.0,-0.810123,-1.0,0.12493810057640076,5,0.09493845701217651,0.0,,,,,,,,,,
75,2,grader,keep_all|loose_filter|medium_filter|strict_filter|rerank_only,strict_filter,-0.07,0,generator,0.905936,0.883735,0.858562,,0.905936,0.883735,0.858562,0.0,,,,,,,0.9529682397842407,0.9825602144002914,0.9292810261249542,,,,,
75,3,generator,generate_answer|generate_with_strict_citations|generate_short_answer,generate_answer,-0.07,0,verifier,-0.972138,0.630371,1.0,0.817312,-0.972138,0.630371,1.0,0.817312,,,,,,,,,,0.013931065797805786,0.8151853382587433,384,0.9086559116840363,
75,4,verifier,verify_answer,verify_answer,0.7973,1,,-0.337922,,,,-0.337922,0.0,0.0,0.0,,,,,,,,,,,,,,0.33103907108306885
76,1,retriever,dense_retrieve|sparse_retrieve|hybrid_retrieve|hybrid_rerank,sparse_retrieve,-0.02,0,grader,-1.0,-0.872479,-0.923804,-1.0,-1.0,-0.872479,-0.923804,-1.0,0.0,5,0.038097769021987915,0.0,,,,,,,,,,
76,2,grader,keep_all|loose_filter|medium_filter|strict_filter|rerank_only,loose_filter,-0.07,0,generator,0.981667,0.905672,0.58234,,0.981667,0.905672,0.58234,0.0,,,,,,,0.9908334016799927,0.985850828886032,0.7911700308322906,,,,,
76,3,generator,generate_answer|generate_with_strict_citations|generate_short_answer,generate_with_strict_citations,-0.07,0,verifier,-0.929337,1.0,0.78679,0.64707,-0.929337,1.0,0.78679,0.64707,,,,,,,,,,0.035331547260284424,1.0,384,0.8235349059104919,
76,4,verifier,verify_answer,verify_answer,0.8199,1,,-0.487684,,,,-0.487684,0.0,0.0,0.0,,,,,,,,,,,,,,0.256157785654068
77,1,retriever,dense_retrieve|sparse_retrieve|hybrid_retrieve|hybrid_rerank,sparse_retrieve,-0.02,0,grader,-0.968226,-0.920118,-0.814377,-0.970115,-0.968226,-0.920118,-0.814377,-0.970115,0.015887171030044556,5,0.09281134605407715,0.014942258596420288,,,,,,,,,,
77,2,grader,keep_all|loose_filter|medium_filter|strict_filter|rerank_only,strict_filter,-0.07,0,generator,0.947828,0.801765,0.947157,,0.947828,0.801765,0.947157,0.0,,,,,,,0.9739141166210175,0.9702647626399994,0.9735786318778992,,,,,
77,3,generator,generate_answer|generate_with_strict_citations|generate_short_answer,generate_with_strict_citations,-0.07,0,verifier,-1.0,1.0,1.0,0.923787,-1.0,1.0,1.0,0.923787,,,,,,,,,,0.0,1.0,384,0.9618934392929077,
77,4,verifier,verify_answer,verify_answer,0.708,1,,-0.402325,,,,-0.402325,0.0,0.0,0.0,,,,,,,,,,,,,,0.298837348818779
78,1,retriever,dense_retrieve|sparse_retrieve|hybrid_retrieve|hybrid_rerank,sparse_retrieve,-0.02,0,grader,-0.944327,-0.686799,-0.979209,-0.877129,-0.944327,-0.686799,-0.979209,-0.877129,0.027836620807647705,7,0.010395705699920654,0.06143534183502197,,,,,,,,,,
78,2,grader,keep_all|loose_filter|medium_filter|strict_filter|rerank_only,strict_filter,-0.07,0,generator,0.881281,0.940129,0.810186,,0.881281,0.940129,0.810186,0.0,,,,,,,0.9406405091285706,0.9910193830728531,0.9050929546356201,,,,,
78,3,generator,generate_answer|generate_with_strict_citations|generate_short_answer,generate_with_strict_citations,-0.07,0,verifier,-0.82728,0.925566,1.0,0.597519,-0.82728,0.925566,1.0,0.597519,,,,,,,,,,0.08635982871055603,0.9627830684185028,384,0.7987596094608307,
78,4,verifier,verify_answer,verify_answer,0.7242,1,,-0.714604,,,,-0.714604,0.0,0.0,0.0,,,,,,,,,,,,,,0.14269810914993286
79,1,retriever,dense_retrieve|sparse_retrieve|hybrid_retrieve|hybrid_rerank,sparse_retrieve,-0.02,0,grader,-0.824884,-1.0,-1.0,-0.935211,-0.824884,-1.0,-1.0,-0.935211,0.08755776286125183,5,0.0,0.03239431977272034,,,,,,,,,,
79,2,grader,keep_all|loose_filter|medium_filter|strict_filter|rerank_only,strict_filter,-0.07,0,generator,1.0,0.885312,1.0,,1.0,0.885312,1.0,0.0,,,,,,,1.0,0.9827967405319213,1.0,,,,,
79,3,generator,generate_answer|generate_with_strict_citations|generate_short_answer,generate_with_strict_citations,-0.07,0,verifier,-0.940927,1.0,1.0,0.585494,-0.940927,1.0,1.0,0.585494,,,,,,,,,,0.02953660488128662,1.0,384,0.7927467525005341,
79,4,verifier,verify_answer,verify_answer,0.6361,1,,-0.718633,,,,-0.718633,0.0,0.0,0.0,,,,,,,,,,,,,,0.14068344235420227
80,1,retriever,dense_retrieve|sparse_retrieve|hybrid_retrieve|hybrid_rerank,sparse_retrieve,-0.02,0,grader,-0.803094,-0.913665,-0.842458,-1.0,-0.803094,-0.913665,-0.842458,-1.0,0.09845295548439026,5,0.07877111434936523,0.0,,,,,,,,,,
80,2,grader,keep_all|loose_filter|medium_filter|strict_filter|rerank_only,strict_filter,-0.07,0,generator,1.0,0.889827,0.848368,,1.0,0.889827,0.848368,0.0,,,,,,,1.0,0.9834740340709686,0.9241839349269867,,,,,
80,3,generator,generate_answer|generate_with_strict_citations|generate_short_answer,generate_with_strict_citations,-0.07,0,verifier,-0.964435,0.775891,0.802434,0.481482,-0.964435,0.775891,0.802434,0.481482,,,,,,,,,,0.01778268814086914,0.8879456520080566,384,0.740740954875946,
80,4,verifier,verify_answer,verify_answer,0.6039,1,,-0.499741,,,,-0.499741,0.0,0.0,0.0,,,,,,,,,,,,,,0.2501293122768402
81,1,retriever,dense_retrieve|sparse_retrieve|hybrid_retrieve|hybrid_rerank,sparse_retrieve,-0.02,0,grader,-0.619586,-0.878483,-0.865366,-0.839782,-0.619586,-0.878483,-0.865366,-0.839782,0.19020718336105347,5,0.06731721758842468,0.08010923862457275,,,,,,,,,,
81,2,grader,keep_all|loose_filter|medium_filter|strict_filter|rerank_only,strict_filter,-0.07,0,generator,1.0,0.992786,1.0,,1.0,0.992786,1.0,0.0,,,,,,,1.0,0.9989179253578185,1.0,,,,,
81,3,generator,generate_answer|generate_with_strict_citations|generate_short_answer,generate_with_strict_citations,-0.07,0,verifier,-1.0,0.815305,1.0,0.441629,-1.0,0.815305,1.0,0.441629,,,,,,,,,,0.0,0.9076525568962097,384,0.720814436674118,
81,4,verifier,verify_answer,verify_answer,0.4445,1,,-0.737467,,,,-0.737467,0.0,0.0,0.0,,,,,,,,,,,,,,0.1312665343284607
82,1,retriever,dense_retrieve|sparse_retrieve|hybrid_retrieve|hybrid_rerank,sparse_retrieve,-0.02,0,grader,-0.752291,-1.0,-0.69118,-1.0,-0.752291,-1.0,-0.69118,-1.0,0.12385466694831848,5,0.1544099748134613,0.0,,,,,,,,,,
82,2,grader,keep_all|loose_filter|medium_filter|strict_filter|rerank_only,strict_filter,-0.07,0,generator,0.975973,0.893258,1.0,,0.975973,0.893258,1.0,0.0,,,,,,,0.9879865348339081,0.9839887499809264,1.0,,,,,
82,3,generator,generate_answer|generate_with_strict_citations|generate_short_answer,generate_with_strict_citations,-0.07,0,verifier,-1.0,0.923674,0.889556,0.700509,-1.0,0.923674,0.889556,0.700509,,,,,,,,,,0.0,0.9618370831012726,384,0.8502543270587921,
82,4,verifier,verify_answer,verify_answer,0.8093,1,,-0.766548,,,,-0.766548,0.0,0.0,0.0,,,,,,,,,,,,,,0.11672601103782654
83,1,retriever,dense_retrieve|sparse_retrieve|hybrid_retrieve|hybrid_rerank,sparse_retrieve,-0.02,0,grader,-0.988662,-1.0,-0.87803,-0.824825,-0.988662,-1.0,-0.87803,-0.824825,0.0056687891483306885,5,0.06098484992980957,0.08758732676506042,,,,,,,,,,
83,2,grader,keep_all|loose_filter|medium_filter|strict_filter|rerank_only,strict_filter,-0.07,0,generator,0.911622,0.953345,1.0,,0.911622,0.953345,1.0,0.0,,,,,,,0.9558109641075134,0.9930018126964568,1.0,,,,,
83,3,generator,generate_answer|generate_with_strict_citations|generate_short_answer,generate_answer,-0.07,0,verifier,-0.83915,0.588411,0.956181,0.501205,-0.83915,0.588411,0.956181,0.501205,,,,,,,,,,0.08042475581169128,0.7942056953907013,384,0.7506023943424225,
83,4,verifier,verify_answer,verify_answer,0.6433,1,,-0.87934,,,,-0.87934,0.0,0.0,0.0,,,,,,,,,,,,,,0.06033015251159668
84,1,retriever,dense_retrieve|sparse_retrieve|hybrid_retrieve|hybrid_rerank,sparse_retrieve,-0.02,0,grader,-0.631515,-1.0,-0.951317,-0.880508,-0.631515,-1.0,-0.951317,-0.880508,0.18424266576766968,5,0.024341493844985962,0.059745967388153076,,,,,,,,,,
84,2,grader,keep_all|loose_filter|medium_filter|strict_filter|rerank_only,strict_filter,-0.07,0,generator,1.0,0.842949,0.98868,,1.0,0.842949,0.98868,0.0,,,,,,,1.0,0.9764423727989195,0.9943398535251617,,,,,
84,3,generator,generate_answer|generate_with_strict_citations|generate_short_answer,generate_with_strict_citations,-0.07,0,verifier,-1.0,0.924526,0.986215,0.353349,-1.0,0.924526,0.986215,0.353349,,,,,,,,,,0.0,0.9622631669044495,384,0.676674485206604,
84,4,verifier,verify_answer,verify_answer,0.7923,1,,-0.768049,,,,-0.768049,0.0,0.0,0.0,,,,,,,,,,,,,,0.11597532033920288
85,1,retriever,dense_retrieve|sparse_retrieve|hybrid_retrieve|hybrid_rerank,sparse_retrieve,-0.02,0,grader,-0.548913,-1.0,-0.859911,-0.848661,-0.548913,-1.0,-0.859911,-0.848661,0.2255433201789856,5,0.07004469633102417,0.07566934823989868,,,,,,,,,,
85,2,grader,keep_all|loose_filter|medium_filter|strict_filter|rerank_only,strict_filter,-0.07,0,generator,0.683472,0.884777,1.0,,0.683472,0.884777,1.0,0.0,,,,,,,0.8417359292507172,0.9827165246009826,1.0,,,,,
85,3,generator,generate_answer|generate_with_strict_citations|generate_short_answer,generate_with_strict_citations,-0.07,0,verifier,-1.0,0.846255,1.0,0.542766,-1.0,0.846255,1.0,0.542766,,,,,,,,,,0.0,0.9231277108192444,384,0.7713828384876251,
85,4,verifier,verify_answer,verify_answer,0.6311,1,,-1.0,,,,-1.0,0.0,0.0,0.0,,,,,,,,,,,,,,0.0
86,1,retriever,dense_retrieve|sparse_retrieve|hybrid_retrieve|hybrid_rerank,sparse_retrieve,-0.02,0,grader,-0.412501,-0.874688,-0.786467,-0.530466,-0.412501,-0.874688,-0.786467,-0.530466,0.293749675154686,5,0.1067664623260498,0.23476681113243103,,,,,,,,,,
86,2,grader,keep_all|loose_filter|medium_filter|strict_filter|rerank_only,medium_filter,-0.07,0,generator,0.920428,1.0,0.767906,,0.920428,1.0,0.767906,0.0,,,,,,,0.9602138102054596,1.0,0.8839531242847443,,,,,
86,3,generator,generate_answer|generate_with_strict_citations|generate_short_answer,generate_with_strict_citations,-0.07,0,verifier,-0.896275,1.0,1.0,0.363667,-0.896275,1.0,1.0,0.363667,,,,,,,,,,0.051862627267837524,1.0,384,0.68183334171772,
86,4,verifier,verify_answer,verify_answer,0.8367,1,,-1.0,,,,-1.0,0.0,0.0,0.0,,,,,,,,,,,,,,0.0
87,1,retriever,dense_retrieve|sparse_retrieve|hybrid_retrieve|hybrid_rerank,sparse_retrieve,-0.02,0,grader,-0.638032,-0.751161,-0.436762,-0.613092,-0.638032,-0.751161,-0.436762,-0.613092,0.18098410964012146,6,0.2816188335418701,0.1934540569782257,,,,,,,,,,
87,2,grader,keep_all|loose_filter|medium_filter|strict_filter|rerank_only,strict_filter,-0.07,0,generator,0.873281,0.815517,1.0,,0.873281,0.815517,1.0,0.0,,,,,,,0.9366405606269836,0.9723276227712631,1.0,,,,,
87,3,generator,generate_answer|generate_with_strict_citations|generate_short_answer,generate_with_strict_citations,-0.07,0,verifier,-1.0,0.811306,0.896762,0.147707,-1.0,0.811306,0.896762,0.147707,,,,,,,,,,0.0,0.9056530594825745,384,0.5738534405827522,
87,4,verifier,verify_answer,verify_answer,0.7821,1,,-0.895471,,,,-0.895471,0.0,0.0,0.0,,,,,,,,,,,,,,0.05226472020149231
88,1,retriever,dense_retrieve|sparse_retrieve|hybrid_retrieve|hybrid_rerank,sparse_retrieve,-0.02,0,grader,-0.711703,-0.939327,-0.672208,-0.694934,-0.711703,-0.939327,-0.672208,-0.694934,0.14414870738983154,5,0.16389575600624084,0.15253284573554993,,,,,,,,,,
88,2,grader,keep_all|loose_filter|medium_filter|strict_filter|rerank_only,strict_filter,-0.07,0,generator,0.999942,1.0,0.807699,,0.999942,1.0,0.807699,0.0,,,,,,,0.9999708533287048,1.0,0.9038494825363159,,,,,
88,3,generator,generate_answer|generate_with_strict_citations|generate_short_answer,generate_with_strict_citations,-0.07,0,verifier,-1.0,0.799942,0.702887,0.355986,-1.0,0.799942,0.702887,0.355986,,,,,,,,,,0.0,0.8999707996845245,384,0.6779928058385849,
88,4,verifier,verify_answer,verify_answer,0.8419,1,,-0.8341,,,,-0.8341,0.0,0.0,0.0,,,,,,,,,,,,,,0.0829501748085022
89,1,retriever,dense_retrieve|sparse_retrieve|hybrid_retrieve|hybrid_rerank,hybrid_retrieve,-0.02,0,grader,-0.215042,-0.773403,-0.746794,-0.894208,-0.215042,-0.773403,-0.746794,-0.894208,0.39247918128967285,6,0.12660297751426697,0.05289599299430847,,,,,,,,,,
89,2,grader,keep_all|loose_filter|medium_filter|strict_filter|rerank_only,strict_filter,-0.07,0,generator,0.947855,-0.938137,1.0,,0.947855,-0.938137,1.0,0.0,,,,,,,0.9739276170730591,0.7092793971300124,1.0,,,,,
89,3,generator,generate_answer|generate_with_strict_citations|generate_short_answer,generate_short_answer,-0.07,0,verifier,-0.762812,-1.0,0.163501,-0.736602,-0.762812,-1.0,0.163501,-0.736602,,,,,,,,,,0.11859408020973206,0.0,174,0.13169899582862854,
89,4,verifier,verify_answer,verify_answer,0.594,1,,-0.346098,,,,-0.346098,0.0,0.0,0.0,,,,,,,,,,,,,,0.3269510716199875
90,1,retriever,dense_retrieve|sparse_retrieve|hybrid_retrieve|hybrid_rerank,hybrid_retrieve,-0.02,0,grader,0.107312,-0.79332,-0.720291,-0.871323,0.107312,-0.79332,-0.720291,-0.871323,0.5536557547748089,6,0.13985469937324524,0.06433844566345215,,,,,,,,,,
90,2,grader,keep_all|loose_filter|medium_filter|strict_filter|rerank_only,strict_filter,-0.07,0,generator,0.763018,-0.933385,0.951192,,0.763018,-0.933385,0.951192,0.0,,,,,,,0.8815091848373413,0.7099922388792037,0.9755961298942566,,,,,
90,3,generator,generate_answer|generate_with_strict_citations|generate_short_answer,generate_short_answer,-0.07,0,verifier,-0.583587,-1.0,0.106135,-0.653202,-0.583587,-1.0,0.106135,-0.653202,,,,,,,,,,0.20820659399032593,0.0,181,0.17339879274368286,
90,4,verifier,verify_answer,verify_answer,0.7211,1,,-0.424962,,,,-0.424962,0.0,0.0,0.0,,,,,,,,,,,,,,0.28751876950263977
91,1,retriever,dense_retrieve|sparse_retrieve|hybrid_retrieve|hybrid_rerank,dense_retrieve,-0.02,0,grader,0.459802,-0.867358,-0.624907,-0.625348,0.459802,-0.867358,-0.624907,-0.625348,0.7299010157585144,5,0.1875462830066681,0.18732622265815735,,,,,,,,,,
91,2,grader,keep_all|loose_filter|medium_filter|strict_filter|rerank_only,strict_filter,-0.07,0,generator,0.843861,-0.979569,1.0,,0.843861,-0.979569,1.0,0.0,,,,,,,0.921930730342865,0.7030646920204162,1.0,,,,,
91,3,generator,generate_answer|generate_with_strict_citations|generate_short_answer,generate_short_answer,-0.07,0,verifier,-0.634837,-1.0,0.4584,-0.932862,-0.634837,-1.0,0.4584,-0.932862,,,,,,,,,,0.18258166313171387,0.0,167,0.03356894850730896,
91,4,verifier,verify_answer,verify_answer,0.4896,1,,-0.695248,,,,-0.695248,0.0,0.0,0.0,,,,,,,,,,,,,,0.15237605571746826
92,1,retriever,dense_retrieve|sparse_retrieve|hybrid_retrieve|hybrid_rerank,dense_retrieve,-0.02,0,grader,0.524412,-0.942193,-0.366348,-0.757145,0.524412,-0.942193,-0.366348,-0.757145,0.7622062265872955,5,0.3168262094259262,0.12142756581306458,,,,,,,,,,
92,2,grader,keep_all|loose_filter|medium_filter|strict_filter|rerank_only,strict_filter,-0.07,0,generator,0.951633,-1.0,1.0,,0.951633,-1.0,1.0,0.0,,,,,,,0.975816547870636,0.7,1.0,,,,,
92,3,generator,generate_answer|generate_with_strict_citations|generate_short_answer,generate_short_answer,-0.07,0,verifier,-0.58981,-0.899896,0.34101,-0.724404,-0.58981,-0.899896,0.34101,-0.724404,,,,,,,,,,0.205095112323761,0.050052106380462646,190,0.13779792189598083,
92,4,verifier,verify_answer,verify_answer,0.7844,1,,-0.444713,,,,-0.444713,0.0,0.0,0.0,,,,,,,,,,,,,,0.2776436060667038
93,1,retriever,dense_retrieve|sparse_retrieve|hybrid_retrieve|hybrid_rerank,dense_retrieve,-0.02,0,grader,0.509488,-1.0,-0.099237,-0.880055,0.509488,-1.0,-0.099237,-0.880055,0.75474414229393,5,0.45038143545389175,0.059972554445266724,,,,,,,,,,
93,2,grader,keep_all|loose_filter|medium_filter|strict_filter|rerank_only,strict_filter,-0.07,0,generator,0.791866,-0.906751,1.0,,0.791866,-0.906751,1.0,0.0,,,,,,,0.8959331214427948,0.7139873892068862,1.0,,,,,
93,3,generator,generate_answer|generate_with_strict_citations|generate_short_answer,generate_short_answer,-0.07,0,verifier,-0.889566,-0.907624,0.488034,-0.639211,-0.889566,-0.907624,0.488034,-0.639211,,,,,,,,,,0.05521690845489502,0.0461881160736084,216,0.18039458990097046,
93,4,verifier,verify_answer,verify_answer,0.6887,1,,-0.248907,,,,-0.248907,0.0,0.0,0.0,,,,,,,,,,,,,,0.37554627656936646
94,1,retriever,dense_retrieve|sparse_retrieve|hybrid_retrieve|hybrid_rerank,hybrid_rerank,-0.02,0,grader,0.164498,-0.874888,1.0,-0.424525,0.164498,-0.874888,1.0,-0.424525,0.5822492018342018,5,1.0,0.28773757815361023,,,,,,,,,,
94,2,grader,keep_all|loose_filter|medium_filter|strict_filter|rerank_only,strict_filter,-0.07,0,generator,0.612895,-1.0,1.0,,0.612895,-1.0,1.0,0.0,,,,,,,0.806447297334671,0.7,1.0,,,,,
94,3,generator,generate_answer|generate_with_strict_citations|generate_short_answer,generate_short_answer,-0.07,0,verifier,-0.771916,-0.848123,0.63963,-0.592126,-0.771916,-0.848123,0.63963,-0.592126,,,,,,,,,,0.1140417754650116,0.07593843340873718,237,0.20393693447113037,
94,4,verifier,verify_answer,verify_answer,-0.07,0,verifier,-0.58454,,,,-0.58454,0.0,0.0,0.0,,,,,,,,,,,,,,0.20773017406463623
94,5,verifier,request_regeneration|request_more_retrieval|request_rewrite,request_more_retrieval,-0.07,0,retriever,-0.600304,,,,-0.600304,0.0,0.0,0.0,,,,,,,,,,,,,,0.19984808564186096
94,6,retriever,retrieve_more,retrieve_more,-0.02,0,grader,0.094886,-0.268863,1.0,0.818162,0.094886,-0.268863,1.0,0.818162,0.547442901879549,10,1.0,0.9090810418128967,,,,,,,,,,
94,7,grader,keep_all|loose_filter|medium_filter|strict_filter|rerank_only,strict_filter,-0.07,0,generator,0.548346,-1.0,1.0,,0.548346,-1.0,1.0,0.0,,,,,,,0.7741731703281403,0.7,1.0,,,,,
94,8,generator,generate_answer|generate_with_strict_citations|generate_short_answer,generate_short_answer,-0.07,0,verifier,-0.443263,-0.830092,0.45942,-0.569487,-0.443263,-0.830092,0.45942,-0.569487,,,,,,,,,,0.27836842834949493,0.0849539041519165,224,0.21525630354881287,
94,9,verifier,verify_answer,verify_answer,0.8108,1,,0.253547,,,,0.253547,0.0,0.0,0.0,,,,,,,,,,,,,,0.626773327589035
95,1,retriever,dense_retrieve|sparse_retrieve|hybrid_retrieve|hybrid_rerank,hybrid_rerank,-0.02,0,grader,0.719392,-0.960339,0.607835,-0.395907,0.719392,-0.960339,0.607835,-0.395907,0.8596959114074707,5,0.8039174973964691,0.3020464926958084,,,,,,,,,,
95,2,grader,keep_all|loose_filter|medium_filter|strict_filter|rerank_only,strict_filter,-0.07,0,generator,0.816698,-0.728748,1.0,,0.816698,-0.728748,1.0,0.0,,,,,,,0.9083488881587982,0.7406877428293228,1.0,,,,,
95,3,generator,generate_answer|generate_with_strict_citations|generate_short_answer,generate_short_answer,-0.07,0,verifier,-0.608892,-0.89044,0.593513,-0.834033,-0.608892,-0.89044,0.593513,-0.834033,,,,,,,,,,0.19555377960205078,0.05478009581565857,192,0.08298340439796448,
95,4,verifier,verify_answer,verify_answer,0.6733,1,,0.04389,,,,0.04389,0.0,0.0,0.0,,,,,,,,,,,,,,0.521944884210825
96,1,retriever,dense_retrieve|sparse_retrieve|hybrid_retrieve|hybrid_rerank,hybrid_rerank,-0.02,0,grader,0.92558,-0.830391,0.861254,-0.445537,0.92558,-0.830391,0.861254,-0.445537,0.9627901911735535,6,0.9306269288063049,0.2772315591573715,,,,,,,,,,
96,2,grader,keep_all|loose_filter|medium_filter|strict_filter|rerank_only,strict_filter,-0.07,0,generator,0.968535,-0.731095,0.893802,,0.968535,-0.731095,0.893802,0.0,,,,,,,0.9842675030231476,0.7403357923030853,0.9469008147716522,,,,,
96,3,generator,generate_answer|generate_with_strict_citations|generate_short_answer,generate_short_answer,-0.07,0,verifier,-0.678981,-1.0,0.340279,-0.814183,-0.678981,-1.0,0.340279,-0.814183,,,,,,,,,,0.16050928831100464,0.0,177,0.0929083526134491,
96,4,verifier,verify_answer,verify_answer,0.5411,1,,-0.089505,,,,-0.089505,0.0,0.0,0.0,,,,,,,,,,,,,,0.4552477300167084
97,1,retriever,dense_retrieve|sparse_retrieve|hybrid_retrieve|hybrid_rerank,hybrid_rerank,-0.02,0,grader,1.0,-0.921641,0.852566,-0.334851,1.0,-0.921641,0.852566,-0.334851,1.0,5,0.9262831807136536,0.3325743079185486,,,,,,,,,,
97,2,grader,keep_all|loose_filter|medium_filter|strict_filter|rerank_only,strict_filter,-0.07,0,generator,0.633846,-1.0,1.0,,0.633846,-1.0,1.0,0.0,,,,,,,0.8169228434562683,0.7,1.0,,,,,
97,3,generator,generate_answer|generate_with_strict_citations|generate_short_answer,generate_short_answer,-0.07,0,verifier,-0.263891,-0.73938,-6.5e-05,-0.80076,-0.263891,-0.73938,-6.5e-05,-0.80076,,,,,,,,,,0.3680543005466461,0.13031005859375,152,0.0996198058128357,
97,4,verifier,verify_answer,verify_answer,0.6151,1,,0.206582,,,,0.206582,0.0,0.0,0.0,,,,,,,,,,,,,,0.6032911911606789
98,1,retriever,dense_retrieve|sparse_retrieve|hybrid_retrieve|hybrid_rerank,hybrid_rerank,-0.02,0,grader,1.0,-0.856605,0.831187,0.078746,1.0,-0.856605,0.831187,0.078746,1.0,6,0.9155934453010559,0.5393727645277977,,,,,,,,,,
98,2,grader,keep_all|loose_filter|medium_filter|strict_filter|rerank_only,strict_filter,-0.07,0,generator,0.972638,-1.0,1.0,,0.972638,-1.0,1.0,0.0,,,,,,,0.9863190948963165,0.7,1.0,,,,,
98,3,generator,generate_answer|generate_with_strict_citations|generate_short_answer,generate_short_answer,-0.07,0,verifier,-0.502525,-1.0,0.324246,-0.780915,-0.502525,-1.0,0.324246,-0.780915,,,,,,,,,,0.24873751401901245,0.0,181,0.10954251885414124,
98,4,verifier,verify_answer,verify_answer,0.8366,1,,-0.200273,,,,-0.200273,0.0,0.0,0.0,,,,,,,,,,,,,,0.3998633176088333
99,1,retriever,dense_retrieve|sparse_retrieve|hybrid_retrieve|hybrid_rerank,hybrid_rerank,-0.02,0,grader,0.756355,-0.614521,0.855277,0.196917,0.756355,-0.614521,0.855277,0.196917,0.8781777322292328,7,0.9276386201381683,0.5984584465622902,,,,,,,,,,
99,2,grader,keep_all|loose_filter|medium_filter|strict_filter|rerank_only,strict_filter,-0.07,0,generator,0.805372,-0.645258,0.888389,,0.805372,-0.645258,0.888389,0.0,,,,,,,0.9026861190795898,0.7532112628221511,0.9441946446895599,,,,,
99,3,generator,generate_answer|generate_with_strict_citations|generate_short_answer,generate_short_answer,-0.07,0,verifier,-0.446241,-0.879436,0.172,-0.821502,-0.446241,-0.879436,0.172,-0.821502,,,,,,,,,,0.27687935531139374,0.06028187274932861,163,0.0892488956451416,
99,4,verifier,verify_answer,verify_answer,0.8658,1,,-0.043384,,,,-0.043384,0.0,0.0,0.0,,,,,,,,,,,,,,0.4783078357577324
100,1,retriever,dense_retrieve|sparse_retrieve|hybrid_retrieve|hybrid_rerank,hybrid_rerank,-0.02,0,grader,0.929946,-0.724925,1.0,0.482001,0.929946,-0.724925,1.0,0.482001,0.9649730920791626,7,1.0,0.7410004884004593,,,,,,,,,,
100,2,grader,keep_all|loose_filter|medium_filter|strict_filter|rerank_only,strict_filter,-0.07,0,generator,0.453237,-0.85522,1.0,,0.453237,-0.85522,1.0,0.0,,,,,,,0.7266183793544769,0.7217170149087906,1.0,,,,,
100,3,generator,generate_answer|generate_with_strict_citations|generate_short_answer,generate_short_answer,-0.07,0,verifier,-0.222847,-1.0,-0.268538,-0.791952,-0.222847,-1.0,-0.268538,-0.791952,,,,,,,,,,0.3885763958096504,0.0,133,0.1040240228176117,
100,4,verifier,verify_answer,verify_answer,0.6753,1,,0.123852,,,,0.123852,0.0,0.0,0.0,,,,,,,,,,,,,,0.5619257986545563
101,1,retriever,dense_retrieve|sparse_retrieve|hybrid_retrieve|hybrid_rerank,hybrid_rerank,-0.02,0,grader,0.937821,-0.655273,1.0,0.609638,0.937821,-0.655273,1.0,0.609638,0.9689105153083801,7,1.0,0.8048190474510193,,,,,,,,,,
101,2,grader,keep_all|loose_filter|medium_filter|strict_filter|rerank_only,strict_filter,-0.07,0,generator,0.75405,-1.0,1.0,,0.75405,-1.0,1.0,0.0,,,,,,,0.8770252168178558,0.7,1.0,,,,,
101,3,generator,generate_answer|generate_with_strict_citations|generate_short_answer,generate_short_answer,-0.07,0,verifier,-0.550327,-1.0,-0.237277,-0.402894,-0.550327,-1.0,-0.237277,-0.402894,,,,,,,,,,0.22483643889427185,0.0,179,0.29855312407016754,
101,4,verifier,verify_answer,verify_answer,0.7076,1,,0.4798,,,,0.4798,0.0,0.0,0.0,,,,,,,,,,,,,,0.7398998439311981
102,1,retriever,dense_retrieve|sparse_retrieve|hybrid_retrieve|hybrid_rerank,hybrid_rerank,-0.02,0,grader,0.927279,-0.777205,1.0,0.544782,0.927279,-0.777205,1.0,0.544782,0.9636396765708923,6,1.0,0.7723911106586456,,,,,,,,,,
102,2,grader,keep_all|loose_filter|medium_filter|strict_filter|rerank_only,strict_filter,-0.07,0,generator,0.838773,-0.883741,0.973661,,0.838773,-0.883741,0.973661,0.0,,,,,,,0.9193862974643707,0.7174388825893402,0.9868302941322327,,,,,
102,3,generator,generate_answer|generate_with_strict_citations|generate_short_answer,generate_short_answer,-0.07,0,verifier,-0.359816,-0.818011,0.077218,-1.0,-0.359816,-0.818011,0.077218,-1.0,,,,,,,,,,0.3200921267271042,0.09099432826042175,132,0.0,
102,4,verifier,verify_answer,verify_answer,0.7013,1,,0.060608,,,,0.060608,0.0,0.0,0.0,,,,,,,,,,,,,,0.5303040761500597
103,1,retriever,dense_retrieve|sparse_retrieve|hybrid_retrieve|hybrid_rerank,hybrid_rerank,-0.02,0,grader,0.642125,-0.397503,0.835477,0.571342,0.642125,-0.397503,0.835477,0.571342,0.8210624754428864,9,0.9177384078502655,0.7856707572937012,,,,,,,,,,
103,2,grader,keep_all|loose_filter|medium_filter|strict_filter|rerank_only,strict_filter,-0.07,0,generator,0.507835,-1.0,0.957973,,0.507835,-1.0,0.957973,0.0,,,,,,,0.7539174556732178,0.7,0.9789867401123047,,,,,
103,3,generator,generate_answer|generate_with_strict_citations|generate_short_answer,generate_short_answer,-0.07,0,verifier,-0.232338,-0.922578,-0.560398,-1.0,-0.232338,-0.922578,-0.560398,-1.0,,,,,,,,,,0.38383079320192337,0.03871092200279236,128,0.0,
103,4,verifier,verify_answer,verify_answer,0.4366,1,,0.272695,,,,0.272695,0.0,0.0,0.0,,,,,,,,,,,,,,0.6363476365804672
104,1,retriever,dense_retrieve|sparse_retrieve|hybrid_retrieve|hybrid_rerank,hybrid_rerank,-0.02,0,grader,0.863178,-0.440162,0.848383,0.637101,0.863178,-0.440162,0.848383,0.637101,0.9315888583660126,9,0.9241913855075836,0.8185502886772156,,,,,,,,,,
104,2,grader,keep_all|loose_filter|medium_filter|strict_filter|rerank_only,strict_filter,-0.07,0,generator,0.448226,-1.0,1.0,,0.448226,-1.0,1.0,0.0,,,,,,,0.724112942814827,0.7,1.0,,,,,
104,3,generator,generate_answer|generate_with_strict_citations|generate_short_answer,generate_short_answer,-0.07,0,verifier,-0.415269,-1.0,-0.134121,-0.844174,-0.415269,-1.0,-0.134121,-0.844174,,,,,,,,,,0.2923656702041626,0.0,137,0.077912837266922,
104,4,verifier,verify_answer,verify_answer,0.643,1,,0.393377,,,,0.393377,0.0,0.0,0.0,,,,,,,,,,,,,,0.6966885030269623
105,1,retriever,dense_retrieve|sparse_retrieve|hybrid_retrieve|hybrid_rerank,hybrid_rerank,-0.02,0,grader,0.92567,-0.056403,0.775393,0.695939,0.92567,-0.056403,0.775393,0.695939,0.9628349542617798,12,0.8876965045928955,0.8479695618152618,,,,,,,,,,
105,2,grader,keep_all|loose_filter|medium_filter|strict_filter|rerank_only,strict_filter,-0.07,0,generator,0.501422,-0.630316,1.0,,0.501422,-0.630316,1.0,0.0,,,,,,,0.7507112324237823,0.7554525434970856,1.0,,,,,
105,3,generator,generate_answer|generate_with_strict_citations|generate_short_answer,generate_short_answer,-0.07,0,verifier,-0.418902,-0.901097,-0.172795,-0.899785,-0.418902,-0.901097,-0.172795,-0.899785,,,,,,,,,,0.2905488908290863,0.049451619386672974,128,0.050107330083847046,
105,4,verifier,verify_answer,verify_answer,0.8153,1,,0.328841,,,,0.328841,0.0,0.0,0.0,,,,,,,,,,,,,,0.6644206196069717
106,1,retriever,dense_retrieve|sparse_retrieve|hybrid_retrieve|hybrid_rerank,hybrid_rerank,-0.02,0,grader,1.0,0.039238,0.883907,0.694178,1.0,0.039238,0.883907,0.694178,1.0,12,0.9419534504413605,0.8470891714096069,,,,,,,,,,
106,2,grader,keep_all|loose_filter|medium_filter|strict_filter|rerank_only,medium_filter,-0.07,0,generator,0.672008,-0.812869,0.737405,,0.672008,-0.812869,0.737405,0.0,,,,,,,0.836003988981247,0.7280696660280227,0.8687025308609009,,,,,
106,3,generator,generate_answer|generate_with_strict_citations|generate_short_answer,generate_short_answer,-0.07,0,verifier,-0.003348,-0.750363,-0.152914,-0.898732,-0.003348,-0.750363,-0.152914,-0.898732,,,,,,,,,,0.4983260636217892,0.12481841444969177,129,0.050634145736694336,
106,4,verifier,verify_answer,verify_answer,0.5799,1,,0.344382,,,,0.344382,0.0,0.0,0.0,,,,,,,,,,,,,,0.6721907705068588
107,1,retriever,dense_retrieve|sparse_retrieve|hybrid_retrieve|hybrid_rerank,hybrid_rerank,-0.02,0,grader,1.0,-0.457609,0.975703,0.788707,1.0,-0.457609,0.975703,0.788707,1.0,9,0.9878513216972351,0.8943532705307007,,,,,,,,,,
107,2,grader,keep_all|loose_filter|medium_filter|strict_filter|rerank_only,strict_filter,-0.07,0,generator,0.159623,-1.0,0.810459,,0.159623,-1.0,0.810459,0.0,,,,,,,0.5798115879297256,0.7,0.9052296876907349,,,,,
107,3,generator,generate_answer|generate_with_strict_citations|generate_short_answer,generate_short_answer,-0.07,0,verifier,-0.186992,-1.0,-0.661086,-0.986617,-0.186992,-1.0,-0.661086,-0.986617,,,,,,,,,,0.4065040498971939,0.0,128,0.006691426038742065,
107,4,verifier,verify_answer,verify_answer,0.7886,1,,0.303738,,,,0.303738,0.0,0.0,0.0,,,,,,,,,,,,,,0.6518688499927521
108,1,retriever,dense_retrieve|sparse_retrieve|hybrid_retrieve|hybrid_rerank,hybrid_rerank,-0.02,0,grader,1.0,-0.339969,1.0,0.681549,1.0,-0.339969,1.0,0.681549,1.0,9,1.0,0.8407746255397797,,,,,,,,,,
108,2,grader,keep_all|loose_filter|medium_filter|strict_filter|rerank_only,strict_filter,-0.07,0,generator,0.407231,-0.765707,1.0,,0.407231,-0.765707,1.0,0.0,,,,,,,0.703615352511406,0.7351439028978347,1.0,,,,,
108,3,generator,generate_answer|generate_with_strict_citations|generate_short_answer,generate_short_answer,-0.07,0,verifier,-0.145122,-0.863118,-0.593624,-0.640927,-0.145122,-0.863118,-0.593624,-0.640927,,,,,,,,,,0.4274388551712036,0.06844091415405273,128,0.1795366406440735,
108,4,verifier,verify_answer,verify_answer,0.6646,1,,0.283739,,,,0.283739,0.0,0.0,0.0,,,,,,,,,,,,,,0.641869306564331
109,1,retriever,dense_retrieve|sparse_retrieve|hybrid_retrieve|hybrid_rerank,hybrid_rerank,-0.02,0,grader,0.639028,-0.156281,1.0,0.723665,0.639028,-0.156281,1.0,0.723665,0.8195139467716217,11,1.0,0.8618324100971222,,,,,,,,,,
109,2,grader,keep_all|loose_filter|medium_filter|strict_filter|rerank_only,strict_filter,-0.07,0,generator,0.51084,-1.0,1.0,,0.51084,-1.0,1.0,0.0,,,,,,,0.7554201483726501,0.7,1.0,,,,,
109,3,generator,generate_answer|generate_with_strict_citations|generate_short_answer,generate_short_answer,-0.07,0,verifier,-0.037922,-0.824583,-0.333031,-0.97924,-0.037922,-0.824583,-0.333031,-0.97924,,,,,,,,,,0.48103875666856766,0.08770838379859924,128,0.010379880666732788,
109,4,verifier,verify_answer,verify_answer,-0.07,0,verifier,0.251677,,,,0.251677,0.0,0.0,0.0,,,,,,,,,,,,,,0.6258384138345718
109,5,verifier,request_regeneration|request_more_retrieval|request_rewrite,request_regeneration,-0.07,0,generator,0.105855,,,,0.105855,0.0,0.0,0.0,,,,,,,,,,,,,,0.5529276430606842
109,6,generator,generate_answer|generate_with_strict_citations|generate_short_answer|regenerate,generate_short_answer,-0.07,0,verifier,0.11616,-0.864271,-0.376863,-0.725797,0.11616,-0.864271,-0.376863,-0.725797,,,,,,,,,,0.5580799616873264,0.06786453723907471,131,0.1371016502380371,
109,7,verifier,verify_answer,verify_answer,-0.07,0,verifier,0.633073,,,,0.633073,0.0,0.0,0.0,,,,,,,,,,,,,,0.8165364861488342
109,8,verifier,request_regeneration|request_more_retrieval|request_rewrite,request_regeneration,-0.07,0,generator,0.100872,,,,0.100872,0.0,0.0,0.0,,,,,,,,,,,,,,0.55043575912714
109,9,generator,generate_answer|generate_with_strict_citations|generate_short_answer|regenerate,generate_short_answer,-0.07,0,verifier,0.008749,-1.0,-0.49406,-0.549243,0.008749,-1.0,-0.49406,-0.549243,,,,,,,,,,0.504374299198389,0.0,139,0.2253783941268921,
109,10,verifier,verify_answer,verify_answer,-0.1343,1,,0.670494,,,,0.670494,0.0,0.0,0.0,,,,,,,,,,,,,,0.8352472186088562
110,1,retriever,dense_retrieve|sparse_retrieve|hybrid_retrieve|hybrid_rerank,hybrid_rerank,-0.02,0,grader,1.0,-0.449947,0.753787,1.0,1.0,-0.449947,0.753787,1.0,1.0,9,0.8768936693668365,1.0,,,,,,,,,,
110,2,grader,keep_all|loose_filter|medium_filter|strict_filter|rerank_only,strict_filter,-0.07,0,generator,0.867965,-0.828494,1.0,,0.867965,-0.828494,1.0,0.0,,,,,,,0.9339825212955475,0.7257259607315063,1.0,,,,,
110,3,generator,generate_answer|generate_with_strict_citations|generate_short_answer,generate_short_answer,-0.07,0,verifier,0.071164,-1.0,-0.403882,-0.693486,0.071164,-1.0,-0.403882,-0.693486,,,,,,,,,,0.5355821438133717,0.0,133,0.15325704216957092,
110,4,verifier,verify_answer,verify_answer,0.5996,1,,0.042124,,,,0.042124,0.0,0.0,0.0,,,,,,,,,,,,,,0.5210622493177652
111,1,retriever,dense_retrieve|sparse_retrieve|hybrid_retrieve|hybrid_rerank,hybrid_rerank,-0.02,0,grader,0.613142,-0.683254,1.0,1.0,0.613142,-0.683254,1.0,1.0,0.8065711259841919,7,1.0,1.0,,,,,,,,,,
111,2,grader,keep_all|loose_filter|medium_filter|strict_filter|rerank_only,strict_filter,-0.07,0,generator,0.741627,-0.90128,0.85847,,0.741627,-0.90128,0.85847,0.0,,,,,,,0.870813399553299,0.7148079395294189,0.9292350709438324,,,,,
111,3,generator,generate_answer|generate_with_strict_citations|generate_short_answer,generate_short_answer,-0.07,0,verifier,-0.121148,-1.0,-0.68439,-0.529954,-0.121148,-1.0,-0.68439,-0.529954,,,,,,,,,,0.43942615389823914,0.0,128,0.2350231111049652,
111,4,verifier,verify_answer,verify_answer,0.5797,1,,0.700447,,,,0.700447,0.0,0.0,0.0,,,,,,,,,,,,,,0.8502234518527985
112,1,retriever,dense_retrieve|sparse_retrieve|hybrid_retrieve|hybrid_rerank,hybrid_rerank,-0.02,0,grader,1.0,-0.446493,0.915965,0.84991,1.0,-0.446493,0.915965,0.84991,1.0,9,0.9579824507236481,0.9249548017978668,,,,,,,,,,
112,2,grader,keep_all|loose_filter|medium_filter|strict_filter|rerank_only,strict_filter,-0.07,0,generator,0.732763,-1.0,0.939639,,0.732763,-1.0,0.939639,0.0,,,,,,,0.8663815557956696,0.7,0.9698193073272705,,,,,
112,3,generator,generate_answer|generate_with_strict_citations|generate_short_answer,generate_short_answer,-0.07,0,verifier,-0.188078,-1.0,-0.819913,-0.590298,-0.188078,-1.0,-0.819913,-0.590298,,,,,,,,,,0.4059610068798065,0.0,128,0.20485106110572815,
112,4,verifier,verify_answer,verify_answer,0.7716,1,,0.557508,,,,0.557508,0.0,0.0,0.0,,,,,,,,,,,,,,0.7787541747093201
113,1,retriever,dense_retrieve|sparse_retrieve|hybrid_retrieve|hybrid_rerank,hybrid_rerank,-0.02,0,grader,1.0,-0.404771,1.0,0.907166,1.0,-0.404771,1.0,0.907166,1.0,9,1.0,0.9535832405090332,,,,,,,,,,
113,2,grader,keep_all|loose_filter|medium_filter|strict_filter|rerank_only,strict_filter,-0.07,0,generator,0.852178,-0.879336,1.0,,0.852178,-0.879336,1.0,0.0,,,,,,,0.9260890781879425,0.7180996000766754,1.0,,,,,
113,3,generator,generate_answer|generate_with_strict_citations|generate_short_answer,generate_short_answer,-0.07,0,verifier,-0.465189,-0.9603,-0.709982,-0.806091,-0.465189,-0.9603,-0.709982,-0.806091,,,,,,,,,,0.2674056440591812,0.019849807024002075,128,0.09695470333099365,
113,4,verifier,verify_answer,verify_answer,0.5209,1,,0.034824,,,,0.034824,0.0,0.0,0.0,,,,,,,,,,,,,,0.5174118541181087
114,1,retriever,dense_retrieve|sparse_retrieve|hybrid_retrieve|hybrid_rerank,hybrid_rerank,-0.02,0,grader,1.0,-0.326193,1.0,0.998456,1.0,-0.326193,1.0,0.998456,1.0,10,1.0,0.9992281496524811,,,,,,,,,,
114,2,grader,keep_all|loose_filter|medium_filter|strict_filter|rerank_only,strict_filter,-0.07,0,generator,0.567096,-0.955573,0.961523,,0.567096,-0.955573,0.961523,0.0,,,,,,,0.78354811668396,0.7066641002893448,0.9807612597942352,,,,,
114,3,generator,generate_answer|generate_with_strict_citations|generate_short_answer,generate_short_answer,-0.07,0,verifier,-0.121626,-0.883113,-0.84969,-0.452987,-0.121626,-0.883113,-0.84969,-0.452987,,,,,,,,,,0.43918682262301445,0.05844339728355408,128,0.2735065072774887,
114,4,verifier,verify_answer,verify_answer,0.6886,1,,0.590839,,,,0.590839,0.0,0.0,0.0,,,,,,,,,,,,,,0.7954193353652954
115,1,retriever,dense_retrieve|sparse_retrieve|hybrid_retrieve|hybrid_rerank,hybrid_rerank,-0.02,0,grader,0.977823,-0.15236,1.0,0.895717,0.977823,-0.15236,1.0,0.895717,0.9889113306999207,11,1.0,0.9478585124015808,,,,,,,,,,
115,2,grader,keep_all|loose_filter|medium_filter|strict_filter|rerank_only,strict_filter,-0.07,0,generator,0.971279,-0.977963,1.0,,0.971279,-0.977963,1.0,0.0,,,,,,,0.9856394827365875,0.70330550968647,1.0,,,,,
115,3,generator,generate_answer|generate_with_strict_citations|generate_short_answer,generate_short_answer,-0.07,0,verifier,-0.097978,-1.0,-0.347205,-0.427849,-0.097978,-1.0,-0.347205,-0.427849,,,,,,,,,,0.45101115107536316,0.0,165,0.28607527911663055,
115,4,verifier,verify_answer,verify_answer,0.713,1,,0.65967,,,,0.65967,0.0,0.0,0.0,,,,,,,,,,,,,,0.8298352360725403
116,1,retriever,dense_retrieve|sparse_retrieve|hybrid_retrieve|hybrid_rerank,hybrid_rerank,-0.02,0,grader,0.934835,-0.211218,0.657054,0.860714,0.934835,-0.211218,0.657054,0.860714,0.9674175381660461,10,0.8285270035266876,0.9303572475910187,,,,,,,,,,
116,2,grader,keep_all|loose_filter|medium_filter|strict_filter|rerank_only,medium_filter,-0.07,0,generator,0.728594,-0.872371,0.746943,,0.728594,-0.872371,0.746943,0.0,,,,,,,0.8642969727516174,0.7191443026065826,0.8734716176986694,,,,,
116,3,generator,generate_answer|generate_with_strict_citations|generate_short_answer,generate_short_answer,-0.07,0,verifier,-0.342766,-0.996464,-0.544115,-0.793516,-0.342766,-0.996464,-0.544115,-0.793516,,,,,,,,,,0.3286171853542328,0.0017682015895843506,128,0.10324186086654663,
116,4,verifier,verify_answer,verify_answer,0.8037,1,,0.363681,,,,0.363681,0.0,0.0,0.0,,,,,,,,,,,,,,0.6818402856588364
117,1,retriever,dense_retrieve|sparse_retrieve|hybrid_retrieve|hybrid_rerank,hybrid_rerank,-0.02,0,grader,0.83506,-0.465414,0.703904,0.712227,0.83506,-0.465414,0.703904,0.712227,0.917529821395874,9,0.8519518971443176,0.8561136424541473,,,,,,,,,,
117,2,grader,keep_all|loose_filter|medium_filter|strict_filter|rerank_only,medium_filter,-0.07,0,generator,0.711507,-0.886985,0.711314,,0.711507,-0.886985,0.711314,0.0,,,,,,,0.8557536900043488,0.7169521957635879,0.8556570410728455,,,,,
117,3,generator,generate_answer|generate_with_strict_citations|generate_short_answer,generate_short_answer,-0.07,0,verifier,-0.474406,-1.0,-0.368919,-0.369213,-0.474406,-1.0,-0.368919,-0.369213,,,,,,,,,,0.2627970576286316,0.0,169,0.3153935968875885,
117,4,verifier,verify_answer,verify_answer,0.6044,1,,0.782773,,,,0.782773,0.0,0.0,0.0,,,,,,,,,,,,,,0.8913865387439728
118,1,retriever,dense_retrieve|sparse_retrieve|hybrid_retrieve|hybrid_rerank,hybrid_rerank,-0.02,0,grader,0.794578,-0.618667,0.958122,0.582928,0.794578,-0.618667,0.958122,0.582928,0.8972889482975006,7,0.9790611267089844,0.7914641499519348,,,,,,,,,,
118,2,grader,keep_all|loose_filter|medium_filter|strict_filter|rerank_only,medium_filter,-0.07,0,generator,-0.095814,-0.890267,0.61829,,-0.095814,-0.890267,0.61829,0.0,,,,,,,0.4520927779376507,0.7164599925279617,0.8091448247432709,,,,,
118,3,generator,generate_answer|generate_with_strict_citations|generate_short_answer,generate_short_answer,-0.07,0,verifier,-0.589825,-1.0,-0.151932,-0.630847,-0.589825,-1.0,-0.151932,-0.630847,,,,,,,,,,0.2050873339176178,0.0,161,0.1845766007900238,
118,4,verifier,verify_answer,verify_answer,-0.07,0,verifier,-0.399143,,,,-0.399143,0.0,0.0,0.0,,,,,,,,,,,,,,0.3004285842180252
118,5,verifier,request_regeneration|request_more_retrieval|request_rewrite,request_more_retrieval,-0.07,0,retriever,-0.418338,,,,-0.418338,0.0,0.0,0.0,,,,,,,,,,,,,,0.29083117842674255
118,6,retriever,retrieve_more,retrieve_more,-0.02,0,grader,0.65074,-0.82529,0.971644,0.796821,0.65074,-0.82529,0.971644,0.796821,0.825370192527771,6,0.9858217537403107,0.89841029047966,,,,,,,,,,
118,7,grader,keep_all|loose_filter|medium_filter|strict_filter|rerank_only,rerank_only,-0.07,0,generator,0.605832,-0.705671,0.333641,,0.605832,-0.705671,0.333641,0.0,,,,,,,0.8029157817363739,0.7441494196653365,0.6668204516172409,,,,,
118,8,generator,generate_answer|generate_with_strict_citations|generate_short_answer,generate_short_answer,-0.07,0,verifier,-0.221559,-0.735443,-0.394453,-0.409643,-0.221559,-0.735443,-0.394453,-0.409643,,,,,,,,,,0.3892207071185112,0.13227835297584534,163,0.2951784282922745,
118,9,verifier,verify_answer,verify_answer,0.5894,1,,0.653266,,,,0.653266,0.0,0.0,0.0,,,,,,,,,,,,,,0.8266330063343048
119,1,retriever,dense_retrieve|sparse_retrieve|hybrid_retrieve|hybrid_rerank,hybrid_rerank,-0.02,0,grader,1.0,-0.604513,1.0,0.971836,1.0,-0.604513,1.0,0.971836,1.0,7,1.0,0.9859179258346558,,,,,,,,,,
119,2,grader,keep_all|loose_filter|medium_filter|strict_filter|rerank_only,strict_filter,-0.07,0,generator,0.81851,-0.846204,1.0,,0.81851,-0.846204,1.0,0.0,,,,,,,0.909255176782608,0.723069393634796,1.0,,,,,
119,3,generator,generate_answer|generate_with_strict_citations|generate_short_answer,generate_short_answer,-0.07,0,verifier,-0.631518,-1.0,-0.49274,-0.543893,-0.631518,-1.0,-0.49274,-0.543893,,,,,,,,,,0.18424102663993835,0.0,139,0.2280532717704773,
119,4,verifier,verify_answer,verify_answer,-0.07,0,verifier,0.349747,,,,0.349747,0.0,0.0,0.0,,,,,,,,,,,,,,0.6748733073472977
119,5,verifier,request_regeneration|request_more_retrieval|request_rewrite,request_regeneration,-0.07,0,generator,0.273796,,,,0.273796,0.0,0.0,0.0,,,,,,,,,,,,,,0.6368981003761292
119,6,generator,generate_answer|generate_with_strict_citations|generate_short_answer|regenerate,generate_short_answer,-0.07,0,verifier,-0.676397,-1.0,-0.514957,-0.534263,-0.676397,-1.0,-0.514957,-0.534263,,,,,,,,,,0.16180133819580078,0.0,139,0.23286840319633484,
119,7,verifier,verify_answer,verify_answer,-0.07,0,verifier,0.622123,,,,0.622123,0.0,0.0,0.0,,,,,,,,,,,,,,0.8110615909099579
119,8,verifier,request_regeneration|request_more_retrieval|request_rewrite,request_regeneration,-0.07,0,generator,0.642971,,,,0.642971,0.0,0.0,0.0,,,,,,,,,,,,,,0.8214857280254364
119,9,generator,generate_answer|generate_with_strict_citations|generate_short_answer|regenerate,generate_short_answer,-0.07,0,verifier,-0.631204,-0.99841,-0.334585,-0.190116,-0.631204,-0.99841,-0.334585,-0.190116,,,,,,,,,,0.18439802527427673,0.0007947683334350586,192,0.4049421474337578,
119,10,verifier,verify_answer,verify_answer,0.2304,1,,0.679183,,,,0.679183,0.0,0.0,0.0,,,,,,,,,,,,,,0.8395917415618896
120,1,retriever,dense_retrieve|sparse_retrieve|hybrid_retrieve|hybrid_rerank,hybrid_rerank,-0.02,0,grader,1.0,-0.464511,0.96313,0.993952,1.0,-0.464511,0.96313,0.993952,1.0,9,0.9815651774406433,0.9969761371612549,,,,,,,,,,
120,2,grader,keep_all|loose_filter|medium_filter|strict_filter|rerank_only,medium_filter,-0.07,0,generator,0.398859,-1.0,0.778265,,0.398859,-1.0,0.778265,0.0,,,,,,,0.6994294673204422,0.7,0.8891325294971466,,,,,
120,3,generator,generate_answer|generate_with_strict_citations|generate_short_answer,generate_short_answer,-0.07,0,verifier,-0.269492,-0.68465,-0.378717,-0.485625,-0.269492,-0.68465,-0.378717,-0.485625,,,,,,,,,,0.36525382101535797,0.15767478942871094,156,0.25718747079372406,
120,4,verifier,verify_answer,verify_answer,0.7944,1,,0.617652,,,,0.617652,0.0,0.0,0.0,,,,,,,,,,,,,,0.8088259100914001
121,1,retriever,dense_retrieve|sparse_retrieve|hybrid_retrieve|hybrid_rerank,hybrid_rerank,-0.02,0,grader,1.0,-0.362084,1.0,1.0,1.0,-0.362084,1.0,1.0,1.0,9,1.0,1.0,,,,,,,,,,
121,2,grader,keep_all|loose_filter|medium_filter|strict_filter|rerank_only,medium_filter,-0.07,0,generator,1.0,-0.736835,0.753851,,1.0,-0.736835,0.753851,0.0,,,,,,,1.0,0.7394747048616409,0.8769254982471466,,,,,
121,3,generator,generate_answer|generate_with_strict_citations|generate_short_answer,generate_short_answer,-0.07,0,verifier,-0.429823,-0.952084,-0.74581,-0.955963,-0.429823,-0.952084,-0.74581,-0.955963,,,,,,,,,,0.2850886285305023,0.023957908153533936,128,0.022018641233444214,
121,4,verifier,verify_answer,verify_answer,0.5683,1,,0.796603,,,,0.796603,0.0,0.0,0.0,,,,,,,,,,,,,,0.8983013033866882
122,1,retriever,dense_retrieve|sparse_retrieve|hybrid_retrieve|hybrid_rerank,hybrid_rerank,-0.02,0,grader,1.0,-0.318634,0.706353,1.0,1.0,-0.318634,0.706353,1.0,1.0,10,0.8531767129898071,1.0,,,,,,,,,,
122,2,grader,keep_all|loose_filter|medium_filter|strict_filter|rerank_only,medium_filter,-0.07,0,generator,0.72277,-0.836875,0.794227,,0.72277,-0.836875,0.794227,0.0,,,,,,,0.8613851070404053,0.7244687020778655,0.897113561630249,,,,,
122,3,generator,generate_answer|generate_with_strict_citations|generate_short_answer,generate_short_answer,-0.07,0,verifier,-0.388408,-0.798007,-0.438396,-0.405385,-0.388408,-0.798007,-0.438396,-0.405385,,,,,,,,,,0.30579623579978943,0.10099658370018005,158,0.297307625412941,
122,4,verifier,verify_answer,verify_answer,0.6611,1,,0.139808,,,,0.139808,0.0,0.0,0.0,,,,,,,,,,,,,,0.5699037835001945
123,1,retriever,dense_retrieve|sparse_retrieve|hybrid_retrieve|hybrid_rerank,hybrid_rerank,-0.02,0,grader,0.98671,-0.219032,0.961253,1.0,0.98671,-0.219032,0.961253,1.0,0.993355005979538,10,0.9806262850761414,1.0,,,,,,,,,,
123,2,grader,keep_all|loose_filter|medium_filter|strict_filter|rerank_only,loose_filter,-0.07,0,generator,1.0,-0.968868,0.562724,,1.0,-0.968868,0.562724,0.0,,,,,,,1.0,0.7046697348356247,0.7813620567321777,,,,,
123,3,generator,generate_answer|generate_with_strict_citations|generate_short_answer,generate_short_answer,-0.07,0,verifier,-0.345782,-0.997713,-0.508097,-0.982104,-0.345782,-0.997713,-0.508097,-0.982104,,,,,,,,,,0.3271091878414154,0.0011436045169830322,128,0.008947968482971191,
123,4,verifier,verify_answer,verify_answer,-0.07,0,verifier,0.47643,,,,0.47643,0.0,0.0,0.0,,,,,,,,,,,,,,0.7382150739431381
123,5,verifier,request_regeneration|request_more_retrieval|request_rewrite,request_regeneration,-0.07,0,generator,0.102711,,,,0.102711,0.0,0.0,0.0,,,,,,,,,,,,,,0.5513554476201534
123,6,generator,generate_answer|generate_with_strict_citations|generate_short_answer|regenerate,generate_short_answer,-0.07,0,verifier,-0.039355,-0.951501,-0.678712,-0.933568,-0.039355,-0.951501,-0.678712,-0.933568,,,,,,,,,,0.4803226962685585,0.024249255657196045,128,0.033216238021850586,
123,7,verifier,verify_answer,verify_answer,-0.07,0,verifier,0.71177,,,,0.71177,0.0,0.0,0.0,,,,,,,,,,,,,,0.855884850025177
123,8,verifier,request_regeneration|request_more_retrieval|request_rewrite,request_regeneration,-0.07,0,generator,0.215644,,,,0.215644,0.0,0.0,0.0,,,,,,,,,,,,,,0.6078218370676041
123,9,generator,generate_answer|generate_with_strict_citations|generate_short_answer|regenerate,generate_short_answer,-0.07,0,verifier,0.045531,-0.918666,-0.411514,-0.985808,0.045531,-0.918666,-0.411514,-0.985808,,,,,,,,,,0.5227655041962862,0.0406670868396759,128,0.0070961713790893555,
123,10,verifier,verify_answer,verify_answer,0.0639,1,,0.491561,,,,0.491561,0.0,0.0,0.0,,,,,,,,,,,,,,0.745780274271965
124,1,retriever,dense_retrieve|sparse_retrieve|hybrid_retrieve|hybrid_rerank,hybrid_rerank,-0.02,0,grader,1.0,-0.46868,0.824594,0.791237,1.0,-0.46868,0.824594,0.791237,1.0,8,0.9122972190380096,0.8956185579299927,,,,,,,,,,
124,2,grader,keep_all|loose_filter|medium_filter|strict_filter|rerank_only,loose_filter,-0.07,0,generator,0.715541,-0.981154,0.586868,,0.715541,-0.981154,0.586868,0.0,,,,,,,0.857770562171936,0.7028269678354263,0.7934339940547943,,,,,
124,3,generator,generate_answer|generate_with_strict_citations|generate_short_answer,generate_short_answer,-0.07,0,verifier,-0.557802,-0.888854,-0.000937,-0.960555,-0.557802,-0.888854,-0.000937,-0.960555,,,,,,,,,,0.22109875082969666,0.055572956800460815,132,0.019722431898117065,
124,4,verifier,verify_answer,verify_answer,0.6329,1,,-0.413148,,,,-0.413148,0.0,0.0,0.0,,,,,,,,,,,,,,0.29342620074748993
125,1,retriever,dense_retrieve|sparse_retrieve|hybrid_retrieve|hybrid_rerank,hybrid_rerank,-0.02,0,grader,1.0,-0.115414,1.0,1.0,1.0,-0.115414,1.0,1.0,1.0,11,1.0,1.0,,,,,,,,,,
125,2,grader,keep_all|loose_filter|medium_filter|strict_filter|rerank_only,rerank_only,-0.07,0,generator,0.464783,-0.882107,0.348173,,0.464783,-0.882107,0.348173,0.0,,,,,,,0.7323916256427765,0.717683956027031,0.6740867048501968,,,,,
125,3,generator,generate_answer|generate_with_strict_citations|generate_short_answer,generate_short_answer,-0.07,0,verifier,-0.663912,-0.880173,-0.101912,-0.968391,-0.663912,-0.880173,-0.101912,-0.968391,,,,,,,,,,0.16804376244544983,0.05991366505622864,128,0.015804380178451538,
125,4,verifier,verify_answer,verify_answer,-0.07,0,verifier,-0.425277,,,,-0.425277,0.0,0.0,0.0,,,,,,,,,,,,,,0.2873616963624954
125,5,verifier,request_regeneration|request_more_retrieval|request_rewrite,request_more_retrieval,-0.07,0,retriever,-0.723953,,,,-0.723953,0.0,0.0,0.0,,,,,,,,,,,,,,0.1380237340927124
125,6,retriever,retrieve_more,retrieve_more,-0.02,0,grader,1.0,-0.581311,1.0,1.0,1.0,-0.581311,1.0,1.0,1.0,8,1.0,1.0,,,,,,,,,,
125,7,grader,keep_all|loose_filter|medium_filter|strict_filter|rerank_only,rerank_only,-0.07,0,generator,0.085574,-0.83104,-0.457748,,0.085574,-0.83104,-0.457748,0.0,,,,,,,0.5427869223058224,0.7253440499305724,0.27112601697444916,,,,,
125,8,generator,generate_answer|generate_with_strict_citations|generate_short_answer,generate_short_answer,-0.07,0,verifier,-0.41698,-0.767862,-0.180152,-0.235373,-0.41698,-0.767862,-0.180152,-0.235373,,,,,,,,,,0.29151007533073425,0.11606898903846741,204,0.38231347501277924,
125,9,verifier,verify_answer,verify_answer,-0.07,0,verifier,0.233238,,,,0.233238,0.0,0.0,0.0,,,,,,,,,,,,,,0.6166189014911652
125,10,verifier,request_regeneration|request_more_retrieval|request_rewrite,request_more_retrieval,-0.07,0,retriever,-0.033642,,,,-0.033642,0.0,0.0,0.0,,,,,,,,,,,,,,0.48317891731858253
125,11,retriever,retrieve_more,retrieve_more,-0.02,0,grader,1.0,-1.0,1.0,1.0,1.0,-1.0,1.0,1.0,1.0,5,1.0,1.0,,,,,,,,,,
125,12,grader,keep_all|loose_filter|medium_filter|strict_filter|rerank_only,rerank_only,-0.5512,1,,-0.149508,-1.0,-0.751858,,-0.149508,-1.0,-0.751858,0.0,,,,,,,0.4252459779381752,0.7,0.12407094240188599,,,,,
126,1,retriever,dense_retrieve|sparse_retrieve|hybrid_retrieve|hybrid_rerank,hybrid_rerank,-0.02,0,grader,0.983118,-0.515851,0.956944,0.776607,0.983118,-0.515851,0.956944,0.776607,0.9915590882301331,8,0.9784722030162811,0.8883033692836761,,,,,,,,,,
126,2,grader,keep_all|loose_filter|medium_filter|strict_filter|rerank_only,rerank_only,-0.07,0,generator,0.207818,-1.0,0.307336,,0.207818,-1.0,0.307336,0.0,,,,,,,0.6039091199636459,0.7,0.6536681950092316,,,,,
126,3,generator,generate_answer|generate_with_strict_citations|generate_short_answer,generate_short_answer,-0.07,0,verifier,-0.497729,-1.0,-0.218421,-0.886185,-0.497729,-1.0,-0.218421,-0.886185,,,,,,,,,,0.25113533437252045,0.0,128,0.056907325983047485,
126,4,verifier,verify_answer,verify_answer,0.789,1,,-0.776656,,,,-0.776656,0.0,0.0,0.0,,,,,,,,,,,,,,0.11167201399803162
127,1,retriever,dense_retrieve|sparse_retrieve|hybrid_retrieve|hybrid_rerank,hybrid_rerank,-0.02,0,grader,1.0,-0.29251,0.889892,0.815334,1.0,-0.29251,0.889892,0.815334,1.0,10,0.9449460208415985,0.9076668918132782,,,,,,,,,,
127,2,grader,keep_all|loose_filter|medium_filter|strict_filter|rerank_only,rerank_only,-0.07,0,generator,0.287452,-1.0,0.254617,,0.287452,-1.0,0.254617,0.0,,,,,,,0.6437261551618576,0.7,0.6273083686828613,,,,,
127,3,generator,generate_answer|generate_with_strict_citations|generate_short_answer,generate_short_answer,-0.07,0,verifier,-0.508092,-0.952562,-0.407078,-1.0,-0.508092,-0.952562,-0.407078,-1.0,,,,,,,,,,0.24595379829406738,0.023719102144241333,128,0.0,
127,4,verifier,verify_answer,verify_answer,0.7267,1,,-0.588656,,,,-0.588656,0.0,0.0,0.0,,,,,,,,,,,,,,0.205672025680542
128,1,retriever,dense_retrieve|sparse_retrieve|hybrid_retrieve|hybrid_rerank,hybrid_rerank,-0.02,0,grader,1.0,-0.262037,1.0,0.636983,1.0,-0.262037,1.0,0.636983,1.0,10,1.0,0.8184913992881775,,,,,,,,,,
128,2,grader,keep_all|loose_filter|medium_filter|strict_filter|rerank_only,medium_filter,-0.07,0,generator,0.300851,-1.0,0.634579,,0.300851,-1.0,0.634579,0.0,,,,,,,0.650425374507904,0.7,0.817289412021637,,,,,
128,3,generator,generate_answer|generate_with_strict_citations|generate_short_answer,generate_short_answer,-0.07,0,verifier,-0.521319,-0.961208,-0.602118,-1.0,-0.521319,-0.961208,-0.602118,-1.0,,,,,,,,,,0.2393404245376587,0.01939597725868225,128,0.0,
128,4,verifier,verify_answer,verify_answer,0.5401,1,,-0.722256,,,,-0.722256,0.0,0.0,0.0,,,,,,,,,,,,,,0.13887211680412292
129,1,retriever,dense_retrieve|sparse_retrieve|hybrid_retrieve|hybrid_rerank,hybrid_rerank,-0.02,0,grader,0.898553,-0.613386,1.0,0.587622,0.898553,-0.613386,1.0,0.587622,0.9492763876914978,7,1.0,0.7938109636306763,,,,,,,,,,
129,2,grader,keep_all|loose_filter|medium_filter|strict_filter|rerank_only,loose_filter,-0.07,0,generator,0.363513,-0.831047,0.404699,,0.363513,-0.831047,0.404699,0.0,,,,,,,0.681756466627121,0.7253429681062697,0.702349528670311,,,,,
129,3,generator,generate_answer|generate_with_strict_citations|generate_short_answer,generate_short_answer,-0.07,0,verifier,-0.57798,-0.7158,-0.485002,-0.702702,-0.57798,-0.7158,-0.485002,-0.702702,,,,,,,,,,0.2110101580619812,0.1421000361442566,128,0.14864903688430786,
129,4,verifier,verify_answer,verify_answer,0.7939,1,,-0.960498,,,,-0.960498,0.0,0.0,0.0,,,,,,,,,,,,,,0.019750863313674927
130,1,retriever,dense_retrieve|sparse_retrieve|hybrid_retrieve|hybrid_rerank,hybrid_rerank,-0.02,0,grader,1.0,-0.561794,0.853216,0.616832,1.0,-0.561794,0.853216,0.616832,1.0,8,0.9266081750392914,0.8084157705307007,,,,,,,,,,
130,2,grader,keep_all|loose_filter|medium_filter|strict_filter|rerank_only,medium_filter,-0.07,0,generator,-0.179991,-0.953918,0.622114,,-0.179991,-0.953918,0.622114,0.0,,,,,,,0.41000472754240036,0.7069122493267059,0.8110570907592773,,,,,
130,3,generator,generate_answer|generate_with_strict_citations|generate_short_answer,generate_short_answer,-0.07,0,verifier,-0.700139,-1.0,-0.276742,-0.968807,-0.700139,-1.0,-0.276742,-0.968807,,,,,,,,,,0.14993035793304443,0.0,128,0.015596359968185425,
130,4,verifier,verify_answer,verify_answer,0.7583,1,,-0.756977,,,,-0.756977,0.0,0.0,0.0,,,,,,,,,,,,,,0.12151128053665161
131,1,retriever,dense_retrieve|sparse_retrieve|hybrid_retrieve|hybrid_rerank,hybrid_rerank,-0.02,0,grader,1.0,-0.471722,0.752963,0.734341,1.0,-0.471722,0.752963,0.734341,1.0,8,0.87648144364357,0.8671706318855286,,,,,,,,,,
131,2,grader,keep_all|loose_filter|medium_filter|strict_filter|rerank_only,loose_filter,-0.07,0,generator,-0.021968,-0.951899,0.414457,,-0.021968,-0.951899,0.414457,0.0,,,,,,,0.48901592288166285,0.7072151690721511,0.7072287052869797,,,,,
131,3,generator,generate_answer|generate_with_strict_citations|generate_short_answer,generate_short_answer,-0.07,0,verifier,-0.419808,-0.93831,-0.600875,-0.994036,-0.419808,-0.93831,-0.600875,-0.994036,,,,,,,,,,0.2900959402322769,0.030844837427139282,128,0.0029819607734680176,
131,4,verifier,verify_answer,verify_answer,0.6447,1,,-1.0,,,,-1.0,0.0,0.0,0.0,,,,,,,,,,,,,,0.0
132,1,retriever,dense_retrieve|sparse_retrieve|hybrid_retrieve|hybrid_rerank,hybrid_rerank,-0.02,0,grader,1.0,-0.469868,0.51971,0.725622,1.0,-0.469868,0.51971,0.725622,1.0,8,0.7598550915718079,0.8628109693527222,,,,,,,,,,
132,2,grader,keep_all|loose_filter|medium_filter|strict_filter|rerank_only,rerank_only,-0.07,0,generator,-0.089708,-0.841361,0.361924,,-0.089708,-0.841361,0.361924,0.0,,,,,,,0.4551459960639477,0.7237957805395125,0.6809619665145874,,,,,
132,3,generator,generate_answer|generate_with_strict_citations|generate_short_answer,generate_short_answer,-0.07,0,verifier,-0.421815,-1.0,-0.46225,-0.734213,-0.421815,-1.0,-0.46225,-0.734213,,,,,,,,,,0.28909240663051605,0.0,128,0.13289326429367065,
132,4,verifier,verify_answer,verify_answer,0.4584,1,,-0.96139,,,,-0.96139,0.0,0.0,0.0,,,,,,,,,,,,,,0.019305020570755005
133,1,retriever,dense_retrieve|sparse_retrieve|hybrid_retrieve|hybrid_rerank,hybrid_rerank,-0.02,0,grader,0.95552,-0.615397,1.0,0.994863,0.95552,-0.615397,1.0,0.994863,0.9777598977088928,7,1.0,0.9974316954612732,,,,,,,,,,
133,2,grader,keep_all|loose_filter|medium_filter|strict_filter|rerank_only,loose_filter,-0.07,0,generator,-1.0,-0.828203,0.483949,,-1.0,-0.828203,0.483949,0.0,,,,,,,0.0,0.7257695019245147,0.7419746518135071,,,,,
133,3,generator,generate_answer|generate_with_strict_citations|generate_short_answer,generate_short_answer,-0.07,0,verifier,-0.693377,-0.998493,-0.476511,-0.954031,-0.693377,-0.998493,-0.476511,-0.954031,,,,,,,,,,0.1533116102218628,0.0007536709308624268,128,0.022984683513641357,
133,4,verifier,verify_answer,verify_answer,0.7377,1,,-0.905448,,,,-0.905448,0.0,0.0,0.0,,,,,,,,,,,,,,0.047275811433792114
134,1,retriever,dense_retrieve|sparse_retrieve|hybrid_retrieve|hybrid_rerank,hybrid_rerank,-0.02,0,grader,1.0,-0.207963,0.104704,0.807388,1.0,-0.207963,0.104704,0.807388,1.0,10,0.5523521862924099,0.9036939144134521,,,,,,,,,,
134,2,grader,keep_all|loose_filter|medium_filter|strict_filter|rerank_only,rerank_only,-0.07,0,generator,-0.2967,-0.99242,0.289911,,-0.2967,-0.99242,0.289911,0.0,,,,,,,0.35164977610111237,0.7011369347572326,0.6449557244777679,,,,,
134,3,generator,generate_answer|generate_with_strict_citations|generate_short_answer,generate_short_answer,-0.07,0,verifier,-0.20233,-1.0,-0.665856,-1.0,-0.20233,-1.0,-0.665856,-1.0,,,,,,,,,,0.39883510023355484,0.0,128,0.0,
134,4,verifier,verify_answer,verify_answer,0.6226,1,,-0.844901,,,,-0.844901,0.0,0.0,0.0,,,,,,,,,,,,,,0.07754972577095032
135,1,retriever,dense_retrieve|sparse_retrieve|hybrid_retrieve|hybrid_rerank,hybrid_rerank,-0.02,0,grader,0.717801,-0.358267,0.492003,0.647676,0.717801,-0.358267,0.492003,0.647676,0.8589006662368774,9,0.7460013031959534,0.8238377869129181,,,,,,,,,,
135,2,grader,keep_all|loose_filter|medium_filter|strict_filter|rerank_only,rerank_only,-0.07,0,generator,-0.57144,-0.865518,0.005944,,-0.57144,-0.865518,0.005944,0.0,,,,,,,0.2142799198627472,0.7201722770929336,0.502972220769152,,,,,
135,3,generator,generate_answer|generate_with_strict_citations|generate_short_answer,generate_short_answer,-0.07,0,verifier,-0.601454,-0.806583,-0.505298,-0.885974,-0.601454,-0.806583,-0.505298,-0.885974,,,,,,,,,,0.199273020029068,0.09670862555503845,128,0.05701291561126709,
135,4,verifier,verify_answer,verify_answer,0.5532,1,,-1.0,,,,-1.0,0.0,0.0,0.0,,,,,,,,,,,,,,0.0
136,1,retriever,dense_retrieve|sparse_retrieve|hybrid_retrieve|hybrid_rerank,hybrid_rerank,-0.02,0,grader,1.0,-0.262625,0.618675,0.324657,1.0,-0.262625,0.618675,0.324657,1.0,10,0.8093375861644745,0.6623285114765167,,,,,,,,,,
136,2,grader,keep_all|loose_filter|medium_filter|strict_filter|rerank_only,rerank_only,-0.07,0,generator,-0.964532,-1.0,0.368241,,-0.964532,-1.0,0.368241,0.0,,,,,,,0.017734229564666748,0.7,0.6841206252574921,,,,,
136,3,generator,generate_answer|generate_with_strict_citations|generate_short_answer,generate_short_answer,-0.07,0,verifier,-1.0,-1.0,-0.155091,-0.872818,-1.0,-1.0,-0.155091,-0.872818,,,,,,,,,,0.0,0.0,133,0.06359085440635681,
136,4,verifier,verify_answer,verify_answer,0.7459,1,,-0.608452,,,,-0.608452,0.0,0.0,0.0,,,,,,,,,,,,,,0.19577398896217346
137,1,retriever,dense_retrieve|sparse_retrieve|hybrid_retrieve|hybrid_rerank,hybrid_rerank,-0.02,0,grader,0.914547,0.075491,0.001877,0.045222,0.914547,0.075491,0.001877,0.045222,0.9572736024856567,13,0.5009386136080138,0.5226108767092228,,,,,,,,,,
137,2,grader,keep_all|loose_filter|medium_filter|strict_filter|rerank_only,rerank_only,-0.07,0,generator,-0.83607,-1.0,0.049942,,-0.83607,-1.0,0.049942,0.0,,,,,,,0.08196491003036499,0.7,0.5249711442738771,,,,,
137,3,generator,generate_answer|generate_with_strict_citations|generate_short_answer,generate_short_answer,-0.07,0,verifier,-0.706555,-1.0,-0.131121,-1.0,-0.706555,-1.0,-0.131121,-1.0,,,,,,,,,,0.1467224359512329,0.0,128,0.0,
137,4,verifier,verify_answer,verify_answer,0.4431,1,,-1.0,,,,-1.0,0.0,0.0,0.0,,,,,,,,,,,,,,0.0
138,1,retriever,dense_retrieve|sparse_retrieve|hybrid_retrieve|hybrid_rerank,hybrid_rerank,-0.02,0,grader,0.776033,0.023947,0.034613,0.261421,0.776033,0.023947,0.034613,0.261421,0.8880167305469513,12,0.5173066928982735,0.6307106763124466,,,,,,,,,,
138,2,grader,keep_all|loose_filter|medium_filter|strict_filter|rerank_only,rerank_only,-0.07,0,generator,-1.0,-0.786022,0.131868,,-1.0,-0.786022,0.131868,0.0,,,,,,,0.0,0.7320966720581055,0.5659338980913162,,,,,
138,3,generator,generate_answer|generate_with_strict_citations|generate_short_answer,generate_short_answer,-0.07,0,verifier,-0.806113,-1.0,-0.271513,-1.0,-0.806113,-1.0,-0.271513,-1.0,,,,,,,,,,0.0969434380531311,0.0,128,0.0,
138,4,verifier,verify_answer,verify_answer,0.8973,1,,-0.860851,,,,-0.860851,0.0,0.0,0.0,,,,,,,,,,,,,,0.06957447528839111
139,1,retriever,dense_retrieve|sparse_retrieve|hybrid_retrieve|hybrid_rerank,dense_retrieve,-0.02,0,grader,0.70382,0.12544,-0.133835,0.13815,0.70382,0.12544,-0.133835,0.13815,0.8519100844860077,13,0.43308231979608536,0.5690751820802689,,,,,,,,,,
139,2,grader,keep_all|loose_filter|medium_filter|strict_filter|rerank_only,rerank_only,-0.07,0,generator,-0.865411,-1.0,-0.048046,,-0.865411,-1.0,-0.048046,0.0,,,,,,,0.06729456782341003,0.7,0.47597685642540455,,,,,
139,3,generator,generate_answer|generate_with_strict_citations|generate_short_answer,generate_short_answer,-0.07,0,verifier,-0.804243,-1.0,-0.159922,-0.91157,-0.804243,-1.0,-0.159922,-0.91157,,,,,,,,,,0.09787830710411072,0.0,128,0.04421481490135193,
139,4,verifier,verify_answer,verify_answer,0.4514,1,,-0.770121,,,,-0.770121,0.0,0.0,0.0,,,,,,,,,,,,,,0.11493939161300659
140,1,retriever,dense_retrieve|sparse_retrieve|hybrid_retrieve|hybrid_rerank,hybrid_rerank,-0.02,0,grader,1.0,0.012473,0.17965,-0.092832,1.0,0.012473,0.17965,-0.092832,1.0,12,0.5898251682519913,0.4535840228199959,,,,,,,,,,
140,2,grader,keep_all|loose_filter|medium_filter|strict_filter|rerank_only,rerank_only,-0.07,0,generator,-0.751946,-1.0,0.12038,,-0.751946,-1.0,0.12038,0.0,,,,,,,0.12402710318565369,0.7,0.560189962387085,,,,,
140,3,generator,generate_answer|generate_with_strict_citations|generate_short_answer,generate_short_answer,-0.07,0,verifier,-0.961918,-1.0,-0.047236,-0.924543,-0.961918,-1.0,-0.047236,-0.924543,,,,,,,,,,0.01904088258743286,0.0,133,0.03772866725921631,
140,4,verifier,verify_answer,verify_answer,0.7262,1,,-1.0,,,,-1.0,0.0,0.0,0.0,,,,,,,,,,,,,,0.0
141,1,retriever,dense_retrieve|sparse_retrieve|hybrid_retrieve|hybrid_rerank,hybrid_rerank,-0.02,0,grader,1.0,-0.16939,0.127162,-0.120946,1.0,-0.16939,0.127162,-0.120946,1.0,11,0.563580758869648,0.43952683359384537,,,,,,,,,,
141,2,grader,keep_all|loose_filter|medium_filter|strict_filter|rerank_only,rerank_only,-0.07,0,generator,-0.737564,-1.0,0.243318,,-0.737564,-1.0,0.243318,0.0,,,,,,,0.13121813535690308,0.7,0.6216592341661453,,,,,
141,3,generator,generate_answer|generate_with_strict_citations|generate_short_answer,generate_short_answer,-0.07,0,verifier,-0.594464,-0.935363,-0.551615,-1.0,-0.594464,-0.935363,-0.551615,-1.0,,,,,,,,,,0.20276781916618347,0.03231862187385559,128,0.0,
141,4,verifier,verify_answer,verify_answer,0.3418,1,,-1.0,,,,-1.0,0.0,0.0,0.0,,,,,,,,,,,,,,0.0
142,1,retriever,dense_retrieve|sparse_retrieve|hybrid_retrieve|hybrid_rerank,hybrid_rerank,-0.02,0,grader,1.0,-0.373969,0.064568,-0.095587,1.0,-0.373969,0.064568,-0.095587,1.0,9,0.5322840139269829,0.45220664888620377,,,,,,,,,,
142,2,grader,keep_all|loose_filter|medium_filter|strict_filter|rerank_only,rerank_only,-0.07,0,generator,-0.752954,-0.987728,0.353576,,-0.752954,-0.987728,0.353576,0.0,,,,,,,0.12352308630943298,0.7018407642841339,0.6767878979444504,,,,,
142,3,generator,generate_answer|generate_with_strict_citations|generate_short_answer,generate_short_answer,-0.07,0,verifier,-0.620371,-1.0,-0.567389,-0.917195,-0.620371,-1.0,-0.567389,-0.917195,,,,,,,,,,0.18981432914733887,0.0,128,0.04140254855155945,
142,4,verifier,verify_answer,verify_answer,0.7763,1,,-1.0,,,,-1.0,0.0,0.0,0.0,,,,,,,,,,,,,,0.0
143,1,retriever,dense_retrieve|sparse_retrieve|hybrid_retrieve|hybrid_rerank,hybrid_rerank,-0.02,0,grader,1.0,-0.152089,0.316549,-0.042688,1.0,-0.152089,0.316549,-0.042688,1.0,11,0.6582742631435394,0.4786561019718647,,,,,,,,,,
143,2,grader,keep_all|loose_filter|medium_filter|strict_filter|rerank_only,medium_filter,-0.07,0,generator,-1.0,-1.0,0.715286,,-1.0,-1.0,0.715286,0.0,,,,,,,0.0,0.7,0.8576430976390839,,,,,
143,3,generator,generate_answer|generate_with_strict_citations|generate_short_answer,generate_short_answer,-0.07,0,verifier,-0.947074,-0.967102,-0.112291,-0.894156,-0.947074,-0.967102,-0.112291,-0.894156,,,,,,,,,,0.026463180780410767,0.016449183225631714,133,0.05292224884033203,
143,4,verifier,verify_answer,verify_answer,0.43,1,,-1.0,,,,-1.0,0.0,0.0,0.0,,,,,,,,,,,,,,0.0
144,1,retriever,dense_retrieve|sparse_retrieve|hybrid_retrieve|hybrid_rerank,hybrid_rerank,-0.02,0,grader,0.986131,-0.51695,0.41018,-0.257288,0.986131,-0.51695,0.41018,-0.257288,0.9930654466152191,8,0.705089882016182,0.3713560551404953,,,,,,,,,,
144,2,grader,keep_all|loose_filter|medium_filter|strict_filter|rerank_only,loose_filter,-0.07,0,generator,-0.626175,-1.0,0.556654,,-0.626175,-1.0,0.556654,0.0,,,,,,,0.18691226840019226,0.7,0.7783271968364716,,,,,
144,3,generator,generate_answer|generate_with_strict_citations|generate_short_answer,generate_short_answer,-0.07,0,verifier,-0.551236,-0.92352,-0.636269,-0.974753,-0.551236,-0.92352,-0.636269,-0.974753,,,,,,,,,,0.2243819534778595,0.03824004530906677,128,0.012623518705368042,
144,4,verifier,verify_answer,verify_answer,0.6524,1,,-1.0,,,,-1.0,0.0,0.0,0.0,,,,,,,,,,,,,,0.0
145,1,retriever,dense_retrieve|sparse_retrieve|hybrid_retrieve|hybrid_rerank,hybrid_rerank,-0.02,0,grader,1.0,-0.8541,0.555591,-0.360593,1.0,-0.8541,0.555591,-0.360593,1.0,6,0.7777954638004303,0.31970345973968506,,,,,,,,,,
145,2,grader,keep_all|loose_filter|medium_filter|strict_filter|rerank_only,rerank_only,-0.07,0,generator,-0.875193,-0.850762,0.353748,,-0.875193,-0.850762,0.353748,0.0,,,,,,,0.062403321266174316,0.7223856627941131,0.6768741607666016,,,,,
145,3,generator,generate_answer|generate_with_strict_citations|generate_short_answer,generate_short_answer,-0.07,0,verifier,-1.0,-0.981063,-0.088176,-1.0,-1.0,-0.981063,-0.088176,-1.0,,,,,,,,,,0.0,0.009468406438827515,128,0.0,
145,4,verifier,verify_answer,verify_answer,0.6652,1,,-1.0,,,,-1.0,0.0,0.0,0.0,,,,,,,,,,,,,,0.0
146,1,retriever,dense_retrieve|sparse_retrieve|hybrid_retrieve|hybrid_rerank,hybrid_rerank,-0.02,0,grader,0.936224,-0.697202,0.427595,-0.388619,0.936224,-0.697202,0.427595,-0.388619,0.9681117534637451,7,0.7137974351644516,0.3056904226541519,,,,,,,,,,
146,2,grader,keep_all|loose_filter|medium_filter|strict_filter|rerank_only,loose_filter,-0.07,0,generator,-1.0,-0.703466,0.449244,,-1.0,-0.703466,0.449244,0.0,,,,,,,0.0,0.7444800734519958,0.7246218919754028,,,,,
146,3,generator,generate_answer|generate_with_strict_citations|generate_short_answer,generate_short_answer,-0.07,0,verifier,-0.528784,-0.993959,-0.622509,-1.0,-0.528784,-0.993959,-0.622509,-1.0,,,,,,,,,,0.23560786247253418,0.003020256757736206,128,0.0,
146,4,verifier,verify_answer,verify_answer,0.6006,1,,-1.0,,,,-1.0,0.0,0.0,0.0,,,,,,,,,,,,,,0.0
147,1,retriever,dense_retrieve|sparse_retrieve|hybrid_retrieve|hybrid_rerank,hybrid_rerank,-0.02,0,grader,0.979974,-0.442073,0.570285,-0.262049,0.979974,-0.442073,0.570285,-0.262049,0.9899868667125702,9,0.7851424813270569,0.3689756542444229,,,,,,,,,,
147,2,grader,keep_all|loose_filter|medium_filter|strict_filter|rerank_only,loose_filter,-0.07,0,generator,-1.0,-0.943405,0.535759,,-1.0,-0.943405,0.535759,0.0,,,,,,,0.0,0.7084891825914382,0.7678796052932739,,,,,
147,3,generator,generate_answer|generate_with_strict_citations|generate_short_answer,generate_short_answer,-0.07,0,verifier,-0.846878,-0.666572,-0.05102,-1.0,-0.846878,-0.666572,-0.05102,-1.0,,,,,,,,,,0.07656124234199524,0.1667141616344452,128,0.0,
147,4,verifier,verify_answer,verify_answer,0.7514,1,,-1.0,,,,-1.0,0.0,0.0,0.0,,,,,,,,,,,,,,0.0
148,1,retriever,dense_retrieve|sparse_retrieve|hybrid_retrieve|hybrid_rerank,hybrid_rerank,-0.02,0,grader,1.0,-0.596184,0.791774,-0.763717,1.0,-0.596184,0.791774,-0.763717,1.0,8,0.895887017250061,0.11814135313034058,,,,,,,,,,
148,2,grader,keep_all|loose_filter|medium_filter|strict_filter|rerank_only,strict_filter,-0.07,0,generator,-0.82509,-0.992088,0.863814,,-0.82509,-0.992088,0.863814,0.0,,,,,,,0.08745512366294861,0.7011867523193359,0.9319068193435669,,,,,
148,3,generator,generate_answer|generate_with_strict_citations|generate_short_answer,generate_short_answer,-0.07,0,verifier,-1.0,-0.976036,-0.168153,-0.906314,-1.0,-0.976036,-0.168153,-0.906314,,,,,,,,,,0.0,0.011981934309005737,128,0.046842873096466064,
148,4,verifier,verify_answer,verify_answer,0.7629,1,,-1.0,,,,-1.0,0.0,0.0,0.0,,,,,,,,,,,,,,0.0
149,1,retriever,dense_retrieve|sparse_retrieve|hybrid_retrieve|hybrid_rerank,hybrid_rerank,-0.02,0,grader,1.0,-0.744774,0.395369,-0.599731,1.0,-0.744774,0.395369,-0.599731,1.0,6,0.6976846009492874,0.2001343071460724,,,,,,,,,,
149,2,grader,keep_all|loose_filter|medium_filter|strict_filter|rerank_only,medium_filter,-0.07,0,generator,-1.0,-1.0,0.729125,,-1.0,-1.0,0.729125,0.0,,,,,,,0.0,0.7,0.864562600851059,,,,,
149,3,generator,generate_answer|generate_with_strict_citations|generate_short_answer,generate_short_answer,-0.07,0,verifier,-0.66037,-0.990735,-0.219584,-0.900887,-0.66037,-0.990735,-0.219584,-0.900887,,,,,,,,,,0.16981518268585205,0.004632711410522461,128,0.04955631494522095,
149,4,verifier,verify_answer,verify_answer,0.5678,1,,-1.0,,,,-1.0,0.0,0.0,0.0,,,,,,,,,,,,,,0.0
150,1,retriever,dense_retrieve|sparse_retrieve|hybrid_retrieve|hybrid_rerank,hybrid_rerank,-0.02,0,grader,1.0,-0.645723,0.573633,-0.530557,1.0,-0.645723,0.573633,-0.530557,1.0,7,0.7868166863918304,0.23472172021865845,,,,,,,,,,
150,2,grader,keep_all|loose_filter|medium_filter|strict_filter|rerank_only,loose_filter,-0.07,0,generator,-0.978007,-0.80848,0.472928,,-0.978007,-0.80848,0.472928,0.0,,,,,,,0.010996699333190918,0.7287279695272445,0.7364637851715088,,,,,
150,3,generator,generate_answer|generate_with_strict_citations|generate_short_answer,generate_short_answer,-0.07,0,verifier,-0.975258,-1.0,-0.116435,-1.0,-0.975258,-1.0,-0.116435,-1.0,,,,,,,,,,0.012371152639389038,0.0,128,0.0,
150,4,verifier,verify_answer,verify_answer,0.6192,1,,-1.0,,,,-1.0,0.0,0.0,0.0,,,,,,,,,,,,,,0.0
151,1,retriever,dense_retrieve|sparse_retrieve|hybrid_retrieve|hybrid_rerank,hybrid_rerank,-0.02,0,grader,0.972768,-0.642649,0.430723,-0.166511,0.972768,-0.642649,0.430723,-0.166511,0.9863837957382202,7,0.7153616547584534,0.4167443960905075,,,,,,,,,,
151,2,grader,keep_all|loose_filter|medium_filter|strict_filter|rerank_only,medium_filter,-0.07,0,generator,-1.0,-0.853841,0.736812,,-1.0,-0.853841,0.736812,0.0,,,,,,,0.0,0.7219237953424453,0.8684059381484985,,,,,
151,3,generator,generate_answer|generate_with_strict_citations|generate_short_answer,generate_short_answer,-0.07,0,verifier,-0.847048,-1.0,-0.41202,-1.0,-0.847048,-1.0,-0.41202,-1.0,,,,,,,,,,0.07647594809532166,0.0,128,0.0,
151,4,verifier,verify_answer,verify_answer,0.6676,1,,-0.696615,,,,-0.696615,0.0,0.0,0.0,,,,,,,,,,,,,,0.1516924500465393
152,1,retriever,dense_retrieve|sparse_retrieve|hybrid_retrieve|hybrid_rerank,hybrid_rerank,-0.02,0,grader,1.0,-0.696466,0.168151,-0.432418,1.0,-0.696466,0.168151,-0.432418,1.0,7,0.5840757340192795,0.28379110991954803,,,,,,,,,,
152,2,grader,keep_all|loose_filter|medium_filter|strict_filter|rerank_only,medium_filter,-0.07,0,generator,-1.0,-1.0,0.669399,,-1.0,-1.0,0.669399,0.0,,,,,,,0.0,0.7,0.834699422121048,,,,,
152,3,generator,generate_answer|generate_with_strict_citations|generate_short_answer,generate_short_answer,-0.07,0,verifier,-0.533738,-0.954297,-0.161843,-1.0,-0.533738,-0.954297,-0.161843,-1.0,,,,,,,,,,0.23313114047050476,0.02285170555114746,128,0.0,
152,4,verifier,verify_answer,verify_answer,0.6133,1,,-1.0,,,,-1.0,0.0,0.0,0.0,,,,,,,,,,,,,,0.0
153,1,retriever,dense_retrieve|sparse_retrieve|hybrid_retrieve|hybrid_rerank,hybrid_rerank,-0.02,0,grader,0.96603,-0.453704,0.093544,-0.605297,0.96603,-0.453704,0.093544,-0.605297,0.9830150902271271,9,0.5467722117900848,0.1973516345024109,,,,,,,,,,
153,2,grader,keep_all|loose_filter|medium_filter|strict_filter|rerank_only,strict_filter,-0.07,0,generator,-0.7883,-0.9493,0.8194,,-0.7883,-0.9493,0.8194,0.0,,,,,,,0.1058499813079834,0.7076049476861953,0.9096998870372772,,,,,
153,3,generator,generate_answer|generate_with_strict_citations|generate_short_answer,generate_short_answer,-0.07,0,verifier,-0.535989,-1.0,-0.491886,-0.948812,-0.535989,-1.0,-0.491886,-0.948812,,,,,,,,,,0.23200571537017822,0.0,128,0.02559414505958557,
153,4,verifier,verify_answer,verify_answer,0.6929,1,,-0.850244,,,,-0.850244,0.0,0.0,0.0,,,,,,,,,,,,,,0.07487812638282776
154,1,retriever,dense_retrieve|sparse_retrieve|hybrid_retrieve|hybrid_rerank,hybrid_rerank,-0.02,0,grader,1.0,-0.672218,0.247654,-0.501203,1.0,-0.672218,0.247654,-0.501203,1.0,7,0.6238271743059158,0.24939846992492676,,,,,,,,,,
154,2,grader,keep_all|loose_filter|medium_filter|strict_filter|rerank_only,medium_filter,-0.07,0,generator,-1.0,-1.0,0.737433,,-1.0,-1.0,0.737433,0.0,,,,,,,0.0,0.7,0.8687164783477783,,,,,
154,3,generator,generate_answer|generate_with_strict_citations|generate_short_answer,generate_short_answer,-0.07,0,verifier,-0.737931,-0.960058,-0.13248,-0.823964,-0.737931,-0.960058,-0.13248,-0.823964,,,,,,,,,,0.13103455305099487,0.019971191883087158,140,0.08801800012588501,
154,4,verifier,verify_answer,verify_answer,0.7858,1,,-1.0,,,,-1.0,0.0,0.0,0.0,,,,,,,,,,,,,,0.0
155,1,retriever,dense_retrieve|sparse_retrieve|hybrid_retrieve|hybrid_rerank,hybrid_rerank,-0.02,0,grader,0.981249,-0.170961,0.210127,-0.392584,0.981249,-0.170961,0.210127,-0.392584,0.9906244575977325,11,0.605063371360302,0.30370810627937317,,,,,,,,,,
155,2,grader,keep_all|loose_filter|medium_filter|strict_filter|rerank_only,medium_filter,-0.07,0,generator,-0.898687,-1.0,0.627566,,-0.898687,-1.0,0.627566,0.0,,,,,,,0.05065643787384033,0.7,0.8137828409671783,,,,,
155,3,generator,generate_answer|generate_with_strict_citations|generate_short_answer,generate_short_answer,-0.07,0,verifier,-0.599874,-1.0,-0.494239,-1.0,-0.599874,-1.0,-0.494239,-1.0,,,,,,,,,,0.20006319880485535,0.0,128,0.0,
155,4,verifier,verify_answer,verify_answer,0.5848,1,,-0.84099,,,,-0.84099,0.0,0.0,0.0,,,,,,,,,,,,,,0.07950511574745178
156,1,retriever,dense_retrieve|sparse_retrieve|hybrid_retrieve|hybrid_rerank,hybrid_rerank,-0.02,0,grader,0.908881,-0.140481,0.282648,-0.345984,0.908881,-0.140481,0.282648,-0.345984,0.9544405341148376,11,0.6413242369890213,0.32700805366039276,,,,,,,,,,
156,2,grader,keep_all|loose_filter|medium_filter|strict_filter|rerank_only,medium_filter,-0.07,0,generator,-0.990534,-1.0,0.656142,,-0.990534,-1.0,0.656142,0.0,,,,,,,0.004733026027679443,0.7,0.8280710875988007,,,,,
156,3,generator,generate_answer|generate_with_strict_citations|generate_short_answer,generate_short_answer,-0.07,0,verifier,-0.876473,-0.818452,0.057027,-0.84951,-0.876473,-0.818452,0.057027,-0.84951,,,,,,,,,,0.061763614416122437,0.09077394008636475,151,0.07524484395980835,
156,4,verifier,verify_answer,verify_answer,0.5747,1,,-0.93087,,,,-0.93087,0.0,0.0,0.0,,,,,,,,,,,,,,0.034564852714538574
157,1,retriever,dense_retrieve|sparse_retrieve|hybrid_retrieve|hybrid_rerank,hybrid_rerank,-0.02,0,grader,0.930763,-0.030994,0.33848,-0.240976,0.930763,-0.030994,0.33848,-0.240976,0.9653815925121307,12,0.6692402064800262,0.37951193004846573,,,,,,,,,,
157,2,grader,keep_all|loose_filter|medium_filter|strict_filter|rerank_only,medium_filter,-0.07,0,generator,-0.923128,-0.992153,0.694892,,-0.923128,-0.992153,0.694892,0.0,,,,,,,0.038436174392700195,0.7011769980192184,0.847446084022522,,,,,
157,3,generator,generate_answer|generate_with_strict_citations|generate_short_answer,generate_short_answer,-0.07,0,verifier,-0.570002,-0.894068,-0.439384,-1.0,-0.570002,-0.894068,-0.439384,-1.0,,,,,,,,,,0.2149987518787384,0.05296623706817627,128,0.0,
157,4,verifier,verify_answer,verify_answer,0.6373,1,,-0.897712,,,,-0.897712,0.0,0.0,0.0,,,,,,,,,,,,,,0.0511438250541687
158,1,retriever,dense_retrieve|sparse_retrieve|hybrid_retrieve|hybrid_rerank,hybrid_rerank,-0.02,0,grader,0.965132,0.019395,0.592174,-0.149234,0.965132,0.019395,0.592174,-0.149234,0.9825659692287445,12,0.796087235212326,0.4253831207752228,,,,,,,,,,
158,2,grader,keep_all|loose_filter|medium_filter|strict_filter|rerank_only,strict_filter,-0.07,0,generator,-0.938663,-1.0,0.825519,,-0.938663,-1.0,0.825519,0.0,,,,,,,0.03066873550415039,0.7,0.9127595722675323,,,,,
158,3,generator,generate_answer|generate_with_strict_citations|generate_short_answer,generate_short_answer,-0.07,0,verifier,-1.0,-1.0,-0.321744,-1.0,-1.0,-1.0,-0.321744,-1.0,,,,,,,,,,0.0,0.0,128,0.0,
158,4,verifier,verify_answer,verify_answer,0.6205,1,,-0.871986,,,,-0.871986,0.0,0.0,0.0,,,,,,,,,,,,,,0.06400719285011292
159,1,retriever,dense_retrieve|sparse_retrieve|hybrid_retrieve|hybrid_rerank,hybrid_rerank,-0.02,0,grader,0.858366,-0.047486,0.385674,-0.06457,0.858366,-0.047486,0.385674,-0.06457,0.9291829168796539,12,0.6928371042013168,0.4677148498594761,,,,,,,,,,
159,2,grader,keep_all|loose_filter|medium_filter|strict_filter|rerank_only,loose_filter,-0.07,0,generator,-1.0,-0.879955,0.512583,,-1.0,-0.879955,0.512583,0.0,,,,,,,0.0,0.7180066883563995,0.7562913000583649,,,,,
159,3,generator,generate_answer|generate_with_strict_citations|generate_short_answer,generate_short_answer,-0.07,0,verifier,-0.516527,-0.802394,-0.706075,-1.0,-0.516527,-0.802394,-0.706075,-1.0,,,,,,,,,,0.2417367398738861,0.09880304336547852,128,0.0,
159,4,verifier,verify_answer,verify_answer,0.7148,1,,-0.98444,,,,-0.98444,0.0,0.0,0.0,,,,,,,,,,,,,,0.0077800452709198
160,1,retriever,dense_retrieve|sparse_retrieve|hybrid_retrieve|hybrid_rerank,hybrid_rerank,-0.02,0,grader,0.824646,0.069655,0.133366,-0.136975,0.824646,0.069655,0.133366,-0.136975,0.9123231768608093,13,0.5666829198598862,0.4315124973654747,,,,,,,,,,
160,2,grader,keep_all|loose_filter|medium_filter|strict_filter|rerank_only,strict_filter,-0.07,0,generator,-0.852424,-1.0,0.808066,,-0.852424,-1.0,0.808066,0.0,,,,,,,0.07378822565078735,0.7,0.9040330350399017,,,,,
160,3,generator,generate_answer|generate_with_strict_citations|generate_short_answer,generate_short_answer,-0.07,0,verifier,-0.988114,-1.0,-0.540821,-0.833292,-0.988114,-1.0,-0.540821,-0.833292,,,,,,,,,,0.005943089723587036,0.0,128,0.0833539366722107,
160,4,verifier,verify_answer,verify_answer,0.7732,1,,-0.888309,,,,-0.888309,0.0,0.0,0.0,,,,,,,,,,,,,,0.05584573745727539
161,1,retriever,dense_retrieve|sparse_retrieve|hybrid_retrieve|hybrid_rerank,hybrid_rerank,-0.02,0,grader,0.951538,-0.107678,0.452399,-0.008007,0.951538,-0.107678,0.452399,-0.008007,0.9757687747478485,11,0.7261996418237686,0.49599628569558263,,,,,,,,,,
161,2,grader,keep_all|loose_filter|medium_filter|strict_filter|rerank_only,medium_filter,-0.07,0,generator,-0.920692,-0.882581,0.690065,,-0.920692,-0.882581,0.690065,0.0,,,,,,,0.039654046297073364,0.7176128327846527,0.8450325429439545,,,,,
161,3,generator,generate_answer|generate_with_strict_citations|generate_short_answer,generate_short_answer,-0.07,0,verifier,-0.885497,-0.967678,-0.67258,-1.0,-0.885497,-0.967678,-0.67258,-1.0,,,,,,,,,,0.057251542806625366,0.016161024570465088,128,0.0,
161,4,verifier,verify_answer,verify_answer,0.7435,1,,-1.0,,,,-1.0,0.0,0.0,0.0,,,,,,,,,,,,,,0.0
162,1,retriever,dense_retrieve|sparse_retrieve|hybrid_retrieve|hybrid_rerank,hybrid_rerank,-0.02,0,grader,1.0,-0.134469,0.506727,-0.345309,1.0,-0.134469,0.506727,-0.345309,1.0,11,0.7533636093139648,0.32734552025794983,,,,,,,,,,
162,2,grader,keep_all|loose_filter|medium_filter|strict_filter|rerank_only,strict_filter,-0.07,0,generator,-1.0,-1.0,0.833992,,-1.0,-1.0,0.833992,0.0,,,,,,,0.0,0.7,0.9169959127902985,,,,,
162,3,generator,generate_answer|generate_with_strict_citations|generate_short_answer,generate_short_answer,-0.07,0,verifier,-0.724311,-0.797779,-0.49414,-1.0,-0.724311,-0.797779,-0.49414,-1.0,,,,,,,,,,0.13784462213516235,0.10111066699028015,128,0.0,
162,4,verifier,verify_answer,verify_answer,0.7227,1,,-0.692223,,,,-0.692223,0.0,0.0,0.0,,,,,,,,,,,,,,0.15388867259025574
163,1,retriever,dense_retrieve|sparse_retrieve|hybrid_retrieve|hybrid_rerank,hybrid_rerank,-0.02,0,grader,1.0,0.044889,0.229097,-0.163286,1.0,0.044889,0.229097,-0.163286,1.0,12,0.6145482584834099,0.41835707426071167,,,,,,,,,,
163,2,grader,keep_all|loose_filter|medium_filter|strict_filter|rerank_only,rerank_only,-0.07,0,generator,-1.0,-1.0,0.257094,,-1.0,-1.0,0.257094,0.0,,,,,,,0.0,0.7,0.628547191619873,,,,,
163,3,generator,generate_answer|generate_with_strict_citations|generate_short_answer,generate_short_answer,-0.07,0,verifier,-0.848351,-0.759027,-0.085979,-0.995944,-0.848351,-0.759027,-0.085979,-0.995944,,,,,,,,,,0.07582461833953857,0.12048673629760742,128,0.002028137445449829,
163,4,verifier,verify_answer,verify_answer,0.6439,1,,-1.0,,,,-1.0,0.0,0.0,0.0,,,,,,,,,,,,,,0.0
164,1,retriever,dense_retrieve|sparse_retrieve|hybrid_retrieve|hybrid_rerank,hybrid_rerank,-0.02,0,grader,1.0,-0.209249,0.422379,-0.100414,1.0,-0.209249,0.422379,-0.100414,1.0,10,0.7111897021532059,0.44979311898350716,,,,,,,,,,
164,2,grader,keep_all|loose_filter|medium_filter|strict_filter|rerank_only,medium_filter,-0.07,0,generator,-0.894146,-1.0,0.684696,,-0.894146,-1.0,0.684696,0.0,,,,,,,0.052927106618881226,0.7,0.8423477709293365,,,,,
164,3,generator,generate_answer|generate_with_strict_citations|generate_short_answer,generate_short_answer,-0.07,0,verifier,-0.797243,-0.996287,-0.368785,-1.0,-0.797243,-0.996287,-0.368785,-1.0,,,,,,,,,,0.10137838125228882,0.0018564164638519287,128,0.0,
164,4,verifier,verify_answer,verify_answer,0.7598,1,,-1.0,,,,-1.0,0.0,0.0,0.0,,,,,,,,,,,,,,0.0
165,1,retriever,dense_retrieve|sparse_retrieve|hybrid_retrieve|hybrid_rerank,hybrid_rerank,-0.02,0,grader,1.0,0.04602,0.371867,-0.126146,1.0,0.04602,0.371867,-0.126146,1.0,12,0.6859334856271744,0.43692681193351746,,,,,,,,,,
165,2,grader,keep_all|loose_filter|medium_filter|strict_filter|rerank_only,medium_filter,-0.07,0,generator,-0.960535,-1.0,0.716372,,-0.960535,-1.0,0.716372,0.0,,,,,,,0.01973244547843933,0.7,0.8581861257553101,,,,,
165,3,generator,generate_answer|generate_with_strict_citations|generate_short_answer,generate_short_answer,-0.07,0,verifier,-0.955235,-0.932788,0.167627,-0.887913,-0.955235,-0.932788,0.167627,-0.887913,,,,,,,,,,0.0223827064037323,0.0336059033870697,154,0.056043267250061035,
165,4,verifier,verify_answer,verify_answer,0.5526,1,,-1.0,,,,-1.0,0.0,0.0,0.0,,,,,,,,,,,,,,0.0
166,1,retriever,dense_retrieve|sparse_retrieve|hybrid_retrieve|hybrid_rerank,hybrid_rerank,-0.02,0,grader,0.78245,-0.351945,0.132078,-0.158566,0.78245,-0.351945,0.132078,-0.158566,0.8912249207496643,9,0.5660389959812164,0.4207170754671097,,,,,,,,,,
166,2,grader,keep_all|loose_filter|medium_filter|strict_filter|rerank_only,rerank_only,-0.07,0,generator,-0.67001,-0.976009,0.395507,,-0.67001,-0.976009,0.395507,0.0,,,,,,,0.1649949848651886,0.7035986572504043,0.6977534890174866,,,,,
166,3,generator,generate_answer|generate_with_strict_citations|generate_short_answer,generate_short_answer,-0.07,0,verifier,-0.898863,-0.919392,-0.518845,-1.0,-0.898863,-0.919392,-0.518845,-1.0,,,,,,,,,,0.05056849122047424,0.04030412435531616,128,0.0,
166,4,verifier,verify_answer,verify_answer,0.8689,1,,-1.0,,,,-1.0,0.0,0.0,0.0,,,,,,,,,,,,,,0.0
167,1,retriever,dense_retrieve|sparse_retrieve|hybrid_retrieve|hybrid_rerank,hybrid_rerank,-0.02,0,grader,1.0,-0.214357,0.447954,-0.120537,1.0,-0.214357,0.447954,-0.120537,1.0,10,0.7239771336317062,0.4397314190864563,,,,,,,,,,
167,2,grader,keep_all|loose_filter|medium_filter|strict_filter|rerank_only,strict_filter,-0.07,0,generator,-0.937289,-0.809642,0.834947,,-0.937289,-0.809642,0.834947,0.0,,,,,,,0.03135529160499573,0.728553768992424,0.917473316192627,,,,,
167,3,generator,generate_answer|generate_with_strict_citations|generate_short_answer,generate_short_answer,-0.07,0,verifier,-0.697065,-1.0,-0.681295,-0.954503,-0.697065,-1.0,-0.681295,-0.954503,,,,,,,,,,0.15146756172180176,0.0,128,0.022748708724975586,
167,4,verifier,verify_answer,verify_answer,0.6993,1,,-1.0,,,,-1.0,0.0,0.0,0.0,,,,,,,,,,,,,,0.0
168,1,retriever,dense_retrieve|sparse_retrieve|hybrid_retrieve|hybrid_rerank,hybrid_rerank,-0.02,0,grader,1.0,-0.437102,0.050606,-0.486706,1.0,-0.437102,0.050606,-0.486706,1.0,9,0.5253029353916645,0.256646990776062,,,,,,,,,,
168,2,grader,keep_all|loose_filter|medium_filter|strict_filter|rerank_only,medium_filter,-0.07,0,generator,-0.993621,-1.0,0.60936,,-0.993621,-1.0,0.60936,0.0,,,,,,,0.003189682960510254,0.7,0.8046799600124359,,,,,
168,3,generator,generate_answer|generate_with_strict_citations|generate_short_answer,generate_short_answer,-0.07,0,verifier,-0.987762,-0.934485,-0.604561,-1.0,-0.987762,-0.934485,-0.604561,-1.0,,,,,,,,,,0.0061189234256744385,0.032757461071014404,128,0.0,
168,4,verifier,verify_answer,verify_answer,0.7473,1,,-0.806607,,,,-0.806607,0.0,0.0,0.0,,,,,,,,,,,,,,0.0966964066028595
169,1,retriever,dense_retrieve|sparse_retrieve|hybrid_retrieve|hybrid_rerank,hybrid_rerank,-0.02,0,grader,0.967118,0.061432,0.141049,-0.453025,0.967118,0.061432,0.141049,-0.453025,0.9835591018199921,12,0.5705244243144989,0.2734876573085785,,,,,,,,,,
169,2,grader,keep_all|loose_filter|medium_filter|strict_filter|rerank_only,rerank_only,-0.07,0,generator,-1.0,-1.0,0.218012,,-1.0,-1.0,0.218012,0.0,,,,,,,0.0,0.7,0.6090058237314224,,,,,
169,3,generator,generate_answer|generate_with_strict_citations|generate_short_answer,generate_short_answer,-0.07,0,verifier,-0.83262,-0.901181,0.467826,-0.910367,-0.83262,-0.901181,0.467826,-0.910367,,,,,,,,,,0.08369013667106628,0.04940953850746155,171,0.04481634497642517,
169,4,verifier,verify_answer,verify_answer,0.8133,1,,-0.94949,,,,-0.94949,0.0,0.0,0.0,,,,,,,,,,,,,,0.0252552330493927
170,1,retriever,dense_retrieve|sparse_retrieve|hybrid_retrieve|hybrid_rerank,dense_retrieve,-0.02,0,grader,0.897152,-0.357731,-0.142511,-0.130867,0.897152,-0.357731,-0.142511,-0.130867,0.9485760629177094,9,0.42874474078416824,0.43456628918647766,,,,,,,,,,
170,2,grader,keep_all|loose_filter|medium_filter|strict_filter|rerank_only,loose_filter,-0.07,0,generator,-1.0,-1.0,0.528881,,-1.0,-1.0,0.528881,0.0,,,,,,,0.0,0.7,0.764440268278122,,,,,
170,3,generator,generate_answer|generate_with_strict_citations|generate_short_answer,generate_short_answer,-0.07,0,verifier,-0.677157,-1.0,-0.705054,-0.851465,-0.677157,-1.0,-0.705054,-0.851465,,,,,,,,,,0.161421537399292,0.0,128,0.07426729798316956,
170,4,verifier,verify_answer,verify_answer,0.7991,1,,-1.0,,,,-1.0,0.0,0.0,0.0,,,,,,,,,,,,,,0.0
171,1,retriever,dense_retrieve|sparse_retrieve|hybrid_retrieve|hybrid_rerank,hybrid_rerank,-0.02,0,grader,1.0,-0.124193,0.210002,-0.508902,1.0,-0.124193,0.210002,-0.508902,1.0,11,0.6050010249018669,0.24554884433746338,,,,,,,,,,
171,2,grader,keep_all|loose_filter|medium_filter|strict_filter|rerank_only,loose_filter,-0.07,0,generator,-0.97343,-1.0,0.592394,,-0.97343,-1.0,0.592394,0.0,,,,,,,0.013284802436828613,0.7,0.796197235584259,,,,,
171,3,generator,generate_answer|generate_with_strict_citations|generate_short_answer,generate_short_answer,-0.07,0,verifier,-1.0,-0.952948,-0.498085,-1.0,-1.0,-0.952948,-0.498085,-1.0,,,,,,,,,,0.0,0.023526132106781006,128,0.0,
171,4,verifier,verify_answer,verify_answer,0.7359,1,,-1.0,,,,-1.0,0.0,0.0,0.0,,,,,,,,,,,,,,0.0
172,1,retriever,dense_retrieve|sparse_retrieve|hybrid_retrieve|hybrid_rerank,hybrid_rerank,-0.02,0,grader,1.0,-0.237451,0.182279,-0.30118,1.0,-0.237451,0.182279,-0.30118,1.0,10,0.591139554977417,0.3494098633527756,,,,,,,,,,
172,2,grader,keep_all|loose_filter|medium_filter|strict_filter|rerank_only,medium_filter,-0.07,0,generator,-0.927009,-1.0,0.775603,,-0.927009,-1.0,0.775603,0.0,,,,,,,0.03649526834487915,0.7,0.8878017067909241,,,,,
172,3,generator,generate_answer|generate_with_strict_citations|generate_short_answer,generate_short_answer,-0.07,0,verifier,-0.594155,-0.921675,-0.724873,-0.903608,-0.594155,-0.921675,-0.724873,-0.903608,,,,,,,,,,0.20292231440544128,0.039162635803222656,128,0.04819595813751221,
172,4,verifier,verify_answer,verify_answer,0.5655,1,,-0.803797,,,,-0.803797,0.0,0.0,0.0,,,,,,,,,,,,,,0.09810143709182739
173,1,retriever,dense_retrieve|sparse_retrieve|hybrid_retrieve|hybrid_rerank,hybrid_rerank,-0.02,0,grader,0.641948,0.112561,0.215881,-0.067155,0.641948,0.112561,0.215881,-0.067155,0.8209739625453949,13,0.6079403609037399,0.4664226844906807,,,,,,,,,,
173,2,grader,keep_all|loose_filter|medium_filter|strict_filter|rerank_only,loose_filter,-0.07,0,generator,-0.900281,-1.0,0.474764,,-0.900281,-1.0,0.474764,0.0,,,,,,,0.04985961318016052,0.7,0.7373820394277573,,,,,
173,3,generator,generate_answer|generate_with_strict_citations|generate_short_answer,generate_short_answer,-0.07,0,verifier,-0.590813,-1.0,-0.567126,-1.0,-0.590813,-1.0,-0.567126,-1.0,,,,,,,,,,0.2045937478542328,0.0,128,0.0,
173,4,verifier,verify_answer,verify_answer,-0.07,0,verifier,-0.928697,,,,-0.928697,0.0,0.0,0.0,,,,,,,,,,,,,,0.035651594400405884
173,5,verifier,request_regeneration|request_more_retrieval|request_rewrite,request_more_retrieval,-0.07,0,retriever,-0.977729,,,,-0.977729,0.0,0.0,0.0,,,,,,,,,,,,,,0.01113542914390564
173,6,retriever,retrieve_more,retrieve_more,-0.02,0,grader,0.931401,-0.438794,0.42462,0.735718,0.931401,-0.438794,0.42462,0.735718,0.9657003581523895,9,0.7123099565505981,0.8678591251373291,,,,,,,,,,
173,7,grader,keep_all|loose_filter|medium_filter|strict_filter|rerank_only,loose_filter,-0.07,0,generator,-0.994792,-0.904914,0.509709,,-0.994792,-0.904914,0.509709,0.0,,,,,,,0.002603858709335327,0.7142629593610763,0.7548543214797974,,,,,
173,8,generator,generate_answer|generate_with_strict_citations|generate_short_answer,generate_short_answer,-0.07,0,verifier,0.247796,-1.0,-0.74142,-1.0,0.247796,-1.0,-0.74142,-1.0,,,,,,,,,,0.6238982453942299,0.0,128,0.0,
173,9,verifier,verify_answer,verify_answer,-0.07,0,verifier,-1.0,,,,-1.0,0.0,0.0,0.0,,,,,,,,,,,,,,0.0
173,10,verifier,request_regeneration|request_more_retrieval|request_rewrite,request_more_retrieval,-0.07,0,retriever,-1.0,,,,-1.0,0.0,0.0,0.0,,,,,,,,,,,,,,0.0
173,11,retriever,retrieve_more,retrieve_more,-0.02,0,grader,0.842763,-0.708713,0.597543,0.891457,0.842763,-0.708713,0.597543,0.891457,0.9213817417621613,7,0.7987715899944305,0.9457285702228546,,,,,,,,,,
173,12,grader,keep_all|loose_filter|medium_filter|strict_filter|rerank_only,loose_filter,-0.372,1,,-0.883602,-0.90648,0.470239,,-0.883602,-0.90648,0.470239,0.0,,,,,,,0.0581991970539093,0.7140280246734618,0.7351196259260178,,,,,
174,1,retriever,dense_retrieve|sparse_retrieve|hybrid_retrieve|hybrid_rerank,hybrid_rerank,-0.02,0,grader,1.0,-0.073626,0.426931,-0.555811,1.0,-0.073626,0.426931,-0.555811,1.0,11,0.7134653776884079,0.22209453582763672,,,,,,,,,,
174,2,grader,keep_all|loose_filter|medium_filter|strict_filter|rerank_only,strict_filter,-0.07,0,generator,-0.926468,-1.0,0.802981,,-0.926468,-1.0,0.802981,0.0,,,,,,,0.03676605224609375,0.7,0.9014905989170074,,,,,
174,3,generator,generate_answer|generate_with_strict_citations|generate_short_answer,generate_short_answer,-0.07,0,verifier,-0.898962,-0.777974,-0.509515,-1.0,-0.898962,-0.777974,-0.509515,-1.0,,,,,,,,,,0.05051887035369873,0.11101314425468445,128,0.0,
174,4,verifier,verify_answer,verify_answer,0.6103,1,,-0.846829,,,,-0.846829,0.0,0.0,0.0,,,,,,,,,,,,,,0.07658529281616211
175,1,retriever,dense_retrieve|sparse_retrieve|hybrid_retrieve|hybrid_rerank,hybrid_rerank,-0.02,0,grader,1.0,-0.006782,0.577766,-0.192941,1.0,-0.006782,0.577766,-0.192941,1.0,12,0.788882851600647,0.40352965146303177,,,,,,,,,,
175,2,grader,keep_all|loose_filter|medium_filter|strict_filter|rerank_only,medium_filter,-0.07,0,generator,-1.0,-1.0,0.740539,,-1.0,-1.0,0.740539,0.0,,,,,,,0.0,0.7,0.8702695369720459,,,,,
175,3,generator,generate_answer|generate_with_strict_citations|generate_short_answer,generate_short_answer,-0.07,0,verifier,-0.755002,-1.0,-0.198913,-1.0,-0.755002,-1.0,-0.198913,-1.0,,,,,,,,,,0.12249922752380371,0.0,128,0.0,
175,4,verifier,verify_answer,verify_answer,0.6893,1,,-0.902799,,,,-0.902799,0.0,0.0,0.0,,,,,,,,,,,,,,0.048600345849990845
176,1,retriever,dense_retrieve|sparse_retrieve|hybrid_retrieve|hybrid_rerank,hybrid_rerank,-0.02,0,grader,0.947589,-0.068489,0.78224,-0.553687,0.947589,-0.068489,0.78224,-0.553687,0.97379469871521,11,0.891120046377182,0.22315648198127747,,,,,,,,,,
176,2,grader,keep_all|loose_filter|medium_filter|strict_filter|rerank_only,strict_filter,-0.07,0,generator,-1.0,-0.859395,1.0,,-1.0,-0.859395,1.0,0.0,,,,,,,0.0,0.7210907995700836,1.0,,,,,
176,3,generator,generate_answer|generate_with_strict_citations|generate_short_answer,generate_short_answer,-0.07,0,verifier,-1.0,-1.0,0.360524,-1.0,-1.0,-1.0,0.360524,-1.0,,,,,,,,,,0.0,0.0,151,0.0,
176,4,verifier,verify_answer,verify_answer,0.7871,1,,-0.997768,,,,-0.997768,0.0,0.0,0.0,,,,,,,,,,,,,,0.0011159777641296387
177,1,retriever,dense_retrieve|sparse_retrieve|hybrid_retrieve|hybrid_rerank,hybrid_rerank,-0.02,0,grader,0.782541,0.044401,0.567431,-0.647063,0.782541,0.044401,0.567431,-0.647063,0.8912703990936279,12,0.7837157249450684,0.17646831274032593,,,,,,,,,,
177,2,grader,keep_all|loose_filter|medium_filter|strict_filter|rerank_only,medium_filter,-0.07,0,generator,-1.0,-0.887381,0.670494,,-1.0,-0.887381,0.670494,0.0,,,,,,,0.0,0.716892847418785,0.8352468311786652,,,,,
177,3,generator,generate_answer|generate_with_strict_citations|generate_short_answer,generate_short_answer,-0.07,0,verifier,-1.0,-1.0,-0.336069,-1.0,-1.0,-1.0,-0.336069,-1.0,,,,,,,,,,0.0,0.0,128,0.0,
177,4,verifier,verify_answer,verify_answer,0.7846,1,,-1.0,,,,-1.0,0.0,0.0,0.0,,,,,,,,,,,,,,0.0
178,1,retriever,dense_retrieve|sparse_retrieve|hybrid_retrieve|hybrid_rerank,hybrid_rerank,-0.02,0,grader,1.0,-0.17111,0.335353,-0.469297,1.0,-0.17111,0.335353,-0.469297,1.0,11,0.667676255106926,0.26535166800022125,,,,,,,,,,
178,2,grader,keep_all|loose_filter|medium_filter|strict_filter|rerank_only,strict_filter,-0.07,0,generator,-0.840815,-0.733669,1.0,,-0.840815,-0.733669,1.0,0.0,,,,,,,0.07959261536598206,0.7399495810270309,1.0,,,,,
178,3,generator,generate_answer|generate_with_strict_citations|generate_short_answer,generate_short_answer,-0.07,0,verifier,-0.759961,-0.695356,-0.462429,-1.0,-0.759961,-0.695356,-0.462429,-1.0,,,,,,,,,,0.12001961469650269,0.15232175588607788,128,0.0,
178,4,verifier,verify_answer,verify_answer,0.7594,1,,-1.0,,,,-1.0,0.0,0.0,0.0,,,,,,,,,,,,,,0.0
179,1,retriever,dense_retrieve|sparse_retrieve|hybrid_retrieve|hybrid_rerank,hybrid_rerank,-0.02,0,grader,1.0,-0.071729,0.116331,-0.494036,1.0,-0.071729,0.116331,-0.494036,1.0,11,0.5581656023859978,0.2529817968606949,,,,,,,,,,
179,2,grader,keep_all|loose_filter|medium_filter|strict_filter|rerank_only,medium_filter,-0.07,0,generator,-0.867671,-1.0,0.795305,,-0.867671,-1.0,0.795305,0.0,,,,,,,0.0661642849445343,0.7,0.8976525962352753,,,,,
179,3,generator,generate_answer|generate_with_strict_citations|generate_short_answer,generate_short_answer,-0.07,0,verifier,-0.709759,-1.0,-0.562702,-1.0,-0.709759,-1.0,-0.562702,-1.0,,,,,,,,,,0.1451205015182495,0.0,128,0.0,
179,4,verifier,verify_answer,verify_answer,0.5184,1,,-0.925762,,,,-0.925762,0.0,0.0,0.0,,,,,,,,,,,,,,0.037118881940841675
180,1,retriever,dense_retrieve|sparse_retrieve|hybrid_retrieve|hybrid_rerank,hybrid_rerank,-0.02,0,grader,0.87229,0.191151,0.496483,-0.372579,0.87229,0.191151,0.496483,-0.372579,0.9361450970172882,13,0.7482412606477737,0.3137105107307434,,,,,,,,,,
180,2,grader,keep_all|loose_filter|medium_filter|strict_filter|rerank_only,strict_filter,-0.07,0,generator,-0.918504,-1.0,0.807119,,-0.918504,-1.0,0.807119,0.0,,,,,,,0.04074820876121521,0.7,0.9035593569278717,,,,,
180,3,generator,generate_answer|generate_with_strict_citations|generate_short_answer,generate_short_answer,-0.07,0,verifier,-0.612616,-1.0,0.480219,-1.0,-0.612616,-1.0,0.480219,-1.0,,,,,,,,,,0.19369181990623474,0.0,158,0.0,
180,4,verifier,verify_answer,verify_answer,0.4365,1,,-0.973241,,,,-0.973241,0.0,0.0,0.0,,,,,,,,,,,,,,0.013379722833633423
181,1,retriever,dense_retrieve|sparse_retrieve|hybrid_retrieve|hybrid_rerank,hybrid_rerank,-0.02,0,grader,1.0,0.134131,0.405967,-0.132395,1.0,0.134131,0.405967,-0.132395,1.0,13,0.7029832750558853,0.4338023439049721,,,,,,,,,,
181,2,grader,keep_all|loose_filter|medium_filter|strict_filter|rerank_only,medium_filter,-0.07,0,generator,-0.803009,-0.924503,0.772092,,-0.803009,-0.924503,0.772092,0.0,,,,,,,0.09849527478218079,0.7113245457410812,0.8860459923744202,,,,,
181,3,generator,generate_answer|generate_with_strict_citations|generate_short_answer,generate_short_answer,-0.07,0,verifier,-0.519495,-0.840811,-0.514891,-0.826639,-0.519495,-0.840811,-0.514891,-0.826639,,,,,,,,,,0.24025264382362366,0.07959440350532532,128,0.08668026328086853,
181,4,verifier,verify_answer,verify_answer,0.6752,1,,-1.0,,,,-1.0,0.0,0.0,0.0,,,,,,,,,,,,,,0.0
182,1,retriever,dense_retrieve|sparse_retrieve|hybrid_retrieve|hybrid_rerank,hybrid_rerank,-0.02,0,grader,1.0,-0.273898,0.228461,-0.140242,1.0,-0.273898,0.228461,-0.140242,1.0,10,0.6142302751541138,0.42987919598817825,,,,,,,,,,
182,2,grader,keep_all|loose_filter|medium_filter|strict_filter|rerank_only,strict_filter,-0.07,0,generator,-1.0,-1.0,0.992696,,-1.0,-1.0,0.992696,0.0,,,,,,,0.0,0.7,0.9963478744029999,,,,,
182,3,generator,generate_answer|generate_with_strict_citations|generate_short_answer,generate_short_answer,-0.07,0,verifier,-0.831053,-0.870708,0.033991,-0.779983,-0.831053,-0.870708,0.033991,-0.779983,,,,,,,,,,0.08447355031967163,0.06464603543281555,158,0.1100085973739624,
182,4,verifier,verify_answer,verify_answer,0.6545,1,,-1.0,,,,-1.0,0.0,0.0,0.0,,,,,,,,,,,,,,0.0
183,1,retriever,dense_retrieve|sparse_retrieve|hybrid_retrieve|hybrid_rerank,hybrid_rerank,-0.02,0,grader,1.0,-0.131768,0.647511,0.171878,1.0,-0.131768,0.647511,0.171878,1.0,11,0.823755532503128,0.5859391838312149,,,,,,,,,,
183,2,grader,keep_all|loose_filter|medium_filter|strict_filter|rerank_only,medium_filter,-0.07,0,generator,-1.0,-0.798408,0.600187,,-1.0,-0.798408,0.600187,0.0,,,,,,,0.0,0.7302388668060302,0.8000936806201935,,,,,
183,3,generator,generate_answer|generate_with_strict_citations|generate_short_answer,generate_short_answer,-0.07,0,verifier,-0.394133,-0.802756,-0.389888,-1.0,-0.394133,-0.802756,-0.389888,-1.0,,,,,,,,,,0.30293358862400055,0.09862181544303894,128,0.0,
183,4,verifier,verify_answer,verify_answer,0.6956,1,,-1.0,,,,-1.0,0.0,0.0,0.0,,,,,,,,,,,,,,0.0
184,1,retriever,dense_retrieve|sparse_retrieve|hybrid_retrieve|hybrid_rerank,hybrid_rerank,-0.02,0,grader,0.900221,-0.175281,0.659385,-0.608923,0.900221,-0.175281,0.659385,-0.608923,0.9501105546951294,11,0.8296926021575928,0.19553834199905396,,,,,,,,,,
184,2,grader,keep_all|loose_filter|medium_filter|strict_filter|rerank_only,strict_filter,-0.07,0,generator,-0.840343,-0.921511,0.936845,,-0.840343,-0.921511,0.936845,0.0,,,,,,,0.07982838153839111,0.7117732971906662,0.9684227108955383,,,,,
184,3,generator,generate_answer|generate_with_strict_citations|generate_short_answer,generate_short_answer,-0.07,0,verifier,-0.688265,-0.772087,0.00508,-1.0,-0.688265,-0.772087,0.00508,-1.0,,,,,,,,,,0.15586748719215393,0.11395630240440369,128,0.0,
184,4,verifier,verify_answer,verify_answer,0.606,1,,-1.0,,,,-1.0,0.0,0.0,0.0,,,,,,,,,,,,,,0.0
185,1,retriever,dense_retrieve|sparse_retrieve|hybrid_retrieve|hybrid_rerank,hybrid_rerank,-0.02,0,grader,1.0,-0.373198,0.194704,-0.320487,1.0,-0.373198,0.194704,-0.320487,1.0,9,0.597352109849453,0.33975639939308167,,,,,,,,,,
185,2,grader,keep_all|loose_filter|medium_filter|strict_filter|rerank_only,strict_filter,-0.07,0,generator,-0.907096,-0.897746,0.968692,,-0.907096,-0.897746,0.968692,0.0,,,,,,,0.046452105045318604,0.7153380423784256,0.9843460917472839,,,,,
185,3,generator,generate_answer|generate_with_strict_citations|generate_short_answer,generate_short_answer,-0.07,0,verifier,-0.822496,-0.930279,-0.043929,-1.0,-0.822496,-0.930279,-0.043929,-1.0,,,,,,,,,,0.08875176310539246,0.03486040234565735,128,0.0,
185,4,verifier,verify_answer,verify_answer,0.5314,1,,-0.960156,,,,-0.960156,0.0,0.0,0.0,,,,,,,,,,,,,,0.01992204785346985
186,1,retriever,dense_retrieve|sparse_retrieve|hybrid_retrieve|hybrid_rerank,hybrid_rerank,-0.02,0,grader,1.0,-0.260537,0.12964,-0.158194,1.0,-0.260537,0.12964,-0.158194,1.0,10,0.5648197755217552,0.420902855694294,,,,,,,,,,
186,2,grader,keep_all|loose_filter|medium_filter|strict_filter|rerank_only,medium_filter,-0.07,0,generator,-1.0,-0.950633,0.657003,,-1.0,-0.950633,0.657003,0.0,,,,,,,0.0,0.7074050337076186,0.8285013437271118,,,,,
186,3,generator,generate_answer|generate_with_strict_citations|generate_short_answer,generate_short_answer,-0.07,0,verifier,-0.093929,-1.0,-0.625875,-0.724112,-0.093929,-1.0,-0.625875,-0.724112,,,,,,,,,,0.45303554832935333,0.0,128,0.1379440724849701,
186,4,verifier,verify_answer,verify_answer,0.7161,1,,-1.0,,,,-1.0,0.0,0.0,0.0,,,,,,,,,,,,,,0.0
187,1,retriever,dense_retrieve|sparse_retrieve|hybrid_retrieve|hybrid_rerank,hybrid_rerank,-0.02,0,grader,1.0,-0.109252,0.512356,-0.466443,1.0,-0.109252,0.512356,-0.466443,1.0,11,0.7561778724193573,0.26677872240543365,,,,,,,,,,
187,2,grader,keep_all|loose_filter|medium_filter|strict_filter|rerank_only,loose_filter,-0.07,0,generator,-1.0,-1.0,0.565282,,-1.0,-1.0,0.565282,0.0,,,,,,,0.0,0.7,0.7826411128044128,,,,,
187,3,generator,generate_answer|generate_with_strict_citations|generate_short_answer,generate_short_answer,-0.07,0,verifier,-0.849507,-0.747093,-0.344944,-1.0,-0.849507,-0.747093,-0.344944,-1.0,,,,,,,,,,0.0752464234828949,0.1264537274837494,128,0.0,
187,4,verifier,verify_answer,verify_answer,0.777,1,,-0.804195,,,,-0.804195,0.0,0.0,0.0,,,,,,,,,,,,,,0.09790253639221191
188,1,retriever,dense_retrieve|sparse_retrieve|hybrid_retrieve|hybrid_rerank,hybrid_rerank,-0.02,0,grader,1.0,-0.117676,0.315323,0.055988,1.0,-0.117676,0.315323,0.055988,1.0,11,0.6576617062091827,0.5279938727617264,,,,,,,,,,
188,2,grader,keep_all|loose_filter|medium_filter|strict_filter|rerank_only,medium_filter,-0.07,0,generator,-1.0,-1.0,0.663899,,-1.0,-1.0,0.663899,0.0,,,,,,,0.0,0.7,0.8319494128227234,,,,,
188,3,generator,generate_answer|generate_with_strict_citations|generate_short_answer,generate_short_answer,-0.07,0,verifier,0.247196,-0.833406,-0.94569,-0.998169,0.247196,-0.833406,-0.94569,-0.998169,,,,,,,,,,0.6235982328653336,0.08329704403877258,128,0.0009156763553619385,
188,4,verifier,verify_answer,verify_answer,0.721,1,,-0.762735,,,,-0.762735,0.0,0.0,0.0,,,,,,,,,,,,,,0.1186322569847107
189,1,retriever,dense_retrieve|sparse_retrieve|hybrid_retrieve|hybrid_rerank,hybrid_rerank,-0.02,0,grader,0.942585,0.059563,0.388556,-0.259206,0.942585,0.059563,0.388556,-0.259206,0.9712923169136047,12,0.6942781507968903,0.37039685249328613,,,,,,,,,,
189,2,grader,keep_all|loose_filter|medium_filter|strict_filter|rerank_only,strict_filter,-0.07,0,generator,-1.0,-0.938054,0.847756,,-1.0,-0.938054,0.847756,0.0,,,,,,,0.0,0.7092918336391448,0.9238779246807098,,,,,
189,3,generator,generate_answer|generate_with_strict_citations|generate_short_answer,generate_short_answer,-0.07,0,verifier,-0.516473,-0.940222,0.556434,-1.0,-0.516473,-0.940222,0.556434,-1.0,,,,,,,,,,0.24176353216171265,0.029889225959777832,163,0.0,
189,4,verifier,verify_answer,verify_answer,0.6921,1,,-0.930404,,,,-0.930404,0.0,0.0,0.0,,,,,,,,,,,,,,0.03479820489883423
190,1,retriever,dense_retrieve|sparse_retrieve|hybrid_retrieve|hybrid_rerank,hybrid_rerank,-0.02,0,grader,0.695433,0.053212,0.385492,0.024898,0.695433,0.053212,0.385492,0.024898,0.8477165997028351,12,0.6927459686994553,0.5124491956084967,,,,,,,,,,
190,2,grader,keep_all|loose_filter|medium_filter|strict_filter|rerank_only,rerank_only,-0.07,0,generator,-1.0,-1.0,0.371099,,-1.0,-1.0,0.371099,0.0,,,,,,,0.0,0.7,0.6855495423078537,,,,,
190,3,generator,generate_answer|generate_with_strict_citations|generate_short_answer,generate_short_answer,-0.07,0,verifier,0.311313,-1.0,0.043732,-0.973983,0.311313,-1.0,0.043732,-0.973983,,,,,,,,,,0.6556565761566162,0.0,133,0.013008713722229004,
190,4,verifier,verify_answer,verify_answer,0.8092,1,,-1.0,,,,-1.0,0.0,0.0,0.0,,,,,,,,,,,,,,0.0
191,1,retriever,dense_retrieve|sparse_retrieve|hybrid_retrieve|hybrid_rerank,hybrid_rerank,-0.02,0,grader,1.0,0.131436,0.361266,-0.120848,1.0,0.131436,0.361266,-0.120848,1.0,13,0.6806332021951675,0.4395761266350746,,,,,,,,,,
191,2,grader,keep_all|loose_filter|medium_filter|strict_filter|rerank_only,loose_filter,-0.07,0,generator,-0.858125,-0.95229,0.580576,,-0.858125,-0.95229,0.580576,0.0,,,,,,,0.07093751430511475,0.7071565091609955,0.7902881801128387,,,,,
191,3,generator,generate_answer|generate_with_strict_citations|generate_short_answer,generate_short_answer,-0.07,0,verifier,0.3053,-1.0,-0.88719,-1.0,0.3053,-1.0,-0.88719,-1.0,,,,,,,,,,0.6526501625776291,0.0,128,0.0,
191,4,verifier,verify_answer,verify_answer,0.6057,1,,-1.0,,,,-1.0,0.0,0.0,0.0,,,,,,,,,,,,,,0.0
192,1,retriever,dense_retrieve|sparse_retrieve|hybrid_retrieve|hybrid_rerank,hybrid_rerank,-0.02,0,grader,1.0,0.245882,0.289418,-0.140079,1.0,0.245882,0.289418,-0.140079,1.0,14,0.6447087973356247,0.42996034026145935,,,,,,,,,,
192,2,grader,keep_all|loose_filter|medium_filter|strict_filter|rerank_only,loose_filter,-0.07,0,generator,-1.0,-1.0,0.499516,,-1.0,-1.0,0.499516,0.0,,,,,,,0.0,0.7,0.749757930636406,,,,,
192,3,generator,generate_answer|generate_with_strict_citations|generate_short_answer,generate_short_answer,-0.07,0,verifier,-0.198091,-1.0,0.045663,-0.928103,-0.198091,-1.0,0.045663,-0.928103,,,,,,,,,,0.4009545296430588,0.0,139,0.03594854474067688,
192,4,verifier,verify_answer,verify_answer,0.7517,1,,-0.754141,,,,-0.754141,0.0,0.0,0.0,,,,,,,,,,,,,,0.12292942404747009
193,1,retriever,dense_retrieve|sparse_retrieve|hybrid_retrieve|hybrid_rerank,hybrid_rerank,-0.02,0,grader,1.0,0.235663,0.356111,-0.370547,1.0,0.235663,0.356111,-0.370547,1.0,14,0.6780556738376617,0.31472645699977875,,,,,,,,,,
193,2,grader,keep_all|loose_filter|medium_filter|strict_filter|rerank_only,loose_filter,-0.07,0,generator,-1.0,-0.912831,0.417595,,-1.0,-0.912831,0.417595,0.0,,,,,,,0.0,0.713075366616249,0.7087976485490799,,,,,
193,3,generator,generate_answer|generate_with_strict_citations|generate_short_answer,generate_short_answer,-0.07,0,verifier,-0.270752,-0.819971,0.031197,-1.0,-0.270752,-0.819971,0.031197,-1.0,,,,,,,,,,0.3646240681409836,0.09001436829566956,129,0.0,
193,4,verifier,verify_answer,verify_answer,0.6249,1,,-1.0,,,,-1.0,0.0,0.0,0.0,,,,,,,,,,,,,,0.0
194,1,retriever,dense_retrieve|sparse_retrieve|hybrid_retrieve|hybrid_rerank,hybrid_rerank,-0.02,0,grader,0.880582,-0.08259,0.524355,-0.22048,0.880582,-0.08259,0.524355,-0.22048,0.94029101729393,11,0.7621775269508362,0.38975995033979416,,,,,,,,,,
194,2,grader,keep_all|loose_filter|medium_filter|strict_filter|rerank_only,loose_filter,-0.07,0,generator,-1.0,-1.0,0.423233,,-1.0,-1.0,0.423233,0.0,,,,,,,0.0,0.7,0.7116166800260544,,,,,
194,3,generator,generate_answer|generate_with_strict_citations|generate_short_answer,generate_short_answer,-0.07,0,verifier,0.683598,-1.0,-0.106477,-1.0,0.683598,-1.0,-0.106477,-1.0,,,,,,,,,,0.8417990803718567,0.0,128,0.0,
194,4,verifier,verify_answer,verify_answer,0.6817,1,,-0.889651,,,,-0.889651,0.0,0.0,0.0,,,,,,,,,,,,,,0.05517446994781494
195,1,retriever,dense_retrieve|sparse_retrieve|hybrid_retrieve|hybrid_rerank,hybrid_rerank,-0.02,0,grader,1.0,0.425153,0.420757,-0.025619,1.0,0.425153,0.420757,-0.025619,1.0,15,0.7103786766529083,0.48719065356999636,,,,,,,,,,
195,2,grader,keep_all|loose_filter|medium_filter|strict_filter|rerank_only,strict_filter,-0.07,0,generator,-0.648222,-0.915382,1.0,,-0.648222,-0.915382,1.0,0.0,,,,,,,0.17588913440704346,0.7126926511526107,1.0,,,,,
195,3,generator,generate_answer|generate_with_strict_citations|generate_short_answer,generate_short_answer,-0.07,0,verifier,-0.224672,-1.0,0.541746,-1.0,-0.224672,-1.0,0.541746,-1.0,,,,,,,,,,0.3876637890934944,0.0,162,0.0,
195,4,verifier,verify_answer,verify_answer,0.7822,1,,-1.0,,,,-1.0,0.0,0.0,0.0,,,,,,,,,,,,,,0.0
196,1,retriever,dense_retrieve|sparse_retrieve|hybrid_retrieve|hybrid_rerank,hybrid_rerank,-0.02,0,grader,1.0,0.054964,0.837859,-0.519113,1.0,0.054964,0.837859,-0.519113,1.0,12,0.9189293682575226,0.24044325947761536,,,,,,,,,,
196,2,grader,keep_all|loose_filter|medium_filter|strict_filter|rerank_only,loose_filter,-0.07,0,generator,-1.0,-1.0,0.52545,,-1.0,-1.0,0.52545,0.0,,,,,,,0.0,0.7,0.7627247869968414,,,,,
196,3,generator,generate_answer|generate_with_strict_citations|generate_short_answer,generate_short_answer,-0.07,0,verifier,0.531257,-0.971559,0.202567,-0.844256,0.531257,-0.971559,0.202567,-0.844256,,,,,,,,,,0.7656285166740417,0.014220356941223145,162,0.07787185907363892,
196,4,verifier,verify_answer,verify_answer,0.7217,1,,-1.0,,,,-1.0,0.0,0.0,0.0,,,,,,,,,,,,,,0.0
197,1,retriever,dense_retrieve|sparse_retrieve|hybrid_retrieve|hybrid_rerank,hybrid_rerank,-0.02,0,grader,1.0,-0.098294,0.690305,-0.098145,1.0,-0.098294,0.690305,-0.098145,1.0,11,0.8451525866985321,0.45092736557126045,,,,,,,,,,
197,2,grader,keep_all|loose_filter|medium_filter|strict_filter|rerank_only,rerank_only,-0.07,0,generator,-0.884452,-0.970927,0.380348,,-0.884452,-0.970927,0.380348,0.0,,,,,,,0.057774096727371216,0.7043610036373138,0.6901741772890091,,,,,
197,3,generator,generate_answer|generate_with_strict_citations|generate_short_answer,generate_short_answer,-0.07,0,verifier,0.074035,-0.834825,0.710457,-0.824009,0.074035,-0.834825,0.710457,-0.824009,,,,,,,,,,0.5370176136493683,0.08258727192878723,203,0.08799535036087036,
197,4,verifier,verify_answer,verify_answer,0.8354,1,,-1.0,,,,-1.0,0.0,0.0,0.0,,,,,,,,,,,,,,0.0
198,1,retriever,dense_retrieve|sparse_retrieve|hybrid_retrieve|hybrid_rerank,hybrid_rerank,-0.02,0,grader,0.66075,0.229594,0.656638,0.021751,0.66075,0.229594,0.656638,0.021751,0.8303748667240143,14,0.8283187747001648,0.5108754457905889,,,,,,,,,,
198,2,grader,keep_all|loose_filter|medium_filter|strict_filter|rerank_only,rerank_only,-0.07,0,generator,-0.939031,-1.0,0.394737,,-0.939031,-1.0,0.394737,0.0,,,,,,,0.03048458695411682,0.7,0.6973684877157211,,,,,
198,3,generator,generate_answer|generate_with_strict_citations|generate_short_answer,generate_short_answer,-0.07,0,verifier,0.302437,-0.593753,0.445938,-0.917817,0.302437,-0.593753,0.445938,-0.917817,,,,,,,,,,0.6512183248996735,0.20312342047691345,169,0.041091710329055786,
198,4,verifier,verify_answer,verify_answer,0.8167,1,,-0.950917,,,,-0.950917,0.0,0.0,0.0,,,,,,,,,,,,,,0.024541497230529785
199,1,retriever,dense_retrieve|sparse_retrieve|hybrid_retrieve|hybrid_rerank,hybrid_rerank,-0.02,0,grader,1.0,-0.195778,0.636574,-0.469591,1.0,-0.195778,0.636574,-0.469591,1.0,11,0.8182867765426636,0.26520465314388275,,,,,,,,,,
199,2,grader,keep_all|loose_filter|medium_filter|strict_filter|rerank_only,loose_filter,-0.07,0,generator,-1.0,-1.0,0.558387,,-1.0,-1.0,0.558387,0.0,,,,,,,0.0,0.7,0.7791936993598938,,,,,
199,3,generator,generate_answer|generate_with_strict_citations|generate_short_answer,generate_short_answer,-0.07,0,verifier,0.283362,-0.836517,0.856912,-0.849483,0.283362,-0.836517,0.856912,-0.849483,,,,,,,,,,0.6416811645030975,0.08174145221710205,209,0.07525864243507385,
199,4,verifier,verify_answer,verify_answer,0.8124,1,,-1.0,,,,-1.0,0.0,0.0,0.0,,,,,,,,,,,,,,0.0
200,1,retriever,dense_retrieve|sparse_retrieve|hybrid_retrieve|hybrid_rerank,hybrid_rerank,-0.02,0,grader,1.0,-0.112836,0.802531,-0.079534,1.0,-0.112836,0.802531,-0.079534,1.0,11,0.9012655317783356,0.46023280918598175,,,,,,,,,,
200,2,grader,keep_all|loose_filter|medium_filter|strict_filter|rerank_only,loose_filter,-0.07,0,generator,-1.0,-1.0,0.562999,,-1.0,-1.0,0.562999,0.0,,,,,,,0.0,0.7,0.7814996838569641,,,,,
200,3,generator,generate_answer|generate_with_strict_citations|generate_short_answer,generate_short_answer,-0.07,0,verifier,0.833792,-0.810409,-0.184497,-0.534448,0.833792,-0.810409,-0.184497,-0.534448,,,,,,,,,,0.9168962240219116,0.09479546546936035,170,0.23277601599693298,
200,4,verifier,verify_answer,verify_answer,0.5474,1,,-0.765299,,,,-0.765299,0.0,0.0,0.0,,,,,,,,,,,,,,0.11735066771507263
