episode,step,active_agent,valid_actions,discrete_action,reward,done,next_active_agent,raw_0,raw_1,raw_2,raw_3,padded_0,padded_1,padded_2,padded_3,dense_sparse_weight,top_k,rerank_threshold,source_diversity,rewrite_strength,query_expansion_weight,relevance_threshold,evidence_keep_ratio,strictness_score,temperature,citation_strictness,max_tokens,answer_detail_level,support_threshold
1,1,retriever,dense_retrieve|sparse_retrieve|hybrid_retrieve|hybrid_rerank,hybrid_retrieve,-0.02,0,grader,0.134772,-0.410132,-0.006659,-0.27329,0.134772,-0.410132,-0.006659,-0.27329,0.567385844886303,9,0.49667039373889565,0.36335521936416626,,,,,,,,,,
1,2,grader,keep_all|loose_filter|medium_filter|strict_filter|rerank_only,rerank_only,-0.07,0,generator,0.638873,-0.818992,0.070931,,0.638873,-0.818992,0.070931,0.0,,,,,,,0.8194365799427032,0.7271511793136596,0.5354652889072895,,,,,
1,3,generator,generate_answer|generate_with_strict_citations|generate_short_answer,generate_short_answer,-0.07,0,verifier,0.850197,0.571785,0.123005,-0.293785,0.850197,0.571785,0.123005,-0.293785,,,,,,,,,,0.9250984191894531,0.7858924269676208,231,0.3531075119972229,
1,4,verifier,verify_answer,verify_answer,0.6141,1,,-0.826902,,,,-0.826902,0.0,0.0,0.0,,,,,,,,,,,,,,0.08654895424842834
2,1,retriever,dense_retrieve|sparse_retrieve|hybrid_retrieve|hybrid_rerank,hybrid_retrieve,-0.02,0,grader,0.049758,-0.0307,-0.33424,-0.810239,0.049758,-0.0307,-0.33424,-0.810239,0.5248788651078939,12,0.33288003504276276,0.09488058090209961,,,,,,,,,,
2,2,grader,keep_all|loose_filter|medium_filter|strict_filter|rerank_only,rerank_only,-0.07,0,generator,0.432884,-0.782872,-0.379787,,0.432884,-0.782872,-0.379787,0.0,,,,,,,0.7164421081542969,0.7325692236423492,0.31010647118091583,,,,,
2,3,generator,generate_answer|generate_with_strict_citations|generate_short_answer,generate_with_strict_citations,-0.07,0,verifier,0.434806,0.73484,0.002551,0.001701,0.434806,0.73484,0.002551,0.001701,,,,,,,,,,0.7174031585454941,0.8674198091030121,256,0.5008504430879839,
2,4,verifier,verify_answer,verify_answer,0.6822,1,,-0.854202,,,,-0.854202,0.0,0.0,0.0,,,,,,,,,,,,,,0.07289919257164001
3,1,retriever,dense_retrieve|sparse_retrieve|hybrid_retrieve|hybrid_rerank,hybrid_retrieve,-0.02,0,grader,-0.16502,-0.24776,-0.307032,-0.515222,-0.16502,-0.24776,-0.307032,-0.515222,0.4174898490309715,10,0.34648390114307404,0.2423889935016632,,,,,,,,,,
3,2,grader,keep_all|loose_filter|medium_filter|strict_filter|rerank_only,rerank_only,-0.07,0,generator,0.553301,-0.821522,-0.179946,,0.553301,-0.821522,-0.179946,0.0,,,,,,,0.7766506373882294,0.7267717450857162,0.4100272133946419,,,,,
3,3,generator,generate_answer|generate_with_strict_citations|generate_short_answer,generate_short_answer,-0.07,0,verifier,0.917874,0.638804,-0.00662,0.091102,0.917874,0.638804,-0.00662,0.091102,,,,,,,,,,0.958937019109726,0.8194019794464111,266,0.5455509014427662,
3,4,verifier,verify_answer,verify_answer,0.5965,1,,-0.920896,,,,-0.920896,0.0,0.0,0.0,,,,,,,,,,,,,,0.03955179452896118
4,1,retriever,dense_retrieve|sparse_retrieve|hybrid_retrieve|hybrid_rerank,hybrid_retrieve,-0.02,0,grader,-0.061799,0.091913,-0.126206,-0.744127,-0.061799,0.091913,-0.126206,-0.744127,0.4691003803163767,13,0.43689682334661484,0.1279364824295044,,,,,,,,,,
4,2,grader,keep_all|loose_filter|medium_filter|strict_filter|rerank_only,rerank_only,-0.07,0,generator,0.689496,-0.807155,-0.053095,,0.689496,-0.807155,-0.053095,0.0,,,,,,,0.8447479903697968,0.7289267033338547,0.47345248982310295,,,,,
4,3,generator,generate_answer|generate_with_strict_citations|generate_short_answer,generate_short_answer,-0.07,0,verifier,0.551468,0.326268,-0.054313,0.19287,0.551468,0.326268,-0.054313,0.19287,,,,,,,,,,0.7757341861724854,0.6631341427564621,273,0.5964349657297134,
4,4,verifier,verify_answer,verify_answer,0.7066,1,,-0.366983,,,,-0.366983,0.0,0.0,0.0,,,,,,,,,,,,,,0.31650832295417786
5,1,retriever,dense_retrieve|sparse_retrieve|hybrid_retrieve|hybrid_rerank,hybrid_retrieve,-0.02,0,grader,0.120196,-0.657209,-0.129096,-0.537248,0.120196,-0.657209,-0.129096,-0.537248,0.5600978694856167,7,0.43545205891132355,0.2313758134841919,,,,,,,,,,
5,2,grader,keep_all|loose_filter|medium_filter|strict_filter|rerank_only,rerank_only,-0.07,0,generator,0.591055,-0.659228,-0.03864,,0.591055,-0.659228,-0.03864,0.0,,,,,,,0.7955273985862732,0.7511158049106598,0.48067984730005264,,,,,
5,3,generator,generate_answer|generate_with_strict_citations|generate_short_answer,generate_short_answer,-0.07,0,verifier,0.788198,0.515206,0.164809,0.005747,0.788198,0.515206,0.164809,0.005747,,,,,,,,,,0.8940988183021545,0.7576031386852264,277,0.5028732614591718,
5,4,verifier,verify_answer,verify_answer,0.7341,1,,-0.631501,,,,-0.631501,0.0,0.0,0.0,,,,,,,,,,,,,,0.1842493712902069
6,1,retriever,dense_retrieve|sparse_retrieve|hybrid_retrieve|hybrid_rerank,hybrid_retrieve,-0.02,0,grader,-0.084047,0.056549,-0.553496,-0.857799,-0.084047,0.056549,-0.553496,-0.857799,0.45797646045684814,12,0.22325190901756287,0.07110032439231873,,,,,,,,,,
6,2,grader,keep_all|loose_filter|medium_filter|strict_filter|rerank_only,rerank_only,-0.07,0,generator,0.692225,-0.610056,-0.319429,,0.692225,-0.610056,-0.319429,0.0,,,,,,,0.8461122810840607,0.7584915578365325,0.34028568863868713,,,,,
6,3,generator,generate_answer|generate_with_strict_citations|generate_short_answer,generate_short_answer,-0.07,0,verifier,0.909836,0.660529,0.014378,-0.427381,0.909836,0.660529,0.014378,-0.427381,,,,,,,,,,0.9549181759357452,0.8302646577358246,202,0.286309614777565,
6,4,verifier,verify_answer,verify_answer,0.8172,1,,-0.545968,,,,-0.545968,0.0,0.0,0.0,,,,,,,,,,,,,,0.22701597213745117
7,1,retriever,dense_retrieve|sparse_retrieve|hybrid_retrieve|hybrid_rerank,hybrid_retrieve,-0.02,0,grader,0.072649,-0.167352,-0.506563,-0.355667,0.072649,-0.167352,-0.506563,-0.355667,0.5363245904445648,11,0.2467186450958252,0.3221662789583206,,,,,,,,,,
7,2,grader,keep_all|loose_filter|medium_filter|strict_filter|rerank_only,rerank_only,-0.07,0,generator,0.708023,-0.83752,-0.149335,,0.708023,-0.83752,-0.149335,0.0,,,,,,,0.854011595249176,0.724371936917305,0.4253324344754219,,,,,
7,3,generator,generate_answer|generate_with_strict_citations|generate_short_answer,generate_short_answer,-0.07,0,verifier,0.311054,0.586611,0.274844,0.040594,0.311054,0.586611,0.274844,0.040594,,,,,,,,,,0.6555269062519073,0.7933057248592377,296,0.5202970765531063,
7,4,verifier,verify_answer,verify_answer,0.5871,1,,-0.786271,,,,-0.786271,0.0,0.0,0.0,,,,,,,,,,,,,,0.10686454176902771
8,1,retriever,dense_retrieve|sparse_retrieve|hybrid_retrieve|hybrid_rerank,hybrid_rerank,-0.02,0,grader,-0.132758,0.205235,0.111246,-0.708108,-0.132758,0.205235,0.111246,-0.708108,0.43362078070640564,14,0.555622972548008,0.14594623446464539,,,,,,,,,,
8,2,grader,keep_all|loose_filter|medium_filter|strict_filter|rerank_only,rerank_only,-0.07,0,generator,0.473965,-0.763978,-0.209065,,0.473965,-0.763978,-0.209065,0.0,,,,,,,0.7369824647903442,0.735403236746788,0.39546728879213333,,,,,
8,3,generator,generate_answer|generate_with_strict_citations|generate_short_answer,generate_short_answer,-0.07,0,verifier,0.851882,0.580527,-0.114732,-0.271695,0.851882,0.580527,-0.114732,-0.271695,,,,,,,,,,0.9259408712387085,0.7902636229991913,208,0.36415228247642517,
8,4,verifier,verify_answer,verify_answer,0.8629,1,,-0.970207,,,,-0.970207,0.0,0.0,0.0,,,,,,,,,,,,,,0.014896422624588013
9,1,retriever,dense_retrieve|sparse_retrieve|hybrid_retrieve|hybrid_rerank,hybrid_retrieve,-0.02,0,grader,0.026382,-0.253872,-0.081795,-0.634071,0.026382,-0.253872,-0.081795,-0.634071,0.513190858066082,10,0.4591025710105896,0.1829642653465271,,,,,,,,,,
9,2,grader,keep_all|loose_filter|medium_filter|strict_filter|rerank_only,rerank_only,-0.07,0,generator,0.452534,-0.853336,-0.121903,,0.452534,-0.853336,-0.121903,0.0,,,,,,,0.7262670695781708,0.7219995409250259,0.43904873728752136,,,,,
9,3,generator,generate_answer|generate_with_strict_citations|generate_short_answer,generate_short_answer,-0.07,0,verifier,0.631215,0.632059,0.149473,0.099129,0.631215,0.632059,0.149473,0.099129,,,,,,,,,,0.815607488155365,0.8160293698310852,288,0.5495645776391029,
9,4,verifier,verify_answer,verify_answer,0.9063,1,,-0.701442,,,,-0.701442,0.0,0.0,0.0,,,,,,,,,,,,,,0.14927884936332703
10,1,retriever,dense_retrieve|sparse_retrieve|hybrid_retrieve|hybrid_rerank,hybrid_retrieve,-0.02,0,grader,0.055125,0.238103,-0.367219,-0.725031,0.055125,0.238103,-0.367219,-0.725031,0.527562690898776,14,0.3163904696702957,0.13748425245285034,,,,,,,,,,
10,2,grader,keep_all|loose_filter|medium_filter|strict_filter|rerank_only,rerank_only,-0.07,0,generator,0.581706,-0.456308,-0.282423,,0.581706,-0.456308,-0.282423,0.0,,,,,,,0.7908530235290527,0.7815537676215172,0.35878829658031464,,,,,
10,3,generator,generate_answer|generate_with_strict_citations|generate_short_answer,generate_short_answer,-0.07,0,verifier,0.7538,0.623301,-0.182269,-0.160904,0.7538,0.623301,-0.182269,-0.160904,,,,,,,,,,0.8768998980522156,0.8116504549980164,213,0.419547863304615,
10,4,verifier,verify_answer,verify_answer,0.5695,1,,-0.646231,,,,-0.646231,0.0,0.0,0.0,,,,,,,,,,,,,,0.1768844723701477
11,1,retriever,dense_retrieve|sparse_retrieve|hybrid_retrieve|hybrid_rerank,hybrid_rerank,-0.02,0,grader,0.123743,-0.47073,0.06192,-0.718446,0.123743,-0.47073,0.06192,-0.718446,0.5618714019656181,8,0.5309598371386528,0.14077705144882202,,,,,,,,,,
11,2,grader,keep_all|loose_filter|medium_filter|strict_filter|rerank_only,rerank_only,-0.07,0,generator,0.675896,-0.427028,-0.341727,,0.675896,-0.427028,-0.341727,0.0,,,,,,,0.8379477858543396,0.7859457463026046,0.32913638651371,,,,,
11,3,generator,generate_answer|generate_with_strict_citations|generate_short_answer,generate_short_answer,-0.07,0,verifier,0.627555,0.685639,-0.119195,-0.381433,0.627555,0.685639,-0.119195,-0.381433,,,,,,,,,,0.8137775659561157,0.842819482088089,194,0.3092832863330841,
11,4,verifier,verify_answer,verify_answer,0.815,1,,-0.776364,,,,-0.776364,0.0,0.0,0.0,,,,,,,,,,,,,,0.11181804537773132
12,1,retriever,dense_retrieve|sparse_retrieve|hybrid_retrieve|hybrid_rerank,hybrid_retrieve,-0.02,0,grader,-0.166094,0.413074,-0.079027,-0.506207,-0.166094,0.413074,-0.079027,-0.506207,0.416952945291996,15,0.4604865275323391,0.24689629673957825,,,,,,,,,,
12,2,grader,keep_all|loose_filter|medium_filter|strict_filter|rerank_only,rerank_only,-0.07,0,generator,0.465585,-0.868163,0.009219,,0.465585,-0.868163,0.009219,0.0,,,,,,,0.7327924221754074,0.7197755336761474,0.5046096625737846,,,,,
12,3,generator,generate_answer|generate_with_strict_citations|generate_short_answer,generate_short_answer,-0.07,0,verifier,0.382559,0.557972,0.219231,-0.081497,0.382559,0.557972,0.219231,-0.081497,,,,,,,,,,0.6912796944379807,0.778985857963562,272,0.45925165712833405,
12,4,verifier,verify_answer,verify_answer,0.6714,1,,-0.561036,,,,-0.561036,0.0,0.0,0.0,,,,,,,,,,,,,,0.2194819152355194
13,1,retriever,dense_retrieve|sparse_retrieve|hybrid_retrieve|hybrid_rerank,hybrid_retrieve,-0.02,0,grader,0.031151,-0.208086,-0.332273,-0.711638,0.031151,-0.208086,-0.332273,-0.711638,0.5155755067244172,10,0.33386361598968506,0.14418119192123413,,,,,,,,,,
13,2,grader,keep_all|loose_filter|medium_filter|strict_filter|rerank_only,rerank_only,-0.07,0,generator,0.733522,-0.733232,-0.117093,,0.733522,-0.733232,-0.117093,0.0,,,,,,,0.8667607605457306,0.7400151342153549,0.4414534457027912,,,,,
13,3,generator,generate_answer|generate_with_strict_citations|generate_short_answer,generate_short_answer,-0.07,0,verifier,0.767651,0.488892,-0.000646,-0.163655,0.767651,0.488892,-0.000646,-0.163655,,,,,,,,,,0.8838253319263458,0.7444459795951843,234,0.4181726723909378,
13,4,verifier,verify_answer,verify_answer,0.7815,1,,-0.838324,,,,-0.838324,0.0,0.0,0.0,,,,,,,,,,,,,,0.08083811402320862
14,1,retriever,dense_retrieve|sparse_retrieve|hybrid_retrieve|hybrid_rerank,dense_retrieve,-0.02,0,grader,0.383612,0.248535,-0.292508,-0.561356,0.383612,0.248535,-0.292508,-0.561356,0.6918061971664429,14,0.35374578833580017,0.2193218469619751,,,,,,,,,,
14,2,grader,keep_all|loose_filter|medium_filter|strict_filter|rerank_only,rerank_only,-0.07,0,generator,0.449546,-0.691212,-0.037078,,0.449546,-0.691212,-0.037078,0.0,,,,,,,0.7247728854417801,0.7463181287050247,0.481460802257061,,,,,
14,3,generator,generate_answer|generate_with_strict_citations|generate_short_answer,generate_with_strict_citations,-0.07,0,verifier,0.636167,0.786869,0.074942,-0.11676,0.636167,0.786869,0.074942,-0.11676,,,,,,,,,,0.818083643913269,0.8934344053268433,249,0.44162021204829216,
14,4,verifier,verify_answer,verify_answer,0.7173,1,,-0.489947,,,,-0.489947,0.0,0.0,0.0,,,,,,,,,,,,,,0.255026251077652
15,1,retriever,dense_retrieve|sparse_retrieve|hybrid_retrieve|hybrid_rerank,hybrid_retrieve,-0.02,0,grader,-0.120171,-0.377459,-0.26781,-0.693948,-0.120171,-0.377459,-0.26781,-0.693948,0.43991444632411003,9,0.36609484255313873,0.15302586555480957,,,,,,,,,,
15,2,grader,keep_all|loose_filter|medium_filter|strict_filter|rerank_only,rerank_only,-0.07,0,generator,0.638385,-0.725951,-0.032141,,0.638385,-0.725951,-0.032141,0.0,,,,,,,0.8191924095153809,0.7411074191331863,0.4839297365397215,,,,,
15,3,generator,generate_answer|generate_with_strict_citations|generate_short_answer,generate_short_answer,-0.07,0,verifier,0.766236,0.64138,0.363924,-0.059171,0.766236,0.64138,0.363924,-0.059171,,,,,,,,,,0.8831180036067963,0.820690244436264,293,0.470414562150836,
15,4,verifier,verify_answer,verify_answer,0.6082,1,,-0.331256,,,,-0.331256,0.0,0.0,0.0,,,,,,,,,,,,,,0.33437204360961914
16,1,retriever,dense_retrieve|sparse_retrieve|hybrid_retrieve|hybrid_rerank,hybrid_retrieve,-0.02,0,grader,0.098938,-0.462896,-0.309133,-0.435797,0.098938,-0.462896,-0.309133,-0.435797,0.5494690574705601,9,0.3454333245754242,0.2821013182401657,,,,,,,,,,
16,2,grader,keep_all|loose_filter|medium_filter|strict_filter|rerank_only,rerank_only,-0.07,0,generator,0.631357,-0.652645,-0.065464,,0.631357,-0.652645,-0.065464,0.0,,,,,,,0.8156785368919373,0.7521033138036728,0.4672677665948868,,,,,
16,3,generator,generate_answer|generate_with_strict_citations|generate_short_answer,generate_short_answer,-0.07,0,verifier,0.740815,0.471888,-0.253745,-0.250881,0.740815,0.471888,-0.253745,-0.250881,,,,,,,,,,0.8704075217247009,0.7359441518783569,195,0.3745596408843994,
16,4,verifier,verify_answer,verify_answer,0.8512,1,,-0.627038,,,,-0.627038,0.0,0.0,0.0,,,,,,,,,,,,,,0.18648099899291992
17,1,retriever,dense_retrieve|sparse_retrieve|hybrid_retrieve|hybrid_rerank,hybrid_rerank,-0.02,0,grader,-0.014004,-0.849901,0.0974,-0.521997,-0.014004,-0.849901,0.0974,-0.521997,0.49299818789586425,6,0.548699751496315,0.2390015423297882,,,,,,,,,,
17,2,grader,keep_all|loose_filter|medium_filter|strict_filter|rerank_only,rerank_only,-0.07,0,generator,0.472426,-0.871101,-0.248194,,0.472426,-0.871101,-0.248194,0.0,,,,,,,0.7362132370471954,0.7193347930908203,0.3759029358625412,,,,,
17,3,generator,generate_answer|generate_with_strict_citations|generate_short_answer,generate_short_answer,-0.07,0,verifier,0.374515,-0.03938,0.014189,-0.429977,0.374515,-0.03938,0.014189,-0.429977,,,,,,,,,,0.6872574687004089,0.480310145765543,201,0.2850116342306137,
17,4,verifier,verify_answer,verify_answer,0.8152,1,,-0.802781,,,,-0.802781,0.0,0.0,0.0,,,,,,,,,,,,,,0.09860941767692566
18,1,retriever,dense_retrieve|sparse_retrieve|hybrid_retrieve|hybrid_rerank,hybrid_rerank,-0.02,0,grader,-0.484396,-0.844511,0.448419,-0.699562,-0.484396,-0.844511,0.448419,-0.699562,0.25780175626277924,6,0.724209651350975,0.15021905303001404,,,,,,,,,,
18,2,grader,keep_all|loose_filter|medium_filter|strict_filter|rerank_only,rerank_only,-0.07,0,generator,0.306444,-0.394716,-0.54371,,0.306444,-0.394716,-0.54371,0.0,,,,,,,0.6532221883535385,0.7907926186919212,0.22814512252807617,,,,,
18,3,generator,generate_answer|generate_with_strict_citations|generate_short_answer,generate_short_answer,-0.07,0,verifier,0.274403,-0.444242,0.176101,-0.619428,0.274403,-0.444242,0.176101,-0.619428,,,,,,,,,,0.637201726436615,0.2778787910938263,191,0.19028624892234802,
18,4,verifier,verify_answer,verify_answer,0.7203,1,,-0.874356,,,,-0.874356,0.0,0.0,0.0,,,,,,,,,,,,,,0.06282183527946472
19,1,retriever,dense_retrieve|sparse_retrieve|hybrid_retrieve|hybrid_rerank,hybrid_rerank,-0.02,0,grader,-0.861272,-0.959386,0.54241,-0.791931,-0.861272,-0.959386,0.54241,-0.791931,0.06936413049697876,5,0.7712050974369049,0.10403430461883545,,,,,,,,,,
19,2,grader,keep_all|loose_filter|medium_filter|strict_filter|rerank_only,rerank_only,-0.07,0,generator,-0.081201,-1.0,-0.36778,,-0.081201,-1.0,-0.36778,0.0,,,,,,,0.4593994617462158,0.7,0.316109836101532,,,,,
19,3,generator,generate_answer|generate_with_strict_citations|generate_short_answer,generate_short_answer,-0.07,0,verifier,-0.571372,-0.906228,0.766766,-0.762414,-0.571372,-0.906228,0.766766,-0.762414,,,,,,,,,,0.21431386470794678,0.04688587784767151,219,0.11879277229309082,
19,4,verifier,verify_answer,verify_answer,0.7403,1,,-1.0,,,,-1.0,0.0,0.0,0.0,,,,,,,,,,,,,,0.0
20,1,retriever,dense_retrieve|sparse_retrieve|hybrid_retrieve|hybrid_rerank,hybrid_rerank,-0.02,0,grader,-0.938264,-0.842777,0.502993,-0.847616,-0.938264,-0.842777,0.502993,-0.847616,0.030867844820022583,6,0.7514964938163757,0.07619175314903259,,,,,,,,,,
20,2,grader,keep_all|loose_filter|medium_filter|strict_filter|rerank_only,rerank_only,-0.07,0,generator,-0.705619,-1.0,-0.37382,,-0.705619,-1.0,-0.37382,0.0,,,,,,,0.14719030261039734,0.7,0.31309017539024353,,,,,
20,3,generator,generate_answer|generate_with_strict_citations|generate_short_answer,generate_short_answer,-0.07,0,verifier,-0.446283,-1.0,0.675362,-0.829825,-0.446283,-1.0,0.675362,-0.829825,,,,,,,,,,0.27685846388339996,0.0,200,0.08508738875389099,
20,4,verifier,verify_answer,verify_answer,0.655,1,,-0.869236,,,,-0.869236,0.0,0.0,0.0,,,,,,,,,,,,,,0.06538188457489014
21,1,retriever,dense_retrieve|sparse_retrieve|hybrid_retrieve|hybrid_rerank,hybrid_rerank,-0.02,0,grader,-1.0,-0.988652,0.831467,-0.778991,-1.0,-0.988652,0.831467,-0.778991,0.0,5,0.9157333076000214,0.1105046272277832,,,,,,,,,,
21,2,grader,keep_all|loose_filter|medium_filter|strict_filter|rerank_only,rerank_only,-0.07,0,generator,-1.0,-1.0,-0.71357,,-1.0,-1.0,-0.71357,0.0,,,,,,,0.0,0.7,0.14321482181549072,,,,,
21,3,generator,generate_answer|generate_with_strict_citations|generate_short_answer,generate_short_answer,-0.07,0,verifier,-0.807845,-0.67274,0.974535,-1.0,-0.807845,-0.67274,0.974535,-1.0,,,,,,,,,,0.09607729315757751,0.1636301577091217,190,0.0,
21,4,verifier,verify_answer,verify_answer,0.7656,1,,-0.860673,,,,-0.860673,0.0,0.0,0.0,,,,,,,,,,,,,,0.06966328620910645
22,1,retriever,dense_retrieve|sparse_retrieve|hybrid_retrieve|hybrid_rerank,hybrid_rerank,-0.02,0,grader,-0.455554,-0.829134,0.321886,-0.988975,-0.455554,-0.829134,0.321886,-0.988975,0.27222320437431335,6,0.6609429866075516,0.005512416362762451,,,,,,,,,,
22,2,grader,keep_all|loose_filter|medium_filter|strict_filter|rerank_only,rerank_only,-0.07,0,generator,-0.696867,-1.0,-0.731729,,-0.696867,-1.0,-0.731729,0.0,,,,,,,0.15156656503677368,0.7,0.1341356337070465,,,,,
22,3,generator,generate_answer|generate_with_strict_citations|generate_short_answer,generate_short_answer,-0.07,0,verifier,-0.584837,-1.0,0.90184,-1.0,-0.584837,-1.0,0.90184,-1.0,,,,,,,,,,0.20758160948753357,0.0,185,0.0,
22,4,verifier,verify_answer,verify_answer,0.7824,1,,-1.0,,,,-1.0,0.0,0.0,0.0,,,,,,,,,,,,,,0.0
23,1,retriever,dense_retrieve|sparse_retrieve|hybrid_retrieve|hybrid_rerank,hybrid_rerank,-0.02,0,grader,-0.71175,-1.0,0.802952,-1.0,-0.71175,-1.0,0.802952,-1.0,0.14412501454353333,5,0.9014759361743927,0.0,,,,,,,,,,
23,2,grader,keep_all|loose_filter|medium_filter|strict_filter|rerank_only,rerank_only,-0.07,0,generator,-0.978386,-0.97454,-0.487077,,-0.978386,-0.97454,-0.487077,0.0,,,,,,,0.010807126760482788,0.7038189381361007,0.2564614713191986,,,,,
23,3,generator,generate_answer|generate_with_strict_citations|generate_short_answer,generate_short_answer,-0.07,0,verifier,-0.91539,-0.801606,0.956058,-0.922651,-0.91539,-0.801606,0.956058,-0.922651,,,,,,,,,,0.04230499267578125,0.09919676184654236,203,0.03867429494857788,
23,4,verifier,verify_answer,verify_answer,0.8014,1,,-0.929423,,,,-0.929423,0.0,0.0,0.0,,,,,,,,,,,,,,0.03528830409049988
24,1,retriever,dense_retrieve|sparse_retrieve|hybrid_retrieve|hybrid_rerank,hybrid_rerank,-0.02,0,grader,-0.344669,-1.0,0.595573,-0.991636,-0.344669,-1.0,0.595573,-0.991636,0.32766540348529816,5,0.7977864146232605,0.0041818320751190186,,,,,,,,,,
24,2,grader,keep_all|loose_filter|medium_filter|strict_filter|rerank_only,rerank_only,-0.07,0,generator,-0.893596,-0.89485,-0.404634,,-0.893596,-0.89485,-0.404634,0.0,,,,,,,0.053202152252197266,0.7157725602388382,0.29768291115760803,,,,,
24,3,generator,generate_answer|generate_with_strict_citations|generate_short_answer,generate_short_answer,-0.07,0,verifier,-0.795655,-0.662716,0.678785,-0.765982,-0.795655,-0.662716,0.678785,-0.765982,,,,,,,,,,0.10217273235321045,0.1686421036720276,211,0.11700907349586487,
24,4,verifier,verify_answer,verify_answer,0.7915,1,,-0.910487,,,,-0.910487,0.0,0.0,0.0,,,,,,,,,,,,,,0.044756293296813965
25,1,retriever,dense_retrieve|sparse_retrieve|hybrid_retrieve|hybrid_rerank,hybrid_rerank,-0.02,0,grader,-0.541925,-1.0,0.869517,-1.0,-0.541925,-1.0,0.869517,-1.0,0.22903746366500854,5,0.9347583949565887,0.0,,,,,,,,,,
25,2,grader,keep_all|loose_filter|medium_filter|strict_filter|rerank_only,rerank_only,-0.07,0,generator,-1.0,-0.867319,0.072906,,-1.0,-0.867319,0.072906,0.0,,,,,,,0.0,0.7199020892381668,0.5364528559148312,,,,,
25,3,generator,generate_answer|generate_with_strict_citations|generate_short_answer,generate_short_answer,-0.07,0,verifier,-0.667813,-0.845248,1.0,-0.588671,-0.667813,-0.845248,1.0,-0.588671,,,,,,,,,,0.16609326004981995,0.07737618684768677,270,0.20566433668136597,
25,4,verifier,verify_answer,verify_answer,0.7844,1,,-0.904611,,,,-0.904611,0.0,0.0,0.0,,,,,,,,,,,,,,0.047694653272628784
26,1,retriever,dense_retrieve|sparse_retrieve|hybrid_retrieve|hybrid_rerank,hybrid_rerank,-0.02,0,grader,-0.440274,-1.0,1.0,-0.833529,-0.440274,-1.0,1.0,-0.833529,0.27986282110214233,5,1.0,0.08323553204536438,,,,,,,,,,
26,2,grader,keep_all|loose_filter|medium_filter|strict_filter|rerank_only,medium_filter,-0.07,0,generator,-0.937176,-0.976783,0.607064,,-0.937176,-0.976783,0.607064,0.0,,,,,,,0.031411975622177124,0.703482499718666,0.8035317659378052,,,,,
26,3,generator,generate_answer|generate_with_strict_citations|generate_short_answer,generate_short_answer,-0.07,0,verifier,-0.650127,-0.898151,0.96041,-0.676413,-0.650127,-0.898151,0.96041,-0.676413,,,,,,,,,,0.17493650317192078,0.050924479961395264,250,0.16179326176643372,
26,4,verifier,verify_answer,verify_answer,0.7263,1,,-0.834055,,,,-0.834055,0.0,0.0,0.0,,,,,,,,,,,,,,0.08297267556190491
27,1,retriever,dense_retrieve|sparse_retrieve|hybrid_retrieve|hybrid_rerank,hybrid_rerank,-0.02,0,grader,0.064765,-0.870632,1.0,-0.906022,0.064765,-0.870632,1.0,-0.906022,0.5323822610080242,5,1.0,0.04698875546455383,,,,,,,,,,
27,2,grader,keep_all|loose_filter|medium_filter|strict_filter|rerank_only,medium_filter,-0.07,0,generator,-0.823513,-1.0,0.680237,,-0.823513,-1.0,0.680237,0.0,,,,,,,0.0882432758808136,0.7,0.8401183187961578,,,,,
27,3,generator,generate_answer|generate_with_strict_citations|generate_short_answer,generate_short_answer,-0.07,0,verifier,-0.357893,-0.970869,1.0,-0.559819,-0.357893,-0.970869,1.0,-0.559819,,,,,,,,,,0.3210536241531372,0.014565616846084595,276,0.22009041905403137,
27,4,verifier,verify_answer,verify_answer,0.6208,1,,-0.685102,,,,-0.685102,0.0,0.0,0.0,,,,,,,,,,,,,,0.15744906663894653
28,1,retriever,dense_retrieve|sparse_retrieve|hybrid_retrieve|hybrid_rerank,hybrid_rerank,-0.02,0,grader,-0.275277,-1.0,1.0,-0.787839,-0.275277,-1.0,1.0,-0.787839,0.3623613864183426,5,1.0,0.10608038306236267,,,,,,,,,,
28,2,grader,keep_all|loose_filter|medium_filter|strict_filter|rerank_only,strict_filter,-0.07,0,generator,-0.815983,-0.899238,0.804508,,-0.815983,-0.899238,0.804508,0.0,,,,,,,0.09200835227966309,0.7151143640279769,0.9022540152072906,,,,,
28,3,generator,generate_answer|generate_with_strict_citations|generate_short_answer,generate_short_answer,-0.07,0,verifier,-0.289189,-0.978106,0.8853,0.005176,-0.289189,-0.978106,0.8853,0.005176,,,,,,,,,,0.355405330657959,0.010947197675704956,369,0.5025881724432111,
28,4,verifier,verify_answer,verify_answer,0.6127,1,,-1.0,,,,-1.0,0.0,0.0,0.0,,,,,,,,,,,,,,0.0
29,1,retriever,dense_retrieve|sparse_retrieve|hybrid_retrieve|hybrid_rerank,hybrid_rerank,-0.02,0,grader,-0.294262,-1.0,1.0,-0.967709,-0.294262,-1.0,1.0,-0.967709,0.3528692126274109,5,1.0,0.01614558696746826,,,,,,,,,,
29,2,grader,keep_all|loose_filter|medium_filter|strict_filter|rerank_only,strict_filter,-0.07,0,generator,-1.0,-0.956657,0.90647,,-1.0,-0.956657,0.90647,0.0,,,,,,,0.0,0.7065014511346817,0.9532351195812225,,,,,
29,3,generator,generate_answer|generate_with_strict_citations|generate_short_answer,generate_short_answer,-0.07,0,verifier,-0.03114,-1.0,1.0,-0.04611,-0.03114,-1.0,1.0,-0.04611,,,,,,,,,,0.4844297943636775,0.0,375,0.47694495879113674,
29,4,verifier,verify_answer,verify_answer,0.8175,1,,-1.0,,,,-1.0,0.0,0.0,0.0,,,,,,,,,,,,,,0.0
30,1,retriever,dense_retrieve|sparse_retrieve|hybrid_retrieve|hybrid_rerank,hybrid_rerank,-0.02,0,grader,0.084096,-1.0,0.795339,-0.606133,0.084096,-1.0,0.795339,-0.606133,0.5420482121407986,5,0.8976692855358124,0.19693371653556824,,,,,,,,,,
30,2,grader,keep_all|loose_filter|medium_filter|strict_filter|rerank_only,medium_filter,-0.07,0,generator,-0.646443,-1.0,0.610467,,-0.646443,-1.0,0.610467,0.0,,,,,,,0.17677834630012512,0.7,0.805233508348465,,,,,
30,3,generator,generate_answer|generate_with_strict_citations|generate_short_answer,generate_answer,-0.07,0,verifier,0.206163,-0.997037,0.933308,0.558738,0.206163,-0.997037,0.933308,0.558738,,,,,,,,,,0.6030814424157143,0.0014816224575042725,384,0.7793692052364349,
30,4,verifier,verify_answer,verify_answer,0.694,1,,-1.0,,,,-1.0,0.0,0.0,0.0,,,,,,,,,,,,,,0.0
31,1,retriever,dense_retrieve|sparse_retrieve|hybrid_retrieve|hybrid_rerank,hybrid_rerank,-0.02,0,grader,0.132335,-0.764331,0.736605,-0.721449,0.132335,-0.764331,0.736605,-0.721449,0.5661673247814178,6,0.8683023750782013,0.13927555084228516,,,,,,,,,,
31,2,grader,keep_all|loose_filter|medium_filter|strict_filter|rerank_only,medium_filter,-0.07,0,generator,-0.549751,-1.0,0.655284,,-0.549751,-1.0,0.655284,0.0,,,,,,,0.22512444853782654,0.7,0.8276417553424835,,,,,
31,3,generator,generate_answer|generate_with_strict_citations|generate_short_answer,generate_answer,-0.07,0,verifier,0.470884,-0.980543,0.855674,0.725136,0.470884,-0.980543,0.855674,0.725136,,,,,,,,,,0.7354422062635422,0.009728401899337769,384,0.8625682294368744,
31,4,verifier,verify_answer,verify_answer,0.6874,1,,-0.924054,,,,-0.924054,0.0,0.0,0.0,,,,,,,,,,,,,,0.03797313570976257
32,1,retriever,dense_retrieve|sparse_retrieve|hybrid_retrieve|hybrid_rerank,hybrid_rerank,-0.02,0,grader,0.488368,-0.850443,0.760585,-0.779729,0.488368,-0.850443,0.760585,-0.779729,0.7441841959953308,6,0.8802923262119293,0.11013561487197876,,,,,,,,,,
32,2,grader,keep_all|loose_filter|medium_filter|strict_filter|rerank_only,medium_filter,-0.07,0,generator,-0.353928,-0.969776,0.652663,,-0.353928,-0.969776,0.652663,0.0,,,,,,,0.32303620874881744,0.7045335680246353,0.8263314962387085,,,,,
32,3,generator,generate_answer|generate_with_strict_citations|generate_short_answer,generate_answer,-0.07,0,verifier,0.378868,-1.0,0.874541,0.542435,0.378868,-1.0,0.874541,0.542435,,,,,,,,,,0.6894341707229614,0.0,384,0.771217554807663,
32,4,verifier,verify_answer,verify_answer,0.8011,1,,-1.0,,,,-1.0,0.0,0.0,0.0,,,,,,,,,,,,,,0.0
33,1,retriever,dense_retrieve|sparse_retrieve|hybrid_retrieve|hybrid_rerank,hybrid_rerank,-0.02,0,grader,-0.235732,-0.971756,0.793897,-0.214724,-0.235732,-0.971756,0.793897,-0.214724,0.3821338638663292,5,0.8969483375549316,0.3926377594470978,,,,,,,,,,
33,2,grader,keep_all|loose_filter|medium_filter|strict_filter|rerank_only,loose_filter,-0.07,0,generator,0.021019,-1.0,0.502932,,0.021019,-1.0,0.502932,0.0,,,,,,,0.5105093540623784,0.7,0.7514658272266388,,,,,
33,3,generator,generate_answer|generate_with_strict_citations|generate_short_answer,generate_answer,-0.07,0,verifier,0.399415,-1.0,1.0,1.0,0.399415,-1.0,1.0,1.0,,,,,,,,,,0.6997075378894806,0.0,384,1.0,
33,4,verifier,verify_answer,verify_answer,0.6909,1,,-1.0,,,,-1.0,0.0,0.0,0.0,,,,,,,,,,,,,,0.0
34,1,retriever,dense_retrieve|sparse_retrieve|hybrid_retrieve|hybrid_rerank,hybrid_rerank,-0.02,0,grader,-0.420322,-0.791027,0.718187,-0.024108,-0.420322,-0.791027,0.718187,-0.024108,0.28983910381793976,6,0.8590933978557587,0.48794593662023544,,,,,,,,,,
34,2,grader,keep_all|loose_filter|medium_filter|strict_filter|rerank_only,loose_filter,-0.07,0,generator,0.017482,-1.0,0.534713,,0.017482,-1.0,0.534713,0.0,,,,,,,0.5087410481646657,0.7,0.7673564255237579,,,,,
34,3,generator,generate_answer|generate_with_strict_citations|generate_short_answer,generate_answer,-0.07,0,verifier,0.206956,-1.0,1.0,0.776528,0.206956,-1.0,1.0,0.776528,,,,,,,,,,0.6034781262278557,0.0,384,0.888264000415802,
34,4,verifier,verify_answer,verify_answer,0.711,1,,-1.0,,,,-1.0,0.0,0.0,0.0,,,,,,,,,,,,,,0.0
35,1,retriever,dense_retrieve|sparse_retrieve|hybrid_retrieve|hybrid_rerank,hybrid_rerank,-0.02,0,grader,-0.413959,-0.913168,1.0,-0.325021,-0.413959,-0.913168,1.0,-0.325021,0.2930205166339874,5,1.0,0.33748966455459595,,,,,,,,,,
35,2,grader,keep_all|loose_filter|medium_filter|strict_filter|rerank_only,strict_filter,-0.07,0,generator,0.189645,-0.805685,0.918162,,0.189645,-0.805685,0.918162,0.0,,,,,,,0.5948226526379585,0.7291472256183624,0.9590810537338257,,,,,
35,3,generator,generate_answer|generate_with_strict_citations|generate_short_answer,generate_answer,-0.07,0,verifier,-0.25199,-0.762918,0.982297,1.0,-0.25199,-0.762918,0.982297,1.0,,,,,,,,,,0.374004989862442,0.11854121088981628,384,1.0,
35,4,verifier,verify_answer,verify_answer,0.4241,1,,-0.98863,,,,-0.98863,0.0,0.0,0.0,,,,,,,,,,,,,,0.0056851208209991455
36,1,retriever,dense_retrieve|sparse_retrieve|hybrid_retrieve|hybrid_rerank,hybrid_rerank,-0.02,0,grader,-0.231905,-0.727642,0.89196,0.253981,-0.231905,-0.727642,0.89196,0.253981,0.38404732942581177,7,0.9459802210330963,0.6269907206296921,,,,,,,,,,
36,2,grader,keep_all|loose_filter|medium_filter|strict_filter|rerank_only,medium_filter,-0.07,0,generator,0.714535,-0.792518,0.657228,,0.714535,-0.792518,0.657228,0.0,,,,,,,0.857267290353775,0.7311222612857818,0.8286141157150269,,,,,
36,3,generator,generate_answer|generate_with_strict_citations|generate_short_answer,generate_answer,-0.07,0,verifier,-0.270026,-0.836731,0.698567,0.788753,-0.270026,-0.836731,0.698567,0.788753,,,,,,,,,,0.3649867922067642,0.08163437247276306,384,0.894376277923584,
36,4,verifier,verify_answer,verify_answer,0.732,1,,-1.0,,,,-1.0,0.0,0.0,0.0,,,,,,,,,,,,,,0.0
37,1,retriever,dense_retrieve|sparse_retrieve|hybrid_retrieve|hybrid_rerank,hybrid_rerank,-0.02,0,grader,-0.507804,-0.880859,1.0,0.401855,-0.507804,-0.880859,1.0,0.401855,0.24609822034835815,5,1.0,0.7009274810552597,,,,,,,,,,
37,2,grader,keep_all|loose_filter|medium_filter|strict_filter|rerank_only,loose_filter,-0.07,0,generator,0.958979,-1.0,0.508892,,0.958979,-1.0,0.508892,0.0,,,,,,,0.9794893860816956,0.7,0.7544458508491516,,,,,
37,3,generator,generate_answer|generate_with_strict_citations|generate_short_answer,generate_answer,-0.07,0,verifier,-0.527804,-0.938535,0.946228,0.66547,-0.527804,-0.938535,0.946228,0.66547,,,,,,,,,,0.23609811067581177,0.030732661485671997,384,0.8327350318431854,
37,4,verifier,verify_answer,verify_answer,0.4963,1,,-1.0,,,,-1.0,0.0,0.0,0.0,,,,,,,,,,,,,,0.0
38,1,retriever,dense_retrieve|sparse_retrieve|hybrid_retrieve|hybrid_rerank,hybrid_rerank,-0.02,0,grader,-0.573878,-0.886061,0.951237,0.357969,-0.573878,-0.886061,0.951237,0.357969,0.21306124329566956,5,0.9756185412406921,0.678984522819519,,,,,,,,,,
38,2,grader,keep_all|loose_filter|medium_filter|strict_filter|rerank_only,medium_filter,-0.07,0,generator,0.683296,-1.0,0.696813,,0.683296,-1.0,0.696813,0.0,,,,,,,0.8416480422019958,0.7,0.8484067022800446,,,,,
38,3,generator,generate_answer|generate_with_strict_citations|generate_short_answer,generate_answer,-0.07,0,verifier,-0.530403,-1.0,1.0,0.898726,-0.530403,-1.0,1.0,0.898726,,,,,,,,,,0.23479849100112915,0.0,384,0.9493628144264221,
38,4,verifier,verify_answer,verify_answer,0.1825,1,,-1.0,,,,-1.0,0.0,0.0,0.0,,,,,,,,,,,,,,0.0
39,1,retriever,dense_retrieve|sparse_retrieve|hybrid_retrieve|hybrid_rerank,hybrid_rerank,-0.02,0,grader,-0.228806,-1.0,0.239589,0.56118,-0.228806,-1.0,0.239589,0.56118,0.38559703528881073,5,0.6197943091392517,0.7805898189544678,,,,,,,,,,
39,2,grader,keep_all|loose_filter|medium_filter|strict_filter|rerank_only,rerank_only,-0.07,0,generator,1.0,-0.993363,-0.371431,,1.0,-0.993363,-0.371431,0.0,,,,,,,1.0,0.7009955912828445,0.3142842799425125,,,,,
39,3,generator,generate_answer|generate_with_strict_citations|generate_short_answer,generate_answer,-0.07,0,verifier,-0.741792,-1.0,0.911989,1.0,-0.741792,-1.0,0.911989,1.0,,,,,,,,,,0.12910422682762146,0.0,384,1.0,
39,4,verifier,verify_answer,verify_answer,0.7761,1,,-0.881912,,,,-0.881912,0.0,0.0,0.0,,,,,,,,,,,,,,0.0590440034866333
40,1,retriever,dense_retrieve|sparse_retrieve|hybrid_retrieve|hybrid_rerank,hybrid_rerank,-0.02,0,grader,-0.536074,-1.0,0.806137,0.014321,-0.536074,-1.0,0.806137,0.014321,0.23196300864219666,5,0.903068482875824,0.5071606249548495,,,,,,,,,,
40,2,grader,keep_all|loose_filter|medium_filter|strict_filter|rerank_only,strict_filter,-0.07,0,generator,0.541392,-0.793589,0.925673,,0.541392,-0.793589,0.925673,0.0,,,,,,,0.7706961333751678,0.7309616148471831,0.962836354970932,,,,,
40,3,generator,generate_answer|generate_with_strict_citations|generate_short_answer,generate_answer,-0.07,0,verifier,-0.88909,-0.909416,0.977454,1.0,-0.88909,-0.909416,0.977454,1.0,,,,,,,,,,0.05545499920845032,0.04529184103012085,384,1.0,
40,4,verifier,verify_answer,verify_answer,0.4661,1,,-0.830484,,,,-0.830484,0.0,0.0,0.0,,,,,,,,,,,,,,0.08475819230079651
41,1,retriever,dense_retrieve|sparse_retrieve|hybrid_retrieve|hybrid_rerank,hybrid_retrieve,-0.02,0,grader,-0.245454,-1.0,-0.348853,0.554655,-0.245454,-1.0,-0.348853,0.554655,0.3772727996110916,5,0.32557350397109985,0.7773272693157196,,,,,,,,,,
41,2,grader,keep_all|loose_filter|medium_filter|strict_filter|rerank_only,rerank_only,-0.07,0,generator,0.751007,-1.0,-0.272326,,0.751007,-1.0,-0.272326,0.0,,,,,,,0.8755034804344177,0.7,0.3638368546962738,,,,,
41,3,generator,generate_answer|generate_with_strict_citations|generate_short_answer,generate_answer,-0.07,0,verifier,-1.0,-0.743113,1.0,0.986654,-1.0,-0.743113,1.0,0.986654,,,,,,,,,,0.0,0.12844347953796387,384,0.9933270514011383,
41,4,verifier,verify_answer,verify_answer,0.7811,1,,-0.769767,,,,-0.769767,0.0,0.0,0.0,,,,,,,,,,,,,,0.11511674523353577
42,1,retriever,dense_retrieve|sparse_retrieve|hybrid_retrieve|hybrid_rerank,hybrid_rerank,-0.02,0,grader,-0.332057,-1.0,1.0,-0.036125,-0.332057,-1.0,1.0,-0.036125,0.3339713215827942,5,1.0,0.481937438249588,,,,,,,,,,
42,2,grader,keep_all|loose_filter|medium_filter|strict_filter|rerank_only,loose_filter,-0.07,0,generator,0.601353,-1.0,0.559436,,0.601353,-1.0,0.559436,0.0,,,,,,,0.8006767332553864,0.7,0.7797181904315948,,,,,
42,3,generator,generate_answer|generate_with_strict_citations|generate_short_answer,generate_answer,-0.07,0,verifier,-1.0,-0.857184,1.0,0.779225,-1.0,-0.857184,1.0,0.779225,,,,,,,,,,0.0,0.07140803337097168,384,0.8896126449108124,
42,4,verifier,verify_answer,verify_answer,0.8315,1,,-0.913356,,,,-0.913356,0.0,0.0,0.0,,,,,,,,,,,,,,0.0433218777179718
43,1,retriever,dense_retrieve|sparse_retrieve|hybrid_retrieve|hybrid_rerank,hybrid_rerank,-0.02,0,grader,-0.385115,-1.0,0.739215,-0.541428,-0.385115,-1.0,0.739215,-0.541428,0.3074425607919693,5,0.8696077466011047,0.2292858064174652,,,,,,,,,,
43,2,grader,keep_all|loose_filter|medium_filter|strict_filter|rerank_only,medium_filter,-0.07,0,generator,0.750953,-1.0,0.785771,,0.750953,-1.0,0.785771,0.0,,,,,,,0.8754764199256897,0.7,0.8928856551647186,,,,,
43,3,generator,generate_answer|generate_with_strict_citations|generate_short_answer,generate_answer,-0.07,0,verifier,-0.937207,-1.0,0.762003,0.903277,-0.937207,-1.0,0.762003,0.903277,,,,,,,,,,0.03139641880989075,0.0,384,0.9516385197639465,
43,4,verifier,verify_answer,verify_answer,0.8161,1,,-0.883971,,,,-0.883971,0.0,0.0,0.0,,,,,,,,,,,,,,0.05801427364349365
44,1,retriever,dense_retrieve|sparse_retrieve|hybrid_retrieve|hybrid_rerank,hybrid_rerank,-0.02,0,grader,-0.262955,-1.0,0.58081,-0.009118,-0.262955,-1.0,0.58081,-0.009118,0.36852240562438965,5,0.7904049158096313,0.49544121650978923,,,,,,,,,,
44,2,grader,keep_all|loose_filter|medium_filter|strict_filter|rerank_only,loose_filter,-0.07,0,generator,0.555118,-0.917687,0.465482,,0.555118,-0.917687,0.465482,0.0,,,,,,,0.7775590717792511,0.7123469680547714,0.732741042971611,,,,,
44,3,generator,generate_answer|generate_with_strict_citations|generate_short_answer,generate_answer,-0.07,0,verifier,-0.857833,-1.0,0.615647,0.746555,-0.857833,-1.0,0.615647,0.746555,,,,,,,,,,0.07108369469642639,0.0,384,0.8732772767543793,
44,4,verifier,verify_answer,verify_answer,0.6232,1,,-0.983462,,,,-0.983462,0.0,0.0,0.0,,,,,,,,,,,,,,0.008268982172012329
45,1,retriever,dense_retrieve|sparse_retrieve|hybrid_retrieve|hybrid_rerank,hybrid_rerank,-0.02,0,grader,-0.155657,-1.0,0.925633,-1.0,-0.155657,-1.0,0.925633,-1.0,0.422171488404274,5,0.9628167152404785,0.0,,,,,,,,,,
45,2,grader,keep_all|loose_filter|medium_filter|strict_filter|rerank_only,medium_filter,-0.07,0,generator,0.668628,-1.0,0.781714,,0.668628,-1.0,0.781714,0.0,,,,,,,0.8343141376972198,0.7,0.8908572196960449,,,,,
45,3,generator,generate_answer|generate_with_strict_citations|generate_short_answer,generate_answer,-0.07,0,verifier,-0.941349,-1.0,0.795409,1.0,-0.941349,-1.0,0.795409,1.0,,,,,,,,,,0.02932530641555786,0.0,384,1.0,
45,4,verifier,verify_answer,verify_answer,0.6713,1,,-1.0,,,,-1.0,0.0,0.0,0.0,,,,,,,,,,,,,,0.0
46,1,retriever,dense_retrieve|sparse_retrieve|hybrid_retrieve|hybrid_rerank,hybrid_rerank,-0.02,0,grader,0.217066,-1.0,0.421091,-0.282994,0.217066,-1.0,0.421091,-0.282994,0.6085331290960312,5,0.710545614361763,0.3585030287504196,,,,,,,,,,
46,2,grader,keep_all|loose_filter|medium_filter|strict_filter|rerank_only,medium_filter,-0.07,0,generator,0.450777,-1.0,0.729201,,0.450777,-1.0,0.729201,0.0,,,,,,,0.7253884673118591,0.7,0.8646004796028137,,,,,
46,3,generator,generate_answer|generate_with_strict_citations|generate_short_answer,generate_answer,-0.07,0,verifier,-0.982973,-0.941439,0.741775,1.0,-0.982973,-0.941439,0.741775,1.0,,,,,,,,,,0.00851362943649292,0.02928045392036438,384,1.0,
46,4,verifier,verify_answer,verify_answer,0.7254,1,,-0.96555,,,,-0.96555,0.0,0.0,0.0,,,,,,,,,,,,,,0.017225056886672974
47,1,retriever,dense_retrieve|sparse_retrieve|hybrid_retrieve|hybrid_rerank,hybrid_rerank,-0.02,0,grader,0.178798,-0.941757,0.600278,-0.727582,0.178798,-0.941757,0.600278,-0.727582,0.5893991887569427,5,0.800138920545578,0.13620880246162415,,,,,,,,,,
47,2,grader,keep_all|loose_filter|medium_filter|strict_filter|rerank_only,strict_filter,-0.07,0,generator,0.721443,-1.0,0.930404,,0.721443,-1.0,0.930404,0.0,,,,,,,0.8607212603092194,0.7,0.9652022421360016,,,,,
47,3,generator,generate_answer|generate_with_strict_citations|generate_short_answer,generate_answer,-0.07,0,verifier,-1.0,-0.95349,1.0,1.0,-1.0,-0.95349,1.0,1.0,,,,,,,,,,0.0,0.023255139589309692,384,1.0,
47,4,verifier,verify_answer,verify_answer,0.5963,1,,-0.970045,,,,-0.970045,0.0,0.0,0.0,,,,,,,,,,,,,,0.014977514743804932
48,1,retriever,dense_retrieve|sparse_retrieve|hybrid_retrieve|hybrid_rerank,hybrid_rerank,-0.02,0,grader,0.454916,-1.0,0.000259,-0.838419,0.454916,-1.0,0.000259,-0.838419,0.7274581044912338,5,0.5001295556285186,0.0807906985282898,,,,,,,,,,
48,2,grader,keep_all|loose_filter|medium_filter|strict_filter|rerank_only,strict_filter,-0.07,0,generator,0.539888,-1.0,0.8347,,0.539888,-1.0,0.8347,0.0,,,,,,,0.7699438333511353,0.7,0.9173499643802643,,,,,
48,3,generator,generate_answer|generate_with_strict_citations|generate_short_answer,generate_answer,-0.07,0,verifier,-0.706442,-0.948286,0.718692,1.0,-0.706442,-0.948286,0.718692,1.0,,,,,,,,,,0.14677885174751282,0.02585679292678833,384,1.0,
48,4,verifier,verify_answer,verify_answer,0.789,1,,-1.0,,,,-1.0,0.0,0.0,0.0,,,,,,,,,,,,,,0.0
49,1,retriever,dense_retrieve|sparse_retrieve|hybrid_retrieve|hybrid_rerank,hybrid_rerank,-0.02,0,grader,0.112948,-0.84982,0.526152,-0.772185,0.112948,-0.84982,0.526152,-0.772185,0.5564738735556602,6,0.7630760371685028,0.11390739679336548,,,,,,,,,,
49,2,grader,keep_all|loose_filter|medium_filter|strict_filter|rerank_only,strict_filter,-0.07,0,generator,0.706124,-1.0,1.0,,0.706124,-1.0,1.0,0.0,,,,,,,0.8530617952346802,0.7,1.0,,,,,
49,3,generator,generate_answer|generate_with_strict_citations|generate_short_answer,generate_answer,-0.07,0,verifier,-0.619441,-0.969824,0.75252,0.922275,-0.619441,-0.969824,0.75252,0.922275,,,,,,,,,,0.1902792751789093,0.01508823037147522,384,0.961137592792511,
49,4,verifier,verify_answer,verify_answer,0.812,1,,-0.993008,,,,-0.993008,0.0,0.0,0.0,,,,,,,,,,,,,,0.0034957528114318848
50,1,retriever,dense_retrieve|sparse_retrieve|hybrid_retrieve|hybrid_rerank,hybrid_rerank,-0.02,0,grader,0.05803,-1.0,0.723926,-1.0,0.05803,-1.0,0.723926,-1.0,0.5290152318775654,5,0.861962765455246,0.0,,,,,,,,,,
50,2,grader,keep_all|loose_filter|medium_filter|strict_filter|rerank_only,strict_filter,-0.07,0,generator,0.664144,-0.948864,1.0,,0.664144,-0.948864,1.0,0.0,,,,,,,0.8320719003677368,0.7076704561710357,1.0,,,,,
50,3,generator,generate_answer|generate_with_strict_citations|generate_short_answer,generate_answer,-0.07,0,verifier,-1.0,-1.0,0.480224,0.924851,-1.0,-1.0,0.480224,0.924851,,,,,,,,,,0.0,0.0,384,0.9624254107475281,
50,4,verifier,verify_answer,verify_answer,0.7615,1,,-0.524516,,,,-0.524516,0.0,0.0,0.0,,,,,,,,,,,,,,0.23774206638336182
51,1,retriever,dense_retrieve|sparse_retrieve|hybrid_retrieve|hybrid_rerank,hybrid_rerank,-0.02,0,grader,-0.003885,-1.0,0.766864,-0.7632,-0.003885,-1.0,0.766864,-0.7632,0.4980574691435322,5,0.8834319412708282,0.11839988827705383,,,,,,,,,,
51,2,grader,keep_all|loose_filter|medium_filter|strict_filter|rerank_only,strict_filter,-0.07,0,generator,0.658254,-0.717413,0.863446,,0.658254,-0.717413,0.863446,0.0,,,,,,,0.8291272222995758,0.7423880755901336,0.9317230582237244,,,,,
51,3,generator,generate_answer|generate_with_strict_citations|generate_short_answer,generate_answer,-0.07,0,verifier,-1.0,-1.0,0.750455,1.0,-1.0,-1.0,0.750455,1.0,,,,,,,,,,0.0,0.0,384,1.0,
51,4,verifier,verify_answer,verify_answer,0.7567,1,,-0.467921,,,,-0.467921,0.0,0.0,0.0,,,,,,,,,,,,,,0.26603934168815613
52,1,retriever,dense_retrieve|sparse_retrieve|hybrid_retrieve|hybrid_rerank,hybrid_rerank,-0.02,0,grader,0.340174,-1.0,0.397806,-0.769867,0.340174,-1.0,0.397806,-0.769867,0.6700868904590607,5,0.698903039097786,0.11506631970405579,,,,,,,,,,
52,2,grader,keep_all|loose_filter|medium_filter|strict_filter|rerank_only,strict_filter,-0.07,0,generator,0.848446,-0.890499,1.0,,0.848446,-0.890499,1.0,0.0,,,,,,,0.9242232143878937,0.7164251148700713,1.0,,,,,
52,3,generator,generate_answer|generate_with_strict_citations|generate_short_answer,generate_answer,-0.07,0,verifier,-0.92573,-1.0,0.402575,1.0,-0.92573,-1.0,0.402575,1.0,,,,,,,,,,0.03713521361351013,0.0,384,1.0,
52,4,verifier,verify_answer,verify_answer,0.8418,1,,-0.261128,,,,-0.261128,0.0,0.0,0.0,,,,,,,,,,,,,,0.36943624913692474
53,1,retriever,dense_retrieve|sparse_retrieve|hybrid_retrieve|hybrid_rerank,hybrid_rerank,-0.02,0,grader,-0.110182,-1.0,0.280019,-0.993932,-0.110182,-1.0,0.280019,-0.993932,0.4449090175330639,5,0.6400092989206314,0.003034234046936035,,,,,,,,,,
53,2,grader,keep_all|loose_filter|medium_filter|strict_filter|rerank_only,medium_filter,-0.07,0,generator,0.653847,-0.834881,0.729521,,0.653847,-0.834881,0.729521,0.0,,,,,,,0.826923668384552,0.7247678309679031,0.8647603988647461,,,,,
53,3,generator,generate_answer|generate_with_strict_citations|generate_short_answer,generate_answer,-0.07,0,verifier,-0.735335,-1.0,0.125761,0.839945,-0.735335,-1.0,0.125761,0.839945,,,,,,,,,,0.13233226537704468,0.0,384,0.9199725687503815,
53,4,verifier,verify_answer,verify_answer,0.7113,1,,-0.27696,,,,-0.27696,0.0,0.0,0.0,,,,,,,,,,,,,,0.3615202158689499
54,1,retriever,dense_retrieve|sparse_retrieve|hybrid_retrieve|hybrid_rerank,hybrid_rerank,-0.02,0,grader,-0.324553,-0.934455,0.116266,-1.0,-0.324553,-0.934455,0.116266,-1.0,0.3377234488725662,5,0.5581330992281437,0.0,,,,,,,,,,
54,2,grader,keep_all|loose_filter|medium_filter|strict_filter|rerank_only,strict_filter,-0.07,0,generator,0.635996,-0.74871,0.945315,,0.635996,-0.74871,0.945315,0.0,,,,,,,0.8179981112480164,0.7376935392618179,0.972657322883606,,,,,
54,3,generator,generate_answer|generate_with_strict_citations|generate_short_answer,generate_answer,-0.07,0,verifier,-1.0,-1.0,-0.084739,0.58731,-1.0,-1.0,-0.084739,0.58731,,,,,,,,,,0.0,0.0,316,0.7936551868915558,
54,4,verifier,verify_answer,verify_answer,0.6968,1,,0.050027,,,,0.050027,0.0,0.0,0.0,,,,,,,,,,,,,,0.5250135641545057
55,1,retriever,dense_retrieve|sparse_retrieve|hybrid_retrieve|hybrid_rerank,hybrid_rerank,-0.02,0,grader,-0.542845,-0.834159,0.494796,-0.810735,-0.542845,-0.834159,0.494796,-0.810735,0.22857749462127686,6,0.7473980337381363,0.09463229775428772,,,,,,,,,,
55,2,grader,keep_all|loose_filter|medium_filter|strict_filter|rerank_only,strict_filter,-0.07,0,generator,0.6841,-1.0,1.0,,0.6841,-1.0,1.0,0.0,,,,,,,0.8420499563217163,0.7,1.0,,,,,
55,3,generator,generate_answer|generate_with_strict_citations|generate_short_answer,generate_answer,-0.07,0,verifier,-0.949723,-0.995633,-0.25536,1.0,-0.949723,-0.995633,-0.25536,1.0,,,,,,,,,,0.0251387357711792,0.002183675765991211,334,1.0,
55,4,verifier,verify_answer,verify_answer,0.8305,1,,-0.231841,,,,-0.231841,0.0,0.0,0.0,,,,,,,,,,,,,,0.38407935947179794
56,1,retriever,dense_retrieve|sparse_retrieve|hybrid_retrieve|hybrid_rerank,hybrid_rerank,-0.02,0,grader,-0.622887,-1.0,0.150423,-1.0,-0.622887,-1.0,0.150423,-1.0,0.1885567307472229,5,0.5752113461494446,0.0,,,,,,,,,,
56,2,grader,keep_all|loose_filter|medium_filter|strict_filter|rerank_only,strict_filter,-0.07,0,generator,0.637559,-0.983107,0.947224,,0.637559,-0.983107,0.947224,0.0,,,,,,,0.8187795877456665,0.7025339901447296,0.973611980676651,,,,,
56,3,generator,generate_answer|generate_with_strict_citations|generate_short_answer,generate_answer,-0.07,0,verifier,-0.732116,-1.0,-0.21459,1.0,-0.732116,-1.0,-0.21459,1.0,,,,,,,,,,0.1339418590068817,0.0,342,1.0,
56,4,verifier,verify_answer,verify_answer,0.3964,1,,-0.408538,,,,-0.408538,0.0,0.0,0.0,,,,,,,,,,,,,,0.29573075473308563
57,1,retriever,dense_retrieve|sparse_retrieve|hybrid_retrieve|hybrid_rerank,sparse_retrieve,-0.02,0,grader,-0.620838,-0.984281,-0.021238,-1.0,-0.620838,-0.984281,-0.021238,-1.0,0.18958118557929993,5,0.4893812192603946,0.0,,,,,,,,,,
57,2,grader,keep_all|loose_filter|medium_filter|strict_filter|rerank_only,strict_filter,-0.07,0,generator,0.753774,-0.736459,1.0,,0.753774,-0.736459,1.0,0.0,,,,,,,0.8768870234489441,0.7395311921834945,1.0,,,,,
57,3,generator,generate_answer|generate_with_strict_citations|generate_short_answer,generate_answer,-0.07,0,verifier,-0.739927,-0.887185,-0.422806,0.909332,-0.739927,-0.887185,-0.422806,0.909332,,,,,,,,,,0.13003671169281006,0.05640774965286255,292,0.9546659290790558,
57,4,verifier,verify_answer,verify_answer,0.7301,1,,0.313163,,,,0.313163,0.0,0.0,0.0,,,,,,,,,,,,,,0.6565817445516586
58,1,retriever,dense_retrieve|sparse_retrieve|hybrid_retrieve|hybrid_rerank,hybrid_rerank,-0.02,0,grader,-0.738779,-0.818178,0.21487,-1.0,-0.738779,-0.818178,0.21487,-1.0,0.13061034679412842,6,0.6074352338910103,0.0,,,,,,,,,,
58,2,grader,keep_all|loose_filter|medium_filter|strict_filter|rerank_only,strict_filter,-0.07,0,generator,0.885885,-0.932486,0.930932,,0.885885,-0.932486,0.930932,0.0,,,,,,,0.9429427087306976,0.7101271629333495,0.9654657542705536,,,,,
58,3,generator,generate_answer|generate_with_strict_citations|generate_short_answer,generate_answer,-0.07,0,verifier,-0.776304,-1.0,-0.279167,1.0,-0.776304,-1.0,-0.279167,1.0,,,,,,,,,,0.11184775829315186,0.0,330,1.0,
58,4,verifier,verify_answer,verify_answer,0.612,1,,0.191188,,,,0.191188,0.0,0.0,0.0,,,,,,,,,,,,,,0.5955938175320625
59,1,retriever,dense_retrieve|sparse_retrieve|hybrid_retrieve|hybrid_rerank,hybrid_rerank,-0.02,0,grader,-0.462758,-1.0,0.476008,-1.0,-0.462758,-1.0,0.476008,-1.0,0.26862122118473053,5,0.7380042225122452,0.0,,,,,,,,,,
59,2,grader,keep_all|loose_filter|medium_filter|strict_filter|rerank_only,strict_filter,-0.07,0,generator,0.736563,-0.841844,0.879329,,0.736563,-0.841844,0.879329,0.0,,,,,,,0.8682817220687866,0.7237234503030776,0.9396643936634064,,,,,
59,3,generator,generate_answer|generate_with_strict_citations|generate_short_answer,generate_answer,-0.07,0,verifier,-1.0,-1.0,-0.182384,0.79915,-1.0,-1.0,-0.182384,0.79915,,,,,,,,,,0.0,0.0,324,0.8995748460292816,
59,4,verifier,verify_answer,verify_answer,0.807,1,,0.099486,,,,0.099486,0.0,0.0,0.0,,,,,,,,,,,,,,0.5497432239353657
60,1,retriever,dense_retrieve|sparse_retrieve|hybrid_retrieve|hybrid_rerank,hybrid_rerank,-0.02,0,grader,-0.769978,-0.663981,0.479906,-1.0,-0.769978,-0.663981,0.479906,-1.0,0.11501112580299377,7,0.7399532049894333,0.0,,,,,,,,,,
60,2,grader,keep_all|loose_filter|medium_filter|strict_filter|rerank_only,strict_filter,-0.07,0,generator,0.746228,-0.939355,0.977636,,0.746228,-0.939355,0.977636,0.0,,,,,,,0.8731139004230499,0.7090967297554016,0.9888178408145905,,,,,
60,3,generator,generate_answer|generate_with_strict_citations|generate_short_answer,generate_answer,-0.07,0,verifier,-0.767469,-0.980672,-0.082016,0.935591,-0.767469,-0.980672,-0.082016,0.935591,,,,,,,,,,0.11626550555229187,0.009664148092269897,359,0.9677954018115997,
60,4,verifier,verify_answer,verify_answer,0.5466,1,,-0.212341,,,,-0.212341,0.0,0.0,0.0,,,,,,,,,,,,,,0.3938293531537056
61,1,retriever,dense_retrieve|sparse_retrieve|hybrid_retrieve|hybrid_rerank,dense_retrieve,-0.02,0,grader,0.332265,-1.0,-0.58251,-0.807809,0.332265,-1.0,-0.58251,-0.807809,0.6661325991153717,5,0.20874491333961487,0.09609565138816833,,,,,,,,,,
61,2,grader,keep_all|loose_filter|medium_filter|strict_filter|rerank_only,strict_filter,-0.07,0,generator,0.984917,-1.0,0.900246,,0.984917,-1.0,0.900246,0.0,,,,,,,0.992458313703537,0.7,0.9501229226589203,,,,,
61,3,generator,generate_answer|generate_with_strict_citations|generate_short_answer,generate_answer,-0.07,0,verifier,-0.875027,-1.0,-0.171196,1.0,-0.875027,-1.0,-0.171196,1.0,,,,,,,,,,0.06248641014099121,0.0,351,1.0,
61,4,verifier,verify_answer,verify_answer,0.7176,1,,-0.713003,,,,-0.713003,0.0,0.0,0.0,,,,,,,,,,,,,,0.1434987187385559
62,1,retriever,dense_retrieve|sparse_retrieve|hybrid_retrieve|hybrid_rerank,hybrid_rerank,-0.02,0,grader,0.084431,-1.0,0.154629,-0.88355,0.084431,-1.0,0.154629,-0.88355,0.5422156304121017,5,0.577314481139183,0.058225035667419434,,,,,,,,,,
62,2,grader,keep_all|loose_filter|medium_filter|strict_filter|rerank_only,strict_filter,-0.07,0,generator,0.980149,-0.85213,1.0,,0.980149,-0.85213,1.0,0.0,,,,,,,0.9900745451450348,0.7221804559230804,1.0,,,,,
62,3,generator,generate_answer|generate_with_strict_citations|generate_short_answer,generate_answer,-0.07,0,verifier,-0.751505,-1.0,-0.089111,0.895627,-0.751505,-1.0,-0.089111,0.895627,,,,,,,,,,0.12424734234809875,0.0,353,0.9478135704994202,
62,4,verifier,verify_answer,verify_answer,0.6151,1,,-0.400287,,,,-0.400287,0.0,0.0,0.0,,,,,,,,,,,,,,0.2998565286397934
63,1,retriever,dense_retrieve|sparse_retrieve|hybrid_retrieve|hybrid_rerank,hybrid_rerank,-0.02,0,grader,0.242567,-1.0,0.051716,-1.0,0.242567,-1.0,0.051716,-1.0,0.6212837472558022,5,0.5258578285574913,0.0,,,,,,,,,,
63,2,grader,keep_all|loose_filter|medium_filter|strict_filter|rerank_only,strict_filter,-0.07,0,generator,0.849225,-1.0,0.824235,,0.849225,-1.0,0.824235,0.0,,,,,,,0.9246125519275665,0.7,0.9121174514293671,,,,,
63,3,generator,generate_answer|generate_with_strict_citations|generate_short_answer,generate_answer,-0.07,0,verifier,-1.0,-1.0,0.313105,0.846356,-1.0,-1.0,0.313105,0.846356,,,,,,,,,,0.0,0.0,384,0.92317795753479,
63,4,verifier,verify_answer,verify_answer,0.7301,1,,0.056438,,,,0.056438,0.0,0.0,0.0,,,,,,,,,,,,,,0.5282187573611736
64,1,retriever,dense_retrieve|sparse_retrieve|hybrid_retrieve|hybrid_rerank,hybrid_rerank,-0.02,0,grader,-0.373725,-0.861352,0.641395,-0.885302,-0.373725,-0.861352,0.641395,-0.885302,0.3131376951932907,6,0.8206972777843475,0.05734890699386597,,,,,,,,,,
64,2,grader,keep_all|loose_filter|medium_filter|strict_filter|rerank_only,strict_filter,-0.07,0,generator,0.713468,-0.980953,1.0,,0.713468,-0.980953,1.0,0.0,,,,,,,0.8567338287830353,0.70285704433918,1.0,,,,,
64,3,generator,generate_answer|generate_with_strict_citations|generate_short_answer,generate_answer,-0.07,0,verifier,-0.87248,-0.825725,0.170719,0.981699,-0.87248,-0.825725,0.170719,0.981699,,,,,,,,,,0.06376001238822937,0.08713769912719727,384,0.9908494055271149,
64,4,verifier,verify_answer,verify_answer,0.4945,1,,-0.020464,,,,-0.020464,0.0,0.0,0.0,,,,,,,,,,,,,,0.4897678857669234
65,1,retriever,dense_retrieve|sparse_retrieve|hybrid_retrieve|hybrid_rerank,hybrid_rerank,-0.02,0,grader,-0.519919,-0.603206,0.888202,-1.0,-0.519919,-0.603206,0.888202,-1.0,0.24004048109054565,7,0.9441010355949402,0.0,,,,,,,,,,
65,2,grader,keep_all|loose_filter|medium_filter|strict_filter|rerank_only,strict_filter,-0.07,0,generator,0.866733,-0.85332,1.0,,0.866733,-0.85332,1.0,0.0,,,,,,,0.9333664178848267,0.7220020622014999,1.0,,,,,
65,3,generator,generate_answer|generate_with_strict_citations|generate_short_answer,generate_answer,-0.07,0,verifier,-1.0,-1.0,0.117717,0.975028,-1.0,-1.0,0.117717,0.975028,,,,,,,,,,0.0,0.0,384,0.9875141978263855,
65,4,verifier,verify_answer,verify_answer,0.6366,1,,-0.081439,,,,-0.081439,0.0,0.0,0.0,,,,,,,,,,,,,,0.45928069204092026
66,1,retriever,dense_retrieve|sparse_retrieve|hybrid_retrieve|hybrid_rerank,hybrid_rerank,-0.02,0,grader,-0.326748,-1.0,0.836472,-0.899199,-0.326748,-1.0,0.836472,-0.899199,0.33662600815296173,5,0.9182359874248505,0.05040070414543152,,,,,,,,,,
66,2,grader,keep_all|loose_filter|medium_filter|strict_filter|rerank_only,strict_filter,-0.07,0,generator,0.836725,-0.837082,1.0,,0.836725,-0.837082,1.0,0.0,,,,,,,0.9183625280857086,0.7244377136230469,1.0,,,,,
66,3,generator,generate_answer|generate_with_strict_citations|generate_short_answer,generate_answer,-0.07,0,verifier,-0.725633,-1.0,-0.176578,1.0,-0.725633,-1.0,-0.176578,1.0,,,,,,,,,,0.13718348741531372,0.0,349,1.0,
66,4,verifier,verify_answer,verify_answer,0.6683,1,,-0.229795,,,,-0.229795,0.0,0.0,0.0,,,,,,,,,,,,,,0.3851027116179466
67,1,retriever,dense_retrieve|sparse_retrieve|hybrid_retrieve|hybrid_rerank,hybrid_rerank,-0.02,0,grader,-0.247451,-1.0,0.611874,-0.833213,-0.247451,-1.0,0.611874,-0.833213,0.3762747049331665,5,0.8059370219707489,0.08339327573776245,,,,,,,,,,
67,2,grader,keep_all|loose_filter|medium_filter|strict_filter|rerank_only,strict_filter,-0.07,0,generator,0.710396,-0.896943,0.983802,,0.710396,-0.896943,0.983802,0.0,,,,,,,0.8551979959011078,0.7154585897922515,0.9919010102748871,,,,,
67,3,generator,generate_answer|generate_with_strict_citations|generate_short_answer,generate_answer,-0.07,0,verifier,-0.749779,-0.857561,-0.124445,0.998593,-0.749779,-0.857561,-0.124445,0.998593,,,,,,,,,,0.12511056661605835,0.07121974229812622,359,0.9992965757846832,
67,4,verifier,verify_answer,verify_answer,0.7741,1,,-0.205991,,,,-0.205991,0.0,0.0,0.0,,,,,,,,,,,,,,0.39700447767972946
68,1,retriever,dense_retrieve|sparse_retrieve|hybrid_retrieve|hybrid_rerank,hybrid_rerank,-0.02,0,grader,-0.282233,-0.841966,0.787808,-1.0,-0.282233,-0.841966,0.787808,-1.0,0.3588835150003433,6,0.8939040005207062,0.0,,,,,,,,,,
68,2,grader,keep_all|loose_filter|medium_filter|strict_filter|rerank_only,strict_filter,-0.07,0,generator,0.905472,-1.0,0.945139,,0.905472,-1.0,0.945139,0.0,,,,,,,0.9527361392974854,0.7,0.9725693464279175,,,,,
68,3,generator,generate_answer|generate_with_strict_citations|generate_short_answer,generate_answer,-0.07,0,verifier,-0.722735,-0.781338,0.011553,1.0,-0.722735,-0.781338,0.011553,1.0,,,,,,,,,,0.13863253593444824,0.10933089256286621,384,1.0,
68,4,verifier,verify_answer,verify_answer,0.6116,1,,-0.666234,,,,-0.666234,0.0,0.0,0.0,,,,,,,,,,,,,,0.16688308119773865
69,1,retriever,dense_retrieve|sparse_retrieve|hybrid_retrieve|hybrid_rerank,hybrid_rerank,-0.02,0,grader,-0.205376,-0.605177,0.760828,-0.832212,-0.205376,-0.605177,0.760828,-0.832212,0.39731182157993317,7,0.8804138004779816,0.08389398455619812,,,,,,,,,,
69,2,grader,keep_all|loose_filter|medium_filter|strict_filter|rerank_only,strict_filter,-0.07,0,generator,0.555876,-0.787728,1.0,,0.555876,-0.787728,1.0,0.0,,,,,,,0.7779378890991211,0.7318408071994781,1.0,,,,,
69,3,generator,generate_answer|generate_with_strict_citations|generate_short_answer,generate_answer,-0.07,0,verifier,-0.661236,-1.0,0.180223,1.0,-0.661236,-1.0,0.180223,1.0,,,,,,,,,,0.16938179731369019,0.0,384,1.0,
69,4,verifier,verify_answer,verify_answer,0.648,1,,-0.527049,,,,-0.527049,0.0,0.0,0.0,,,,,,,,,,,,,,0.23647558689117432
70,1,retriever,dense_retrieve|sparse_retrieve|hybrid_retrieve|hybrid_rerank,dense_retrieve,-0.02,0,grader,0.522971,-0.86314,-0.593116,-1.0,0.522971,-0.86314,-0.593116,-1.0,0.7614854872226715,6,0.20344218611717224,0.0,,,,,,,,,,
70,2,grader,keep_all|loose_filter|medium_filter|strict_filter|rerank_only,rerank_only,-0.07,0,generator,0.805974,-1.0,-0.3653,,0.805974,-1.0,-0.3653,0.0,,,,,,,0.9029872417449951,0.7,0.3173498064279556,,,,,
70,3,generator,generate_answer|generate_with_strict_citations|generate_short_answer,generate_answer,-0.07,0,verifier,-0.514701,-0.766085,-0.127582,1.0,-0.514701,-0.766085,-0.127582,1.0,,,,,,,,,,0.24264925718307495,0.11695751547813416,358,1.0,
70,4,verifier,verify_answer,verify_answer,0.6751,1,,-0.802837,,,,-0.802837,0.0,0.0,0.0,,,,,,,,,,,,,,0.09858149290084839
71,1,retriever,dense_retrieve|sparse_retrieve|hybrid_retrieve|hybrid_rerank,hybrid_rerank,-0.02,0,grader,-0.335145,-0.42557,0.598726,-0.935706,-0.335145,-0.42557,0.598726,-0.935706,0.33242762088775635,9,0.7993631362915039,0.03214719891548157,,,,,,,,,,
71,2,grader,keep_all|loose_filter|medium_filter|strict_filter|rerank_only,strict_filter,-0.07,0,generator,0.579405,-0.92534,0.998251,,0.579405,-0.92534,0.998251,0.0,,,,,,,0.7897027432918549,0.7111989557743073,0.9991255104541779,,,,,
71,3,generator,generate_answer|generate_with_strict_citations|generate_short_answer,generate_answer,-0.07,0,verifier,-0.158935,-1.0,0.107227,0.882466,-0.158935,-1.0,0.107227,0.882466,,,,,,,,,,0.4205322861671448,0.0,384,0.9412329196929932,
71,4,verifier,verify_answer,verify_answer,0.6298,1,,-0.536366,,,,-0.536366,0.0,0.0,0.0,,,,,,,,,,,,,,0.23181721568107605
72,1,retriever,dense_retrieve|sparse_retrieve|hybrid_retrieve|hybrid_rerank,hybrid_rerank,-0.02,0,grader,-0.473719,-0.198978,0.994651,-1.0,-0.473719,-0.198978,0.994651,-1.0,0.2631402760744095,11,0.9973253607749939,0.0,,,,,,,,,,
72,2,grader,keep_all|loose_filter|medium_filter|strict_filter|rerank_only,strict_filter,-0.07,0,generator,0.368999,-0.928506,0.861985,,0.368999,-0.928506,0.861985,0.0,,,,,,,0.6844992637634277,0.7107240706682205,0.9309926629066467,,,,,
72,3,generator,generate_answer|generate_with_strict_citations|generate_short_answer,generate_answer,-0.07,0,verifier,-0.423458,-0.968208,0.114338,1.0,-0.423458,-0.968208,0.114338,1.0,,,,,,,,,,0.28827086091041565,0.015896141529083252,384,1.0,
72,4,verifier,verify_answer,verify_answer,0.7132,1,,-0.181232,,,,-0.181232,0.0,0.0,0.0,,,,,,,,,,,,,,0.4093840792775154
73,1,retriever,dense_retrieve|sparse_retrieve|hybrid_retrieve|hybrid_rerank,hybrid_retrieve,-0.02,0,grader,0.286968,-0.722089,-0.058443,-0.918988,0.286968,-0.722089,-0.058443,-0.918988,0.6434840708971024,7,0.47077863849699497,0.040505826473236084,,,,,,,,,,
73,2,grader,keep_all|loose_filter|medium_filter|strict_filter|rerank_only,rerank_only,-0.07,0,generator,1.0,-0.698059,-0.334457,,1.0,-0.698059,-0.334457,0.0,,,,,,,1.0,0.745291218161583,0.3327716141939163,,,,,
73,3,generator,generate_answer|generate_with_strict_citations|generate_short_answer,generate_answer,-0.07,0,verifier,-0.577099,-1.0,0.360415,0.971138,-0.577099,-1.0,0.360415,0.971138,,,,,,,,,,0.21145066618919373,0.0,384,0.985569030046463,
73,4,verifier,verify_answer,verify_answer,0.7277,1,,-0.527369,,,,-0.527369,0.0,0.0,0.0,,,,,,,,,,,,,,0.23631533980369568
74,1,retriever,dense_retrieve|sparse_retrieve|hybrid_retrieve|hybrid_rerank,dense_retrieve,-0.02,0,grader,0.466661,-0.388019,-0.343117,-0.781634,0.466661,-0.388019,-0.343117,-0.781634,0.7333302646875381,9,0.32844145596027374,0.10918295383453369,,,,,,,,,,
74,2,grader,keep_all|loose_filter|medium_filter|strict_filter|rerank_only,rerank_only,-0.07,0,generator,1.0,-1.0,-0.864803,,1.0,-1.0,-0.864803,0.0,,,,,,,1.0,0.7,0.06759825348854065,,,,,
74,3,generator,generate_answer|generate_with_strict_citations|generate_short_answer,generate_answer,-0.07,0,verifier,-0.217381,-0.896618,0.88361,1.0,-0.217381,-0.896618,0.88361,1.0,,,,,,,,,,0.39130961894989014,0.051691025495529175,384,1.0,
74,4,verifier,verify_answer,verify_answer,0.8664,1,,-0.925923,,,,-0.925923,0.0,0.0,0.0,,,,,,,,,,,,,,0.03703826665878296
75,1,retriever,dense_retrieve|sparse_retrieve|hybrid_retrieve|hybrid_rerank,hybrid_rerank,-0.02,0,grader,0.48303,-0.141271,0.180299,-0.897247,0.48303,-0.141271,0.180299,-0.897247,0.7415151596069336,11,0.5901493802666664,0.051376402378082275,,,,,,,,,,
75,2,grader,keep_all|loose_filter|medium_filter|strict_filter|rerank_only,rerank_only,-0.07,0,generator,1.0,-0.824165,0.177835,,1.0,-0.824165,0.177835,0.0,,,,,,,1.0,0.7263752520084381,0.5889174267649651,,,,,
75,3,generator,generate_answer|generate_with_strict_citations|generate_short_answer,generate_answer,-0.07,0,verifier,-0.12456,-1.0,0.70962,1.0,-0.12456,-1.0,0.70962,1.0,,,,,,,,,,0.43772006407380104,0.0,384,1.0,
75,4,verifier,verify_answer,verify_answer,0.7203,1,,-0.903626,,,,-0.903626,0.0,0.0,0.0,,,,,,,,,,,,,,0.04818722605705261
76,1,retriever,dense_retrieve|sparse_retrieve|hybrid_retrieve|hybrid_rerank,dense_retrieve,-0.02,0,grader,0.47747,-0.079058,-0.028274,-0.784961,0.47747,-0.079058,-0.028274,-0.784961,0.7387349456548691,11,0.48586280550807714,0.10751956701278687,,,,,,,,,,
76,2,grader,keep_all|loose_filter|medium_filter|strict_filter|rerank_only,rerank_only,-0.07,0,generator,0.943625,-0.992586,-0.919887,,0.943625,-0.992586,-0.919887,0.0,,,,,,,0.9718126058578491,0.7011121153831481,0.040056586265563965,,,,,
76,3,generator,generate_answer|generate_with_strict_citations|generate_short_answer,generate_answer,-0.07,0,verifier,0.028411,-0.902,1.0,0.922929,0.028411,-0.902,1.0,0.922929,,,,,,,,,,0.5142054622992873,0.04899999499320984,384,0.9614645838737488,
76,4,verifier,verify_answer,verify_answer,0.452,1,,-0.837194,,,,-0.837194,0.0,0.0,0.0,,,,,,,,,,,,,,0.08140292763710022
77,1,retriever,dense_retrieve|sparse_retrieve|hybrid_retrieve|hybrid_rerank,hybrid_rerank,-0.02,0,grader,0.273355,0.540944,0.309839,-0.942292,0.273355,0.540944,0.309839,-0.942292,0.6366777122020721,16,0.6549195945262909,0.02885383367538452,,,,,,,,,,
77,2,grader,keep_all|loose_filter|medium_filter|strict_filter|rerank_only,rerank_only,-0.07,0,generator,0.897432,-0.971593,0.249879,,0.897432,-0.971593,0.249879,0.0,,,,,,,0.9487157762050629,0.704261028766632,0.6249395459890366,,,,,
77,3,generator,generate_answer|generate_with_strict_citations|generate_short_answer,generate_answer,-0.07,0,verifier,-0.039956,-0.837922,0.610388,0.989101,-0.039956,-0.837922,0.610388,0.989101,,,,,,,,,,0.48002214916050434,0.08103922009468079,384,0.9945506751537323,
77,4,verifier,verify_answer,verify_answer,0.7068,1,,-0.896009,,,,-0.896009,0.0,0.0,0.0,,,,,,,,,,,,,,0.05199560523033142
78,1,retriever,dense_retrieve|sparse_retrieve|hybrid_retrieve|hybrid_rerank,hybrid_rerank,-0.02,0,grader,-0.00506,0.418821,0.749763,-0.938344,-0.00506,0.418821,0.749763,-0.938344,0.49747014977037907,15,0.8748815953731537,0.030828207731246948,,,,,,,,,,
78,2,grader,keep_all|loose_filter|medium_filter|strict_filter|rerank_only,strict_filter,-0.07,0,generator,0.202504,-1.0,0.866151,,0.202504,-1.0,0.866151,0.0,,,,,,,0.6012518852949142,0.7,0.9330756068229675,,,,,
78,3,generator,generate_answer|generate_with_strict_citations|generate_short_answer,generate_answer,-0.07,0,verifier,0.385058,-1.0,0.505714,1.0,0.385058,-1.0,0.505714,1.0,,,,,,,,,,0.6925287544727325,0.0,384,1.0,
78,4,verifier,verify_answer,verify_answer,0.6246,1,,-0.574208,,,,-0.574208,0.0,0.0,0.0,,,,,,,,,,,,,,0.21289575099945068
79,1,retriever,dense_retrieve|sparse_retrieve|hybrid_retrieve|hybrid_rerank,hybrid_rerank,-0.02,0,grader,-0.261643,0.712993,0.875131,-1.0,-0.261643,0.712993,0.875131,-1.0,0.36917829513549805,17,0.9375657439231873,0.0,,,,,,,,,,
79,2,grader,keep_all|loose_filter|medium_filter|strict_filter|rerank_only,strict_filter,-0.07,0,generator,-0.053569,-0.868244,1.0,,-0.053569,-0.868244,1.0,0.0,,,,,,,0.4732152745127678,0.7197633385658264,1.0,,,,,
79,3,generator,generate_answer|generate_with_strict_citations|generate_short_answer,generate_answer,-0.07,0,verifier,0.110991,-0.721756,0.689724,0.719677,0.110991,-0.721756,0.689724,0.719677,,,,,,,,,,0.5554955378174782,0.1391218900680542,384,0.8598385751247406,
79,4,verifier,verify_answer,verify_answer,0.4528,1,,-0.350886,,,,-0.350886,0.0,0.0,0.0,,,,,,,,,,,,,,0.3245568722486496
80,1,retriever,dense_retrieve|sparse_retrieve|hybrid_retrieve|hybrid_rerank,hybrid_rerank,-0.02,0,grader,-0.077126,0.548759,0.82317,-0.941789,-0.077126,0.548759,0.82317,-0.941789,0.4614368677139282,16,0.9115849137306213,0.029105693101882935,,,,,,,,,,
80,2,grader,keep_all|loose_filter|medium_filter|strict_filter|rerank_only,strict_filter,-0.07,0,generator,-0.126599,-0.782538,0.930649,,-0.126599,-0.782538,0.930649,0.0,,,,,,,0.4367002844810486,0.7326192289590835,0.9653245210647583,,,,,
80,3,generator,generate_answer|generate_with_strict_citations|generate_short_answer,generate_answer,-0.07,0,verifier,0.283222,-0.947406,0.929944,1.0,0.283222,-0.947406,0.929944,1.0,,,,,,,,,,0.6416109204292297,0.026296943426132202,384,1.0,
80,4,verifier,verify_answer,verify_answer,0.5034,1,,-0.190286,,,,-0.190286,0.0,0.0,0.0,,,,,,,,,,,,,,0.40485718846321106
81,1,retriever,dense_retrieve|sparse_retrieve|hybrid_retrieve|hybrid_rerank,hybrid_rerank,-0.02,0,grader,0.093109,0.555975,0.897341,-0.887942,0.093109,0.555975,0.897341,-0.887942,0.5465546660125256,16,0.9486707448959351,0.056029051542282104,,,,,,,,,,
81,2,grader,keep_all|loose_filter|medium_filter|strict_filter|rerank_only,strict_filter,-0.07,0,generator,0.165009,-0.783242,0.827676,,0.165009,-0.783242,0.827676,0.0,,,,,,,0.5825047269463539,0.7325137376785278,0.9138380587100983,,,,,
81,3,generator,generate_answer|generate_with_strict_citations|generate_short_answer,generate_answer,-0.07,0,verifier,0.324995,-1.0,0.652544,0.959598,0.324995,-1.0,0.652544,0.959598,,,,,,,,,,0.6624974310398102,0.0,384,0.9797990620136261,
81,4,verifier,verify_answer,verify_answer,0.7574,1,,-0.396622,,,,-0.396622,0.0,0.0,0.0,,,,,,,,,,,,,,0.30168893933296204
82,1,retriever,dense_retrieve|sparse_retrieve|hybrid_retrieve|hybrid_rerank,hybrid_rerank,-0.02,0,grader,0.168171,0.058452,0.806006,-1.0,0.168171,0.058452,0.806006,-1.0,0.5840855911374092,12,0.9030031561851501,0.0,,,,,,,,,,
82,2,grader,keep_all|loose_filter|medium_filter|strict_filter|rerank_only,medium_filter,-0.07,0,generator,-0.022565,-1.0,0.707204,,-0.022565,-1.0,0.707204,0.0,,,,,,,0.4887177236378193,0.7,0.8536022305488586,,,,,
82,3,generator,generate_answer|generate_with_strict_citations|generate_short_answer,generate_answer,-0.07,0,verifier,0.106053,-0.880953,0.93609,0.787873,0.106053,-0.880953,0.93609,0.787873,,,,,,,,,,0.5530265793204308,0.05952328443527222,384,0.8939363360404968,
82,4,verifier,verify_answer,verify_answer,0.6128,1,,-0.383313,,,,-0.383313,0.0,0.0,0.0,,,,,,,,,,,,,,0.3083437383174896
83,1,retriever,dense_retrieve|sparse_retrieve|hybrid_retrieve|hybrid_rerank,hybrid_rerank,-0.02,0,grader,0.299967,0.303585,0.503168,-0.85207,0.299967,0.303585,0.503168,-0.85207,0.6499833166599274,14,0.7515841424465179,0.07396510243415833,,,,,,,,,,
83,2,grader,keep_all|loose_filter|medium_filter|strict_filter|rerank_only,rerank_only,-0.07,0,generator,0.918077,-0.995608,-0.771487,,0.918077,-0.995608,-0.771487,0.0,,,,,,,0.959038496017456,0.7006588399410247,0.11425644159317017,,,,,
83,3,generator,generate_answer|generate_with_strict_citations|generate_short_answer,generate_answer,-0.07,0,verifier,-0.444242,-1.0,0.763923,0.792247,-0.444242,-1.0,0.763923,0.792247,,,,,,,,,,0.27787913382053375,0.0,384,0.8961232900619507,
83,4,verifier,verify_answer,verify_answer,0.8297,1,,-0.879978,,,,-0.879978,0.0,0.0,0.0,,,,,,,,,,,,,,0.0600108802318573
84,1,retriever,dense_retrieve|sparse_retrieve|hybrid_retrieve|hybrid_rerank,hybrid_rerank,-0.02,0,grader,0.322527,-0.006365,0.80221,-0.907872,0.322527,-0.006365,0.80221,-0.907872,0.6612637490034103,12,0.9011049568653107,0.04606419801712036,,,,,,,,,,
84,2,grader,keep_all|loose_filter|medium_filter|strict_filter|rerank_only,strict_filter,-0.07,0,generator,0.227944,-0.860484,0.964354,,0.227944,-0.860484,0.964354,0.0,,,,,,,0.6139720007777214,0.720927345752716,0.9821770787239075,,,,,
84,3,generator,generate_answer|generate_with_strict_citations|generate_short_answer,generate_answer,-0.07,0,verifier,-0.232135,-0.894175,0.935256,1.0,-0.232135,-0.894175,0.935256,1.0,,,,,,,,,,0.38393256813287735,0.05291271209716797,384,1.0,
84,4,verifier,verify_answer,verify_answer,0.6395,1,,-0.332893,,,,-0.332893,0.0,0.0,0.0,,,,,,,,,,,,,,0.3335534334182739
85,1,retriever,dense_retrieve|sparse_retrieve|hybrid_retrieve|hybrid_rerank,hybrid_rerank,-0.02,0,grader,0.444261,0.533313,0.225567,-0.950184,0.444261,0.533313,0.225567,-0.950184,0.7221303284168243,16,0.6127835139632225,0.024908065795898438,,,,,,,,,,
85,2,grader,keep_all|loose_filter|medium_filter|strict_filter|rerank_only,rerank_only,-0.07,0,generator,1.0,-1.0,-0.650284,,1.0,-1.0,-0.650284,0.0,,,,,,,1.0,0.7,0.17485812306404114,,,,,
85,3,generator,generate_answer|generate_with_strict_citations|generate_short_answer,generate_answer,-0.07,0,verifier,-0.36412,-1.0,0.742026,0.899511,-0.36412,-1.0,0.742026,0.899511,,,,,,,,,,0.31794023513793945,0.0,384,0.9497554898262024,
85,4,verifier,verify_answer,verify_answer,0.5992,1,,-0.75688,,,,-0.75688,0.0,0.0,0.0,,,,,,,,,,,,,,0.12156009674072266
86,1,retriever,dense_retrieve|sparse_retrieve|hybrid_retrieve|hybrid_rerank,hybrid_rerank,-0.02,0,grader,0.09834,-0.171671,0.887688,-0.672651,0.09834,-0.171671,0.887688,-0.672651,0.5491700023412704,11,0.9438439607620239,0.1636747121810913,,,,,,,,,,
86,2,grader,keep_all|loose_filter|medium_filter|strict_filter|rerank_only,strict_filter,-0.07,0,generator,0.344177,-0.933849,0.952296,,0.344177,-0.933849,0.952296,0.0,,,,,,,0.6720884591341019,0.7099226087331771,0.9761478900909424,,,,,
86,3,generator,generate_answer|generate_with_strict_citations|generate_short_answer,generate_answer,-0.07,0,verifier,-0.151353,-0.906916,0.726215,0.863745,-0.151353,-0.906916,0.726215,0.863745,,,,,,,,,,0.4243234023451805,0.046542078256607056,384,0.9318726360797882,
86,4,verifier,verify_answer,verify_answer,0.7057,1,,-0.624241,,,,-0.624241,0.0,0.0,0.0,,,,,,,,,,,,,,0.18787947297096252
87,1,retriever,dense_retrieve|sparse_retrieve|hybrid_retrieve|hybrid_rerank,hybrid_rerank,-0.02,0,grader,0.044175,0.132678,0.819457,-0.758222,0.044175,0.132678,0.819457,-0.758222,0.5220874901860952,13,0.9097285270690918,0.12088879942893982,,,,,,,,,,
87,2,grader,keep_all|loose_filter|medium_filter|strict_filter|rerank_only,strict_filter,-0.07,0,generator,0.032904,-1.0,0.968649,,0.032904,-1.0,0.968649,0.0,,,,,,,0.5164517965167761,0.7,0.9843243658542633,,,,,
87,3,generator,generate_answer|generate_with_strict_citations|generate_short_answer,generate_answer,-0.07,0,verifier,-0.065996,-0.746396,0.810029,1.0,-0.065996,-0.746396,0.810029,1.0,,,,,,,,,,0.46700192615389824,0.12680187821388245,384,1.0,
87,4,verifier,verify_answer,verify_answer,0.6168,1,,-0.397743,,,,-0.397743,0.0,0.0,0.0,,,,,,,,,,,,,,0.30112871527671814
88,1,retriever,dense_retrieve|sparse_retrieve|hybrid_retrieve|hybrid_rerank,hybrid_rerank,-0.02,0,grader,-0.04762,0.261728,0.984661,-1.0,-0.04762,0.261728,0.984661,-1.0,0.4761898536235094,14,0.9923306107521057,0.0,,,,,,,,,,
88,2,grader,keep_all|loose_filter|medium_filter|strict_filter|rerank_only,strict_filter,-0.07,0,generator,0.475551,-0.792463,0.835448,,0.475551,-0.792463,0.835448,0.0,,,,,,,0.7377755343914032,0.7311305940151214,0.9177241623401642,,,,,
88,3,generator,generate_answer|generate_with_strict_citations|generate_short_answer,generate_answer,-0.07,0,verifier,-0.187099,-0.924793,0.939092,0.797038,-0.187099,-0.924793,0.939092,0.797038,,,,,,,,,,0.40645041316747665,0.037603557109832764,384,0.8985192179679871,
88,4,verifier,verify_answer,verify_answer,0.738,1,,-0.817059,,,,-0.817059,0.0,0.0,0.0,,,,,,,,,,,,,,0.09147050976753235
89,1,retriever,dense_retrieve|sparse_retrieve|hybrid_retrieve|hybrid_rerank,hybrid_rerank,-0.02,0,grader,-0.017075,0.907357,0.483349,-1.0,-0.017075,0.907357,0.483349,-1.0,0.4914627131074667,19,0.7416746318340302,0.0,,,,,,,,,,
89,2,grader,keep_all|loose_filter|medium_filter|strict_filter|rerank_only,rerank_only,-0.07,0,generator,1.0,-1.0,0.115571,,1.0,-1.0,0.115571,0.0,,,,,,,1.0,0.7,0.5577856302261353,,,,,
89,3,generator,generate_answer|generate_with_strict_citations|generate_short_answer,generate_answer,-0.07,0,verifier,-0.742377,-1.0,0.685691,0.719986,-0.742377,-1.0,0.685691,0.719986,,,,,,,,,,0.12881159782409668,0.0,384,0.8599932491779327,
89,4,verifier,verify_answer,verify_answer,0.8557,1,,-0.668735,,,,-0.668735,0.0,0.0,0.0,,,,,,,,,,,,,,0.16563260555267334
90,1,retriever,dense_retrieve|sparse_retrieve|hybrid_retrieve|hybrid_rerank,hybrid_rerank,-0.02,0,grader,-0.081273,0.295609,0.848139,-0.923142,-0.081273,0.295609,0.848139,-0.923142,0.459363367408514,14,0.9240694046020508,0.038428932428359985,,,,,,,,,,
90,2,grader,keep_all|loose_filter|medium_filter|strict_filter|rerank_only,strict_filter,-0.07,0,generator,-0.316535,-1.0,1.0,,-0.316535,-1.0,1.0,0.0,,,,,,,0.3417326807975769,0.7,1.0,,,,,
90,3,generator,generate_answer|generate_with_strict_citations|generate_short_answer,generate_answer,-0.07,0,verifier,-0.519321,-1.0,0.805367,1.0,-0.519321,-1.0,0.805367,1.0,,,,,,,,,,0.24033960700035095,0.0,384,1.0,
90,4,verifier,verify_answer,verify_answer,0.7401,1,,-0.598903,,,,-0.598903,0.0,0.0,0.0,,,,,,,,,,,,,,0.20054829120635986
91,1,retriever,dense_retrieve|sparse_retrieve|hybrid_retrieve|hybrid_rerank,hybrid_rerank,-0.02,0,grader,-0.041709,0.060582,0.812387,-0.683504,-0.041709,0.060582,0.812387,-0.683504,0.4791454840451479,12,0.9061934351921082,0.15824812650680542,,,,,,,,,,
91,2,grader,keep_all|loose_filter|medium_filter|strict_filter|rerank_only,strict_filter,-0.07,0,generator,-0.124637,-0.934878,1.0,,-0.124637,-0.934878,1.0,0.0,,,,,,,0.4376817047595978,0.7097682565450668,1.0,,,,,
91,3,generator,generate_answer|generate_with_strict_citations|generate_short_answer,generate_answer,-0.07,0,verifier,-0.379223,-1.0,0.845638,0.824783,-0.379223,-1.0,0.845638,0.824783,,,,,,,,,,0.3103887438774109,0.0,384,0.9123916625976562,
91,4,verifier,verify_answer,verify_answer,0.7972,1,,-0.712188,,,,-0.712188,0.0,0.0,0.0,,,,,,,,,,,,,,0.14390605688095093
92,1,retriever,dense_retrieve|sparse_retrieve|hybrid_retrieve|hybrid_rerank,hybrid_rerank,-0.02,0,grader,0.134392,0.104225,0.965583,-1.0,0.134392,0.104225,0.965583,-1.0,0.5671960934996605,13,0.9827913343906403,0.0,,,,,,,,,,
92,2,grader,keep_all|loose_filter|medium_filter|strict_filter|rerank_only,strict_filter,-0.07,0,generator,-0.351984,-1.0,1.0,,-0.351984,-1.0,1.0,0.0,,,,,,,0.32400812208652496,0.7,1.0,,,,,
92,3,generator,generate_answer|generate_with_strict_citations|generate_short_answer,generate_answer,-0.07,0,verifier,-0.343633,-0.849295,0.437731,1.0,-0.343633,-0.849295,0.437731,1.0,,,,,,,,,,0.3281833082437515,0.07535269856452942,384,1.0,
92,4,verifier,verify_answer,verify_answer,0.5574,1,,-0.624973,,,,-0.624973,0.0,0.0,0.0,,,,,,,,,,,,,,0.1875135898590088
93,1,retriever,dense_retrieve|sparse_retrieve|hybrid_retrieve|hybrid_rerank,hybrid_rerank,-0.02,0,grader,0.12464,0.568426,0.057224,-1.0,0.12464,0.568426,0.057224,-1.0,0.5623201131820679,16,0.5286118742078543,0.0,,,,,,,,,,
93,2,grader,keep_all|loose_filter|medium_filter|strict_filter|rerank_only,rerank_only,-0.07,0,generator,0.885559,-0.712534,-0.926494,,0.885559,-0.712534,-0.926494,0.0,,,,,,,0.9427796304225922,0.7431198358535767,0.03675311803817749,,,,,
93,3,generator,generate_answer|generate_with_strict_citations|generate_short_answer,generate_answer,-0.07,0,verifier,-0.452955,-0.868417,0.928871,0.846075,-0.452955,-0.868417,0.928871,0.846075,,,,,,,,,,0.27352261543273926,0.06579151749610901,384,0.9230377376079559,
93,4,verifier,verify_answer,verify_answer,0.845,1,,-0.840903,,,,-0.840903,0.0,0.0,0.0,,,,,,,,,,,,,,0.07954850792884827
94,1,retriever,dense_retrieve|sparse_retrieve|hybrid_retrieve|hybrid_rerank,dense_retrieve,-0.02,0,grader,0.550891,0.804687,-0.371012,-0.831232,0.550891,0.804687,-0.371012,-0.831232,0.7754453718662262,18,0.314493864774704,0.08438381552696228,,,,,,,,,,
94,2,grader,keep_all|loose_filter|medium_filter|strict_filter|rerank_only,rerank_only,-0.07,0,generator,1.0,-0.821671,-0.832011,,1.0,-0.821671,-0.832011,0.0,,,,,,,1.0,0.7267492949962615,0.08399462699890137,,,,,
94,3,generator,generate_answer|generate_with_strict_citations|generate_short_answer,generate_answer,-0.07,0,verifier,-0.655062,-0.754204,0.668668,0.881244,-0.655062,-0.754204,0.668668,0.881244,,,,,,,,,,0.17246896028518677,0.12289789319038391,384,0.940621942281723,
94,4,verifier,verify_answer,verify_answer,0.7928,1,,-0.968584,,,,-0.968584,0.0,0.0,0.0,,,,,,,,,,,,,,0.015707820653915405
95,1,retriever,dense_retrieve|sparse_retrieve|hybrid_retrieve|hybrid_rerank,hybrid_retrieve,-0.02,0,grader,0.155351,0.891254,-0.471228,-0.926178,0.155351,0.891254,-0.471228,-0.926178,0.5776754319667816,19,0.2643858790397644,0.03691086173057556,,,,,,,,,,
95,2,grader,keep_all|loose_filter|medium_filter|strict_filter|rerank_only,rerank_only,-0.07,0,generator,1.0,-0.931666,-0.977744,,1.0,-0.931666,-0.977744,0.0,,,,,,,1.0,0.7102500975131988,0.011127859354019165,,,,,
95,3,generator,generate_answer|generate_with_strict_citations|generate_short_answer,generate_answer,-0.07,0,verifier,-0.456174,-0.820778,0.576385,0.904723,-0.456174,-0.820778,0.576385,0.904723,,,,,,,,,,0.27191299200057983,0.08961102366447449,384,0.952361673116684,
95,4,verifier,verify_answer,verify_answer,0.7173,1,,-0.505584,,,,-0.505584,0.0,0.0,0.0,,,,,,,,,,,,,,0.2472078502178192
96,1,retriever,dense_retrieve|sparse_retrieve|hybrid_retrieve|hybrid_rerank,hybrid_rerank,-0.02,0,grader,-0.04794,0.459678,0.720579,-0.977315,-0.04794,0.459678,0.720579,-0.977315,0.4760301075875759,15,0.8602895736694336,0.011342465877532959,,,,,,,,,,
96,2,grader,keep_all|loose_filter|medium_filter|strict_filter|rerank_only,medium_filter,-0.07,0,generator,-0.081168,-0.997206,0.759279,,-0.081168,-0.997206,0.759279,0.0,,,,,,,0.45941582694649696,0.700419157743454,0.8796393871307373,,,,,
96,3,generator,generate_answer|generate_with_strict_citations|generate_short_answer,generate_answer,-0.07,0,verifier,-0.725185,-0.759844,0.727235,0.409817,-0.725185,-0.759844,0.727235,0.409817,,,,,,,,,,0.13740739226341248,0.12007787823677063,384,0.7049083262681961,
96,4,verifier,verify_answer,verify_answer,0.7757,1,,-0.979045,,,,-0.979045,0.0,0.0,0.0,,,,,,,,,,,,,,0.010477691888809204
97,1,retriever,dense_retrieve|sparse_retrieve|hybrid_retrieve|hybrid_rerank,hybrid_retrieve,-0.02,0,grader,-0.18159,0.671942,-0.402963,-0.840544,-0.18159,0.671942,-0.402963,-0.840544,0.4092049151659012,17,0.29851873219013214,0.07972800731658936,,,,,,,,,,
97,2,grader,keep_all|loose_filter|medium_filter|strict_filter|rerank_only,rerank_only,-0.07,0,generator,0.886302,-0.661935,-0.729153,,0.886302,-0.661935,-0.729153,0.0,,,,,,,0.9431511163711548,0.7507096916437148,0.13542339205741882,,,,,
97,3,generator,generate_answer|generate_with_strict_citations|generate_short_answer,generate_short_answer,-0.07,0,verifier,-0.609864,-1.0,1.0,0.351578,-0.609864,-1.0,1.0,0.351578,,,,,,,,,,0.19506800174713135,0.0,384,0.6757891327142715,
97,4,verifier,verify_answer,verify_answer,0.4977,1,,-1.0,,,,-1.0,0.0,0.0,0.0,,,,,,,,,,,,,,0.0
98,1,retriever,dense_retrieve|sparse_retrieve|hybrid_retrieve|hybrid_rerank,hybrid_retrieve,-0.02,0,grader,-0.027691,1.0,-0.536173,-0.908083,-0.027691,1.0,-0.536173,-0.908083,0.4861546829342842,20,0.23191365599632263,0.04595842957496643,,,,,,,,,,
98,2,grader,keep_all|loose_filter|medium_filter|strict_filter|rerank_only,rerank_only,-0.07,0,generator,1.0,-0.871789,-0.767312,,1.0,-0.871789,-0.767312,0.0,,,,,,,1.0,0.719231590628624,0.1163439154624939,,,,,
98,3,generator,generate_answer|generate_with_strict_citations|generate_short_answer,generate_short_answer,-0.07,0,verifier,-0.587206,-0.983608,0.763356,0.294878,-0.587206,-0.983608,0.763356,0.294878,,,,,,,,,,0.2063969373703003,0.00819617509841919,384,0.6474388390779495,
98,4,verifier,verify_answer,verify_answer,0.601,1,,-0.793628,,,,-0.793628,0.0,0.0,0.0,,,,,,,,,,,,,,0.10318592190742493
99,1,retriever,dense_retrieve|sparse_retrieve|hybrid_retrieve|hybrid_rerank,sparse_retrieve,-0.02,0,grader,-0.519939,0.871038,-0.954926,-1.0,-0.519939,0.871038,-0.954926,-1.0,0.24003049731254578,19,0.022537022829055786,0.0,,,,,,,,,,
99,2,grader,keep_all|loose_filter|medium_filter|strict_filter|rerank_only,rerank_only,-0.07,0,generator,1.0,-0.790924,-0.840178,,1.0,-0.790924,-0.840178,0.0,,,,,,,1.0,0.7313613533973693,0.07991117238998413,,,,,
99,3,generator,generate_answer|generate_with_strict_citations|generate_short_answer,generate_short_answer,-0.07,0,verifier,0.154505,-1.0,-0.408938,-1.0,0.154505,-1.0,-0.408938,-1.0,,,,,,,,,,0.5772522613406181,0.0,128,0.0,
99,4,verifier,verify_answer,verify_answer,-0.07,0,verifier,0.900741,,,,0.900741,0.0,0.0,0.0,,,,,,,,,,,,,,0.9503706097602844
99,5,verifier,request_regeneration|request_more_retrieval|request_rewrite,request_regeneration,-0.07,0,generator,0.991375,,,,0.991375,0.0,0.0,0.0,,,,,,,,,,,,,,0.9956875145435333
99,6,generator,generate_answer|generate_with_strict_citations|generate_short_answer|regenerate,generate_short_answer,-0.07,0,verifier,0.0567,-1.0,-0.618581,-1.0,0.0567,-1.0,-0.618581,-1.0,,,,,,,,,,0.5283498708158731,0.0,128,0.0,
99,7,verifier,verify_answer,verify_answer,0.7291,1,,1.0,,,,1.0,0.0,0.0,0.0,,,,,,,,,,,,,,1.0
100,1,retriever,dense_retrieve|sparse_retrieve|hybrid_retrieve|hybrid_rerank,sparse_retrieve,-0.02,0,grader,-0.463642,0.948305,-0.923129,-0.909812,-0.463642,0.948305,-0.923129,-0.909812,0.26817891001701355,19,0.03843536972999573,0.045094043016433716,,,,,,,,,,
100,2,grader,keep_all|loose_filter|medium_filter|strict_filter|rerank_only,rerank_only,-0.07,0,generator,1.0,-0.795136,-0.956595,,1.0,-0.795136,-0.956595,0.0,,,,,,,1.0,0.7307295322418212,0.02170264720916748,,,,,
100,3,generator,generate_answer|generate_with_strict_citations|generate_short_answer,generate_short_answer,-0.07,0,verifier,0.41607,-0.973246,-0.47541,-0.963863,0.41607,-0.973246,-0.47541,-0.963863,,,,,,,,,,0.7080347836017609,0.013376981019973755,128,0.018068432807922363,
100,4,verifier,verify_answer,verify_answer,0.6412,1,,0.961436,,,,0.961436,0.0,0.0,0.0,,,,,,,,,,,,,,0.9807180762290955
101,1,retriever,dense_retrieve|sparse_retrieve|hybrid_retrieve|hybrid_rerank,sparse_retrieve,-0.02,0,grader,-0.409824,0.75221,-1.0,-0.730854,-0.409824,0.75221,-1.0,-0.730854,0.2950882017612457,18,0.0,0.134572833776474,,,,,,,,,,
101,2,grader,keep_all|loose_filter|medium_filter|strict_filter|rerank_only,rerank_only,-0.07,0,generator,0.805075,-1.0,-1.0,,0.805075,-1.0,-1.0,0.0,,,,,,,0.902537614107132,0.7,0.0,,,,,
101,3,generator,generate_answer|generate_with_strict_citations|generate_short_answer,generate_short_answer,-0.07,0,verifier,0.599027,-1.0,-0.252842,-1.0,0.599027,-1.0,-0.252842,-1.0,,,,,,,,,,0.799513429403305,0.0,128,0.0,
101,4,verifier,verify_answer,verify_answer,-0.07,0,verifier,0.994271,,,,0.994271,0.0,0.0,0.0,,,,,,,,,,,,,,0.9971355199813843
101,5,verifier,request_regeneration|request_more_retrieval|request_rewrite,request_regeneration,-0.07,0,generator,0.857819,,,,0.857819,0.0,0.0,0.0,,,,,,,,,,,,,,0.9289096891880035
101,6,generator,generate_answer|generate_with_strict_citations|generate_short_answer|regenerate,generate_short_answer,-0.07,0,verifier,0.935086,-1.0,-0.229239,-0.980197,0.935086,-1.0,-0.229239,-0.980197,,,,,,,,,,0.9675430953502655,0.0,128,0.00990140438079834,
101,7,verifier,verify_answer,verify_answer,-0.07,0,verifier,0.938364,,,,0.938364,0.0,0.0,0.0,,,,,,,,,,,,,,0.9691820442676544
101,8,verifier,request_regeneration|request_more_retrieval|request_rewrite,request_regeneration,-0.07,0,generator,0.916143,,,,0.916143,0.0,0.0,0.0,,,,,,,,,,,,,,0.9580717384815216
101,9,generator,generate_answer|generate_with_strict_citations|generate_short_answer|regenerate,generate_short_answer,-0.07,0,verifier,0.846879,-1.0,-0.260224,-0.839157,0.846879,-1.0,-0.260224,-0.839157,,,,,,,,,,0.9234392940998077,0.0,128,0.08042129874229431,
101,10,verifier,verify_answer,verify_answer,0.0351,1,,1.0,,,,1.0,0.0,0.0,0.0,,,,,,,,,,,,,,1.0
102,1,retriever,dense_retrieve|sparse_retrieve|hybrid_retrieve|hybrid_rerank,hybrid_retrieve,-0.02,0,grader,-0.248719,0.656464,-0.975331,-0.60545,-0.248719,0.656464,-0.975331,-0.60545,0.3756405711174011,17,0.012334436178207397,0.1972750723361969,,,,,,,,,,
102,2,grader,keep_all|loose_filter|medium_filter|strict_filter|rerank_only,rerank_only,-0.07,0,generator,0.873654,-0.753957,-0.659193,,0.873654,-0.753957,-0.659193,0.0,,,,,,,0.9368271231651306,0.7369064897298813,0.17040345072746277,,,,,
102,3,generator,generate_answer|generate_with_strict_citations|generate_short_answer,generate_short_answer,-0.07,0,verifier,-0.646036,-0.913359,1.0,-0.996317,-0.646036,-0.913359,1.0,-0.996317,,,,,,,,,,0.17698213458061218,0.043320298194885254,192,0.001841723918914795,
102,4,verifier,verify_answer,verify_answer,0.7182,1,,-0.732376,,,,-0.732376,0.0,0.0,0.0,,,,,,,,,,,,,,0.1338120400905609
103,1,retriever,dense_retrieve|sparse_retrieve|hybrid_retrieve|hybrid_rerank,hybrid_rerank,-0.02,0,grader,-0.197822,-0.775047,0.480685,-1.0,-0.197822,-0.775047,0.480685,-1.0,0.4010889083147049,6,0.7403424233198166,0.0,,,,,,,,,,
103,2,grader,keep_all|loose_filter|medium_filter|strict_filter|rerank_only,strict_filter,-0.07,0,generator,-0.472356,-1.0,0.989199,,-0.472356,-1.0,0.989199,0.0,,,,,,,0.2638219743967056,0.7,0.9945994317531586,,,,,
103,3,generator,generate_answer|generate_with_strict_citations|generate_short_answer,generate_short_answer,-0.07,0,verifier,-0.894664,-0.947532,1.0,-1.0,-0.894664,-0.947532,1.0,-1.0,,,,,,,,,,0.05266791582107544,0.02623423933982849,192,0.0,
103,4,verifier,verify_answer,verify_answer,0.1404,1,,-0.40448,,,,-0.40448,0.0,0.0,0.0,,,,,,,,,,,,,,0.2977602332830429
104,1,retriever,dense_retrieve|sparse_retrieve|hybrid_retrieve|hybrid_rerank,hybrid_rerank,-0.02,0,grader,0.080101,-0.879067,1.0,-0.934418,0.080101,-0.879067,1.0,-0.934418,0.5400502569973469,5,1.0,0.03279101848602295,,,,,,,,,,
104,2,grader,keep_all|loose_filter|medium_filter|strict_filter|rerank_only,strict_filter,-0.07,0,generator,-0.989597,-1.0,1.0,,-0.989597,-1.0,1.0,0.0,,,,,,,0.00520169734954834,0.7,1.0,,,,,
104,3,generator,generate_answer|generate_with_strict_citations|generate_short_answer,generate_short_answer,-0.07,0,verifier,-0.659573,-0.916202,0.800155,-0.963198,-0.659573,-0.916202,0.800155,-0.963198,,,,,,,,,,0.17021337151527405,0.041898906230926514,185,0.018400758504867554,
104,4,verifier,verify_answer,verify_answer,0.6485,1,,-0.970186,,,,-0.970186,0.0,0.0,0.0,,,,,,,,,,,,,,0.014907121658325195
105,1,retriever,dense_retrieve|sparse_retrieve|hybrid_retrieve|hybrid_rerank,hybrid_retrieve,-0.02,0,grader,-0.043552,0.75047,-1.0,-0.808133,-0.043552,0.75047,-1.0,-0.808133,0.4782237932085991,18,0.0,0.09593349695205688,,,,,,,,,,
105,2,grader,keep_all|loose_filter|medium_filter|strict_filter|rerank_only,rerank_only,-0.07,0,generator,1.0,-0.908518,-0.877586,,1.0,-0.908518,-0.877586,0.0,,,,,,,1.0,0.7137222528457641,0.06120678782463074,,,,,
105,3,generator,generate_answer|generate_with_strict_citations|generate_short_answer,generate_short_answer,-0.07,0,verifier,-0.606381,-0.816412,0.966229,-0.635253,-0.606381,-0.816412,0.966229,-0.635253,,,,,,,,,,0.19680970907211304,0.09179380536079407,258,0.18237340450286865,
105,4,verifier,verify_answer,verify_answer,0.7075,1,,-0.365356,,,,-0.365356,0.0,0.0,0.0,,,,,,,,,,,,,,0.3173218071460724
106,1,retriever,dense_retrieve|sparse_retrieve|hybrid_retrieve|hybrid_rerank,hybrid_rerank,-0.02,0,grader,0.100919,-0.783425,0.769619,-1.0,0.100919,-0.783425,0.769619,-1.0,0.5504593141376972,6,0.8848092555999756,0.0,,,,,,,,,,
106,2,grader,keep_all|loose_filter|medium_filter|strict_filter|rerank_only,strict_filter,-0.07,0,generator,-0.454293,-0.856063,0.813236,,-0.454293,-0.856063,0.813236,0.0,,,,,,,0.2728535234928131,0.7215905666351318,0.906618058681488,,,,,
106,3,generator,generate_answer|generate_with_strict_citations|generate_short_answer,generate_short_answer,-0.07,0,verifier,-0.8298,-1.0,1.0,-1.0,-0.8298,-1.0,1.0,-1.0,,,,,,,,,,0.0851002037525177,0.0,192,0.0,
106,4,verifier,verify_answer,verify_answer,0.3075,1,,-0.884413,,,,-0.884413,0.0,0.0,0.0,,,,,,,,,,,,,,0.05779370665550232
107,1,retriever,dense_retrieve|sparse_retrieve|hybrid_retrieve|hybrid_rerank,dense_retrieve,-0.02,0,grader,0.360515,1.0,-0.983443,-0.867154,0.360515,1.0,-0.983443,-0.867154,0.6802576929330826,20,0.008278489112854004,0.0664232075214386,,,,,,,,,,
107,2,grader,keep_all|loose_filter|medium_filter|strict_filter|rerank_only,rerank_only,-0.07,0,generator,1.0,-1.0,-0.742396,,1.0,-1.0,-0.742396,0.0,,,,,,,1.0,0.7,0.12880203127861023,,,,,
107,3,generator,generate_answer|generate_with_strict_citations|generate_short_answer,generate_short_answer,-0.07,0,verifier,-0.491749,-0.958183,1.0,-1.0,-0.491749,-0.958183,1.0,-1.0,,,,,,,,,,0.2541254013776779,0.020908623933792114,192,0.0,
107,4,verifier,verify_answer,verify_answer,0.8092,1,,-0.212478,,,,-0.212478,0.0,0.0,0.0,,,,,,,,,,,,,,0.3937610760331154
108,1,retriever,dense_retrieve|sparse_retrieve|hybrid_retrieve|hybrid_rerank,hybrid_retrieve,-0.02,0,grader,0.246314,0.811683,-0.899122,-1.0,0.246314,0.811683,-0.899122,-1.0,0.6231571659445763,18,0.05043885111808777,0.0,,,,,,,,,,
108,2,grader,keep_all|loose_filter|medium_filter|strict_filter|rerank_only,rerank_only,-0.07,0,generator,1.0,-1.0,-0.478096,,1.0,-1.0,-0.478096,0.0,,,,,,,1.0,0.7,0.26095180213451385,,,,,
108,3,generator,generate_answer|generate_with_strict_citations|generate_short_answer,generate_short_answer,-0.07,0,verifier,-0.334319,-1.0,1.0,-0.783952,-0.334319,-1.0,1.0,-0.783952,,,,,,,,,,0.3328404873609543,0.0,233,0.10802420973777771,
108,4,verifier,verify_answer,verify_answer,0.5035,1,,-0.1283,,,,-0.1283,0.0,0.0,0.0,,,,,,,,,,,,,,0.4358500614762306
109,1,retriever,dense_retrieve|sparse_retrieve|hybrid_retrieve|hybrid_rerank,dense_retrieve,-0.02,0,grader,0.361768,0.742995,-1.0,-1.0,0.361768,0.742995,-1.0,-1.0,0.6808841973543167,18,0.0,0.0,,,,,,,,,,
109,2,grader,keep_all|loose_filter|medium_filter|strict_filter|rerank_only,rerank_only,-0.07,0,generator,0.905279,-1.0,-0.672532,,0.905279,-1.0,-0.672532,0.0,,,,,,,0.9526396989822388,0.7,0.16373413801193237,,,,,
109,3,generator,generate_answer|generate_with_strict_citations|generate_short_answer,generate_short_answer,-0.07,0,verifier,-0.254097,-1.0,1.0,-0.983443,-0.254097,-1.0,1.0,-0.983443,,,,,,,,,,0.37295134365558624,0.0,195,0.008278340101242065,
109,4,verifier,verify_answer,verify_answer,0.5835,1,,-0.399946,,,,-0.399946,0.0,0.0,0.0,,,,,,,,,,,,,,0.3000269830226898
110,1,retriever,dense_retrieve|sparse_retrieve|hybrid_retrieve|hybrid_rerank,hybrid_rerank,-0.02,0,grader,0.05459,-0.742505,0.621373,-0.907457,0.05459,-0.742505,0.621373,-0.907457,0.5272951815277338,6,0.8106864094734192,0.04627165198326111,,,,,,,,,,
110,2,grader,keep_all|loose_filter|medium_filter|strict_filter|rerank_only,medium_filter,-0.07,0,generator,-0.499207,-0.816729,0.735193,,-0.499207,-0.816729,0.735193,0.0,,,,,,,0.2503967136144638,0.7274907022714614,0.8675963580608368,,,,,
110,3,generator,generate_answer|generate_with_strict_citations|generate_short_answer,generate_short_answer,-0.07,0,verifier,-0.318319,-0.972365,0.927659,-1.0,-0.318319,-0.972365,0.927659,-1.0,,,,,,,,,,0.34084051847457886,0.013817518949508667,187,0.0,
110,4,verifier,verify_answer,verify_answer,0.7184,1,,-0.698678,,,,-0.698678,0.0,0.0,0.0,,,,,,,,,,,,,,0.15066111087799072
111,1,retriever,dense_retrieve|sparse_retrieve|hybrid_retrieve|hybrid_rerank,hybrid_rerank,-0.02,0,grader,0.032664,-0.632154,0.852847,-0.99711,0.032664,-0.632154,0.852847,-0.99711,0.5163321066647768,7,0.9264232814311981,0.001445174217224121,,,,,,,,,,
111,2,grader,keep_all|loose_filter|medium_filter|strict_filter|rerank_only,medium_filter,-0.07,0,generator,-0.710445,-0.820936,0.721537,,-0.710445,-0.820936,0.721537,0.0,,,,,,,0.14477750658988953,0.7268596410751342,0.8607682883739471,,,,,
111,3,generator,generate_answer|generate_with_strict_citations|generate_short_answer,generate_short_answer,-0.07,0,verifier,-0.820385,-1.0,1.0,-1.0,-0.820385,-1.0,1.0,-1.0,,,,,,,,,,0.08980733156204224,0.0,192,0.0,
111,4,verifier,verify_answer,verify_answer,0.7423,1,,-0.870187,,,,-0.870187,0.0,0.0,0.0,,,,,,,,,,,,,,0.0649065375328064
112,1,retriever,dense_retrieve|sparse_retrieve|hybrid_retrieve|hybrid_rerank,hybrid_retrieve,-0.02,0,grader,0.244465,0.69436,-0.904422,-0.880837,0.244465,0.69436,-0.904422,-0.880837,0.6222323998808861,17,0.047789156436920166,0.059581488370895386,,,,,,,,,,
112,2,grader,keep_all|loose_filter|medium_filter|strict_filter|rerank_only,rerank_only,-0.07,0,generator,0.910005,-1.0,-1.0,,0.910005,-1.0,-1.0,0.0,,,,,,,0.9550023674964905,0.7,0.0,,,,,
112,3,generator,generate_answer|generate_with_strict_citations|generate_short_answer,generate_short_answer,-0.07,0,verifier,-0.450507,-1.0,1.0,-0.997457,-0.450507,-1.0,1.0,-0.997457,,,,,,,,,,0.2747463583946228,0.0,192,0.0012714564800262451,
112,4,verifier,verify_answer,verify_answer,0.4145,1,,-0.692471,,,,-0.692471,0.0,0.0,0.0,,,,,,,,,,,,,,0.15376439690589905
113,1,retriever,dense_retrieve|sparse_retrieve|hybrid_retrieve|hybrid_rerank,hybrid_retrieve,-0.02,0,grader,0.19206,0.816399,-0.793875,-1.0,0.19206,0.816399,-0.793875,-1.0,0.5960301384329796,18,0.10306248068809509,0.0,,,,,,,,,,
113,2,grader,keep_all|loose_filter|medium_filter|strict_filter|rerank_only,rerank_only,-0.07,0,generator,0.991291,-1.0,-0.904495,,0.991291,-1.0,-0.904495,0.0,,,,,,,0.9956457316875458,0.7,0.04775241017341614,,,,,
113,3,generator,generate_answer|generate_with_strict_citations|generate_short_answer,generate_short_answer,-0.07,0,verifier,-0.674158,-1.0,1.0,-1.0,-0.674158,-1.0,1.0,-1.0,,,,,,,,,,0.16292107105255127,0.0,192,0.0,
113,4,verifier,verify_answer,verify_answer,0.6283,1,,-1.0,,,,-1.0,0.0,0.0,0.0,,,,,,,,,,,,,,0.0
114,1,retriever,dense_retrieve|sparse_retrieve|hybrid_retrieve|hybrid_rerank,hybrid_rerank,-0.02,0,grader,0.01164,-0.445293,0.708267,-0.84183,0.01164,-0.445293,0.708267,-0.84183,0.5058199125342071,9,0.8541336357593536,0.07908487319946289,,,,,,,,,,
114,2,grader,keep_all|loose_filter|medium_filter|strict_filter|rerank_only,rerank_only,-0.07,0,generator,-0.74435,-0.725775,-0.06477,,-0.74435,-0.725775,-0.06477,0.0,,,,,,,0.12782523036003113,0.7411337673664092,0.46761516854166985,,,,,
114,3,generator,generate_answer|generate_with_strict_citations|generate_short_answer,generate_short_answer,-0.07,0,verifier,-0.783955,-0.665798,0.897203,-0.885853,-0.783955,-0.665798,0.897203,-0.885853,,,,,,,,,,0.10802263021469116,0.16710105538368225,206,0.05707353353500366,
114,4,verifier,verify_answer,verify_answer,0.4519,1,,-0.837751,,,,-0.837751,0.0,0.0,0.0,,,,,,,,,,,,,,0.08112463355064392
115,1,retriever,dense_retrieve|sparse_retrieve|hybrid_retrieve|hybrid_rerank,hybrid_rerank,-0.02,0,grader,-0.047419,-0.080431,0.84618,-1.0,-0.047419,-0.080431,0.84618,-1.0,0.4762905966490507,11,0.923090010881424,0.0,,,,,,,,,,
115,2,grader,keep_all|loose_filter|medium_filter|strict_filter|rerank_only,loose_filter,-0.07,0,generator,-0.261524,-1.0,0.508828,,-0.261524,-1.0,0.508828,0.0,,,,,,,0.3692380338907242,0.7,0.7544141113758087,,,,,
115,3,generator,generate_answer|generate_with_strict_citations|generate_short_answer,generate_short_answer,-0.07,0,verifier,-0.759484,-1.0,1.0,-1.0,-0.759484,-1.0,1.0,-1.0,,,,,,,,,,0.12025803327560425,0.0,192,0.0,
115,4,verifier,verify_answer,verify_answer,0.5459,1,,-1.0,,,,-1.0,0.0,0.0,0.0,,,,,,,,,,,,,,0.0
116,1,retriever,dense_retrieve|sparse_retrieve|hybrid_retrieve|hybrid_rerank,hybrid_rerank,-0.02,0,grader,-0.027748,-0.313822,0.67713,-0.917393,-0.027748,-0.313822,0.67713,-0.917393,0.48612600564956665,10,0.8385647535324097,0.0413036048412323,,,,,,,,,,
116,2,grader,keep_all|loose_filter|medium_filter|strict_filter|rerank_only,rerank_only,-0.07,0,generator,-0.213644,-0.891944,0.368425,,-0.213644,-0.891944,0.368425,0.0,,,,,,,0.393177755177021,0.7162084549665451,0.6842126250267029,,,,,
116,3,generator,generate_answer|generate_with_strict_citations|generate_short_answer,generate_short_answer,-0.07,0,verifier,-0.914749,-1.0,1.0,-1.0,-0.914749,-1.0,1.0,-1.0,,,,,,,,,,0.042625635862350464,0.0,192,0.0,
116,4,verifier,verify_answer,verify_answer,0.4041,1,,-0.945235,,,,-0.945235,0.0,0.0,0.0,,,,,,,,,,,,,,0.027382642030715942
117,1,retriever,dense_retrieve|sparse_retrieve|hybrid_retrieve|hybrid_rerank,hybrid_retrieve,-0.02,0,grader,0.264305,1.0,-0.89087,-0.672185,0.264305,1.0,-0.89087,-0.672185,0.6321522891521454,20,0.05456480383872986,0.16390752792358398,,,,,,,,,,
117,2,grader,keep_all|loose_filter|medium_filter|strict_filter|rerank_only,rerank_only,-0.07,0,generator,0.899869,-0.860736,-0.755087,,0.899869,-0.860736,-0.755087,0.0,,,,,,,0.9499345123767853,0.7208895891904831,0.12245625257492065,,,,,
117,3,generator,generate_answer|generate_with_strict_citations|generate_short_answer,generate_short_answer,-0.07,0,verifier,-0.681763,-0.760359,1.0,-0.915729,-0.681763,-0.760359,1.0,-0.915729,,,,,,,,,,0.1591184437274933,0.11982026696205139,208,0.042135417461395264,
117,4,verifier,verify_answer,verify_answer,0.803,1,,-0.694083,,,,-0.694083,0.0,0.0,0.0,,,,,,,,,,,,,,0.15295827388763428
118,1,retriever,dense_retrieve|sparse_retrieve|hybrid_retrieve|hybrid_rerank,hybrid_rerank,-0.02,0,grader,-0.124319,-0.232628,0.684869,-1.0,-0.124319,-0.232628,0.684869,-1.0,0.4378405287861824,10,0.8424345254898071,0.0,,,,,,,,,,
118,2,grader,keep_all|loose_filter|medium_filter|strict_filter|rerank_only,loose_filter,-0.07,0,generator,0.524433,-1.0,0.471268,,0.524433,-1.0,0.471268,0.0,,,,,,,0.7622166275978088,0.7,0.7356340289115906,,,,,
118,3,generator,generate_answer|generate_with_strict_citations|generate_short_answer,generate_short_answer,-0.07,0,verifier,-0.866263,-0.934715,1.0,-0.868217,-0.866263,-0.934715,1.0,-0.868217,,,,,,,,,,0.06686842441558838,0.03264230489730835,217,0.06589144468307495,
118,4,verifier,verify_answer,verify_answer,0.7752,1,,-1.0,,,,-1.0,0.0,0.0,0.0,,,,,,,,,,,,,,0.0
119,1,retriever,dense_retrieve|sparse_retrieve|hybrid_retrieve|hybrid_rerank,dense_retrieve,-0.02,0,grader,0.328582,1.0,-1.0,-0.754546,0.328582,1.0,-1.0,-0.754546,0.6642908155918121,20,0.0,0.12272685766220093,,,,,,,,,,
119,2,grader,keep_all|loose_filter|medium_filter|strict_filter|rerank_only,rerank_only,-0.07,0,generator,1.0,-0.889654,-0.729083,,1.0,-0.889654,-0.729083,0.0,,,,,,,1.0,0.7165519207715988,0.13545840978622437,,,,,
119,3,generator,generate_answer|generate_with_strict_citations|generate_short_answer,generate_short_answer,-0.07,0,verifier,-0.435873,-0.960512,0.794508,-0.936294,-0.435873,-0.960512,0.794508,-0.936294,,,,,,,,,,0.2820636183023453,0.019744187593460083,189,0.031853049993515015,
119,4,verifier,verify_answer,verify_answer,0.8036,1,,-0.872761,,,,-0.872761,0.0,0.0,0.0,,,,,,,,,,,,,,0.06361967325210571
120,1,retriever,dense_retrieve|sparse_retrieve|hybrid_retrieve|hybrid_rerank,hybrid_rerank,-0.02,0,grader,-0.065356,-0.018276,1.0,-0.99469,-0.065356,-0.018276,1.0,-0.99469,0.46732188761234283,12,1.0,0.0026551783084869385,,,,,,,,,,
120,2,grader,keep_all|loose_filter|medium_filter|strict_filter|rerank_only,rerank_only,-0.07,0,generator,0.923441,-0.744555,0.078961,,0.923441,-0.744555,0.078961,0.0,,,,,,,0.96172034740448,0.7383167684078216,0.5394807383418083,,,,,
120,3,generator,generate_answer|generate_with_strict_citations|generate_short_answer,generate_short_answer,-0.07,0,verifier,-0.34666,-0.891844,0.728334,-0.8845,-0.34666,-0.891844,0.728334,-0.8845,,,,,,,,,,0.3266701102256775,0.054077982902526855,194,0.05774986743927002,
120,4,verifier,verify_answer,verify_answer,0.7347,1,,-0.769079,,,,-0.769079,0.0,0.0,0.0,,,,,,,,,,,,,,0.11546069383621216
121,1,retriever,dense_retrieve|sparse_retrieve|hybrid_retrieve|hybrid_rerank,dense_retrieve,-0.02,0,grader,0.741037,1.0,-1.0,-1.0,0.741037,1.0,-1.0,-1.0,0.8705185651779175,20,0.0,0.0,,,,,,,,,,
121,2,grader,keep_all|loose_filter|medium_filter|strict_filter|rerank_only,rerank_only,-0.07,0,generator,0.966918,-1.0,-1.0,,0.966918,-1.0,-1.0,0.0,,,,,,,0.9834588766098022,0.7,0.0,,,,,
121,3,generator,generate_answer|generate_with_strict_citations|generate_short_answer,generate_short_answer,-0.07,0,verifier,-0.434382,-0.736975,1.0,-1.0,-0.434382,-0.736975,1.0,-1.0,,,,,,,,,,0.282808780670166,0.13151249289512634,192,0.0,
121,4,verifier,verify_answer,verify_answer,0.7525,1,,-0.763806,,,,-0.763806,0.0,0.0,0.0,,,,,,,,,,,,,,0.11809718608856201
122,1,retriever,dense_retrieve|sparse_retrieve|hybrid_retrieve|hybrid_rerank,hybrid_rerank,-0.02,0,grader,0.175798,-0.194947,0.916657,-0.995759,0.175798,-0.194947,0.916657,-0.995759,0.5878988429903984,11,0.9583286941051483,0.0021206438541412354,,,,,,,,,,
122,2,grader,keep_all|loose_filter|medium_filter|strict_filter|rerank_only,loose_filter,-0.07,0,generator,0.802977,-0.902655,0.457541,,0.802977,-0.902655,0.457541,0.0,,,,,,,0.9014886021614075,0.7146017491817473,0.7287706881761551,,,,,
122,3,generator,generate_answer|generate_with_strict_citations|generate_short_answer,generate_short_answer,-0.07,0,verifier,-0.693362,-1.0,0.926499,-0.88938,-0.693362,-1.0,0.926499,-0.88938,,,,,,,,,,0.15331882238388062,0.0,207,0.055309802293777466,
122,4,verifier,verify_answer,verify_answer,0.7847,1,,-0.979011,,,,-0.979011,0.0,0.0,0.0,,,,,,,,,,,,,,0.010494589805603027
123,1,retriever,dense_retrieve|sparse_retrieve|hybrid_retrieve|hybrid_rerank,dense_retrieve,-0.02,0,grader,0.722513,0.935577,-0.949694,-0.85584,0.722513,0.935577,-0.949694,-0.85584,0.8612567186355591,19,0.025152772665023804,0.07208019495010376,,,,,,,,,,
123,2,grader,keep_all|loose_filter|medium_filter|strict_filter|rerank_only,rerank_only,-0.07,0,generator,0.785717,-1.0,-0.928407,,0.785717,-1.0,-0.928407,0.0,,,,,,,0.8928587436676025,0.7,0.03579673171043396,,,,,
123,3,generator,generate_answer|generate_with_strict_citations|generate_short_answer,generate_short_answer,-0.07,0,verifier,-0.27529,-1.0,1.0,-1.0,-0.27529,-1.0,1.0,-1.0,,,,,,,,,,0.362355038523674,0.0,192,0.0,
123,4,verifier,verify_answer,verify_answer,0.8022,1,,-0.768346,,,,-0.768346,0.0,0.0,0.0,,,,,,,,,,,,,,0.11582693457603455
124,1,retriever,dense_retrieve|sparse_retrieve|hybrid_retrieve|hybrid_rerank,hybrid_rerank,-0.02,0,grader,0.12522,0.275421,1.0,-0.816762,0.12522,0.275421,1.0,-0.816762,0.5626097843050957,14,1.0,0.0916188657283783,,,,,,,,,,
124,2,grader,keep_all|loose_filter|medium_filter|strict_filter|rerank_only,strict_filter,-0.07,0,generator,0.838105,-0.910965,0.981007,,0.838105,-0.910965,0.981007,0.0,,,,,,,0.9190524518489838,0.7133552640676498,0.9905034899711609,,,,,
124,3,generator,generate_answer|generate_with_strict_citations|generate_short_answer,generate_short_answer,-0.07,0,verifier,-0.870358,-1.0,0.991049,-1.0,-0.870358,-1.0,0.991049,-1.0,,,,,,,,,,0.06482094526290894,0.0,191,0.0,
124,4,verifier,verify_answer,verify_answer,0.7159,1,,-1.0,,,,-1.0,0.0,0.0,0.0,,,,,,,,,,,,,,0.0
125,1,retriever,dense_retrieve|sparse_retrieve|hybrid_retrieve|hybrid_rerank,hybrid_rerank,-0.02,0,grader,-0.027254,0.073508,0.980095,-0.776446,-0.027254,0.073508,0.980095,-0.776446,0.48637295980006456,13,0.9900475442409515,0.11177694797515869,,,,,,,,,,
125,2,grader,keep_all|loose_filter|medium_filter|strict_filter|rerank_only,strict_filter,-0.07,0,generator,0.71905,-1.0,0.810343,,0.71905,-1.0,0.810343,0.0,,,,,,,0.8595248162746429,0.7,0.9051714837551117,,,,,
125,3,generator,generate_answer|generate_with_strict_citations|generate_short_answer,generate_short_answer,-0.07,0,verifier,-1.0,-0.984775,0.973741,-0.770861,-1.0,-0.984775,0.973741,-0.770861,,,,,,,,,,0.0,0.007612735033035278,233,0.11456942558288574,
125,4,verifier,verify_answer,verify_answer,0.5506,1,,-0.817419,,,,-0.817419,0.0,0.0,0.0,,,,,,,,,,,,,,0.09129074215888977
126,1,retriever,dense_retrieve|sparse_retrieve|hybrid_retrieve|hybrid_rerank,hybrid_rerank,-0.02,0,grader,-0.305043,0.227379,1.0,-0.910766,-0.305043,0.227379,1.0,-0.910766,0.3474784791469574,14,1.0,0.04461711645126343,,,,,,,,,,
126,2,grader,keep_all|loose_filter|medium_filter|strict_filter|rerank_only,strict_filter,-0.07,0,generator,0.337593,-1.0,0.840503,,0.337593,-1.0,0.840503,0.0,,,,,,,0.6687964200973511,0.7,0.9202515482902527,,,,,
126,3,generator,generate_answer|generate_with_strict_citations|generate_short_answer,generate_short_answer,-0.07,0,verifier,-0.647458,-0.687488,1.0,-1.0,-0.647458,-0.687488,1.0,-1.0,,,,,,,,,,0.17627111077308655,0.156255841255188,192,0.0,
126,4,verifier,verify_answer,verify_answer,0.6426,1,,-1.0,,,,-1.0,0.0,0.0,0.0,,,,,,,,,,,,,,0.0
127,1,retriever,dense_retrieve|sparse_retrieve|hybrid_retrieve|hybrid_rerank,hybrid_retrieve,-0.02,0,grader,0.247349,0.714573,-0.642989,-1.0,0.247349,0.714573,-0.642989,-1.0,0.6236744895577431,17,0.1785053014755249,0.0,,,,,,,,,,
127,2,grader,keep_all|loose_filter|medium_filter|strict_filter|rerank_only,rerank_only,-0.07,0,generator,0.928722,-1.0,-0.556184,,0.928722,-1.0,-0.556184,0.0,,,,,,,0.9643609523773193,0.7,0.22190788388252258,,,,,
127,3,generator,generate_answer|generate_with_strict_citations|generate_short_answer,generate_short_answer,-0.07,0,verifier,-0.549317,-1.0,0.561912,-1.0,-0.549317,-1.0,0.561912,-1.0,,,,,,,,,,0.22534161806106567,0.0,163,0.0,
127,4,verifier,verify_answer,verify_answer,0.774,1,,-0.554879,,,,-0.554879,0.0,0.0,0.0,,,,,,,,,,,,,,0.2225605845451355
128,1,retriever,dense_retrieve|sparse_retrieve|hybrid_retrieve|hybrid_rerank,hybrid_rerank,-0.02,0,grader,0.215741,-0.196481,0.890157,-0.927796,0.215741,-0.196481,0.890157,-0.927796,0.6078704670071602,11,0.9450785517692566,0.0361018180847168,,,,,,,,,,
128,2,grader,keep_all|loose_filter|medium_filter|strict_filter|rerank_only,strict_filter,-0.07,0,generator,0.828767,-0.954641,1.0,,0.828767,-0.954641,1.0,0.0,,,,,,,0.9143833220005035,0.7068038254976272,1.0,,,,,
128,3,generator,generate_answer|generate_with_strict_citations|generate_short_answer,generate_short_answer,-0.07,0,verifier,-0.547617,-0.984602,0.963172,-1.0,-0.547617,-0.984602,0.963172,-1.0,,,,,,,,,,0.22619152069091797,0.00769883394241333,189,0.0,
128,4,verifier,verify_answer,verify_answer,0.8327,1,,-0.89151,,,,-0.89151,0.0,0.0,0.0,,,,,,,,,,,,,,0.054244816303253174
129,1,retriever,dense_retrieve|sparse_retrieve|hybrid_retrieve|hybrid_rerank,hybrid_rerank,-0.02,0,grader,-0.095728,-0.014893,1.0,-1.0,-0.095728,-0.014893,1.0,-1.0,0.4521358907222748,12,1.0,0.0,,,,,,,,,,
129,2,grader,keep_all|loose_filter|medium_filter|strict_filter|rerank_only,strict_filter,-0.07,0,generator,1.0,-1.0,0.939638,,1.0,-1.0,0.939638,0.0,,,,,,,1.0,0.7,0.9698189795017242,,,,,
129,3,generator,generate_answer|generate_with_strict_citations|generate_short_answer,generate_short_answer,-0.07,0,verifier,-0.922096,-1.0,1.0,-0.887324,-0.922096,-1.0,1.0,-0.887324,,,,,,,,,,0.03895217180252075,0.0,213,0.05633804202079773,
129,4,verifier,verify_answer,verify_answer,0.733,1,,-0.88939,,,,-0.88939,0.0,0.0,0.0,,,,,,,,,,,,,,0.05530479550361633
130,1,retriever,dense_retrieve|sparse_retrieve|hybrid_retrieve|hybrid_rerank,hybrid_rerank,-0.02,0,grader,-0.069281,-0.048483,0.748056,-1.0,-0.069281,-0.048483,0.748056,-1.0,0.46535951271653175,12,0.874028205871582,0.0,,,,,,,,,,
130,2,grader,keep_all|loose_filter|medium_filter|strict_filter|rerank_only,strict_filter,-0.07,0,generator,1.0,-1.0,0.926759,,1.0,-1.0,0.926759,0.0,,,,,,,1.0,0.7,0.9633796811103821,,,,,
130,3,generator,generate_answer|generate_with_strict_citations|generate_short_answer,generate_short_answer,-0.07,0,verifier,-0.959401,-0.891716,0.988535,-1.0,-0.959401,-0.891716,0.988535,-1.0,,,,,,,,,,0.020299434661865234,0.0541418194770813,191,0.0,
130,4,verifier,verify_answer,verify_answer,0.5085,1,,-0.666306,,,,-0.666306,0.0,0.0,0.0,,,,,,,,,,,,,,0.16684722900390625
131,1,retriever,dense_retrieve|sparse_retrieve|hybrid_retrieve|hybrid_rerank,hybrid_rerank,-0.02,0,grader,-0.287106,-0.202336,1.0,-0.825962,-0.287106,-0.202336,1.0,-0.825962,0.356446772813797,10,1.0,0.08701923489570618,,,,,,,,,,
131,2,grader,keep_all|loose_filter|medium_filter|strict_filter|rerank_only,strict_filter,-0.07,0,generator,0.843427,-0.990643,0.95837,,0.843427,-0.990643,0.95837,0.0,,,,,,,0.9217134416103363,0.70140360891819,0.9791849851608276,,,,,
131,3,generator,generate_answer|generate_with_strict_citations|generate_short_answer,generate_short_answer,-0.07,0,verifier,-0.725311,-0.92272,0.937908,-1.0,-0.725311,-0.92272,0.937908,-1.0,,,,,,,,,,0.1373443603515625,0.038639992475509644,188,0.0,
131,4,verifier,verify_answer,verify_answer,0.6835,1,,-0.846957,,,,-0.846957,0.0,0.0,0.0,,,,,,,,,,,,,,0.07652154564857483
132,1,retriever,dense_retrieve|sparse_retrieve|hybrid_retrieve|hybrid_rerank,hybrid_retrieve,-0.02,0,grader,-0.023874,0.554295,-0.869479,-0.860898,-0.023874,0.554295,-0.869479,-0.860898,0.4880627794191241,16,0.06526073813438416,0.06955105066299438,,,,,,,,,,
132,2,grader,keep_all|loose_filter|medium_filter|strict_filter|rerank_only,rerank_only,-0.07,0,generator,0.644574,-1.0,-0.425119,,0.644574,-1.0,-0.425119,0.0,,,,,,,0.8222872316837311,0.7,0.2874406427145004,,,,,
132,3,generator,generate_answer|generate_with_strict_citations|generate_short_answer,generate_short_answer,-0.07,0,verifier,-0.317352,-0.96516,0.878998,-1.0,-0.317352,-0.96516,0.878998,-1.0,,,,,,,,,,0.3413238525390625,0.017420172691345215,184,0.0,
132,4,verifier,verify_answer,verify_answer,0.7189,1,,-0.612248,,,,-0.612248,0.0,0.0,0.0,,,,,,,,,,,,,,0.19387590885162354
133,1,retriever,dense_retrieve|sparse_retrieve|hybrid_retrieve|hybrid_rerank,hybrid_rerank,-0.02,0,grader,-0.307491,-0.234097,0.917403,-1.0,-0.307491,-0.234097,0.917403,-1.0,0.34625452756881714,10,0.9587016999721527,0.0,,,,,,,,,,
133,2,grader,keep_all|loose_filter|medium_filter|strict_filter|rerank_only,strict_filter,-0.07,0,generator,1.0,-0.756195,0.987213,,1.0,-0.756195,0.987213,0.0,,,,,,,1.0,0.7365706861019135,0.9936064779758453,,,,,
133,3,generator,generate_answer|generate_with_strict_citations|generate_short_answer,generate_short_answer,-0.07,0,verifier,-0.887296,-0.963693,0.758451,-0.865325,-0.887296,-0.963693,0.758451,-0.865325,,,,,,,,,,0.05635178089141846,0.018153607845306396,200,0.06733754277229309,
133,4,verifier,verify_answer,verify_answer,0.6109,1,,-0.906044,,,,-0.906044,0.0,0.0,0.0,,,,,,,,,,,,,,0.04697808623313904
134,1,retriever,dense_retrieve|sparse_retrieve|hybrid_retrieve|hybrid_rerank,sparse_retrieve,-0.02,0,grader,-0.356489,1.0,-0.88601,-1.0,-0.356489,1.0,-0.88601,-1.0,0.32175567746162415,20,0.05699518322944641,0.0,,,,,,,,,,
134,2,grader,keep_all|loose_filter|medium_filter|strict_filter|rerank_only,rerank_only,-0.07,0,generator,0.93411,-0.827527,-0.941471,,0.93411,-0.827527,-0.941471,0.0,,,,,,,0.9670552015304565,0.7258708983659744,0.029264330863952637,,,,,
134,3,generator,generate_answer|generate_with_strict_citations|generate_short_answer,generate_with_strict_citations,-0.07,0,verifier,0.773033,1.0,-1.0,-0.718513,0.773033,1.0,-1.0,-0.718513,,,,,,,,,,0.8865164816379547,1.0,128,0.14074328541755676,
134,4,verifier,verify_answer,verify_answer,-0.07,0,verifier,1.0,,,,1.0,0.0,0.0,0.0,,,,,,,,,,,,,,1.0
134,5,verifier,request_regeneration|request_more_retrieval|request_rewrite,request_regeneration,-0.07,0,generator,1.0,,,,1.0,0.0,0.0,0.0,,,,,,,,,,,,,,1.0
134,6,generator,generate_answer|generate_with_strict_citations|generate_short_answer|regenerate,generate_with_strict_citations,-0.07,0,verifier,0.997753,1.0,-0.949436,-0.687945,0.997753,1.0,-0.949436,-0.687945,,,,,,,,,,0.9988763630390167,1.0,128,0.15602728724479675,
134,7,verifier,verify_answer,verify_answer,0.7813,1,,0.930815,,,,0.930815,0.0,0.0,0.0,,,,,,,,,,,,,,0.9654072523117065
135,1,retriever,dense_retrieve|sparse_retrieve|hybrid_retrieve|hybrid_rerank,sparse_retrieve,-0.02,0,grader,-0.675697,1.0,-0.967539,-1.0,-0.675697,1.0,-0.967539,-1.0,0.16215145587921143,20,0.016230285167694092,0.0,,,,,,,,,,
135,2,grader,keep_all|loose_filter|medium_filter|strict_filter|rerank_only,rerank_only,-0.07,0,generator,0.855205,-0.936275,-0.634753,,0.855205,-0.936275,-0.634753,0.0,,,,,,,0.9276024401187897,0.7095586955547333,0.1826235055923462,,,,,
135,3,generator,generate_answer|generate_with_strict_citations|generate_short_answer,generate_with_strict_citations,-0.07,0,verifier,0.828444,0.995245,-0.779327,-1.0,0.828444,0.995245,-0.779327,-1.0,,,,,,,,,,0.9142222106456757,0.9976226985454559,128,0.0,
135,4,verifier,verify_answer,verify_answer,-0.07,0,verifier,1.0,,,,1.0,0.0,0.0,0.0,,,,,,,,,,,,,,1.0
135,5,verifier,request_regeneration|request_more_retrieval|request_rewrite,request_regeneration,-0.07,0,generator,0.895781,,,,0.895781,0.0,0.0,0.0,,,,,,,,,,,,,,0.947890430688858
135,6,generator,generate_answer|generate_with_strict_citations|generate_short_answer|regenerate,generate_with_strict_citations,-0.07,0,verifier,0.91655,0.96774,-0.663293,-0.831604,0.91655,0.96774,-0.663293,-0.831604,,,,,,,,,,0.9582751989364624,0.9838699698448181,128,0.08419781923294067,
135,7,verifier,verify_answer,verify_answer,0.6108,1,,1.0,,,,1.0,0.0,0.0,0.0,,,,,,,,,,,,,,1.0
136,1,retriever,dense_retrieve|sparse_retrieve|hybrid_retrieve|hybrid_rerank,hybrid_rerank,-0.02,0,grader,-0.09436,-0.040374,1.0,-1.0,-0.09436,-0.040374,1.0,-1.0,0.4528200514614582,12,1.0,0.0,,,,,,,,,,
136,2,grader,keep_all|loose_filter|medium_filter|strict_filter|rerank_only,strict_filter,-0.07,0,generator,1.0,-1.0,0.879955,,1.0,-1.0,0.879955,0.0,,,,,,,1.0,0.7,0.9399772882461548,,,,,
136,3,generator,generate_answer|generate_with_strict_citations|generate_short_answer,generate_short_answer,-0.07,0,verifier,-0.543726,-0.831004,1.0,-0.80065,-0.543726,-0.831004,1.0,-0.80065,,,,,,,,,,0.22813689708709717,0.08449804782867432,230,0.09967482089996338,
136,4,verifier,verify_answer,verify_answer,0.3184,1,,-0.891659,,,,-0.891659,0.0,0.0,0.0,,,,,,,,,,,,,,0.054170429706573486
137,1,retriever,dense_retrieve|sparse_retrieve|hybrid_retrieve|hybrid_rerank,sparse_retrieve,-0.02,0,grader,-1.0,0.903498,-0.371592,-1.0,-1.0,0.903498,-0.371592,-1.0,0.0,19,0.314204141497612,0.0,,,,,,,,,,
137,2,grader,keep_all|loose_filter|medium_filter|strict_filter|rerank_only,rerank_only,-0.07,0,generator,0.848742,-1.0,-0.798618,,0.848742,-1.0,-0.798618,0.0,,,,,,,0.9243712425231934,0.7,0.10069093108177185,,,,,
137,3,generator,generate_answer|generate_with_strict_citations|generate_short_answer,generate_with_strict_citations,-0.07,0,verifier,1.0,0.960016,-1.0,-1.0,1.0,0.960016,-1.0,-1.0,,,,,,,,,,1.0,0.9800079464912415,128,0.0,
137,4,verifier,verify_answer,verify_answer,-0.07,0,verifier,0.858834,,,,0.858834,0.0,0.0,0.0,,,,,,,,,,,,,,0.9294170141220093
137,5,verifier,request_regeneration|request_more_retrieval|request_rewrite,request_regeneration,-0.07,0,generator,1.0,,,,1.0,0.0,0.0,0.0,,,,,,,,,,,,,,1.0
137,6,generator,generate_answer|generate_with_strict_citations|generate_short_answer|regenerate,generate_with_strict_citations,-0.07,0,verifier,1.0,1.0,-0.81255,-0.899677,1.0,1.0,-0.81255,-0.899677,,,,,,,,,,1.0,1.0,128,0.05016142129898071,
137,7,verifier,verify_answer,verify_answer,-0.07,0,verifier,1.0,,,,1.0,0.0,0.0,0.0,,,,,,,,,,,,,,1.0
137,8,verifier,request_regeneration|request_more_retrieval|request_rewrite,request_regeneration,-0.07,0,generator,1.0,,,,1.0,0.0,0.0,0.0,,,,,,,,,,,,,,1.0
137,9,generator,generate_answer|generate_with_strict_citations|generate_short_answer|regenerate,generate_with_strict_citations,-0.07,0,verifier,1.0,0.990798,-0.791126,-1.0,1.0,0.990798,-0.791126,-1.0,,,,,,,,,,1.0,0.99539914727211,128,0.0,
137,10,verifier,verify_answer,verify_answer,0.2496,1,,1.0,,,,1.0,0.0,0.0,0.0,,,,,,,,,,,,,,1.0
138,1,retriever,dense_retrieve|sparse_retrieve|hybrid_retrieve|hybrid_rerank,hybrid_rerank,-0.02,0,grader,-0.521431,-0.258193,1.0,-1.0,-0.521431,-0.258193,1.0,-1.0,0.23928463459014893,10,1.0,0.0,,,,,,,,,,
138,2,grader,keep_all|loose_filter|medium_filter|strict_filter|rerank_only,strict_filter,-0.07,0,generator,1.0,-1.0,1.0,,1.0,-1.0,1.0,0.0,,,,,,,1.0,0.7,1.0,,,,,
138,3,generator,generate_answer|generate_with_strict_citations|generate_short_answer,generate_short_answer,-0.07,0,verifier,-0.930589,0.213825,1.0,-1.0,-0.930589,0.213825,1.0,-1.0,,,,,,,,,,0.03470548987388611,0.6069124490022659,192,0.0,
138,4,verifier,verify_answer,verify_answer,0.6289,1,,-0.920877,,,,-0.920877,0.0,0.0,0.0,,,,,,,,,,,,,,0.03956153988838196
139,1,retriever,dense_retrieve|sparse_retrieve|hybrid_retrieve|hybrid_rerank,hybrid_rerank,-0.02,0,grader,-0.249427,-0.563007,1.0,-0.925157,-0.249427,-0.563007,1.0,-0.925157,0.3752862811088562,8,1.0,0.03742149472236633,,,,,,,,,,
139,2,grader,keep_all|loose_filter|medium_filter|strict_filter|rerank_only,strict_filter,-0.07,0,generator,1.0,-0.833408,0.940504,,1.0,-0.833408,0.940504,0.0,,,,,,,1.0,0.7249887824058532,0.9702518582344055,,,,,
139,3,generator,generate_answer|generate_with_strict_citations|generate_short_answer,generate_short_answer,-0.07,0,verifier,-0.39345,0.439934,1.0,-1.0,-0.39345,0.439934,1.0,-1.0,,,,,,,,,,0.30327510833740234,0.7199670821428299,192,0.0,
139,4,verifier,verify_answer,verify_answer,0.5961,1,,-0.724132,,,,-0.724132,0.0,0.0,0.0,,,,,,,,,,,,,,0.13793382048606873
140,1,retriever,dense_retrieve|sparse_retrieve|hybrid_retrieve|hybrid_rerank,sparse_retrieve,-0.02,0,grader,-0.769299,0.97685,-1.0,-0.868138,-0.769299,0.97685,-1.0,-0.868138,0.11535066366195679,19,0.0,0.06593099236488342,,,,,,,,,,
140,2,grader,keep_all|loose_filter|medium_filter|strict_filter|rerank_only,rerank_only,-0.07,0,generator,0.918578,-1.0,-0.859252,,0.918578,-1.0,-0.859252,0.0,,,,,,,0.9592891335487366,0.7,0.07037416100502014,,,,,
140,3,generator,generate_answer|generate_with_strict_citations|generate_short_answer,generate_with_strict_citations,-0.07,0,verifier,1.0,1.0,-1.0,-0.922575,1.0,1.0,-1.0,-0.922575,,,,,,,,,,1.0,1.0,128,0.038712382316589355,
140,4,verifier,verify_answer,verify_answer,0.7802,1,,0.958235,,,,0.958235,0.0,0.0,0.0,,,,,,,,,,,,,,0.9791175425052643
141,1,retriever,dense_retrieve|sparse_retrieve|hybrid_retrieve|hybrid_rerank,sparse_retrieve,-0.02,0,grader,-0.847255,1.0,-1.0,-0.831959,-0.847255,1.0,-1.0,-0.831959,0.07637253403663635,20,0.0,0.08402049541473389,,,,,,,,,,
141,2,grader,keep_all|loose_filter|medium_filter|strict_filter|rerank_only,rerank_only,-0.07,0,generator,0.918339,-0.87859,-0.873804,,0.918339,-0.87859,-0.873804,0.0,,,,,,,0.9591696262359619,0.7182114481925964,0.06309804320335388,,,,,
141,3,generator,generate_answer|generate_with_strict_citations|generate_short_answer,generate_with_strict_citations,-0.07,0,verifier,1.0,0.963094,-1.0,-1.0,1.0,0.963094,-1.0,-1.0,,,,,,,,,,1.0,0.9815472364425659,128,0.0,
141,4,verifier,verify_answer,verify_answer,0.6934,1,,0.951597,,,,0.951597,0.0,0.0,0.0,,,,,,,,,,,,,,0.9757987260818481
142,1,retriever,dense_retrieve|sparse_retrieve|hybrid_retrieve|hybrid_rerank,hybrid_rerank,-0.02,0,grader,-0.338978,-0.960596,0.834185,-1.0,-0.338978,-0.960596,0.834185,-1.0,0.3305111229419708,5,0.9170927107334137,0.0,,,,,,,,,,
142,2,grader,keep_all|loose_filter|medium_filter|strict_filter|rerank_only,strict_filter,-0.07,0,generator,1.0,-0.743248,0.873876,,1.0,-0.743248,0.873876,0.0,,,,,,,1.0,0.7385128736495972,0.9369381070137024,,,,,
142,3,generator,generate_answer|generate_with_strict_citations|generate_short_answer,generate_short_answer,-0.07,0,verifier,-0.461314,-0.048186,1.0,-1.0,-0.461314,-0.048186,1.0,-1.0,,,,,,,,,,0.26934288442134857,0.47590680606663227,192,0.0,
142,4,verifier,verify_answer,verify_answer,0.7001,1,,-0.67669,,,,-0.67669,0.0,0.0,0.0,,,,,,,,,,,,,,0.16165491938591003
143,1,retriever,dense_retrieve|sparse_retrieve|hybrid_retrieve|hybrid_rerank,sparse_retrieve,-0.02,0,grader,-0.820797,1.0,-0.959149,-0.845167,-0.820797,1.0,-0.959149,-0.845167,0.08960145711898804,20,0.02042528986930847,0.07741665840148926,,,,,,,,,,
143,2,grader,keep_all|loose_filter|medium_filter|strict_filter|rerank_only,rerank_only,-0.07,0,generator,0.592886,-0.898087,-1.0,,0.592886,-0.898087,-1.0,0.0,,,,,,,0.7964428067207336,0.7152869194746017,0.0,,,,,
143,3,generator,generate_answer|generate_with_strict_citations|generate_short_answer,generate_with_strict_citations,-0.07,0,verifier,0.717658,1.0,-0.786019,-1.0,0.717658,1.0,-0.786019,-1.0,,,,,,,,,,0.8588290810585022,1.0,128,0.0,
143,4,verifier,verify_answer,verify_answer,0.7037,1,,1.0,,,,1.0,0.0,0.0,0.0,,,,,,,,,,,,,,1.0
144,1,retriever,dense_retrieve|sparse_retrieve|hybrid_retrieve|hybrid_rerank,hybrid_rerank,-0.02,0,grader,-0.097937,-0.630081,1.0,-0.887215,-0.097937,-0.630081,1.0,-0.887215,0.45103155449032784,7,1.0,0.05639243125915527,,,,,,,,,,
144,2,grader,keep_all|loose_filter|medium_filter|strict_filter|rerank_only,strict_filter,-0.07,0,generator,1.0,-1.0,0.853597,,1.0,-1.0,0.853597,0.0,,,,,,,1.0,0.7,0.9267983436584473,,,,,
144,3,generator,generate_answer|generate_with_strict_citations|generate_short_answer,generate_short_answer,-0.07,0,verifier,-0.441295,0.07637,0.969941,-0.980373,-0.441295,0.07637,0.969941,-0.980373,,,,,,,,,,0.27935267984867096,0.5381851494312286,193,0.009813427925109863,
144,4,verifier,verify_answer,verify_answer,0.4992,1,,-0.581503,,,,-0.581503,0.0,0.0,0.0,,,,,,,,,,,,,,0.20924827456474304
145,1,retriever,dense_retrieve|sparse_retrieve|hybrid_retrieve|hybrid_rerank,sparse_retrieve,-0.02,0,grader,-0.953079,1.0,-1.0,-0.965311,-0.953079,1.0,-1.0,-0.965311,0.02346038818359375,20,0.0,0.017344564199447632,,,,,,,,,,
145,2,grader,keep_all|loose_filter|medium_filter|strict_filter|rerank_only,rerank_only,-0.07,0,generator,0.887349,-1.0,-1.0,,0.887349,-1.0,-1.0,0.0,,,,,,,0.9436742663383484,0.7,0.0,,,,,
145,3,generator,generate_answer|generate_with_strict_citations|generate_short_answer,generate_with_strict_citations,-0.07,0,verifier,0.984164,0.929756,-1.0,-1.0,0.984164,0.929756,-1.0,-1.0,,,,,,,,,,0.9920821189880371,0.9648781418800354,128,0.0,
145,4,verifier,verify_answer,verify_answer,-0.07,0,verifier,0.982996,,,,0.982996,0.0,0.0,0.0,,,,,,,,,,,,,,0.9914980828762054
145,5,verifier,request_regeneration|request_more_retrieval|request_rewrite,request_regeneration,-0.07,0,generator,0.759321,,,,0.759321,0.0,0.0,0.0,,,,,,,,,,,,,,0.8796604871749878
145,6,generator,generate_answer|generate_with_strict_citations|generate_short_answer|regenerate,generate_with_strict_citations,-0.07,0,verifier,1.0,0.951881,-1.0,-1.0,1.0,0.951881,-1.0,-1.0,,,,,,,,,,1.0,0.9759403169155121,128,0.0,
145,7,verifier,verify_answer,verify_answer,-0.07,0,verifier,0.681225,,,,0.681225,0.0,0.0,0.0,,,,,,,,,,,,,,0.8406127393245697
145,8,verifier,request_regeneration|request_more_retrieval|request_rewrite,request_regeneration,-0.07,0,generator,0.776181,,,,0.776181,0.0,0.0,0.0,,,,,,,,,,,,,,0.8880902826786041
145,9,generator,generate_answer|generate_with_strict_citations|generate_short_answer|regenerate,generate_short_answer,-0.07,0,verifier,1.0,0.676978,-1.0,-1.0,1.0,0.676978,-1.0,-1.0,,,,,,,,,,1.0,0.8384892344474792,128,0.0,
145,10,verifier,verify_answer,verify_answer,0.0636,1,,0.909023,,,,0.909023,0.0,0.0,0.0,,,,,,,,,,,,,,0.9545114934444427
146,1,retriever,dense_retrieve|sparse_retrieve|hybrid_retrieve|hybrid_rerank,sparse_retrieve,-0.02,0,grader,-0.924554,0.881641,-1.0,-1.0,-0.924554,0.881641,-1.0,-1.0,0.03772309422492981,19,0.0,0.0,,,,,,,,,,
146,2,grader,keep_all|loose_filter|medium_filter|strict_filter|rerank_only,rerank_only,-0.07,0,generator,1.0,-0.996608,-0.63369,,1.0,-0.996608,-0.63369,0.0,,,,,,,1.0,0.700508788228035,0.18315494060516357,,,,,
146,3,generator,generate_answer|generate_with_strict_citations|generate_short_answer,generate_with_strict_citations,-0.07,0,verifier,0.978904,0.88763,-1.0,-1.0,0.978904,0.88763,-1.0,-1.0,,,,,,,,,,0.9894521832466125,0.9438149929046631,128,0.0,
146,4,verifier,verify_answer,verify_answer,0.6379,1,,0.755937,,,,0.755937,0.0,0.0,0.0,,,,,,,,,,,,,,0.8779683113098145
147,1,retriever,dense_retrieve|sparse_retrieve|hybrid_retrieve|hybrid_rerank,hybrid_rerank,-0.02,0,grader,-0.283237,-0.808999,0.746759,-0.864231,-0.283237,-0.808999,0.746759,-0.864231,0.35838162899017334,6,0.87337926030159,0.06788429617881775,,,,,,,,,,
147,2,grader,keep_all|loose_filter|medium_filter|strict_filter|rerank_only,strict_filter,-0.07,0,generator,0.926553,-0.977808,1.0,,0.926553,-0.977808,1.0,0.0,,,,,,,0.9632763862609863,0.7033287554979324,1.0,,,,,
147,3,generator,generate_answer|generate_with_strict_citations|generate_short_answer,generate_short_answer,-0.07,0,verifier,-0.318985,-0.361654,0.861624,-1.0,-0.318985,-0.361654,0.861624,-1.0,,,,,,,,,,0.34050773084163666,0.3191727548837662,183,0.0,
147,4,verifier,verify_answer,verify_answer,-0.07,0,verifier,-0.690225,,,,-0.690225,0.0,0.0,0.0,,,,,,,,,,,,,,0.15488755702972412
147,5,verifier,request_regeneration|request_more_retrieval|request_rewrite,request_more_retrieval,-0.07,0,retriever,-0.58324,,,,-0.58324,0.0,0.0,0.0,,,,,,,,,,,,,,0.2083798050880432
147,6,retriever,retrieve_more,retrieve_more,-0.02,0,grader,-0.441458,-0.781396,0.785877,-0.918087,-0.441458,-0.781396,0.785877,-0.918087,0.27927103638648987,6,0.8929383158683777,0.040956348180770874,,,,,,,,,,
147,7,grader,keep_all|loose_filter|medium_filter|strict_filter|rerank_only,strict_filter,-0.07,0,generator,0.840206,-0.95552,0.960851,,0.840206,-0.95552,0.960851,0.0,,,,,,,0.9201028943061829,0.7066719681024551,0.9804255962371826,,,,,
147,8,generator,generate_answer|generate_with_strict_citations|generate_short_answer,generate_short_answer,-0.07,0,verifier,-0.600286,-0.217055,0.864458,-1.0,-0.600286,-0.217055,0.864458,-1.0,,,,,,,,,,0.19985705614089966,0.3914724886417389,183,0.0,
147,9,verifier,verify_answer,verify_answer,-0.07,0,verifier,-0.817865,,,,-0.817865,0.0,0.0,0.0,,,,,,,,,,,,,,0.09106764197349548
147,10,verifier,request_regeneration|request_more_retrieval|request_rewrite,request_more_retrieval,-0.07,0,retriever,-0.764825,,,,-0.764825,0.0,0.0,0.0,,,,,,,,,,,,,,0.11758747696876526
147,11,retriever,retrieve_more,retrieve_more,-0.02,0,grader,-0.150581,-0.733666,0.717968,-0.875629,-0.150581,-0.733666,0.717968,-0.875629,0.42470965534448624,6,0.8589840233325958,0.062185704708099365,,,,,,,,,,
147,12,grader,keep_all|loose_filter|medium_filter|strict_filter|rerank_only,rerank_only,-0.4611,1,,0.692496,-0.945253,0.391353,,0.692496,-0.945253,0.391353,0.0,,,,,,,0.8462478816509247,0.7082119762897491,0.6956763565540314,,,,,
148,1,retriever,dense_retrieve|sparse_retrieve|hybrid_retrieve|hybrid_rerank,sparse_retrieve,-0.02,0,grader,-0.922595,0.949076,-1.0,-1.0,-0.922595,0.949076,-1.0,-1.0,0.03870245814323425,19,0.0,0.0,,,,,,,,,,
148,2,grader,keep_all|loose_filter|medium_filter|strict_filter|rerank_only,rerank_only,-0.07,0,generator,1.0,-0.975612,-1.0,,1.0,-0.975612,-1.0,0.0,,,,,,,1.0,0.7036582022905349,0.0,,,,,
148,3,generator,generate_answer|generate_with_strict_citations|generate_short_answer,generate_with_strict_citations,-0.07,0,verifier,1.0,0.865295,-0.847773,-0.935562,1.0,0.865295,-0.847773,-0.935562,,,,,,,,,,1.0,0.9326472580432892,128,0.032219111919403076,
148,4,verifier,verify_answer,verify_answer,0.8442,1,,0.897287,,,,0.897287,0.0,0.0,0.0,,,,,,,,,,,,,,0.9486433863639832
149,1,retriever,dense_retrieve|sparse_retrieve|hybrid_retrieve|hybrid_rerank,sparse_retrieve,-0.02,0,grader,-0.695735,0.813881,-0.852263,-0.846318,-0.695735,0.813881,-0.852263,-0.846318,0.15213274955749512,18,0.07386842370033264,0.07684090733528137,,,,,,,,,,
149,2,grader,keep_all|loose_filter|medium_filter|strict_filter|rerank_only,rerank_only,-0.07,0,generator,0.896074,-0.790707,-1.0,,0.896074,-0.790707,-1.0,0.0,,,,,,,0.9480372369289398,0.731393951177597,0.0,,,,,
149,3,generator,generate_answer|generate_with_strict_citations|generate_short_answer,generate_with_strict_citations,-0.07,0,verifier,1.0,1.0,-1.0,-0.878078,1.0,1.0,-1.0,-0.878078,,,,,,,,,,1.0,1.0,128,0.060961246490478516,
149,4,verifier,verify_answer,verify_answer,0.5822,1,,1.0,,,,1.0,0.0,0.0,0.0,,,,,,,,,,,,,,1.0
150,1,retriever,dense_retrieve|sparse_retrieve|hybrid_retrieve|hybrid_rerank,sparse_retrieve,-0.02,0,grader,-1.0,1.0,-1.0,-0.840157,-1.0,1.0,-1.0,-0.840157,0.0,20,0.0,0.07992151379585266,,,,,,,,,,
150,2,grader,keep_all|loose_filter|medium_filter|strict_filter|rerank_only,rerank_only,-0.07,0,generator,1.0,-1.0,-1.0,,1.0,-1.0,-1.0,0.0,,,,,,,1.0,0.7,0.0,,,,,
150,3,generator,generate_answer|generate_with_strict_citations|generate_short_answer,generate_with_strict_citations,-0.07,0,verifier,0.814113,0.962516,-1.0,-0.882788,0.814113,0.962516,-1.0,-0.882788,,,,,,,,,,0.9070563316345215,0.9812580049037933,128,0.05860605835914612,
150,4,verifier,verify_answer,verify_answer,0.6227,1,,1.0,,,,1.0,0.0,0.0,0.0,,,,,,,,,,,,,,1.0
151,1,retriever,dense_retrieve|sparse_retrieve|hybrid_retrieve|hybrid_rerank,sparse_retrieve,-0.02,0,grader,-0.752167,0.911426,-1.0,-1.0,-0.752167,0.911426,-1.0,-1.0,0.12391641736030579,19,0.0,0.0,,,,,,,,,,
151,2,grader,keep_all|loose_filter|medium_filter|strict_filter|rerank_only,rerank_only,-0.07,0,generator,0.874413,-0.854688,-0.748909,,0.874413,-0.854688,-0.748909,0.0,,,,,,,0.937206357717514,0.7217968016862869,0.125545471906662,,,,,
151,3,generator,generate_answer|generate_with_strict_citations|generate_short_answer,generate_with_strict_citations,-0.07,0,verifier,0.795761,0.906715,-0.997727,-0.957632,0.795761,0.906715,-0.997727,-0.957632,,,,,,,,,,0.897880345582962,0.9533573091030121,128,0.02118396759033203,
151,4,verifier,verify_answer,verify_answer,0.6621,1,,0.87485,,,,0.87485,0.0,0.0,0.0,,,,,,,,,,,,,,0.9374251663684845
152,1,retriever,dense_retrieve|sparse_retrieve|hybrid_retrieve|hybrid_rerank,sparse_retrieve,-0.02,0,grader,-0.9107,0.92483,-0.999204,-0.912139,-0.9107,0.92483,-0.999204,-0.912139,0.04464977979660034,19,0.0003978312015533447,0.04393070936203003,,,,,,,,,,
152,2,grader,keep_all|loose_filter|medium_filter|strict_filter|rerank_only,rerank_only,-0.07,0,generator,0.99511,-1.0,-1.0,,0.99511,-1.0,-1.0,0.0,,,,,,,0.9975550770759583,0.7,0.0,,,,,
152,3,generator,generate_answer|generate_with_strict_citations|generate_short_answer,generate_with_strict_citations,-0.07,0,verifier,0.967373,0.940093,-1.0,-0.7598,0.967373,0.940093,-1.0,-0.7598,,,,,,,,,,0.9836867153644562,0.9700466990470886,128,0.12009996175765991,
152,4,verifier,verify_answer,verify_answer,0.8514,1,,1.0,,,,1.0,0.0,0.0,0.0,,,,,,,,,,,,,,1.0
153,1,retriever,dense_retrieve|sparse_retrieve|hybrid_retrieve|hybrid_rerank,sparse_retrieve,-0.02,0,grader,-0.994458,1.0,-1.0,-0.818852,-0.994458,1.0,-1.0,-0.818852,0.0027711093425750732,20,0.0,0.0905742347240448,,,,,,,,,,
153,2,grader,keep_all|loose_filter|medium_filter|strict_filter|rerank_only,rerank_only,-0.07,0,generator,1.0,-1.0,-0.923553,,1.0,-1.0,-0.923553,0.0,,,,,,,1.0,0.7,0.03822338581085205,,,,,
153,3,generator,generate_answer|generate_with_strict_citations|generate_short_answer,generate_with_strict_citations,-0.07,0,verifier,0.740336,0.825038,-1.0,-0.978246,0.740336,0.825038,-1.0,-0.978246,,,,,,,,,,0.8701678514480591,0.9125189483165741,128,0.010877132415771484,
153,4,verifier,verify_answer,verify_answer,0.6017,1,,1.0,,,,1.0,0.0,0.0,0.0,,,,,,,,,,,,,,1.0
154,1,retriever,dense_retrieve|sparse_retrieve|hybrid_retrieve|hybrid_rerank,sparse_retrieve,-0.02,0,grader,-0.643515,1.0,-0.921302,-1.0,-0.643515,1.0,-0.921302,-1.0,0.17824268341064453,20,0.03934904932975769,0.0,,,,,,,,,,
154,2,grader,keep_all|loose_filter|medium_filter|strict_filter|rerank_only,rerank_only,-0.07,0,generator,0.912183,-1.0,-1.0,,0.912183,-1.0,-1.0,0.0,,,,,,,0.9560912549495697,0.7,0.0,,,,,
154,3,generator,generate_answer|generate_with_strict_citations|generate_short_answer,generate_with_strict_citations,-0.07,0,verifier,0.953774,0.924515,-1.0,-0.887354,0.953774,0.924515,-1.0,-0.887354,,,,,,,,,,0.9768868684768677,0.9622575342655182,128,0.05632293224334717,
154,4,verifier,verify_answer,verify_answer,0.7785,1,,0.836265,,,,0.836265,0.0,0.0,0.0,,,,,,,,,,,,,,0.9181323051452637
155,1,retriever,dense_retrieve|sparse_retrieve|hybrid_retrieve|hybrid_rerank,sparse_retrieve,-0.02,0,grader,-0.922168,1.0,-1.0,-1.0,-0.922168,1.0,-1.0,-1.0,0.038915932178497314,20,0.0,0.0,,,,,,,,,,
155,2,grader,keep_all|loose_filter|medium_filter|strict_filter|rerank_only,rerank_only,-0.07,0,generator,0.952947,-0.834202,-0.696821,,0.952947,-0.834202,-0.696821,0.0,,,,,,,0.9764733910560608,0.7248697638511657,0.15158957242965698,,,,,
155,3,generator,generate_answer|generate_with_strict_citations|generate_short_answer,generate_with_strict_citations,-0.07,0,verifier,0.789014,1.0,-1.0,-1.0,0.789014,1.0,-1.0,-1.0,,,,,,,,,,0.8945069909095764,1.0,128,0.0,
155,4,verifier,verify_answer,verify_answer,0.5954,1,,1.0,,,,1.0,0.0,0.0,0.0,,,,,,,,,,,,,,1.0
156,1,retriever,dense_retrieve|sparse_retrieve|hybrid_retrieve|hybrid_rerank,sparse_retrieve,-0.02,0,grader,-1.0,1.0,-0.927399,-0.830706,-1.0,1.0,-0.927399,-0.830706,0.0,20,0.0363004207611084,0.08464705944061279,,,,,,,,,,
156,2,grader,keep_all|loose_filter|medium_filter|strict_filter|rerank_only,rerank_only,-0.07,0,generator,1.0,-0.952999,-1.0,,1.0,-0.952999,-1.0,0.0,,,,,,,1.0,0.7070501148700714,0.0,,,,,
156,3,generator,generate_answer|generate_with_strict_citations|generate_short_answer,generate_with_strict_citations,-0.07,0,verifier,1.0,0.944102,-0.903519,-1.0,1.0,0.944102,-0.903519,-1.0,,,,,,,,,,1.0,0.9720512330532074,128,0.0,
156,4,verifier,verify_answer,verify_answer,0.833,1,,1.0,,,,1.0,0.0,0.0,0.0,,,,,,,,,,,,,,1.0
157,1,retriever,dense_retrieve|sparse_retrieve|hybrid_retrieve|hybrid_rerank,hybrid_rerank,-0.02,0,grader,0.48801,-0.787433,0.973622,-1.0,0.48801,-0.787433,0.973622,-1.0,0.7440051883459091,6,0.9868110418319702,0.0,,,,,,,,,,
157,2,grader,keep_all|loose_filter|medium_filter|strict_filter|rerank_only,medium_filter,-0.07,0,generator,1.0,-1.0,0.652613,,1.0,-1.0,0.652613,0.0,,,,,,,1.0,0.7,0.8263062834739685,,,,,
157,3,generator,generate_answer|generate_with_strict_citations|generate_short_answer,generate_short_answer,-0.07,0,verifier,-0.654649,-0.053699,0.674573,-0.528085,-0.654649,-0.053699,0.674573,-0.528085,,,,,,,,,,0.17267537117004395,0.473150422796607,251,0.23595768213272095,
157,4,verifier,verify_answer,verify_answer,0.4234,1,,-0.157676,,,,-0.157676,0.0,0.0,0.0,,,,,,,,,,,,,,0.4211621880531311
158,1,retriever,dense_retrieve|sparse_retrieve|hybrid_retrieve|hybrid_rerank,sparse_retrieve,-0.02,0,grader,-0.928395,0.987925,-0.954308,-0.916026,-0.928395,0.987925,-0.954308,-0.916026,0.03580242395401001,19,0.022845834493637085,0.04198697209358215,,,,,,,,,,
158,2,grader,keep_all|loose_filter|medium_filter|strict_filter|rerank_only,rerank_only,-0.07,0,generator,1.0,-0.915994,-0.973399,,1.0,-0.915994,-0.973399,0.0,,,,,,,1.0,0.7126008301973342,0.013300478458404541,,,,,
158,3,generator,generate_answer|generate_with_strict_citations|generate_short_answer,generate_with_strict_citations,-0.07,0,verifier,0.946067,0.972553,-1.0,-0.829547,0.946067,0.972553,-1.0,-0.829547,,,,,,,,,,0.9730333685874939,0.9862766861915588,128,0.08522674441337585,
158,4,verifier,verify_answer,verify_answer,-0.07,0,verifier,1.0,,,,1.0,0.0,0.0,0.0,,,,,,,,,,,,,,1.0
158,5,verifier,request_regeneration|request_more_retrieval|request_rewrite,request_regeneration,-0.07,0,generator,0.632499,,,,0.632499,0.0,0.0,0.0,,,,,,,,,,,,,,0.816249668598175
158,6,generator,generate_answer|generate_with_strict_citations|generate_short_answer|regenerate,generate_with_strict_citations,-0.07,0,verifier,1.0,1.0,-1.0,-0.91332,1.0,1.0,-1.0,-0.91332,,,,,,,,,,1.0,1.0,128,0.04333975911140442,
158,7,verifier,verify_answer,verify_answer,0.5888,1,,0.855892,,,,0.855892,0.0,0.0,0.0,,,,,,,,,,,,,,0.9279460906982422
159,1,retriever,dense_retrieve|sparse_retrieve|hybrid_retrieve|hybrid_rerank,sparse_retrieve,-0.02,0,grader,-0.817002,0.880435,-0.936343,-1.0,-0.817002,0.880435,-0.936343,-1.0,0.09149876236915588,19,0.031828612089157104,0.0,,,,,,,,,,
159,2,grader,keep_all|loose_filter|medium_filter|strict_filter|rerank_only,rerank_only,-0.07,0,generator,0.788958,-1.0,-0.858095,,0.788958,-1.0,-0.858095,0.0,,,,,,,0.8944789171218872,0.7,0.0709526538848877,,,,,
159,3,generator,generate_answer|generate_with_strict_citations|generate_short_answer,generate_with_strict_citations,-0.07,0,verifier,1.0,1.0,-0.887964,-0.922113,1.0,1.0,-0.887964,-0.922113,,,,,,,,,,1.0,1.0,128,0.038943737745285034,
159,4,verifier,verify_answer,verify_answer,0.649,1,,0.901788,,,,0.901788,0.0,0.0,0.0,,,,,,,,,,,,,,0.9508938491344452
160,1,retriever,dense_retrieve|sparse_retrieve|hybrid_retrieve|hybrid_rerank,sparse_retrieve,-0.02,0,grader,-0.90976,1.0,-0.885003,-0.8138,-0.90976,1.0,-0.885003,-0.8138,0.0451197624206543,20,0.057498276233673096,0.09310021996498108,,,,,,,,,,
160,2,grader,keep_all|loose_filter|medium_filter|strict_filter|rerank_only,rerank_only,-0.07,0,generator,1.0,-0.94652,-0.824624,,1.0,-0.94652,-0.824624,0.0,,,,,,,1.0,0.7080219417810439,0.08768782019615173,,,,,
160,3,generator,generate_answer|generate_with_strict_citations|generate_short_answer,generate_with_strict_citations,-0.07,0,verifier,0.97934,0.862762,-1.0,-1.0,0.97934,0.862762,-1.0,-1.0,,,,,,,,,,0.9896700084209442,0.9313810765743256,128,0.0,
160,4,verifier,verify_answer,verify_answer,0.711,1,,0.896523,,,,0.896523,0.0,0.0,0.0,,,,,,,,,,,,,,0.9482615292072296
161,1,retriever,dense_retrieve|sparse_retrieve|hybrid_retrieve|hybrid_rerank,sparse_retrieve,-0.02,0,grader,-0.997939,0.877355,-1.0,-1.0,-0.997939,0.877355,-1.0,-1.0,0.0010303854942321777,19,0.0,0.0,,,,,,,,,,
161,2,grader,keep_all|loose_filter|medium_filter|strict_filter|rerank_only,rerank_only,-0.07,0,generator,1.0,-0.999015,-1.0,,1.0,-0.999015,-1.0,0.0,,,,,,,1.0,0.7001478165388106,0.0,,,,,
161,3,generator,generate_answer|generate_with_strict_citations|generate_short_answer,generate_with_strict_citations,-0.07,0,verifier,1.0,1.0,-1.0,-1.0,1.0,1.0,-1.0,-1.0,,,,,,,,,,1.0,1.0,128,0.0,
161,4,verifier,verify_answer,verify_answer,0.786,1,,0.88208,,,,0.88208,0.0,0.0,0.0,,,,,,,,,,,,,,0.9410398304462433
162,1,retriever,dense_retrieve|sparse_retrieve|hybrid_retrieve|hybrid_rerank,sparse_retrieve,-0.02,0,grader,-1.0,1.0,-1.0,-1.0,-1.0,1.0,-1.0,-1.0,0.0,20,0.0,0.0,,,,,,,,,,
162,2,grader,keep_all|loose_filter|medium_filter|strict_filter|rerank_only,rerank_only,-0.07,0,generator,0.695865,-0.903897,-1.0,,0.695865,-0.903897,-1.0,0.0,,,,,,,0.8479323983192444,0.7144155144691466,0.0,,,,,
162,3,generator,generate_answer|generate_with_strict_citations|generate_short_answer,generate_with_strict_citations,-0.07,0,verifier,0.989064,1.0,-0.793259,-1.0,0.989064,1.0,-0.793259,-1.0,,,,,,,,,,0.9945319294929504,1.0,128,0.0,
162,4,verifier,verify_answer,verify_answer,0.8092,1,,0.543723,,,,0.543723,0.0,0.0,0.0,,,,,,,,,,,,,,0.7718612551689148
163,1,retriever,dense_retrieve|sparse_retrieve|hybrid_retrieve|hybrid_rerank,hybrid_rerank,-0.02,0,grader,0.385933,-0.700622,1.0,-0.966275,0.385933,-0.700622,1.0,-0.966275,0.6929665356874466,7,1.0,0.01686251163482666,,,,,,,,,,
163,2,grader,keep_all|loose_filter|medium_filter|strict_filter|rerank_only,strict_filter,-0.07,0,generator,0.924356,-0.878561,0.815439,,0.924356,-0.878561,0.815439,0.0,,,,,,,0.9621778726577759,0.7182158827781677,0.9077193737030029,,,,,
163,3,generator,generate_answer|generate_with_strict_citations|generate_short_answer,generate_short_answer,-0.07,0,verifier,-0.518811,-0.483361,1.0,-0.584263,-0.518811,-0.483361,1.0,-0.584263,,,,,,,,,,0.2405942976474762,0.2583196610212326,271,0.20786833763122559,
163,4,verifier,verify_answer,verify_answer,0.6611,1,,-0.827562,,,,-0.827562,0.0,0.0,0.0,,,,,,,,,,,,,,0.08621886372566223
164,1,retriever,dense_retrieve|sparse_retrieve|hybrid_retrieve|hybrid_rerank,sparse_retrieve,-0.02,0,grader,-1.0,0.992583,-1.0,-1.0,-1.0,0.992583,-1.0,-1.0,0.0,19,0.0,0.0,,,,,,,,,,
164,2,grader,keep_all|loose_filter|medium_filter|strict_filter|rerank_only,rerank_only,-0.07,0,generator,0.935479,-1.0,-0.950605,,0.935479,-1.0,-0.950605,0.0,,,,,,,0.96773961186409,0.7,0.024697333574295044,,,,,
164,3,generator,generate_answer|generate_with_strict_citations|generate_short_answer,generate_with_strict_citations,-0.07,0,verifier,0.847716,1.0,-0.997713,-1.0,0.847716,1.0,-0.997713,-1.0,,,,,,,,,,0.9238580167293549,1.0,128,0.0,
164,4,verifier,verify_answer,verify_answer,-0.07,0,verifier,0.945666,,,,0.945666,0.0,0.0,0.0,,,,,,,,,,,,,,0.9728327989578247
164,5,verifier,request_regeneration|request_more_retrieval|request_rewrite,request_regeneration,-0.07,0,generator,0.976309,,,,0.976309,0.0,0.0,0.0,,,,,,,,,,,,,,0.9881547093391418
164,6,generator,generate_answer|generate_with_strict_citations|generate_short_answer|regenerate,generate_with_strict_citations,-0.07,0,verifier,0.986122,1.0,-1.0,-1.0,0.986122,1.0,-1.0,-1.0,,,,,,,,,,0.9930611550807953,1.0,128,0.0,
164,7,verifier,verify_answer,verify_answer,0.6431,1,,0.776891,,,,0.776891,0.0,0.0,0.0,,,,,,,,,,,,,,0.8884455561637878
165,1,retriever,dense_retrieve|sparse_retrieve|hybrid_retrieve|hybrid_rerank,hybrid_rerank,-0.02,0,grader,0.273917,-1.0,1.0,-0.957882,0.273917,-1.0,1.0,-0.957882,0.6369584798812866,5,1.0,0.021059095859527588,,,,,,,,,,
165,2,grader,keep_all|loose_filter|medium_filter|strict_filter|rerank_only,strict_filter,-0.07,0,generator,1.0,-0.871771,0.944616,,1.0,-0.871771,0.944616,0.0,,,,,,,1.0,0.7192344069480896,0.9723080694675446,,,,,
165,3,generator,generate_answer|generate_with_strict_citations|generate_short_answer,generate_short_answer,-0.07,0,verifier,-0.500908,-0.218775,1.0,-1.0,-0.500908,-0.218775,1.0,-1.0,,,,,,,,,,0.24954593181610107,0.3906125947833061,192,0.0,
165,4,verifier,verify_answer,verify_answer,0.5283,1,,-0.389559,,,,-0.389559,0.0,0.0,0.0,,,,,,,,,,,,,,0.3052203804254532
166,1,retriever,dense_retrieve|sparse_retrieve|hybrid_retrieve|hybrid_rerank,hybrid_rerank,-0.02,0,grader,0.018186,-0.765812,1.0,-0.852918,0.018186,-0.765812,1.0,-0.852918,0.5090932324528694,6,1.0,0.07354080677032471,,,,,,,,,,
166,2,grader,keep_all|loose_filter|medium_filter|strict_filter|rerank_only,strict_filter,-0.07,0,generator,1.0,-0.986042,0.998338,,1.0,-0.986042,0.998338,0.0,,,,,,,1.0,0.7020936518907547,0.9991689920425415,,,,,
166,3,generator,generate_answer|generate_with_strict_citations|generate_short_answer,generate_short_answer,-0.07,0,verifier,-0.829537,-0.389537,1.0,-0.817698,-0.829537,-0.389537,1.0,-0.817698,,,,,,,,,,0.08523139357566833,0.30523158609867096,227,0.09115087985992432,
166,4,verifier,verify_answer,verify_answer,0.7671,1,,0.069427,,,,0.069427,0.0,0.0,0.0,,,,,,,,,,,,,,0.5347132831811905
167,1,retriever,dense_retrieve|sparse_retrieve|hybrid_retrieve|hybrid_rerank,sparse_retrieve,-0.02,0,grader,-1.0,0.995956,-0.908141,-1.0,-1.0,0.995956,-0.908141,-1.0,0.0,19,0.045929521322250366,0.0,,,,,,,,,,
167,2,grader,keep_all|loose_filter|medium_filter|strict_filter|rerank_only,rerank_only,-0.07,0,generator,0.65309,-1.0,-1.0,,0.65309,-1.0,-1.0,0.0,,,,,,,0.826545238494873,0.7,0.0,,,,,
167,3,generator,generate_answer|generate_with_strict_citations|generate_short_answer,generate_with_strict_citations,-0.07,0,verifier,0.884852,0.974128,-1.0,-0.781537,0.884852,0.974128,-1.0,-0.781537,,,,,,,,,,0.9424258768558502,0.9870639443397522,128,0.10923156142234802,
167,4,verifier,verify_answer,verify_answer,0.6529,1,,1.0,,,,1.0,0.0,0.0,0.0,,,,,,,,,,,,,,1.0
168,1,retriever,dense_retrieve|sparse_retrieve|hybrid_retrieve|hybrid_rerank,sparse_retrieve,-0.02,0,grader,-0.929954,1.0,-1.0,-0.83823,-0.929954,1.0,-1.0,-0.83823,0.03502291440963745,20,0.0,0.08088505268096924,,,,,,,,,,
168,2,grader,keep_all|loose_filter|medium_filter|strict_filter|rerank_only,rerank_only,-0.07,0,generator,0.986407,-0.898275,-1.0,,0.986407,-0.898275,-1.0,0.0,,,,,,,0.9932034909725189,0.7152587920427322,0.0,,,,,
168,3,generator,generate_answer|generate_with_strict_citations|generate_short_answer,generate_with_strict_citations,-0.07,0,verifier,0.726362,1.0,-0.941235,-1.0,0.726362,1.0,-0.941235,-1.0,,,,,,,,,,0.8631808161735535,1.0,128,0.0,
168,4,verifier,verify_answer,verify_answer,0.5743,1,,0.862572,,,,0.862572,0.0,0.0,0.0,,,,,,,,,,,,,,0.9312860667705536
169,1,retriever,dense_retrieve|sparse_retrieve|hybrid_retrieve|hybrid_rerank,sparse_retrieve,-0.02,0,grader,-0.677859,0.812668,-0.745792,-1.0,-0.677859,0.812668,-0.745792,-1.0,0.16107040643692017,18,0.1271040141582489,0.0,,,,,,,,,,
169,2,grader,keep_all|loose_filter|medium_filter|strict_filter|rerank_only,rerank_only,-0.07,0,generator,1.0,-1.0,-0.832998,,1.0,-1.0,-0.832998,0.0,,,,,,,1.0,0.7,0.08350104093551636,,,,,
169,3,generator,generate_answer|generate_with_strict_citations|generate_short_answer,generate_with_strict_citations,-0.07,0,verifier,0.879091,0.972376,-0.991748,-1.0,0.879091,0.972376,-0.991748,-1.0,,,,,,,,,,0.9395453929901123,0.9861878752708435,128,0.0,
169,4,verifier,verify_answer,verify_answer,0.7724,1,,1.0,,,,1.0,0.0,0.0,0.0,,,,,,,,,,,,,,1.0
170,1,retriever,dense_retrieve|sparse_retrieve|hybrid_retrieve|hybrid_rerank,hybrid_rerank,-0.02,0,grader,0.026271,-1.0,0.822026,-1.0,0.026271,-1.0,0.822026,-1.0,0.5131352553144097,5,0.9110130071640015,0.0,,,,,,,,,,
170,2,grader,keep_all|loose_filter|medium_filter|strict_filter|rerank_only,strict_filter,-0.07,0,generator,0.970429,-0.637196,1.0,,0.970429,-0.637196,1.0,0.0,,,,,,,0.9852147400379181,0.7544205904006958,1.0,,,,,
170,3,generator,generate_answer|generate_with_strict_citations|generate_short_answer,generate_short_answer,-0.07,0,verifier,-0.416511,-0.041349,0.999407,-0.916984,-0.416511,-0.041349,0.999407,-0.916984,,,,,,,,,,0.29174456000328064,0.47932539135217667,207,0.04150775074958801,
170,4,verifier,verify_answer,verify_answer,0.6618,1,,-0.010069,,,,-0.010069,0.0,0.0,0.0,,,,,,,,,,,,,,0.494965523481369
171,1,retriever,dense_retrieve|sparse_retrieve|hybrid_retrieve|hybrid_rerank,sparse_retrieve,-0.02,0,grader,-0.812553,1.0,-0.890525,-0.926167,-0.812553,1.0,-0.890525,-0.926167,0.09372365474700928,20,0.05473726987838745,0.03691667318344116,,,,,,,,,,
171,2,grader,keep_all|loose_filter|medium_filter|strict_filter|rerank_only,rerank_only,-0.07,0,generator,1.0,-0.897255,-0.790872,,1.0,-0.897255,-0.790872,0.0,,,,,,,1.0,0.7154117226600647,0.10456410050392151,,,,,
171,3,generator,generate_answer|generate_with_strict_citations|generate_short_answer,generate_with_strict_citations,-0.07,0,verifier,0.910868,0.911018,-0.982786,-0.767117,0.910868,0.911018,-0.982786,-0.767117,,,,,,,,,,0.9554341435432434,0.9555089175701141,128,0.1164415180683136,
171,4,verifier,verify_answer,verify_answer,0.7841,1,,0.805341,,,,0.805341,0.0,0.0,0.0,,,,,,,,,,,,,,0.9026707410812378
172,1,retriever,dense_retrieve|sparse_retrieve|hybrid_retrieve|hybrid_rerank,hybrid_rerank,-0.02,0,grader,-0.021665,-0.958343,0.978365,-0.971581,-0.021665,-0.958343,0.978365,-0.971581,0.4891672655940056,5,0.9891825616359711,0.014209479093551636,,,,,,,,,,
172,2,grader,keep_all|loose_filter|medium_filter|strict_filter|rerank_only,strict_filter,-0.07,0,generator,1.0,-1.0,1.0,,1.0,-1.0,1.0,0.0,,,,,,,1.0,0.7,1.0,,,,,
172,3,generator,generate_answer|generate_with_strict_citations|generate_short_answer,generate_short_answer,-0.07,0,verifier,-0.641574,-0.384385,0.98056,-1.0,-0.641574,-0.384385,0.98056,-1.0,,,,,,,,,,0.17921319603919983,0.30780771374702454,190,0.0,
172,4,verifier,verify_answer,verify_answer,0.5879,1,,-0.058523,,,,-0.058523,0.0,0.0,0.0,,,,,,,,,,,,,,0.47073855623602867
173,1,retriever,dense_retrieve|sparse_retrieve|hybrid_retrieve|hybrid_rerank,hybrid_rerank,-0.02,0,grader,0.074921,-0.977301,1.0,-1.0,0.074921,-0.977301,1.0,-1.0,0.5374604724347591,5,1.0,0.0,,,,,,,,,,
173,2,grader,keep_all|loose_filter|medium_filter|strict_filter|rerank_only,strict_filter,-0.07,0,generator,0.906,-1.0,0.920823,,0.906,-1.0,0.920823,0.0,,,,,,,0.9529998898506165,0.7,0.960411548614502,,,,,
173,3,generator,generate_answer|generate_with_strict_citations|generate_short_answer,generate_short_answer,-0.07,0,verifier,-0.417598,-0.504583,0.828016,-0.96091,-0.417598,-0.504583,0.828016,-0.96091,,,,,,,,,,0.2912008464336395,0.247708261013031,187,0.01954507827758789,
173,4,verifier,verify_answer,verify_answer,0.6446,1,,-0.690935,,,,-0.690935,0.0,0.0,0.0,,,,,,,,,,,,,,0.15453249216079712
174,1,retriever,dense_retrieve|sparse_retrieve|hybrid_retrieve|hybrid_rerank,sparse_retrieve,-0.02,0,grader,-0.792325,1.0,-1.0,-1.0,-0.792325,1.0,-1.0,-1.0,0.1038372814655304,20,0.0,0.0,,,,,,,,,,
174,2,grader,keep_all|loose_filter|medium_filter|strict_filter|rerank_only,rerank_only,-0.07,0,generator,0.810341,-1.0,-0.552198,,0.810341,-1.0,-0.552198,0.0,,,,,,,0.9051706194877625,0.7,0.22390079498291016,,,,,
174,3,generator,generate_answer|generate_with_strict_citations|generate_short_answer,generate_with_strict_citations,-0.07,0,verifier,1.0,0.98458,-1.0,-0.976817,1.0,0.98458,-1.0,-0.976817,,,,,,,,,,1.0,0.9922900795936584,128,0.011591583490371704,
174,4,verifier,verify_answer,verify_answer,-0.07,0,verifier,0.862792,,,,0.862792,0.0,0.0,0.0,,,,,,,,,,,,,,0.9313961863517761
174,5,verifier,request_regeneration|request_more_retrieval|request_rewrite,request_regeneration,-0.07,0,generator,1.0,,,,1.0,0.0,0.0,0.0,,,,,,,,,,,,,,1.0
174,6,generator,generate_answer|generate_with_strict_citations|generate_short_answer|regenerate,generate_with_strict_citations,-0.07,0,verifier,0.814167,1.0,-0.733654,-0.979194,0.814167,1.0,-0.733654,-0.979194,,,,,,,,,,0.9070837199687958,1.0,128,0.010403096675872803,
174,7,verifier,verify_answer,verify_answer,-0.07,0,verifier,1.0,,,,1.0,0.0,0.0,0.0,,,,,,,,,,,,,,1.0
174,8,verifier,request_regeneration|request_more_retrieval|request_rewrite,request_regeneration,-0.07,0,generator,1.0,,,,1.0,0.0,0.0,0.0,,,,,,,,,,,,,,1.0
174,9,generator,generate_answer|generate_with_strict_citations|generate_short_answer|regenerate,generate_with_strict_citations,-0.07,0,verifier,0.789928,1.0,-1.0,-0.7522,0.789928,1.0,-1.0,-0.7522,,,,,,,,,,0.8949637711048126,1.0,128,0.12389999628067017,
174,10,verifier,verify_answer,verify_answer,0.057,1,,0.833708,,,,0.833708,0.0,0.0,0.0,,,,,,,,,,,,,,0.916854202747345
175,1,retriever,dense_retrieve|sparse_retrieve|hybrid_retrieve|hybrid_rerank,hybrid_rerank,-0.02,0,grader,-0.412827,-1.0,1.0,-1.0,-0.412827,-1.0,1.0,-1.0,0.2935866266489029,5,1.0,0.0,,,,,,,,,,
175,2,grader,keep_all|loose_filter|medium_filter|strict_filter|rerank_only,medium_filter,-0.07,0,generator,1.0,-0.694642,0.769503,,1.0,-0.694642,0.769503,0.0,,,,,,,1.0,0.7458037167787551,0.8847513794898987,,,,,
175,3,generator,generate_answer|generate_with_strict_citations|generate_short_answer,generate_short_answer,-0.07,0,verifier,-0.381643,-0.410257,1.0,-0.995901,-0.381643,-0.410257,1.0,-0.995901,,,,,,,,,,0.3091787248849869,0.29487137496471405,192,0.0020495951175689697,
175,4,verifier,verify_answer,verify_answer,0.8037,1,,0.052879,,,,0.052879,0.0,0.0,0.0,,,,,,,,,,,,,,0.5264395046979189
176,1,retriever,dense_retrieve|sparse_retrieve|hybrid_retrieve|hybrid_rerank,hybrid_rerank,-0.02,0,grader,-0.463822,-0.710961,0.941366,-0.890402,-0.463822,-0.710961,0.941366,-0.890402,0.26808875799179077,7,0.9706828594207764,0.05479896068572998,,,,,,,,,,
176,2,grader,keep_all|loose_filter|medium_filter|strict_filter|rerank_only,strict_filter,-0.07,0,generator,0.805149,-1.0,1.0,,0.805149,-1.0,1.0,0.0,,,,,,,0.9025745391845703,0.7,1.0,,,,,
176,3,generator,generate_answer|generate_with_strict_citations|generate_short_answer,generate_short_answer,-0.07,0,verifier,-0.434073,-0.542349,0.948641,-0.998038,-0.434073,-0.542349,0.948641,-0.998038,,,,,,,,,,0.2829635590314865,0.22882533073425293,188,0.000981062650680542,
176,4,verifier,verify_answer,verify_answer,0.7163,1,,-0.865998,,,,-0.865998,0.0,0.0,0.0,,,,,,,,,,,,,,0.0670008659362793
177,1,retriever,dense_retrieve|sparse_retrieve|hybrid_retrieve|hybrid_rerank,sparse_retrieve,-0.02,0,grader,-0.891508,1.0,-1.0,-1.0,-0.891508,1.0,-1.0,-1.0,0.054245978593826294,20,0.0,0.0,,,,,,,,,,
177,2,grader,keep_all|loose_filter|medium_filter|strict_filter|rerank_only,loose_filter,-0.07,0,generator,1.0,-1.0,0.575412,,1.0,-1.0,0.575412,0.0,,,,,,,1.0,0.7,0.787706196308136,,,,,
177,3,generator,generate_answer|generate_with_strict_citations|generate_short_answer,generate_with_strict_citations,-0.07,0,verifier,1.0,0.96067,-1.0,-1.0,1.0,0.96067,-1.0,-1.0,,,,,,,,,,1.0,0.9803351759910583,128,0.0,
177,4,verifier,verify_answer,verify_answer,0.7859,1,,1.0,,,,1.0,0.0,0.0,0.0,,,,,,,,,,,,,,1.0
178,1,retriever,dense_retrieve|sparse_retrieve|hybrid_retrieve|hybrid_rerank,hybrid_rerank,-0.02,0,grader,-0.715495,-1.0,1.0,-0.78548,-0.715495,-1.0,1.0,-0.78548,0.14225229620933533,5,1.0,0.10725995898246765,,,,,,,,,,
178,2,grader,keep_all|loose_filter|medium_filter|strict_filter|rerank_only,strict_filter,-0.07,0,generator,0.909401,-1.0,1.0,,0.909401,-1.0,1.0,0.0,,,,,,,0.9547005593776703,0.7,1.0,,,,,
178,3,generator,generate_answer|generate_with_strict_citations|generate_short_answer,generate_short_answer,-0.07,0,verifier,-0.54878,-0.264929,0.701121,-0.864772,-0.54878,-0.264929,0.701121,-0.864772,,,,,,,,,,0.22560980916023254,0.367535725235939,195,0.06761401891708374,
178,4,verifier,verify_answer,verify_answer,0.8099,1,,-0.258835,,,,-0.258835,0.0,0.0,0.0,,,,,,,,,,,,,,0.3705822825431824
179,1,retriever,dense_retrieve|sparse_retrieve|hybrid_retrieve|hybrid_rerank,hybrid_rerank,-0.02,0,grader,-0.702825,-0.977245,0.813728,-1.0,-0.702825,-0.977245,0.813728,-1.0,0.14858728647232056,5,0.9068637788295746,0.0,,,,,,,,,,
179,2,grader,keep_all|loose_filter|medium_filter|strict_filter|rerank_only,strict_filter,-0.07,0,generator,1.0,-0.980209,1.0,,1.0,-0.980209,1.0,0.0,,,,,,,1.0,0.7029687225818634,1.0,,,,,
179,3,generator,generate_answer|generate_with_strict_citations|generate_short_answer,generate_short_answer,-0.07,0,verifier,-0.347967,-0.824208,1.0,-0.982303,-0.347967,-0.824208,1.0,-0.982303,,,,,,,,,,0.3260164111852646,0.0878961980342865,195,0.008848339319229126,
179,4,verifier,verify_answer,verify_answer,0.6219,1,,-0.481401,,,,-0.481401,0.0,0.0,0.0,,,,,,,,,,,,,,0.2592996060848236
180,1,retriever,dense_retrieve|sparse_retrieve|hybrid_retrieve|hybrid_rerank,sparse_retrieve,-0.02,0,grader,-1.0,0.966372,-0.85981,-1.0,-1.0,0.966372,-0.85981,-1.0,0.0,19,0.0700952410697937,0.0,,,,,,,,,,
180,2,grader,keep_all|loose_filter|medium_filter|strict_filter|rerank_only,strict_filter,-0.07,0,generator,1.0,-1.0,0.943807,,1.0,-1.0,0.943807,0.0,,,,,,,1.0,0.7,0.9719036221504211,,,,,
180,3,generator,generate_answer|generate_with_strict_citations|generate_short_answer,generate_with_strict_citations,-0.07,0,verifier,0.655358,1.0,-0.864323,-1.0,0.655358,1.0,-0.864323,-1.0,,,,,,,,,,0.8276789784431458,1.0,128,0.0,
180,4,verifier,verify_answer,verify_answer,0.6625,1,,0.585206,,,,0.585206,0.0,0.0,0.0,,,,,,,,,,,,,,0.7926028668880463
181,1,retriever,dense_retrieve|sparse_retrieve|hybrid_retrieve|hybrid_rerank,hybrid_rerank,-0.02,0,grader,-0.756285,-0.921066,0.995713,-0.812843,-0.756285,-0.921066,0.995713,-0.812843,0.1218576729297638,5,0.9978564381599426,0.09357857704162598,,,,,,,,,,
181,2,grader,keep_all|loose_filter|medium_filter|strict_filter|rerank_only,strict_filter,-0.07,0,generator,0.838975,-0.892417,1.0,,0.838975,-0.892417,1.0,0.0,,,,,,,0.9194873869419098,0.7161373853683471,1.0,,,,,
181,3,generator,generate_answer|generate_with_strict_citations|generate_short_answer,generate_short_answer,-0.07,0,verifier,-0.738414,-0.286868,0.921298,-1.0,-0.738414,-0.286868,0.921298,-1.0,,,,,,,,,,0.1307927966117859,0.3565659075975418,186,0.0,
181,4,verifier,verify_answer,verify_answer,0.7437,1,,-0.32241,,,,-0.32241,0.0,0.0,0.0,,,,,,,,,,,,,,0.33879493176937103
182,1,retriever,dense_retrieve|sparse_retrieve|hybrid_retrieve|hybrid_rerank,hybrid_rerank,-0.02,0,grader,-1.0,-1.0,0.898609,-1.0,-1.0,-1.0,0.898609,-1.0,0.0,5,0.9493044018745422,0.0,,,,,,,,,,
182,2,grader,keep_all|loose_filter|medium_filter|strict_filter|rerank_only,strict_filter,-0.07,0,generator,0.836506,-0.887262,0.81022,,0.836506,-0.887262,0.81022,0.0,,,,,,,0.9182531833648682,0.7169106930494308,0.9051098227500916,,,,,
182,3,generator,generate_answer|generate_with_strict_citations|generate_short_answer,generate_short_answer,-0.07,0,verifier,-0.63566,-0.538025,0.736582,-1.0,-0.63566,-0.538025,0.736582,-1.0,,,,,,,,,,0.1821698546409607,0.23098742961883545,175,0.0,
182,4,verifier,verify_answer,verify_answer,0.7042,1,,-0.639599,,,,-0.639599,0.0,0.0,0.0,,,,,,,,,,,,,,0.18020060658454895
183,1,retriever,dense_retrieve|sparse_retrieve|hybrid_retrieve|hybrid_rerank,sparse_retrieve,-0.02,0,grader,-1.0,0.919337,-0.928772,-0.871868,-1.0,0.919337,-0.928772,-0.871868,0.0,19,0.03561416268348694,0.06406614184379578,,,,,,,,,,
183,2,grader,keep_all|loose_filter|medium_filter|strict_filter|rerank_only,strict_filter,-0.07,0,generator,0.962058,-0.51852,1.0,,0.962058,-0.51852,1.0,0.0,,,,,,,0.981029212474823,0.7722220361232757,1.0,,,,,
183,3,generator,generate_answer|generate_with_strict_citations|generate_short_answer,generate_with_strict_citations,-0.07,0,verifier,0.820897,1.0,-0.984224,-1.0,0.820897,1.0,-0.984224,-1.0,,,,,,,,,,0.9104487001895905,1.0,128,0.0,
183,4,verifier,verify_answer,verify_answer,0.8463,1,,0.833915,,,,0.833915,0.0,0.0,0.0,,,,,,,,,,,,,,0.9169573187828064
184,1,retriever,dense_retrieve|sparse_retrieve|hybrid_retrieve|hybrid_rerank,hybrid_rerank,-0.02,0,grader,-0.883421,-0.920724,0.99628,-0.899852,-0.883421,-0.920724,0.99628,-0.899852,0.05828958749771118,5,0.9981399476528168,0.050073832273483276,,,,,,,,,,
184,2,grader,keep_all|loose_filter|medium_filter|strict_filter|rerank_only,strict_filter,-0.07,0,generator,0.774265,-0.823157,0.837038,,0.774265,-0.823157,0.837038,0.0,,,,,,,0.8871323466300964,0.7265264391899109,0.9185188412666321,,,,,
184,3,generator,generate_answer|generate_with_strict_citations|generate_short_answer,generate_short_answer,-0.07,0,verifier,-0.655499,-0.130755,1.0,-0.532245,-0.655499,-0.130755,1.0,-0.532245,,,,,,,,,,0.17225044965744019,0.43462229520082474,281,0.23387739062309265,
184,4,verifier,verify_answer,verify_answer,0.6781,1,,0.168711,,,,0.168711,0.0,0.0,0.0,,,,,,,,,,,,,,0.5843555331230164
185,1,retriever,dense_retrieve|sparse_retrieve|hybrid_retrieve|hybrid_rerank,sparse_retrieve,-0.02,0,grader,-1.0,1.0,-0.865358,-1.0,-1.0,1.0,-0.865358,-1.0,0.0,20,0.06732088327407837,0.0,,,,,,,,,,
185,2,grader,keep_all|loose_filter|medium_filter|strict_filter|rerank_only,strict_filter,-0.07,0,generator,1.0,0.616048,1.0,,1.0,0.616048,1.0,0.0,,,,,,,1.0,0.942407152056694,1.0,,,,,
185,3,generator,generate_answer|generate_with_strict_citations|generate_short_answer,generate_with_strict_citations,-0.07,0,verifier,-0.103069,1.0,-0.86895,-1.0,-0.103069,1.0,-0.86895,-1.0,,,,,,,,,,0.448465496301651,1.0,128,0.0,
185,4,verifier,verify_answer,verify_answer,0.7672,1,,0.864193,,,,0.864193,0.0,0.0,0.0,,,,,,,,,,,,,,0.9320966601371765
186,1,retriever,dense_retrieve|sparse_retrieve|hybrid_retrieve|hybrid_rerank,sparse_retrieve,-0.02,0,grader,-1.0,1.0,-0.881457,-0.919779,-1.0,1.0,-0.881457,-0.919779,0.0,20,0.05927148461341858,0.04011043906211853,,,,,,,,,,
186,2,grader,keep_all|loose_filter|medium_filter|strict_filter|rerank_only,strict_filter,-0.07,0,generator,1.0,0.886822,1.0,,1.0,0.886822,1.0,0.0,,,,,,,1.0,0.9830233156681061,1.0,,,,,
186,3,generator,generate_answer|generate_with_strict_citations|generate_short_answer,generate_with_strict_citations,-0.07,0,verifier,-0.722893,0.936471,-0.88957,-0.872098,-0.722893,0.936471,-0.88957,-0.872098,,,,,,,,,,0.13855352997779846,0.9682357311248779,128,0.06395086646080017,
186,4,verifier,verify_answer,verify_answer,0.8022,1,,0.885723,,,,0.885723,0.0,0.0,0.0,,,,,,,,,,,,,,0.9428613781929016
187,1,retriever,dense_retrieve|sparse_retrieve|hybrid_retrieve|hybrid_rerank,hybrid_rerank,-0.02,0,grader,-0.996073,-1.0,0.463692,-0.86178,-0.996073,-1.0,0.463692,-0.86178,0.0019632577896118164,5,0.7318461388349533,0.06911012530326843,,,,,,,,,,
187,2,grader,keep_all|loose_filter|medium_filter|strict_filter|rerank_only,strict_filter,-0.07,0,generator,1.0,-0.725879,0.997208,,1.0,-0.725879,0.997208,0.0,,,,,,,1.0,0.7411181926727295,0.9986041486263275,,,,,
187,3,generator,generate_answer|generate_with_strict_citations|generate_short_answer,generate_short_answer,-0.07,0,verifier,-0.770127,-0.513417,1.0,-0.934995,-0.770127,-0.513417,1.0,-0.934995,,,,,,,,,,0.1149367094039917,0.2432914674282074,204,0.03250226378440857,
187,4,verifier,verify_answer,verify_answer,0.6666,1,,-0.693063,,,,-0.693063,0.0,0.0,0.0,,,,,,,,,,,,,,0.1534682810306549
188,1,retriever,dense_retrieve|sparse_retrieve|hybrid_retrieve|hybrid_rerank,hybrid_rerank,-0.02,0,grader,-0.585925,-0.769172,0.888525,-1.0,-0.585925,-0.769172,0.888525,-1.0,0.20703774690628052,6,0.9442627429962158,0.0,,,,,,,,,,
188,2,grader,keep_all|loose_filter|medium_filter|strict_filter|rerank_only,rerank_only,-0.07,0,generator,0.870414,-0.717148,0.380319,,0.870414,-0.717148,0.380319,0.0,,,,,,,0.9352070987224579,0.7424277991056442,0.6901597380638123,,,,,
188,3,generator,generate_answer|generate_with_strict_citations|generate_short_answer,generate_short_answer,-0.07,0,verifier,-0.743199,-0.822467,1.0,-1.0,-0.743199,-0.822467,1.0,-1.0,,,,,,,,,,0.1284007430076599,0.08876636624336243,192,0.0,
188,4,verifier,verify_answer,verify_answer,0.8982,1,,-0.178461,,,,-0.178461,0.0,0.0,0.0,,,,,,,,,,,,,,0.4107694625854492
189,1,retriever,dense_retrieve|sparse_retrieve|hybrid_retrieve|hybrid_rerank,sparse_retrieve,-0.02,0,grader,-0.951759,0.922604,-0.976667,-1.0,-0.951759,0.922604,-0.976667,-1.0,0.024120748043060303,19,0.01166650652885437,0.0,,,,,,,,,,
189,2,grader,keep_all|loose_filter|medium_filter|strict_filter|rerank_only,medium_filter,-0.07,0,generator,1.0,0.841843,0.792323,,1.0,0.841843,0.792323,0.0,,,,,,,1.0,0.9762764871120453,0.8961616158485413,,,,,
189,3,generator,generate_answer|generate_with_strict_citations|generate_short_answer,generate_with_strict_citations,-0.07,0,verifier,-1.0,1.0,-1.0,-0.768937,-1.0,1.0,-1.0,-0.768937,,,,,,,,,,0.0,1.0,128,0.11553168296813965,
189,4,verifier,verify_answer,verify_answer,0.8207,1,,0.641294,,,,0.641294,0.0,0.0,0.0,,,,,,,,,,,,,,0.8206472396850586
190,1,retriever,dense_retrieve|sparse_retrieve|hybrid_retrieve|hybrid_rerank,hybrid_rerank,-0.02,0,grader,-1.0,-1.0,0.555046,-1.0,-1.0,-1.0,0.555046,-1.0,0.0,5,0.7775227725505829,0.0,,,,,,,,,,
190,2,grader,keep_all|loose_filter|medium_filter|strict_filter|rerank_only,strict_filter,-0.07,0,generator,0.917573,-0.556644,1.0,,0.917573,-0.556644,1.0,0.0,,,,,,,0.9587864875793457,0.766503369808197,1.0,,,,,
190,3,generator,generate_answer|generate_with_strict_citations|generate_short_answer,generate_short_answer,-0.07,0,verifier,-0.632661,-0.472724,0.941754,-1.0,-0.632661,-0.472724,0.941754,-1.0,,,,,,,,,,0.18366944789886475,0.26363809406757355,188,0.0,
190,4,verifier,verify_answer,verify_answer,0.7112,1,,-0.834246,,,,-0.834246,0.0,0.0,0.0,,,,,,,,,,,,,,0.08287680149078369
191,1,retriever,dense_retrieve|sparse_retrieve|hybrid_retrieve|hybrid_rerank,hybrid_rerank,-0.02,0,grader,-0.940126,-1.0,0.131387,-0.943278,-0.940126,-1.0,0.131387,-0.943278,0.029937148094177246,5,0.5656933262944221,0.028360813856124878,,,,,,,,,,
191,2,grader,keep_all|loose_filter|medium_filter|strict_filter|rerank_only,strict_filter,-0.07,0,generator,0.992509,-0.707812,0.851066,,0.992509,-0.707812,0.851066,0.0,,,,,,,0.9962544441223145,0.7438281536102295,0.9255330264568329,,,,,
191,3,generator,generate_answer|generate_with_strict_citations|generate_short_answer,generate_short_answer,-0.07,0,verifier,-0.765465,-0.773331,1.0,-0.84232,-0.765465,-0.773331,1.0,-0.84232,,,,,,,,,,0.11726772785186768,0.11333471536636353,222,0.07884010672569275,
191,4,verifier,verify_answer,verify_answer,0.6762,1,,-0.729717,,,,-0.729717,0.0,0.0,0.0,,,,,,,,,,,,,,0.13514173030853271
192,1,retriever,dense_retrieve|sparse_retrieve|hybrid_retrieve|hybrid_rerank,sparse_retrieve,-0.02,0,grader,-1.0,-1.0,-0.119111,-1.0,-1.0,-1.0,-0.119111,-1.0,0.0,5,0.44044457376003265,0.0,,,,,,,,,,
192,2,grader,keep_all|loose_filter|medium_filter|strict_filter|rerank_only,strict_filter,-0.07,0,generator,0.781898,0.860708,0.839207,,0.781898,0.860708,0.839207,0.0,,,,,,,0.8909491896629333,0.9791062712669372,0.9196034073829651,,,,,
192,3,generator,generate_answer|generate_with_strict_citations|generate_short_answer,generate_with_strict_citations,-0.07,0,verifier,-0.949532,0.998017,-1.0,-0.972406,-0.949532,0.998017,-1.0,-0.972406,,,,,,,,,,0.025233954191207886,0.9990085065364838,128,0.013796806335449219,
192,4,verifier,verify_answer,verify_answer,0.6525,1,,-0.153367,,,,-0.153367,0.0,0.0,0.0,,,,,,,,,,,,,,0.4233166128396988
193,1,retriever,dense_retrieve|sparse_retrieve|hybrid_retrieve|hybrid_rerank,hybrid_rerank,-0.02,0,grader,-1.0,-0.736722,0.307158,-1.0,-1.0,-0.736722,0.307158,-1.0,0.0,6,0.6535790413618088,0.0,,,,,,,,,,
193,2,grader,keep_all|loose_filter|medium_filter|strict_filter|rerank_only,medium_filter,-0.07,0,generator,1.0,-0.457658,0.764838,,1.0,-0.457658,0.764838,0.0,,,,,,,1.0,0.7813513055443764,0.8824190497398376,,,,,
193,3,generator,generate_answer|generate_with_strict_citations|generate_short_answer,generate_short_answer,-0.07,0,verifier,-0.649829,-0.518081,0.82777,-1.0,-0.649829,-0.518081,0.82777,-1.0,,,,,,,,,,0.1750854253768921,0.24095970392227173,180,0.0,
193,4,verifier,verify_answer,verify_answer,0.6223,1,,-0.740059,,,,-0.740059,0.0,0.0,0.0,,,,,,,,,,,,,,0.12997063994407654
194,1,retriever,dense_retrieve|sparse_retrieve|hybrid_retrieve|hybrid_rerank,hybrid_rerank,-0.02,0,grader,-0.943972,-0.908716,0.378004,-0.934939,-0.943972,-0.908716,0.378004,-0.934939,0.028014034032821655,5,0.6890020668506622,0.03253045678138733,,,,,,,,,,
194,2,grader,keep_all|loose_filter|medium_filter|strict_filter|rerank_only,strict_filter,-0.07,0,generator,0.800761,-0.470603,1.0,,0.800761,-0.470603,1.0,0.0,,,,,,,0.9003804326057434,0.7794095113873482,1.0,,,,,
194,3,generator,generate_answer|generate_with_strict_citations|generate_short_answer,generate_short_answer,-0.07,0,verifier,-0.898732,-0.86041,0.764602,-0.918029,-0.898732,-0.86041,0.764602,-0.918029,,,,,,,,,,0.050634145736694336,0.0697949230670929,190,0.040985435247421265,
194,4,verifier,verify_answer,verify_answer,0.6127,1,,-0.666694,,,,-0.666694,0.0,0.0,0.0,,,,,,,,,,,,,,0.16665294766426086
195,1,retriever,dense_retrieve|sparse_retrieve|hybrid_retrieve|hybrid_rerank,hybrid_rerank,-0.02,0,grader,-0.98996,-0.82473,0.632693,-0.910162,-0.98996,-0.82473,0.632693,-0.910162,0.005019813776016235,6,0.8163463473320007,0.04491916298866272,,,,,,,,,,
195,2,grader,keep_all|loose_filter|medium_filter|strict_filter|rerank_only,medium_filter,-0.07,0,generator,0.846865,0.192116,0.781805,,0.846865,0.192116,0.781805,0.0,,,,,,,0.9234324395656586,0.8788174390792847,0.8909026086330414,,,,,
195,3,generator,generate_answer|generate_with_strict_citations|generate_short_answer,generate_short_answer,-0.07,0,verifier,-0.71676,-0.771149,0.977034,-0.873422,-0.71676,-0.771149,0.977034,-0.873422,,,,,,,,,,0.14162024855613708,0.11442536115646362,214,0.06328919529914856,
195,4,verifier,verify_answer,verify_answer,0.8502,1,,-0.503758,,,,-0.503758,0.0,0.0,0.0,,,,,,,,,,,,,,0.2481209635734558
196,1,retriever,dense_retrieve|sparse_retrieve|hybrid_retrieve|hybrid_rerank,sparse_retrieve,-0.02,0,grader,-1.0,1.0,-0.791045,-1.0,-1.0,1.0,-0.791045,-1.0,0.0,20,0.10447728633880615,0.0,,,,,,,,,,
196,2,grader,keep_all|loose_filter|medium_filter|strict_filter|rerank_only,strict_filter,-0.07,0,generator,1.0,0.924372,0.995817,,1.0,0.924372,0.995817,0.0,,,,,,,1.0,0.9886557668447493,0.9979084432125092,,,,,
196,3,generator,generate_answer|generate_with_strict_citations|generate_short_answer,generate_with_strict_citations,-0.07,0,verifier,-0.94752,0.961645,-1.0,-1.0,-0.94752,0.961645,-1.0,-1.0,,,,,,,,,,0.02624019980430603,0.98082235455513,128,0.0,
196,4,verifier,verify_answer,verify_answer,0.7277,1,,-0.972945,,,,-0.972945,0.0,0.0,0.0,,,,,,,,,,,,,,0.013527452945709229
197,1,retriever,dense_retrieve|sparse_retrieve|hybrid_retrieve|hybrid_rerank,sparse_retrieve,-0.02,0,grader,-1.0,0.982538,-1.0,-0.888803,-1.0,0.982538,-1.0,-0.888803,0.0,19,0.0,0.05559858679771423,,,,,,,,,,
197,2,grader,keep_all|loose_filter|medium_filter|strict_filter|rerank_only,strict_filter,-0.07,0,generator,1.0,0.912857,0.966055,,1.0,0.912857,0.966055,0.0,,,,,,,1.0,0.9869284957647323,0.9830272793769836,,,,,
197,3,generator,generate_answer|generate_with_strict_citations|generate_short_answer,generate_with_strict_citations,-0.07,0,verifier,-0.917988,1.0,-0.973735,-0.887738,-0.917988,1.0,-0.973735,-0.887738,,,,,,,,,,0.04100602865219116,1.0,128,0.05613085627555847,
197,4,verifier,verify_answer,verify_answer,0.6419,1,,-0.806969,,,,-0.806969,0.0,0.0,0.0,,,,,,,,,,,,,,0.09651529788970947
198,1,retriever,dense_retrieve|sparse_retrieve|hybrid_retrieve|hybrid_rerank,hybrid_rerank,-0.02,0,grader,-1.0,-0.863286,1.0,-1.0,-1.0,-0.863286,1.0,-1.0,0.0,6,1.0,0.0,,,,,,,,,,
198,2,grader,keep_all|loose_filter|medium_filter|strict_filter|rerank_only,keep_all,-0.07,0,generator,1.0,0.975708,-0.675775,,1.0,0.975708,-0.675775,0.0,,,,,,,1.0,0.9963561743497849,0.16211256384849548,,,,,
198,3,generator,generate_answer|generate_with_strict_citations|generate_short_answer,generate_short_answer,-0.07,0,verifier,-0.712797,-0.516342,0.876868,-1.0,-0.712797,-0.516342,0.876868,-1.0,,,,,,,,,,0.14360138773918152,0.24182885885238647,184,0.0,
198,4,verifier,verify_answer,verify_answer,0.7148,1,,-0.740178,,,,-0.740178,0.0,0.0,0.0,,,,,,,,,,,,,,0.12991082668304443
199,1,retriever,dense_retrieve|sparse_retrieve|hybrid_retrieve|hybrid_rerank,hybrid_rerank,-0.02,0,grader,-0.85958,-1.0,1.0,-1.0,-0.85958,-1.0,1.0,-1.0,0.07020998001098633,5,1.0,0.0,,,,,,,,,,
199,2,grader,keep_all|loose_filter|medium_filter|strict_filter|rerank_only,keep_all,-0.07,0,generator,1.0,0.786016,-0.636896,,1.0,0.786016,-0.636896,0.0,,,,,,,1.0,0.9679024070501328,0.18155184388160706,,,,,
199,3,generator,generate_answer|generate_with_strict_citations|generate_short_answer,generate_short_answer,-0.07,0,verifier,-0.534671,-0.944338,0.912964,-0.867677,-0.534671,-0.944338,0.912964,-0.867677,,,,,,,,,,0.23266467452049255,0.027830958366394043,210,0.06616142392158508,
199,4,verifier,verify_answer,verify_answer,0.6895,1,,-0.42832,,,,-0.42832,0.0,0.0,0.0,,,,,,,,,,,,,,0.28584010899066925
200,1,retriever,dense_retrieve|sparse_retrieve|hybrid_retrieve|hybrid_rerank,hybrid_rerank,-0.02,0,grader,-0.981537,-0.987942,0.682414,-0.998101,-0.981537,-0.987942,0.682414,-0.998101,0.009231418371200562,5,0.8412070870399475,0.000949472188949585,,,,,,,,,,
200,2,grader,keep_all|loose_filter|medium_filter|strict_filter|rerank_only,keep_all,-0.07,0,generator,0.895778,0.667426,-0.748732,,0.895778,0.667426,-0.748732,0.0,,,,,,,0.9478887915611267,0.9501138627529144,0.12563422322273254,,,,,
200,3,generator,generate_answer|generate_with_strict_citations|generate_short_answer,generate_short_answer,-0.07,0,verifier,-1.0,-0.792156,0.951078,-1.0,-1.0,-0.792156,0.951078,-1.0,,,,,,,,,,0.0,0.10392192006111145,188,0.0,
200,4,verifier,verify_answer,verify_answer,0.7468,1,,-0.258163,,,,-0.258163,0.0,0.0,0.0,,,,,,,,,,,,,,0.3709186017513275
