episode,step,active_agent,valid_actions,discrete_action,reward,done,next_active_agent,raw_0,raw_1,raw_2,raw_3,padded_0,padded_1,padded_2,padded_3,dense_sparse_weight,top_k,rerank_threshold,source_diversity,rewrite_strength,query_expansion_weight,relevance_threshold,evidence_keep_ratio,strictness_score,temperature,citation_strictness,max_tokens,answer_detail_level,support_threshold
1,1,retriever,dense_retrieve|sparse_retrieve|hybrid_retrieve|hybrid_rerank,hybrid_rerank,-0.02,0,grader,-0.760718,-0.193062,0.50639,-0.495623,-0.760718,-0.193062,0.50639,-0.495623,0.11964121460914612,11,0.7531949281692505,0.25218838453292847,,,,,,,,,,
1,2,grader,keep_all|loose_filter|medium_filter|strict_filter|rerank_only,rerank_only,-0.07,0,generator,-0.308539,-0.150008,0.322944,,-0.308539,-0.150008,0.322944,0.0,,,,,,,0.3457302898168564,0.8274988010525703,0.6614720374345779,,,,,
1,3,generator,generate_answer|generate_with_strict_citations|generate_short_answer,generate_short_answer,-0.07,0,verifier,0.38383,0.484728,-0.393205,0.269215,0.38383,0.484728,-0.393205,0.269215,,,,,,,,,,0.6919149160385132,0.7423641532659531,232,0.6346075385808945,
1,4,verifier,verify_answer,verify_answer,0.5887,1,,0.189231,,,,0.189231,0.0,0.0,0.0,,,,,,,,,,,,,,0.5946156606078148
2,1,retriever,dense_retrieve|sparse_retrieve|hybrid_retrieve|hybrid_rerank,hybrid_rerank,-0.02,0,grader,-0.803402,-0.307007,0.1504,-0.277705,-0.803402,-0.307007,0.1504,-0.277705,0.09829896688461304,10,0.5752001404762268,0.3611474335193634,,,,,,,,,,
2,2,grader,keep_all|loose_filter|medium_filter|strict_filter|rerank_only,rerank_only,-0.07,0,generator,0.058037,0.127064,0.235541,,0.058037,0.127064,0.235541,0.0,,,,,,,0.5290185436606407,0.8690596498548984,0.6177703067660332,,,,,
2,3,generator,generate_answer|generate_with_strict_citations|generate_short_answer,generate_short_answer,-0.07,0,verifier,0.057681,0.272262,-0.493186,0.322006,0.057681,0.272262,-0.493186,0.322006,,,,,,,,,,0.5288406908512115,0.6361308395862579,222,0.6610027998685837,
2,4,verifier,verify_answer,verify_answer,0.6715,1,,-0.069762,,,,-0.069762,0.0,0.0,0.0,,,,,,,,,,,,,,0.46511876210570335
3,1,retriever,dense_retrieve|sparse_retrieve|hybrid_retrieve|hybrid_rerank,hybrid_rerank,-0.02,0,grader,-0.70505,-0.085293,0.231377,-0.156285,-0.70505,-0.085293,0.231377,-0.156285,0.14747506380081177,11,0.6156886965036392,0.42185741662979126,,,,,,,,,,
3,2,grader,keep_all|loose_filter|medium_filter|strict_filter|rerank_only,rerank_only,-0.07,0,generator,-0.15442,0.246136,0.261046,,-0.15442,0.246136,0.261046,0.0,,,,,,,0.42279013246297836,0.8869203656911849,0.6305231004953384,,,,,
3,3,generator,generate_answer|generate_with_strict_citations|generate_short_answer,generate_answer,-0.07,0,verifier,0.295628,0.578425,-0.47935,0.458053,0.295628,0.578425,-0.47935,0.458053,,,,,,,,,,0.6478141993284225,0.7892126441001892,238,0.7290264666080475,
3,4,verifier,verify_answer,verify_answer,0.6335,1,,0.354985,,,,0.354985,0.0,0.0,0.0,,,,,,,,,,,,,,0.6774922609329224
4,1,retriever,dense_retrieve|sparse_retrieve|hybrid_retrieve|hybrid_rerank,hybrid_rerank,-0.02,0,grader,-0.70972,-0.726611,0.277974,-0.279372,-0.70972,-0.726611,0.277974,-0.279372,0.14514023065567017,7,0.6389869898557663,0.36031387746334076,,,,,,,,,,
4,2,grader,keep_all|loose_filter|medium_filter|strict_filter|rerank_only,rerank_only,-0.07,0,generator,-0.152543,-0.168573,0.194552,,-0.152543,-0.168573,0.194552,0.0,,,,,,,0.42372866719961166,0.8247141003608703,0.5972759202122688,,,,,
4,3,generator,generate_answer|generate_with_strict_citations|generate_short_answer,generate_answer,-0.07,0,verifier,0.000534,0.588103,-0.549985,0.505387,0.000534,0.588103,-0.549985,0.505387,,,,,,,,,,0.5002671874244697,0.7940512895584106,231,0.7526936531066895,
4,4,verifier,verify_answer,verify_answer,0.6754,1,,0.466794,,,,0.466794,0.0,0.0,0.0,,,,,,,,,,,,,,0.7333971410989761
5,1,retriever,dense_retrieve|sparse_retrieve|hybrid_retrieve|hybrid_rerank,hybrid_rerank,-0.02,0,grader,-0.366841,-0.072944,0.484707,0.172827,-0.366841,-0.072944,0.484707,0.172827,0.31657925248146057,11,0.7423535287380219,0.5864136517047882,,,,,,,,,,
5,2,grader,keep_all|loose_filter|medium_filter|strict_filter|rerank_only,rerank_only,-0.07,0,generator,-0.094951,0.270272,-0.014793,,-0.094951,0.270272,-0.014793,0.0,,,,,,,0.4525243975222111,0.8905408561229705,0.492603593505919,,,,,
5,3,generator,generate_answer|generate_with_strict_citations|generate_short_answer,generate_with_strict_citations,-0.07,0,verifier,0.59598,0.746346,-0.561052,0.26672,0.59598,0.746346,-0.561052,0.26672,,,,,,,,,,0.7979901134967804,0.8731732368469238,208,0.6333598494529724,
5,4,verifier,verify_answer,verify_answer,0.7092,1,,0.158225,,,,0.158225,0.0,0.0,0.0,,,,,,,,,,,,,,0.5791123807430267
6,1,retriever,dense_retrieve|sparse_retrieve|hybrid_retrieve|hybrid_rerank,hybrid_rerank,-0.02,0,grader,-0.386688,-0.395032,0.377359,-0.361605,-0.386688,-0.395032,0.377359,-0.361605,0.3066559135913849,9,0.688679575920105,0.3191974610090256,,,,,,,,,,
6,2,grader,keep_all|loose_filter|medium_filter|strict_filter|rerank_only,rerank_only,-0.07,0,generator,-0.025727,-0.138058,0.118912,,-0.025727,-0.138058,0.118912,0.0,,,,,,,0.4871364561840892,0.8292913191020488,0.5594559460878372,,,,,
6,3,generator,generate_answer|generate_with_strict_citations|generate_short_answer,generate_short_answer,-0.07,0,verifier,0.145285,0.628712,-0.418188,0.324911,0.145285,0.628712,-0.418188,0.324911,,,,,,,,,,0.5726424604654312,0.8143559992313385,234,0.6624555438756943,
6,4,verifier,verify_answer,verify_answer,0.5281,1,,0.045816,,,,0.045816,0.0,0.0,0.0,,,,,,,,,,,,,,0.5229082275182009
7,1,retriever,dense_retrieve|sparse_retrieve|hybrid_retrieve|hybrid_rerank,hybrid_rerank,-0.02,0,grader,-0.699399,-0.044303,0.233518,0.223845,-0.699399,-0.044303,0.233518,0.223845,0.1503002941608429,12,0.6167590543627739,0.6119227036833763,,,,,,,,,,
7,2,grader,keep_all|loose_filter|medium_filter|strict_filter|rerank_only,rerank_only,-0.07,0,generator,-0.213416,0.043052,0.105964,,-0.213416,0.043052,0.105964,0.0,,,,,,,0.39329198002815247,0.8564577903598547,0.5529819317162037,,,,,
7,3,generator,generate_answer|generate_with_strict_citations|generate_short_answer,generate_answer,-0.07,0,verifier,-0.103422,0.563016,-0.694927,0.477892,-0.103422,0.563016,-0.694927,0.477892,,,,,,,,,,0.44828903302550316,0.7815081477165222,206,0.7389459758996964,
7,4,verifier,verify_answer,verify_answer,0.6578,1,,0.43006,,,,0.43006,0.0,0.0,0.0,,,,,,,,,,,,,,0.7150300443172455
8,1,retriever,dense_retrieve|sparse_retrieve|hybrid_retrieve|hybrid_rerank,hybrid_rerank,-0.02,0,grader,-0.917142,-0.3953,0.328668,0.02459,-0.917142,-0.3953,0.328668,0.02459,0.04142904281616211,9,0.6643341183662415,0.5122951529920101,,,,,,,,,,
8,2,grader,keep_all|loose_filter|medium_filter|strict_filter|rerank_only,rerank_only,-0.07,0,generator,-0.145731,0.122869,-0.076157,,-0.145731,0.122869,-0.076157,0.0,,,,,,,0.42713436484336853,0.8684304002672434,0.46192147210240364,,,,,
8,3,generator,generate_answer|generate_with_strict_citations|generate_short_answer,generate_answer,-0.07,0,verifier,0.405865,0.156488,-0.541665,0.425556,0.405865,0.156488,-0.541665,0.425556,,,,,,,,,,0.7029326409101486,0.5782442092895508,225,0.7127777934074402,
8,4,verifier,verify_answer,verify_answer,0.7083,1,,0.383965,,,,0.383965,0.0,0.0,0.0,,,,,,,,,,,,,,0.6919827163219452
9,1,retriever,dense_retrieve|sparse_retrieve|hybrid_retrieve|hybrid_rerank,hybrid_rerank,-0.02,0,grader,-0.578338,-0.124633,0.326959,-0.30697,-0.578338,-0.124633,0.326959,-0.30697,0.21083101630210876,11,0.6634793281555176,0.34651510417461395,,,,,,,,,,
9,2,grader,keep_all|loose_filter|medium_filter|strict_filter|rerank_only,rerank_only,-0.07,0,generator,0.129497,0.156859,0.193654,,0.129497,0.156859,0.193654,0.0,,,,,,,0.5647483244538307,0.8735288605093956,0.5968271568417549,,,,,
9,3,generator,generate_answer|generate_with_strict_citations|generate_short_answer,generate_short_answer,-0.07,0,verifier,0.506674,0.688985,-0.56674,0.22,0.506674,0.688985,-0.56674,0.22,,,,,,,,,,0.7533368170261383,0.8444924652576447,203,0.6100000664591789,
9,4,verifier,verify_answer,verify_answer,-0.07,0,verifier,0.398642,,,,0.398642,0.0,0.0,0.0,,,,,,,,,,,,,,0.699320986866951
9,5,verifier,request_regeneration|request_more_retrieval|request_rewrite,request_more_retrieval,-0.07,0,retriever,0.054977,,,,0.054977,0.0,0.0,0.0,,,,,,,,,,,,,,0.5274886675179005
9,6,retriever,retrieve_more,retrieve_more,-0.02,0,grader,-0.675897,0.123481,0.52212,-0.465841,-0.675897,0.123481,0.52212,-0.465841,0.16205152869224548,13,0.7610601484775543,0.2670793980360031,,,,,,,,,,
9,7,grader,keep_all|loose_filter|medium_filter|strict_filter|rerank_only,keep_all,-0.07,0,generator,-0.135975,0.369475,0.263545,,-0.135975,0.369475,0.263545,0.0,,,,,,,0.43201247602701187,0.9054211884737015,0.6317726373672485,,,,,
9,8,generator,generate_answer|generate_with_strict_citations|generate_short_answer,generate_with_strict_citations,-0.07,0,verifier,0.559874,0.742052,-0.356174,0.416819,0.559874,0.742052,-0.356174,0.416819,,,,,,,,,,0.7799371778964996,0.8710258603096008,253,0.7084094882011414,
9,9,verifier,verify_answer,verify_answer,0.4408,1,,0.048785,,,,0.048785,0.0,0.0,0.0,,,,,,,,,,,,,,0.5243926327675581
10,1,retriever,dense_retrieve|sparse_retrieve|hybrid_retrieve|hybrid_rerank,hybrid_rerank,-0.02,0,grader,-0.720609,-0.406225,0.537408,0.304719,-0.720609,-0.406225,0.537408,0.304719,0.13969534635543823,9,0.7687038779258728,0.6523592621088028,,,,,,,,,,
10,2,grader,keep_all|loose_filter|medium_filter|strict_filter|rerank_only,rerank_only,-0.07,0,generator,-0.161377,0.161461,0.094206,,-0.161377,0.161461,0.094206,0.0,,,,,,,0.41931137442588806,0.8742192029953002,0.5471028834581375,,,,,
10,3,generator,generate_answer|generate_with_strict_citations|generate_short_answer,generate_with_strict_citations,-0.07,0,verifier,0.009953,0.93239,-0.507585,0.316484,0.009953,0.93239,-0.507585,0.316484,,,,,,,,,,0.5049764849245548,0.9661952257156372,221,0.6582421064376831,
10,4,verifier,verify_answer,verify_answer,0.6615,1,,0.442009,,,,0.442009,0.0,0.0,0.0,,,,,,,,,,,,,,0.7210044264793396
11,1,retriever,dense_retrieve|sparse_retrieve|hybrid_retrieve|hybrid_rerank,hybrid_rerank,-0.02,0,grader,-0.825283,-0.21426,0.61202,0.057339,-0.825283,-0.21426,0.61202,0.057339,0.08735847473144531,10,0.8060098588466644,0.5286695472896099,,,,,,,,,,
11,2,grader,keep_all|loose_filter|medium_filter|strict_filter|rerank_only,rerank_only,-0.07,0,generator,-0.161502,0.04924,0.263657,,-0.161502,0.04924,0.263657,0.0,,,,,,,0.4192489832639694,0.8573859648779034,0.6318285763263702,,,,,
11,3,generator,generate_answer|generate_with_strict_citations|generate_short_answer,generate_answer,-0.07,0,verifier,0.239906,0.514126,-0.674052,0.548861,0.239906,0.514126,-0.674052,0.548861,,,,,,,,,,0.6199530065059662,0.7570628523826599,215,0.7744307219982147,
11,4,verifier,verify_answer,verify_answer,0.6366,1,,0.329402,,,,0.329402,0.0,0.0,0.0,,,,,,,,,,,,,,0.664700984954834
12,1,retriever,dense_retrieve|sparse_retrieve|hybrid_retrieve|hybrid_rerank,hybrid_rerank,-0.02,0,grader,-0.672145,-0.354808,0.387175,-0.317883,-0.672145,-0.354808,0.387175,-0.317883,0.16392749547958374,9,0.693587601184845,0.34105849266052246,,,,,,,,,,
12,2,grader,keep_all|loose_filter|medium_filter|strict_filter|rerank_only,rerank_only,-0.07,0,generator,-0.271519,-0.201555,0.119357,,-0.271519,-0.201555,0.119357,0.0,,,,,,,0.36424069106578827,0.8197666987776756,0.5596784688532352,,,,,
12,3,generator,generate_answer|generate_with_strict_citations|generate_short_answer,generate_short_answer,-0.07,0,verifier,0.731673,0.683364,-0.568509,0.183779,0.731673,0.683364,-0.568509,0.183779,,,,,,,,,,0.8658364117145538,0.8416821658611298,199,0.5918893441557884,
12,4,verifier,verify_answer,verify_answer,0.542,1,,0.137903,,,,0.137903,0.0,0.0,0.0,,,,,,,,,,,,,,0.5689513683319092
13,1,retriever,dense_retrieve|sparse_retrieve|hybrid_retrieve|hybrid_rerank,hybrid_rerank,-0.02,0,grader,-0.768653,-0.230742,0.28158,0.017132,-0.768653,-0.230742,0.28158,0.017132,0.11567345261573792,10,0.6407901495695114,0.5085660926997662,,,,,,,,,,
13,2,grader,keep_all|loose_filter|medium_filter|strict_filter|rerank_only,rerank_only,-0.07,0,generator,-0.170015,0.032644,0.302843,,-0.170015,0.032644,0.302843,0.0,,,,,,,0.414992593228817,0.8548966223374008,0.6514212936162949,,,,,
13,3,generator,generate_answer|generate_with_strict_citations|generate_short_answer,generate_short_answer,-0.07,0,verifier,0.376768,0.40221,-0.677662,0.253206,0.376768,0.40221,-0.677662,0.253206,,,,,,,,,,0.6883837580680847,0.7011048048734665,190,0.6266029924154282,
13,4,verifier,verify_answer,verify_answer,0.7563,1,,0.391302,,,,0.391302,0.0,0.0,0.0,,,,,,,,,,,,,,0.695651113986969
14,1,retriever,dense_retrieve|sparse_retrieve|hybrid_retrieve|hybrid_rerank,hybrid_rerank,-0.02,0,grader,-0.593999,-0.464491,0.390869,0.075738,-0.593999,-0.464491,0.390869,0.075738,0.20300036668777466,9,0.6954343914985657,0.5378689132630825,,,,,,,,,,
14,2,grader,keep_all|loose_filter|medium_filter|strict_filter|rerank_only,rerank_only,-0.07,0,generator,-0.046955,0.204112,0.210257,,-0.046955,0.204112,0.210257,0.0,,,,,,,0.4765227008610964,0.8806168437004089,0.605128675699234,,,,,
14,3,generator,generate_answer|generate_with_strict_citations|generate_short_answer,generate_with_strict_citations,-0.07,0,verifier,0.197068,0.87796,-0.32739,0.27699,0.197068,0.87796,-0.32739,0.27699,,,,,,,,,,0.5985341370105743,0.9389798641204834,243,0.6384948343038559,
14,4,verifier,verify_answer,verify_answer,0.5784,1,,0.256282,,,,0.256282,0.0,0.0,0.0,,,,,,,,,,,,,,0.6281412243843079
15,1,retriever,dense_retrieve|sparse_retrieve|hybrid_retrieve|hybrid_rerank,hybrid_rerank,-0.02,0,grader,-0.982951,-0.229764,0.326232,0.013441,-0.982951,-0.229764,0.326232,0.013441,0.00852474570274353,10,0.6631159037351608,0.5067207380197942,,,,,,,,,,
15,2,grader,keep_all|loose_filter|medium_filter|strict_filter|rerank_only,keep_all,-0.07,0,generator,-0.200894,0.386052,-0.097183,,-0.200894,0.386052,-0.097183,0.0,,,,,,,0.39955323189496994,0.9079078689217567,0.4514082744717598,,,,,
15,3,generator,generate_answer|generate_with_strict_citations|generate_short_answer,generate_short_answer,-0.07,0,verifier,0.734888,0.490912,-0.808373,0.324072,0.734888,0.490912,-0.808373,0.324072,,,,,,,,,,0.8674442172050476,0.7454559803009033,176,0.6620358228683472,
15,4,verifier,verify_answer,verify_answer,0.7051,1,,0.875712,,,,0.875712,0.0,0.0,0.0,,,,,,,,,,,,,,0.9378560483455658
16,1,retriever,dense_retrieve|sparse_retrieve|hybrid_retrieve|hybrid_rerank,hybrid_rerank,-0.02,0,grader,-0.84736,-0.319376,0.206509,-0.676486,-0.84736,-0.319376,0.206509,-0.676486,0.07631978392601013,10,0.603254459798336,0.1617569923400879,,,,,,,,,,
16,2,grader,keep_all|loose_filter|medium_filter|strict_filter|rerank_only,rerank_only,-0.07,0,generator,-0.166811,-0.367497,0.184098,,-0.166811,-0.367497,0.184098,0.0,,,,,,,0.4165944904088974,0.794875405728817,0.5920492485165596,,,,,
16,3,generator,generate_answer|generate_with_strict_citations|generate_short_answer,generate_short_answer,-0.07,0,verifier,0.557863,0.419778,-0.935849,0.273704,0.557863,0.419778,-0.935849,0.273704,,,,,,,,,,0.7789315581321716,0.7098888009786606,154,0.6368518173694611,
16,4,verifier,verify_answer,verify_answer,-0.07,0,verifier,0.899629,,,,0.899629,0.0,0.0,0.0,,,,,,,,,,,,,,0.9498146772384644
16,5,verifier,request_regeneration|request_more_retrieval|request_rewrite,request_regeneration,-0.07,0,generator,0.956676,,,,0.956676,0.0,0.0,0.0,,,,,,,,,,,,,,0.9783380031585693
16,6,generator,generate_answer|generate_with_strict_citations|generate_short_answer|regenerate,generate_short_answer,-0.07,0,verifier,0.686078,0.054518,-0.984373,0.172447,0.686078,0.054518,-0.984373,0.172447,,,,,,,,,,0.8430392444133759,0.527259049937129,141,0.5862233191728592,
16,7,verifier,verify_answer,verify_answer,-0.07,0,verifier,0.874488,,,,0.874488,0.0,0.0,0.0,,,,,,,,,,,,,,0.9372440874576569
16,8,verifier,request_regeneration|request_more_retrieval|request_rewrite,request_regeneration,-0.07,0,generator,0.82178,,,,0.82178,0.0,0.0,0.0,,,,,,,,,,,,,,0.9108898639678955
16,9,generator,generate_answer|generate_with_strict_citations|generate_short_answer|regenerate,generate_short_answer,-0.07,0,verifier,0.77708,-0.198171,-0.784315,-0.253653,0.77708,-0.198171,-0.784315,-0.253653,,,,,,,,,,0.8885400593280792,0.4009144455194473,135,0.37317344546318054,
16,10,verifier,verify_answer,verify_answer,0.1326,1,,0.665104,,,,0.665104,0.0,0.0,0.0,,,,,,,,,,,,,,0.8325521945953369
17,1,retriever,dense_retrieve|sparse_retrieve|hybrid_retrieve|hybrid_rerank,sparse_retrieve,-0.02,0,grader,-0.60303,0.086761,-0.132809,-0.791884,-0.60303,0.086761,-0.132809,-0.791884,0.198484867811203,13,0.4335956871509552,0.10405811667442322,,,,,,,,,,
17,2,grader,keep_all|loose_filter|medium_filter|strict_filter|rerank_only,rerank_only,-0.07,0,generator,0.471997,-0.651696,-0.157007,,0.471997,-0.651696,-0.157007,0.0,,,,,,,0.735998272895813,0.7522455513477325,0.42149633914232254,,,,,
17,3,generator,generate_answer|generate_with_strict_citations|generate_short_answer,generate_short_answer,-0.07,0,verifier,0.944115,-0.21536,-0.651118,-0.509303,0.944115,-0.21536,-0.651118,-0.509303,,,,,,,,,,0.9720575511455536,0.3923198878765106,128,0.24534869194030762,
17,4,verifier,verify_answer,verify_answer,0.7403,1,,0.769492,,,,0.769492,0.0,0.0,0.0,,,,,,,,,,,,,,0.8847461342811584
18,1,retriever,dense_retrieve|sparse_retrieve|hybrid_retrieve|hybrid_rerank,hybrid_rerank,-0.02,0,grader,-0.382046,0.409627,0.218194,-1.0,-0.382046,0.409627,0.218194,-1.0,0.3089771717786789,15,0.6090972274541855,0.0,,,,,,,,,,
18,2,grader,keep_all|loose_filter|medium_filter|strict_filter|rerank_only,rerank_only,-0.07,0,generator,0.661864,-0.844019,0.334002,,0.661864,-0.844019,0.334002,0.0,,,,,,,0.8309317827224731,0.7233972132205962,0.6670007705688477,,,,,
18,3,generator,generate_answer|generate_with_strict_citations|generate_short_answer,generate_short_answer,-0.07,0,verifier,0.663065,-0.824595,-0.649422,-0.699636,0.663065,-0.824595,-0.649422,-0.699636,,,,,,,,,,0.83153235912323,0.08770254254341125,128,0.15018224716186523,
18,4,verifier,verify_answer,verify_answer,0.7988,1,,0.992811,,,,0.992811,0.0,0.0,0.0,,,,,,,,,,,,,,0.9964054524898529
19,1,retriever,dense_retrieve|sparse_retrieve|hybrid_retrieve|hybrid_rerank,hybrid_retrieve,-0.02,0,grader,-0.138724,0.480964,-0.50448,-0.886856,-0.138724,0.480964,-0.50448,-0.886856,0.43063781410455704,16,0.2477598786354065,0.056572020053863525,,,,,,,,,,
19,2,grader,keep_all|loose_filter|medium_filter|strict_filter|rerank_only,rerank_only,-0.07,0,generator,0.866908,-0.804425,0.351467,,0.866908,-0.804425,0.351467,0.0,,,,,,,0.933454155921936,0.729336267709732,0.675733283162117,,,,,
19,3,generator,generate_answer|generate_with_strict_citations|generate_short_answer,generate_short_answer,-0.07,0,verifier,0.882508,-1.0,-0.889078,-0.938556,0.882508,-1.0,-0.889078,-0.938556,,,,,,,,,,0.9412537515163422,0.0,128,0.030721813440322876,
19,4,verifier,verify_answer,verify_answer,0.6527,1,,0.981036,,,,0.981036,0.0,0.0,0.0,,,,,,,,,,,,,,0.9905179142951965
20,1,retriever,dense_retrieve|sparse_retrieve|hybrid_retrieve|hybrid_rerank,hybrid_retrieve,-0.02,0,grader,0.00262,-0.2508,-0.441053,-0.840509,0.00262,-0.2508,-0.441053,-0.840509,0.501309875282459,10,0.2794734537601471,0.07974541187286377,,,,,,,,,,
20,2,grader,keep_all|loose_filter|medium_filter|strict_filter|rerank_only,rerank_only,-0.07,0,generator,0.638849,-0.915753,0.164896,,0.638849,-0.915753,0.164896,0.0,,,,,,,0.8194244205951691,0.7126369774341583,0.5824478343129158,,,,,
20,3,generator,generate_answer|generate_with_strict_citations|generate_short_answer,generate_short_answer,-0.07,0,verifier,0.928984,-0.960785,-0.9863,-0.75664,0.928984,-0.960785,-0.9863,-0.75664,,,,,,,,,,0.9644918739795685,0.01960766315460205,128,0.12168008089065552,
20,4,verifier,verify_answer,verify_answer,0.586,1,,1.0,,,,1.0,0.0,0.0,0.0,,,,,,,,,,,,,,1.0
21,1,retriever,dense_retrieve|sparse_retrieve|hybrid_retrieve|hybrid_rerank,hybrid_retrieve,-0.02,0,grader,0.18274,-0.424845,-0.666854,-0.996477,0.18274,-0.424845,-0.666854,-0.996477,0.5913699194788933,9,0.16657286882400513,0.001761317253112793,,,,,,,,,,
21,2,grader,keep_all|loose_filter|medium_filter|strict_filter|rerank_only,rerank_only,-0.07,0,generator,0.636271,-0.638956,0.279114,,0.636271,-0.638956,0.279114,0.0,,,,,,,0.8181353509426117,0.7541566163301467,0.6395572274923325,,,,,
21,3,generator,generate_answer|generate_with_strict_citations|generate_short_answer,generate_short_answer,-0.07,0,verifier,0.907584,-1.0,-0.629654,-0.836574,0.907584,-1.0,-0.629654,-0.836574,,,,,,,,,,0.9537922441959381,0.0,128,0.08171281218528748,
21,4,verifier,verify_answer,verify_answer,0.7991,1,,0.58219,,,,0.58219,0.0,0.0,0.0,,,,,,,,,,,,,,0.791094958782196
22,1,retriever,dense_retrieve|sparse_retrieve|hybrid_retrieve|hybrid_rerank,dense_retrieve,-0.02,0,grader,0.515648,-0.498206,-0.273209,-0.897906,0.515648,-0.498206,-0.273209,-0.897906,0.7578241527080536,8,0.3633953332901001,0.05104714632034302,,,,,,,,,,
22,2,grader,keep_all|loose_filter|medium_filter|strict_filter|rerank_only,medium_filter,-0.07,0,generator,0.718641,-1.0,0.630129,,0.718641,-1.0,0.630129,0.0,,,,,,,0.8593204617500305,0.7,0.8150646984577179,,,,,
22,3,generator,generate_answer|generate_with_strict_citations|generate_short_answer,generate_short_answer,-0.07,0,verifier,1.0,-0.983937,-0.418823,-1.0,1.0,-0.983937,-0.418823,-1.0,,,,,,,,,,1.0,0.00803142786026001,128,0.0,
22,4,verifier,verify_answer,verify_answer,0.7029,1,,1.0,,,,1.0,0.0,0.0,0.0,,,,,,,,,,,,,,1.0
23,1,retriever,dense_retrieve|sparse_retrieve|hybrid_retrieve|hybrid_rerank,dense_retrieve,-0.02,0,grader,0.508158,-0.661382,-0.34889,-0.979315,0.508158,-0.661382,-0.34889,-0.979315,0.7540791630744934,7,0.3255552351474762,0.010342627763748169,,,,,,,,,,
23,2,grader,keep_all|loose_filter|medium_filter|strict_filter|rerank_only,loose_filter,-0.07,0,generator,1.0,-0.990062,0.539235,,1.0,-0.990062,0.539235,0.0,,,,,,,1.0,0.7014907002449036,0.7696173787117004,,,,,
23,3,generator,generate_answer|generate_with_strict_citations|generate_short_answer,generate_short_answer,-0.07,0,verifier,1.0,-0.795124,-0.457156,-0.954811,1.0,-0.795124,-0.457156,-0.954811,,,,,,,,,,1.0,0.10243815183639526,128,0.022594362497329712,
23,4,verifier,verify_answer,verify_answer,0.7399,1,,0.814359,,,,0.814359,0.0,0.0,0.0,,,,,,,,,,,,,,0.907179445028305
24,1,retriever,dense_retrieve|sparse_retrieve|hybrid_retrieve|hybrid_rerank,dense_retrieve,-0.02,0,grader,0.860418,-0.778971,-0.053342,-0.813707,0.860418,-0.778971,-0.053342,-0.813707,0.930208832025528,6,0.4733288362622261,0.09314653277397156,,,,,,,,,,
24,2,grader,keep_all|loose_filter|medium_filter|strict_filter|rerank_only,strict_filter,-0.07,0,generator,1.0,-0.80412,0.816858,,1.0,-0.80412,0.816858,0.0,,,,,,,1.0,0.7293819636106491,0.9084291458129883,,,,,
24,3,generator,generate_answer|generate_with_strict_citations|generate_short_answer,generate_short_answer,-0.07,0,verifier,1.0,-0.887715,-0.151464,-1.0,1.0,-0.887715,-0.151464,-1.0,,,,,,,,,,1.0,0.05614250898361206,128,0.0,
24,4,verifier,verify_answer,verify_answer,0.7193,1,,0.895242,,,,0.895242,0.0,0.0,0.0,,,,,,,,,,,,,,0.947621077299118
25,1,retriever,dense_retrieve|sparse_retrieve|hybrid_retrieve|hybrid_rerank,hybrid_rerank,-0.02,0,grader,0.533804,-0.8023,0.113219,-0.882939,0.533804,-0.8023,0.113219,-0.882939,0.7669021189212799,6,0.5566095001995564,0.05853062868118286,,,,,,,,,,
25,2,grader,keep_all|loose_filter|medium_filter|strict_filter|rerank_only,strict_filter,-0.07,0,generator,0.770292,-0.759432,0.838454,,0.770292,-0.759432,0.838454,0.0,,,,,,,0.8851462006568909,0.7360852688550948,0.9192268550395966,,,,,
25,3,generator,generate_answer|generate_with_strict_citations|generate_short_answer,generate_short_answer,-0.07,0,verifier,0.894076,-1.0,0.029671,-0.913211,0.894076,-1.0,0.029671,-0.913211,,,,,,,,,,0.9470381438732147,0.0,140,0.043394535779953,
25,4,verifier,verify_answer,verify_answer,0.7974,1,,1.0,,,,1.0,0.0,0.0,0.0,,,,,,,,,,,,,,1.0
26,1,retriever,dense_retrieve|sparse_retrieve|hybrid_retrieve|hybrid_rerank,hybrid_rerank,-0.02,0,grader,0.683918,-0.929266,0.339498,-0.920405,0.683918,-0.929266,0.339498,-0.920405,0.84195876121521,5,0.6697492301464081,0.03979727625846863,,,,,,,,,,
26,2,grader,keep_all|loose_filter|medium_filter|strict_filter|rerank_only,medium_filter,-0.07,0,generator,0.954849,-0.958993,0.713605,,0.954849,-0.958993,0.713605,0.0,,,,,,,0.9774243235588074,0.7061511009931564,0.8568024933338165,,,,,
26,3,generator,generate_answer|generate_with_strict_citations|generate_short_answer,generate_short_answer,-0.07,0,verifier,0.956979,-0.824243,0.27997,-1.0,0.956979,-0.824243,0.27997,-1.0,,,,,,,,,,0.978489339351654,0.08787831664085388,145,0.0,
26,4,verifier,verify_answer,verify_answer,0.662,1,,1.0,,,,1.0,0.0,0.0,0.0,,,,,,,,,,,,,,1.0
27,1,retriever,dense_retrieve|sparse_retrieve|hybrid_retrieve|hybrid_rerank,hybrid_rerank,-0.02,0,grader,0.940176,-0.915816,0.440096,-0.795673,0.940176,-0.915816,0.440096,-0.795673,0.9700877964496613,5,0.720048114657402,0.10216325521469116,,,,,,,,,,
27,2,grader,keep_all|loose_filter|medium_filter|strict_filter|rerank_only,strict_filter,-0.07,0,generator,1.0,-0.777807,1.0,,1.0,-0.777807,1.0,0.0,,,,,,,1.0,0.7333289861679076,1.0,,,,,
27,3,generator,generate_answer|generate_with_strict_citations|generate_short_answer,generate_short_answer,-0.07,0,verifier,1.0,-0.896378,0.461862,-0.939125,1.0,-0.896378,0.461862,-0.939125,,,,,,,,,,1.0,0.05181097984313965,167,0.030437469482421875,
27,4,verifier,verify_answer,verify_answer,-0.07,0,verifier,1.0,,,,1.0,0.0,0.0,0.0,,,,,,,,,,,,,,1.0
27,5,verifier,request_regeneration|request_more_retrieval|request_rewrite,request_regeneration,-0.07,0,generator,1.0,,,,1.0,0.0,0.0,0.0,,,,,,,,,,,,,,1.0
27,6,generator,generate_answer|generate_with_strict_citations|generate_short_answer|regenerate,generate_short_answer,-0.07,0,verifier,1.0,-0.924125,0.631005,-0.850688,1.0,-0.924125,0.631005,-0.850688,,,,,,,,,,1.0,0.037937432527542114,193,0.07465577125549316,
27,7,verifier,verify_answer,verify_answer,0.6298,1,,1.0,,,,1.0,0.0,0.0,0.0,,,,,,,,,,,,,,1.0
28,1,retriever,dense_retrieve|sparse_retrieve|hybrid_retrieve|hybrid_rerank,hybrid_rerank,-0.02,0,grader,0.797852,-0.972518,0.732336,-1.0,0.797852,-0.972518,0.732336,-1.0,0.8989257514476776,5,0.8661677837371826,0.0,,,,,,,,,,
28,2,grader,keep_all|loose_filter|medium_filter|strict_filter|rerank_only,medium_filter,-0.07,0,generator,1.0,-0.948059,0.730564,,1.0,-0.948059,0.730564,0.0,,,,,,,1.0,0.7077912092208862,0.865281879901886,,,,,
28,3,generator,generate_answer|generate_with_strict_citations|generate_short_answer,generate_short_answer,-0.07,0,verifier,1.0,-1.0,0.922887,-0.883964,1.0,-1.0,0.922887,-0.883964,,,,,,,,,,1.0,0.0,208,0.0580177903175354,
28,4,verifier,verify_answer,verify_answer,0.682,1,,1.0,,,,1.0,0.0,0.0,0.0,,,,,,,,,,,,,,1.0
29,1,retriever,dense_retrieve|sparse_retrieve|hybrid_retrieve|hybrid_rerank,hybrid_rerank,-0.02,0,grader,0.824137,-0.938385,0.63779,-0.860916,0.824137,-0.938385,0.63779,-0.860916,0.9120682775974274,5,0.8188949525356293,0.06954196095466614,,,,,,,,,,
29,2,grader,keep_all|loose_filter|medium_filter|strict_filter|rerank_only,strict_filter,-0.07,0,generator,0.9676,-0.929152,1.0,,0.9676,-0.929152,1.0,0.0,,,,,,,0.9837999939918518,0.7106272339820862,1.0,,,,,
29,3,generator,generate_answer|generate_with_strict_citations|generate_short_answer,generate_short_answer,-0.07,0,verifier,0.508646,-1.0,0.636469,-0.900648,0.508646,-1.0,0.636469,-0.900648,,,,,,,,,,0.7543229460716248,0.0,185,0.049676090478897095,
29,4,verifier,verify_answer,verify_answer,-0.07,0,verifier,1.0,,,,1.0,0.0,0.0,0.0,,,,,,,,,,,,,,1.0
29,5,verifier,request_regeneration|request_more_retrieval|request_rewrite,request_regeneration,-0.07,0,generator,1.0,,,,1.0,0.0,0.0,0.0,,,,,,,,,,,,,,1.0
29,6,generator,generate_answer|generate_with_strict_citations|generate_short_answer|regenerate,generate_short_answer,-0.07,0,verifier,0.617075,-1.0,0.708534,-1.0,0.617075,-1.0,0.708534,-1.0,,,,,,,,,,0.8085373938083649,0.0,173,0.0,
29,7,verifier,verify_answer,verify_answer,-0.07,0,verifier,0.906586,,,,0.906586,0.0,0.0,0.0,,,,,,,,,,,,,,0.9532928764820099
29,8,verifier,request_regeneration|request_more_retrieval|request_rewrite,request_regeneration,-0.07,0,generator,1.0,,,,1.0,0.0,0.0,0.0,,,,,,,,,,,,,,1.0
29,9,generator,generate_answer|generate_with_strict_citations|generate_short_answer|regenerate,generate_short_answer,-0.07,0,verifier,0.604297,-1.0,0.846788,-1.0,0.604297,-1.0,0.846788,-1.0,,,,,,,,,,0.8021482527256012,0.0,182,0.0,
29,10,verifier,verify_answer,verify_answer,-0.2104,1,,0.94389,,,,0.94389,0.0,0.0,0.0,,,,,,,,,,,,,,0.9719449281692505
30,1,retriever,dense_retrieve|sparse_retrieve|hybrid_retrieve|hybrid_rerank,hybrid_rerank,-0.02,0,grader,0.740507,-0.972826,0.868849,-0.832626,0.740507,-0.972826,0.868849,-0.832626,0.8702535927295685,5,0.9344244599342346,0.08368709683418274,,,,,,,,,,
30,2,grader,keep_all|loose_filter|medium_filter|strict_filter|rerank_only,strict_filter,-0.07,0,generator,1.0,-0.749936,1.0,,1.0,-0.749936,1.0,0.0,,,,,,,1.0,0.737509548664093,1.0,,,,,
30,3,generator,generate_answer|generate_with_strict_citations|generate_short_answer,generate_short_answer,-0.07,0,verifier,0.770393,-1.0,0.96034,-1.0,0.770393,-1.0,0.96034,-1.0,,,,,,,,,,0.8851964771747589,0.0,189,0.0,
30,4,verifier,verify_answer,verify_answer,0.4032,1,,1.0,,,,1.0,0.0,0.0,0.0,,,,,,,,,,,,,,1.0
31,1,retriever,dense_retrieve|sparse_retrieve|hybrid_retrieve|hybrid_rerank,hybrid_rerank,-0.02,0,grader,1.0,-0.915259,0.820719,-0.947471,1.0,-0.915259,0.820719,-0.947471,1.0,5,0.9103597402572632,0.026264667510986328,,,,,,,,,,
31,2,grader,keep_all|loose_filter|medium_filter|strict_filter|rerank_only,strict_filter,-0.07,0,generator,1.0,-0.78652,1.0,,1.0,-0.78652,1.0,0.0,,,,,,,1.0,0.7320220082998276,1.0,,,,,
31,3,generator,generate_answer|generate_with_strict_citations|generate_short_answer,generate_short_answer,-0.07,0,verifier,0.349781,-0.883635,0.624462,-1.0,0.349781,-0.883635,0.624462,-1.0,,,,,,,,,,0.6748907417058945,0.05818250775337219,167,0.0,
31,4,verifier,verify_answer,verify_answer,0.6351,1,,0.793902,,,,0.793902,0.0,0.0,0.0,,,,,,,,,,,,,,0.8969509601593018
32,1,retriever,dense_retrieve|sparse_retrieve|hybrid_retrieve|hybrid_rerank,hybrid_rerank,-0.02,0,grader,1.0,-1.0,0.769955,-0.965276,1.0,-1.0,0.769955,-0.965276,1.0,5,0.8849775791168213,0.017361998558044434,,,,,,,,,,
32,2,grader,keep_all|loose_filter|medium_filter|strict_filter|rerank_only,strict_filter,-0.07,0,generator,0.996477,-0.834555,1.0,,0.996477,-0.834555,1.0,0.0,,,,,,,0.9982382953166962,0.724816745519638,1.0,,,,,
32,3,generator,generate_answer|generate_with_strict_citations|generate_short_answer,generate_short_answer,-0.07,0,verifier,-0.050414,-0.965537,0.932888,-1.0,-0.050414,-0.965537,0.932888,-1.0,,,,,,,,,,0.4747931770980358,0.017231732606887817,187,0.0,
32,4,verifier,verify_answer,verify_answer,0.71,1,,0.721891,,,,0.721891,0.0,0.0,0.0,,,,,,,,,,,,,,0.8609452545642853
33,1,retriever,dense_retrieve|sparse_retrieve|hybrid_retrieve|hybrid_rerank,hybrid_rerank,-0.02,0,grader,0.933597,-1.0,0.743561,-0.803889,0.933597,-1.0,0.743561,-0.803889,0.966798722743988,5,0.8717806339263916,0.09805527329444885,,,,,,,,,,
33,2,grader,keep_all|loose_filter|medium_filter|strict_filter|rerank_only,strict_filter,-0.07,0,generator,1.0,-0.985704,1.0,,1.0,-0.985704,1.0,0.0,,,,,,,1.0,0.7021443903446197,1.0,,,,,
33,3,generator,generate_answer|generate_with_strict_citations|generate_short_answer,generate_short_answer,-0.07,0,verifier,0.043034,-1.0,1.0,-0.957157,0.043034,-1.0,1.0,-0.957157,,,,,,,,,,0.5215170476585627,0.0,200,0.021421492099761963,
33,4,verifier,verify_answer,verify_answer,0.6995,1,,1.0,,,,1.0,0.0,0.0,0.0,,,,,,,,,,,,,,1.0
34,1,retriever,dense_retrieve|sparse_retrieve|hybrid_retrieve|hybrid_rerank,hybrid_rerank,-0.02,0,grader,1.0,-1.0,1.0,-0.838156,1.0,-1.0,1.0,-0.838156,1.0,5,1.0,0.0809219479560852,,,,,,,,,,
34,2,grader,keep_all|loose_filter|medium_filter|strict_filter|rerank_only,strict_filter,-0.07,0,generator,1.0,-1.0,1.0,,1.0,-1.0,1.0,0.0,,,,,,,1.0,0.7,1.0,,,,,
34,3,generator,generate_answer|generate_with_strict_citations|generate_short_answer,generate_short_answer,-0.07,0,verifier,-0.404992,-1.0,1.0,-1.0,-0.404992,-1.0,1.0,-1.0,,,,,,,,,,0.29750415682792664,0.0,192,0.0,
34,4,verifier,verify_answer,verify_answer,0.6153,1,,1.0,,,,1.0,0.0,0.0,0.0,,,,,,,,,,,,,,1.0
35,1,retriever,dense_retrieve|sparse_retrieve|hybrid_retrieve|hybrid_rerank,hybrid_rerank,-0.02,0,grader,0.956342,-0.841843,0.916949,-0.920601,0.956342,-0.841843,0.916949,-0.920601,0.9781707525253296,6,0.9584742784500122,0.03969937562942505,,,,,,,,,,
35,2,grader,keep_all|loose_filter|medium_filter|strict_filter|rerank_only,strict_filter,-0.07,0,generator,1.0,-1.0,0.96019,,1.0,-1.0,0.96019,0.0,,,,,,,1.0,0.7,0.9800950586795807,,,,,
35,3,generator,generate_answer|generate_with_strict_citations|generate_short_answer,generate_short_answer,-0.07,0,verifier,-0.755193,-0.710571,1.0,-0.977014,-0.755193,-0.710571,1.0,-0.977014,,,,,,,,,,0.12240353226661682,0.1447143256664276,196,0.01149284839630127,
35,4,verifier,verify_answer,verify_answer,-0.07,0,verifier,1.0,,,,1.0,0.0,0.0,0.0,,,,,,,,,,,,,,1.0
35,5,verifier,request_regeneration|request_more_retrieval|request_rewrite,request_regeneration,-0.07,0,generator,1.0,,,,1.0,0.0,0.0,0.0,,,,,,,,,,,,,,1.0
35,6,generator,generate_answer|generate_with_strict_citations|generate_short_answer|regenerate,generate_short_answer,-0.07,0,verifier,-0.908105,-0.494313,1.0,-0.822335,-0.908105,-0.494313,1.0,-0.822335,,,,,,,,,,0.04594767093658447,0.25284332036972046,226,0.08883270621299744,
35,7,verifier,verify_answer,verify_answer,-0.07,0,verifier,1.0,,,,1.0,0.0,0.0,0.0,,,,,,,,,,,,,,1.0
35,8,verifier,request_regeneration|request_more_retrieval|request_rewrite,request_regeneration,-0.07,0,generator,1.0,,,,1.0,0.0,0.0,0.0,,,,,,,,,,,,,,1.0
35,9,generator,generate_answer|generate_with_strict_citations|generate_short_answer|regenerate,generate_short_answer,-0.07,0,verifier,-0.983563,-0.404794,1.0,-0.851599,-0.983563,-0.404794,1.0,-0.851599,,,,,,,,,,0.00821828842163086,0.2976028025150299,220,0.07420063018798828,
35,10,verifier,verify_answer,verify_answer,0.0231,1,,1.0,,,,1.0,0.0,0.0,0.0,,,,,,,,,,,,,,1.0
36,1,retriever,dense_retrieve|sparse_retrieve|hybrid_retrieve|hybrid_rerank,hybrid_rerank,-0.02,0,grader,0.833446,-0.902724,0.974338,-1.0,0.833446,-0.902724,0.974338,-1.0,0.9167231917381287,5,0.9871691763401031,0.0,,,,,,,,,,
36,2,grader,keep_all|loose_filter|medium_filter|strict_filter|rerank_only,strict_filter,-0.07,0,generator,1.0,-1.0,0.826597,,1.0,-1.0,0.826597,0.0,,,,,,,1.0,0.7,0.9132987260818481,,,,,
36,3,generator,generate_answer|generate_with_strict_citations|generate_short_answer,generate_short_answer,-0.07,0,verifier,-0.781826,-0.858226,1.0,-0.971345,-0.781826,-0.858226,1.0,-0.971345,,,,,,,,,,0.10908690094947815,0.07088711857795715,197,0.014327317476272583,
36,4,verifier,verify_answer,verify_answer,0.7444,1,,0.68218,,,,0.68218,0.0,0.0,0.0,,,,,,,,,,,,,,0.8410897552967072
37,1,retriever,dense_retrieve|sparse_retrieve|hybrid_retrieve|hybrid_rerank,hybrid_rerank,-0.02,0,grader,0.717275,-1.0,1.0,-0.932177,0.717275,-1.0,1.0,-0.932177,0.8586374223232269,5,1.0,0.03391152620315552,,,,,,,,,,
37,2,grader,keep_all|loose_filter|medium_filter|strict_filter|rerank_only,strict_filter,-0.07,0,generator,0.857073,-0.877042,0.883645,,0.857073,-0.877042,0.883645,0.0,,,,,,,0.9285363256931305,0.7184436559677123,0.9418222904205322,,,,,
37,3,generator,generate_answer|generate_with_strict_citations|generate_short_answer,generate_short_answer,-0.07,0,verifier,-0.670502,-0.774036,1.0,-0.932173,-0.670502,-0.774036,1.0,-0.932173,,,,,,,,,,0.16474875807762146,0.11298191547393799,205,0.03391331434249878,
37,4,verifier,verify_answer,verify_answer,-0.07,0,verifier,0.698082,,,,0.698082,0.0,0.0,0.0,,,,,,,,,,,,,,0.8490408062934875
37,5,verifier,request_regeneration|request_more_retrieval|request_rewrite,request_regeneration,-0.07,0,generator,0.8952,,,,0.8952,0.0,0.0,0.0,,,,,,,,,,,,,,0.9476001560688019
37,6,generator,generate_answer|generate_with_strict_citations|generate_short_answer|regenerate,generate_short_answer,-0.07,0,verifier,-0.719561,-0.884374,0.908273,-0.987966,-0.719561,-0.884374,0.908273,-0.987966,,,,,,,,,,0.14021965861320496,0.05781295895576477,188,0.006017178297042847,
37,7,verifier,verify_answer,verify_answer,-0.07,0,verifier,0.768864,,,,0.768864,0.0,0.0,0.0,,,,,,,,,,,,,,0.8844320774078369
37,8,verifier,request_regeneration|request_more_retrieval|request_rewrite,request_regeneration,-0.07,0,generator,0.869077,,,,0.869077,0.0,0.0,0.0,,,,,,,,,,,,,,0.9345386028289795
37,9,generator,generate_answer|generate_with_strict_citations|generate_short_answer|regenerate,generate_short_answer,-0.07,0,verifier,-1.0,-0.908121,1.0,-1.0,-1.0,-0.908121,1.0,-1.0,,,,,,,,,,0.0,0.045939505100250244,192,0.0,
37,10,verifier,verify_answer,verify_answer,0.0836,1,,0.922393,,,,0.922393,0.0,0.0,0.0,,,,,,,,,,,,,,0.9611963629722595
38,1,retriever,dense_retrieve|sparse_retrieve|hybrid_retrieve|hybrid_rerank,hybrid_rerank,-0.02,0,grader,1.0,-0.962292,1.0,-1.0,1.0,-0.962292,1.0,-1.0,1.0,5,1.0,0.0,,,,,,,,,,
38,2,grader,keep_all|loose_filter|medium_filter|strict_filter|rerank_only,strict_filter,-0.07,0,generator,0.99187,-0.925604,1.0,,0.99187,-0.925604,1.0,0.0,,,,,,,0.9959348440170288,0.7111593931913376,1.0,,,,,
38,3,generator,generate_answer|generate_with_strict_citations|generate_short_answer,generate_short_answer,-0.07,0,verifier,-0.620183,-0.412909,0.907315,-0.85551,-0.620183,-0.412909,0.907315,-0.85551,,,,,,,,,,0.18990838527679443,0.2935454100370407,212,0.072244793176651,
38,4,verifier,verify_answer,verify_answer,0.7113,1,,0.900318,,,,0.900318,0.0,0.0,0.0,,,,,,,,,,,,,,0.9501592218875885
39,1,retriever,dense_retrieve|sparse_retrieve|hybrid_retrieve|hybrid_rerank,hybrid_rerank,-0.02,0,grader,1.0,-0.965418,1.0,-1.0,1.0,-0.965418,1.0,-1.0,1.0,5,1.0,0.0,,,,,,,,,,
39,2,grader,keep_all|loose_filter|medium_filter|strict_filter|rerank_only,strict_filter,-0.07,0,generator,1.0,-1.0,0.991831,,1.0,-1.0,0.991831,0.0,,,,,,,1.0,0.7,0.9959152638912201,,,,,
39,3,generator,generate_answer|generate_with_strict_citations|generate_short_answer,generate_short_answer,-0.07,0,verifier,-0.840837,-0.596013,0.772581,-1.0,-0.840837,-0.596013,0.772581,-1.0,,,,,,,,,,0.07958173751831055,0.20199373364448547,177,0.0,
39,4,verifier,verify_answer,verify_answer,0.7921,1,,0.545686,,,,0.545686,0.0,0.0,0.0,,,,,,,,,,,,,,0.7728430926799774
40,1,retriever,dense_retrieve|sparse_retrieve|hybrid_retrieve|hybrid_rerank,hybrid_rerank,-0.02,0,grader,0.833999,-0.950146,1.0,-0.898261,0.833999,-0.950146,1.0,-0.898261,0.9169995486736298,5,1.0,0.05086928606033325,,,,,,,,,,
40,2,grader,keep_all|loose_filter|medium_filter|strict_filter|rerank_only,strict_filter,-0.07,0,generator,0.811045,-1.0,1.0,,0.811045,-1.0,1.0,0.0,,,,,,,0.9055222868919373,0.7,1.0,,,,,
40,3,generator,generate_answer|generate_with_strict_citations|generate_short_answer,generate_short_answer,-0.07,0,verifier,-0.94865,-1.0,1.0,-1.0,-0.94865,-1.0,1.0,-1.0,,,,,,,,,,0.025675177574157715,0.0,192,0.0,
40,4,verifier,verify_answer,verify_answer,0.6854,1,,0.441009,,,,0.441009,0.0,0.0,0.0,,,,,,,,,,,,,,0.7205045521259308
41,1,retriever,dense_retrieve|sparse_retrieve|hybrid_retrieve|hybrid_rerank,hybrid_rerank,-0.02,0,grader,1.0,-0.963133,1.0,-0.926801,1.0,-0.963133,1.0,-0.926801,1.0,5,1.0,0.036599308252334595,,,,,,,,,,
41,2,grader,keep_all|loose_filter|medium_filter|strict_filter|rerank_only,strict_filter,-0.07,0,generator,0.905169,-0.852602,0.901932,,0.905169,-0.852602,0.901932,0.0,,,,,,,0.9525844752788544,0.7221097528934478,0.9509658515453339,,,,,
41,3,generator,generate_answer|generate_with_strict_citations|generate_short_answer,generate_short_answer,-0.07,0,verifier,-0.640749,-0.705747,0.93177,-0.929516,-0.640749,-0.705747,0.93177,-0.929516,,,,,,,,,,0.17962566018104553,0.14712673425674438,200,0.0352417528629303,
41,4,verifier,verify_answer,verify_answer,0.7937,1,,0.388354,,,,0.388354,0.0,0.0,0.0,,,,,,,,,,,,,,0.6941771358251572
42,1,retriever,dense_retrieve|sparse_retrieve|hybrid_retrieve|hybrid_rerank,hybrid_rerank,-0.02,0,grader,1.0,-0.904116,0.958573,-0.770582,1.0,-0.904116,0.958573,-0.770582,1.0,5,0.9792865216732025,0.11470884084701538,,,,,,,,,,
42,2,grader,keep_all|loose_filter|medium_filter|strict_filter|rerank_only,strict_filter,-0.07,0,generator,0.877946,-0.951461,1.0,,0.877946,-0.951461,1.0,0.0,,,,,,,0.9389729201793671,0.7072807937860488,1.0,,,,,
42,3,generator,generate_answer|generate_with_strict_citations|generate_short_answer,generate_short_answer,-0.07,0,verifier,-0.88757,-0.547893,0.974122,-1.0,-0.88757,-0.547893,0.974122,-1.0,,,,,,,,,,0.05621480941772461,0.22605347633361816,190,0.0,
42,4,verifier,verify_answer,verify_answer,0.536,1,,-0.047588,,,,-0.047588,0.0,0.0,0.0,,,,,,,,,,,,,,0.4762061592191458
43,1,retriever,dense_retrieve|sparse_retrieve|hybrid_retrieve|hybrid_rerank,hybrid_rerank,-0.02,0,grader,0.931721,-1.0,0.809166,-1.0,0.931721,-1.0,0.809166,-1.0,0.9658604562282562,5,0.9045831859111786,0.0,,,,,,,,,,
43,2,grader,keep_all|loose_filter|medium_filter|strict_filter|rerank_only,medium_filter,-0.07,0,generator,0.986686,-0.672286,0.755072,,0.986686,-0.672286,0.755072,0.0,,,,,,,0.9933428466320038,0.749157166481018,0.8775357902050018,,,,,
43,3,generator,generate_answer|generate_with_strict_citations|generate_short_answer,generate_short_answer,-0.07,0,verifier,-0.681952,-0.500228,1.0,-0.864455,-0.681952,-0.500228,1.0,-0.864455,,,,,,,,,,0.15902402997016907,0.24988582730293274,218,0.06777265667915344,
43,4,verifier,verify_answer,verify_answer,-0.07,0,verifier,-0.080679,,,,-0.080679,0.0,0.0,0.0,,,,,,,,,,,,,,0.4596603587269783
43,5,verifier,request_regeneration|request_more_retrieval|request_rewrite,request_more_retrieval,-0.07,0,retriever,-0.139264,,,,-0.139264,0.0,0.0,0.0,,,,,,,,,,,,,,0.43036776781082153
43,6,retriever,retrieve_more,retrieve_more,-0.02,0,grader,0.93649,-1.0,0.674832,-1.0,0.93649,-1.0,0.674832,-1.0,0.9682447910308838,5,0.8374160826206207,0.0,,,,,,,,,,
43,7,grader,keep_all|loose_filter|medium_filter|strict_filter|rerank_only,strict_filter,-0.07,0,generator,0.869264,-0.532435,0.869114,,0.869264,-0.532435,0.869114,0.0,,,,,,,0.9346318542957306,0.7701347857713698,0.9345571100711823,,,,,
43,8,generator,generate_answer|generate_with_strict_citations|generate_short_answer,generate_short_answer,-0.07,0,verifier,-0.936745,-0.17796,1.0,-0.867527,-0.936745,-0.17796,1.0,-0.867527,,,,,,,,,,0.031627506017684937,0.41102009266614914,217,0.06623631715774536,
43,9,verifier,verify_answer,verify_answer,-0.07,0,verifier,-0.806866,,,,-0.806866,0.0,0.0,0.0,,,,,,,,,,,,,,0.09656700491905212
43,10,verifier,request_regeneration|request_more_retrieval|request_rewrite,request_more_retrieval,-0.07,0,retriever,-0.685098,,,,-0.685098,0.0,0.0,0.0,,,,,,,,,,,,,,0.15745088458061218
43,11,retriever,retrieve_more,retrieve_more,-0.02,0,grader,0.791586,-1.0,0.552759,-1.0,0.791586,-1.0,0.552759,-1.0,0.8957929015159607,5,0.7763794958591461,0.0,,,,,,,,,,
43,12,grader,keep_all|loose_filter|medium_filter|strict_filter|rerank_only,loose_filter,-0.4699,1,,1.0,-0.635461,0.555822,,1.0,-0.635461,0.555822,0.0,,,,,,,1.0,0.7546807914972304,0.7779109477996826,,,,,
44,1,retriever,dense_retrieve|sparse_retrieve|hybrid_retrieve|hybrid_rerank,hybrid_rerank,-0.02,0,grader,0.862571,-1.0,0.940826,-1.0,0.862571,-1.0,0.940826,-1.0,0.9312856197357178,5,0.970413088798523,0.0,,,,,,,,,,
44,2,grader,keep_all|loose_filter|medium_filter|strict_filter|rerank_only,strict_filter,-0.07,0,generator,1.0,-0.908709,0.999269,,1.0,-0.908709,0.999269,0.0,,,,,,,1.0,0.7136936247348785,0.9996344447135925,,,,,
44,3,generator,generate_answer|generate_with_strict_citations|generate_short_answer,generate_short_answer,-0.07,0,verifier,-0.265932,-0.190819,0.64614,-0.848865,-0.265932,-0.190819,0.64614,-0.848865,,,,,,,,,,0.36703385412693024,0.4045903831720352,194,0.0755675733089447,
44,4,verifier,verify_answer,verify_answer,0.7318,1,,-0.587694,,,,-0.587694,0.0,0.0,0.0,,,,,,,,,,,,,,0.20615306496620178
45,1,retriever,dense_retrieve|sparse_retrieve|hybrid_retrieve|hybrid_rerank,hybrid_rerank,-0.02,0,grader,0.865074,-1.0,1.0,-1.0,0.865074,-1.0,1.0,-1.0,0.9325368106365204,5,1.0,0.0,,,,,,,,,,
45,2,grader,keep_all|loose_filter|medium_filter|strict_filter|rerank_only,strict_filter,-0.07,0,generator,1.0,-0.594924,1.0,,1.0,-0.594924,1.0,0.0,,,,,,,1.0,0.7607613503932953,1.0,,,,,
45,3,generator,generate_answer|generate_with_strict_citations|generate_short_answer,generate_short_answer,-0.07,0,verifier,-0.819852,0.403546,0.658464,-0.995768,-0.819852,0.403546,0.658464,-0.995768,,,,,,,,,,0.0900738537311554,0.701773151755333,170,0.0021162033081054688,
45,4,verifier,verify_answer,verify_answer,0.5626,1,,-0.643839,,,,-0.643839,0.0,0.0,0.0,,,,,,,,,,,,,,0.17808032035827637
46,1,retriever,dense_retrieve|sparse_retrieve|hybrid_retrieve|hybrid_rerank,hybrid_rerank,-0.02,0,grader,1.0,-0.952009,1.0,-1.0,1.0,-0.952009,1.0,-1.0,1.0,5,1.0,0.0,,,,,,,,,,
46,2,grader,keep_all|loose_filter|medium_filter|strict_filter|rerank_only,strict_filter,-0.07,0,generator,1.0,-0.876208,1.0,,1.0,-0.876208,1.0,0.0,,,,,,,1.0,0.7185688078403473,1.0,,,,,
46,3,generator,generate_answer|generate_with_strict_citations|generate_short_answer,generate_short_answer,-0.07,0,verifier,-0.832718,0.333667,0.96104,-1.0,-0.832718,0.333667,0.96104,-1.0,,,,,,,,,,0.08364081382751465,0.6668335199356079,189,0.0,
46,4,verifier,verify_answer,verify_answer,0.6243,1,,-0.540706,,,,-0.540706,0.0,0.0,0.0,,,,,,,,,,,,,,0.2296469509601593
47,1,retriever,dense_retrieve|sparse_retrieve|hybrid_retrieve|hybrid_rerank,hybrid_rerank,-0.02,0,grader,0.852031,-0.748461,1.0,-0.934594,0.852031,-0.748461,1.0,-0.934594,0.9260156750679016,6,1.0,0.032702863216400146,,,,,,,,,,
47,2,grader,keep_all|loose_filter|medium_filter|strict_filter|rerank_only,strict_filter,-0.07,0,generator,1.0,-0.71972,1.0,,1.0,-0.71972,1.0,0.0,,,,,,,1.0,0.742042052745819,1.0,,,,,
47,3,generator,generate_answer|generate_with_strict_citations|generate_short_answer,generate_short_answer,-0.07,0,verifier,-0.809265,0.461477,0.688994,-0.998742,-0.809265,0.461477,0.688994,-0.998742,,,,,,,,,,0.09536769986152649,0.7307382524013519,172,0.0006289184093475342,
47,4,verifier,verify_answer,verify_answer,0.8426,1,,-0.454558,,,,-0.454558,0.0,0.0,0.0,,,,,,,,,,,,,,0.2727211266756058
48,1,retriever,dense_retrieve|sparse_retrieve|hybrid_retrieve|hybrid_rerank,hybrid_rerank,-0.02,0,grader,0.893488,-1.0,0.895097,-0.918068,0.893488,-1.0,0.895097,-0.918068,0.9467439651489258,5,0.9475486576557159,0.0409659743309021,,,,,,,,,,
48,2,grader,keep_all|loose_filter|medium_filter|strict_filter|rerank_only,strict_filter,-0.07,0,generator,0.972978,-0.692464,1.0,,0.972978,-0.692464,1.0,0.0,,,,,,,0.9864892065525055,0.7461303919553757,1.0,,,,,
48,3,generator,generate_answer|generate_with_strict_citations|generate_short_answer,generate_short_answer,-0.07,0,verifier,-0.742679,0.549443,0.868263,-1.0,-0.742679,0.549443,0.868263,-1.0,,,,,,,,,,0.12866029143333435,0.7747215330600739,183,0.0,
48,4,verifier,verify_answer,verify_answer,0.6264,1,,-0.592439,,,,-0.592439,0.0,0.0,0.0,,,,,,,,,,,,,,0.20378059148788452
49,1,retriever,dense_retrieve|sparse_retrieve|hybrid_retrieve|hybrid_rerank,hybrid_rerank,-0.02,0,grader,0.829815,-0.996457,0.75422,-1.0,0.829815,-0.996457,0.75422,-1.0,0.914907693862915,5,0.8771102130413055,0.0,,,,,,,,,,
49,2,grader,keep_all|loose_filter|medium_filter|strict_filter|rerank_only,strict_filter,-0.07,0,generator,0.854689,-0.775107,0.919881,,0.854689,-0.775107,0.919881,0.0,,,,,,,0.9273446500301361,0.7337339103221893,0.9599406719207764,,,,,
49,3,generator,generate_answer|generate_with_strict_citations|generate_short_answer,generate_short_answer,-0.07,0,verifier,-0.613449,0.436298,0.926712,-1.0,-0.613449,0.436298,0.926712,-1.0,,,,,,,,,,0.19327548146247864,0.718148872256279,187,0.0,
49,4,verifier,verify_answer,verify_answer,0.583,1,,-0.411657,,,,-0.411657,0.0,0.0,0.0,,,,,,,,,,,,,,0.2941712737083435
50,1,retriever,dense_retrieve|sparse_retrieve|hybrid_retrieve|hybrid_rerank,hybrid_rerank,-0.02,0,grader,0.992602,-1.0,1.0,-1.0,0.992602,-1.0,1.0,-1.0,0.9963011145591736,5,1.0,0.0,,,,,,,,,,
50,2,grader,keep_all|loose_filter|medium_filter|strict_filter|rerank_only,strict_filter,-0.07,0,generator,1.0,-0.916174,0.974159,,1.0,-0.916174,0.974159,0.0,,,,,,,1.0,0.7125739455223083,0.9870793223381042,,,,,
50,3,generator,generate_answer|generate_with_strict_citations|generate_short_answer,generate_short_answer,-0.07,0,verifier,-0.167498,0.585083,0.751998,-1.0,-0.167498,0.585083,0.751998,-1.0,,,,,,,,,,0.4162508174777031,0.7925415337085724,176,0.0,
50,4,verifier,verify_answer,verify_answer,0.6996,1,,-0.174525,,,,-0.174525,0.0,0.0,0.0,,,,,,,,,,,,,,0.4127376899123192
51,1,retriever,dense_retrieve|sparse_retrieve|hybrid_retrieve|hybrid_rerank,hybrid_rerank,-0.02,0,grader,0.798369,-0.919959,0.99329,-0.965823,0.798369,-0.919959,0.99329,-0.965823,0.8991845548152924,5,0.9966448545455933,0.01708829402923584,,,,,,,,,,
51,2,grader,keep_all|loose_filter|medium_filter|strict_filter|rerank_only,strict_filter,-0.07,0,generator,0.964751,-0.888988,0.926651,,0.964751,-0.888988,0.926651,0.0,,,,,,,0.9823756814002991,0.7166518151760101,0.963325709104538,,,,,
51,3,generator,generate_answer|generate_with_strict_citations|generate_short_answer,generate_short_answer,-0.07,0,verifier,-0.412276,0.307977,0.675905,-0.857229,-0.412276,0.307977,0.675905,-0.857229,,,,,,,,,,0.2938619703054428,0.6539887338876724,195,0.0713857114315033,
51,4,verifier,verify_answer,verify_answer,0.8219,1,,-0.552431,,,,-0.552431,0.0,0.0,0.0,,,,,,,,,,,,,,0.22378450632095337
52,1,retriever,dense_retrieve|sparse_retrieve|hybrid_retrieve|hybrid_rerank,hybrid_rerank,-0.02,0,grader,1.0,-0.890458,1.0,-0.875638,1.0,-0.890458,1.0,-0.875638,1.0,5,1.0,0.06218114495277405,,,,,,,,,,
52,2,grader,keep_all|loose_filter|medium_filter|strict_filter|rerank_only,medium_filter,-0.07,0,generator,1.0,-0.738171,0.711057,,1.0,-0.738171,0.711057,0.0,,,,,,,1.0,0.7392744064331054,0.8555284142494202,,,,,
52,3,generator,generate_answer|generate_with_strict_citations|generate_short_answer,generate_short_answer,-0.07,0,verifier,-0.130569,0.279934,0.960511,-1.0,-0.130569,0.279934,0.960511,-1.0,,,,,,,,,,0.43471526354551315,0.63996721804142,189,0.0,
52,4,verifier,verify_answer,verify_answer,0.6441,1,,-0.165641,,,,-0.165641,0.0,0.0,0.0,,,,,,,,,,,,,,0.4171796292066574
53,1,retriever,dense_retrieve|sparse_retrieve|hybrid_retrieve|hybrid_rerank,hybrid_rerank,-0.02,0,grader,0.840192,-1.0,0.947521,-0.906661,0.840192,-1.0,0.947521,-0.906661,0.9200960993766785,5,0.973760575056076,0.04666954278945923,,,,,,,,,,
53,2,grader,keep_all|loose_filter|medium_filter|strict_filter|rerank_only,medium_filter,-0.07,0,generator,1.0,-0.929297,0.748236,,1.0,-0.929297,0.748236,0.0,,,,,,,1.0,0.7106054723262787,0.8741180896759033,,,,,
53,3,generator,generate_answer|generate_with_strict_citations|generate_short_answer,generate_short_answer,-0.07,0,verifier,-0.503907,0.488072,0.790844,-0.963581,-0.503907,0.488072,0.790844,-0.963581,,,,,,,,,,0.24804657697677612,0.7440360337495804,185,0.01820942759513855,
53,4,verifier,verify_answer,verify_answer,0.8063,1,,-0.198827,,,,-0.198827,0.0,0.0,0.0,,,,,,,,,,,,,,0.40058664977550507
54,1,retriever,dense_retrieve|sparse_retrieve|hybrid_retrieve|hybrid_rerank,hybrid_rerank,-0.02,0,grader,1.0,-1.0,1.0,-0.994005,1.0,-1.0,1.0,-0.994005,1.0,5,1.0,0.0029973983764648438,,,,,,,,,,
54,2,grader,keep_all|loose_filter|medium_filter|strict_filter|rerank_only,medium_filter,-0.07,0,generator,0.857512,-0.960399,0.726361,,0.857512,-0.960399,0.726361,0.0,,,,,,,0.9287561178207397,0.7059401005506515,0.863180547952652,,,,,
54,3,generator,generate_answer|generate_with_strict_citations|generate_short_answer,generate_short_answer,-0.07,0,verifier,-0.140206,0.078548,0.551243,-1.0,-0.140206,0.078548,0.551243,-1.0,,,,,,,,,,0.4298970028758049,0.539273951202631,163,0.0,
54,4,verifier,verify_answer,verify_answer,0.7315,1,,-0.085271,,,,-0.085271,0.0,0.0,0.0,,,,,,,,,,,,,,0.4573647193610668
55,1,retriever,dense_retrieve|sparse_retrieve|hybrid_retrieve|hybrid_rerank,hybrid_rerank,-0.02,0,grader,1.0,-0.984776,1.0,-0.817201,1.0,-0.984776,1.0,-0.817201,1.0,5,1.0,0.09139940142631531,,,,,,,,,,
55,2,grader,keep_all|loose_filter|medium_filter|strict_filter|rerank_only,strict_filter,-0.07,0,generator,1.0,-0.977758,1.0,,1.0,-0.977758,1.0,0.0,,,,,,,1.0,0.7033363193273544,1.0,,,,,
55,3,generator,generate_answer|generate_with_strict_citations|generate_short_answer,generate_short_answer,-0.07,0,verifier,-0.374734,0.212288,0.572402,-0.922739,-0.374734,0.212288,0.572402,-0.922739,,,,,,,,,,0.3126331865787506,0.6061438918113708,177,0.038630396127700806,
55,4,verifier,verify_answer,verify_answer,0.7378,1,,0.079675,,,,0.079675,0.0,0.0,0.0,,,,,,,,,,,,,,0.5398375689983368
56,1,retriever,dense_retrieve|sparse_retrieve|hybrid_retrieve|hybrid_rerank,hybrid_rerank,-0.02,0,grader,0.954107,-1.0,1.0,-1.0,0.954107,-1.0,1.0,-1.0,0.9770536720752716,5,1.0,0.0,,,,,,,,,,
56,2,grader,keep_all|loose_filter|medium_filter|strict_filter|rerank_only,strict_filter,-0.07,0,generator,0.861218,-0.852736,1.0,,0.861218,-0.852736,1.0,0.0,,,,,,,0.9306090176105499,0.7220895916223525,1.0,,,,,
56,3,generator,generate_answer|generate_with_strict_citations|generate_short_answer,generate_short_answer,-0.07,0,verifier,-0.246432,-0.12684,0.583708,-0.768623,-0.246432,-0.12684,0.583708,-0.768623,,,,,,,,,,0.37678393721580505,0.4365800768136978,203,0.1156885027885437,
56,4,verifier,verify_answer,verify_answer,0.7533,1,,0.060799,,,,0.060799,0.0,0.0,0.0,,,,,,,,,,,,,,0.5303994361311197
57,1,retriever,dense_retrieve|sparse_retrieve|hybrid_retrieve|hybrid_rerank,hybrid_rerank,-0.02,0,grader,0.973918,-0.867322,0.907182,-1.0,0.973918,-0.867322,0.907182,-1.0,0.9869592487812042,5,0.9535909593105316,0.0,,,,,,,,,,
57,2,grader,keep_all|loose_filter|medium_filter|strict_filter|rerank_only,strict_filter,-0.07,0,generator,0.800734,-0.929127,0.941163,,0.800734,-0.929127,0.941163,0.0,,,,,,,0.9003669321537018,0.7106308907270431,0.9705815613269806,,,,,
57,3,generator,generate_answer|generate_with_strict_citations|generate_short_answer,generate_short_answer,-0.07,0,verifier,-0.272279,-0.06804,0.554654,-1.0,-0.272279,-0.06804,0.554654,-1.0,,,,,,,,,,0.3638603240251541,0.4659802243113518,163,0.0,
57,4,verifier,verify_answer,verify_answer,0.6786,1,,0.011729,,,,0.011729,0.0,0.0,0.0,,,,,,,,,,,,,,0.505864396225661
58,1,retriever,dense_retrieve|sparse_retrieve|hybrid_retrieve|hybrid_rerank,hybrid_rerank,-0.02,0,grader,1.0,-1.0,0.770986,-1.0,1.0,-1.0,0.770986,-1.0,1.0,5,0.8854932487010956,0.0,,,,,,,,,,
58,2,grader,keep_all|loose_filter|medium_filter|strict_filter|rerank_only,strict_filter,-0.07,0,generator,0.861212,-1.0,0.889289,,0.861212,-1.0,0.889289,0.0,,,,,,,0.9306057989597321,0.7,0.9446447491645813,,,,,
58,3,generator,generate_answer|generate_with_strict_citations|generate_short_answer,generate_short_answer,-0.07,0,verifier,-0.071389,-0.427095,0.500936,-1.0,-0.071389,-0.427095,0.500936,-1.0,,,,,,,,,,0.46430554240942,0.28645239770412445,160,0.0,
58,4,verifier,verify_answer,verify_answer,0.7511,1,,0.068205,,,,0.068205,0.0,0.0,0.0,,,,,,,,,,,,,,0.5341025106608868
59,1,retriever,dense_retrieve|sparse_retrieve|hybrid_retrieve|hybrid_rerank,hybrid_rerank,-0.02,0,grader,0.704936,-0.826406,1.0,-0.99096,0.704936,-0.826406,1.0,-0.99096,0.8524678647518158,6,1.0,0.004520058631896973,,,,,,,,,,
59,2,grader,keep_all|loose_filter|medium_filter|strict_filter|rerank_only,strict_filter,-0.07,0,generator,0.961245,-0.931762,1.0,,0.961245,-0.931762,1.0,0.0,,,,,,,0.9806223809719086,0.710235658288002,1.0,,,,,
59,3,generator,generate_answer|generate_with_strict_citations|generate_short_answer,generate_short_answer,-0.07,0,verifier,-0.352913,-0.140724,0.224808,-0.742001,-0.352913,-0.140724,0.224808,-0.742001,,,,,,,,,,0.32354338467121124,0.42963816225528717,178,0.12899962067604065,
59,4,verifier,verify_answer,verify_answer,0.7269,1,,0.128509,,,,0.128509,0.0,0.0,0.0,,,,,,,,,,,,,,0.5642543584108353
60,1,retriever,dense_retrieve|sparse_retrieve|hybrid_retrieve|hybrid_rerank,hybrid_rerank,-0.02,0,grader,0.998027,-1.0,0.665485,-1.0,0.998027,-1.0,0.665485,-1.0,0.9990133941173553,5,0.8327426612377167,0.0,,,,,,,,,,
60,2,grader,keep_all|loose_filter|medium_filter|strict_filter|rerank_only,strict_filter,-0.07,0,generator,0.889274,-0.700338,0.877085,,0.889274,-0.700338,0.877085,0.0,,,,,,,0.9446371793746948,0.7449492454528808,0.9385426938533783,,,,,
60,3,generator,generate_answer|generate_with_strict_citations|generate_short_answer,generate_short_answer,-0.07,0,verifier,-0.271518,-0.473658,0.229132,-0.997377,-0.271518,-0.473658,0.229132,-0.997377,,,,,,,,,,0.364240899682045,0.26317107677459717,142,0.0013117492198944092,
60,4,verifier,verify_answer,verify_answer,0.7651,1,,-0.131996,,,,-0.131996,0.0,0.0,0.0,,,,,,,,,,,,,,0.4340018704533577
61,1,retriever,dense_retrieve|sparse_retrieve|hybrid_retrieve|hybrid_rerank,hybrid_rerank,-0.02,0,grader,0.795972,-1.0,0.869043,-0.80299,0.795972,-1.0,0.869043,-0.80299,0.8979858458042145,5,0.9345215857028961,0.09850510954856873,,,,,,,,,,
61,2,grader,keep_all|loose_filter|medium_filter|strict_filter|rerank_only,strict_filter,-0.07,0,generator,1.0,-0.79601,0.890587,,1.0,-0.79601,0.890587,0.0,,,,,,,1.0,0.7305985689163208,0.9452937245368958,,,,,
61,3,generator,generate_answer|generate_with_strict_citations|generate_short_answer,generate_short_answer,-0.07,0,verifier,-0.037567,-0.621609,0.352607,-1.0,-0.037567,-0.621609,0.352607,-1.0,,,,,,,,,,0.48121669329702854,0.1891956925392151,150,0.0,
61,4,verifier,verify_answer,verify_answer,0.7979,1,,-0.137145,,,,-0.137145,0.0,0.0,0.0,,,,,,,,,,,,,,0.43142758309841156
62,1,retriever,dense_retrieve|sparse_retrieve|hybrid_retrieve|hybrid_rerank,hybrid_rerank,-0.02,0,grader,0.87268,-0.947946,1.0,-1.0,0.87268,-0.947946,1.0,-1.0,0.9363399147987366,5,1.0,0.0,,,,,,,,,,
62,2,grader,keep_all|loose_filter|medium_filter|strict_filter|rerank_only,strict_filter,-0.07,0,generator,1.0,-0.860153,1.0,,1.0,-0.860153,1.0,0.0,,,,,,,1.0,0.7209770917892455,1.0,,,,,
62,3,generator,generate_answer|generate_with_strict_citations|generate_short_answer,generate_short_answer,-0.07,0,verifier,0.105714,-0.565141,0.198379,-1.0,0.105714,-0.565141,0.198379,-1.0,,,,,,,,,,0.5528567768633366,0.21742969751358032,140,0.0,
62,4,verifier,verify_answer,verify_answer,0.422,1,,-0.22966,,,,-0.22966,0.0,0.0,0.0,,,,,,,,,,,,,,0.3851698711514473
63,1,retriever,dense_retrieve|sparse_retrieve|hybrid_retrieve|hybrid_rerank,hybrid_rerank,-0.02,0,grader,0.993437,-0.692864,1.0,-1.0,0.993437,-0.692864,1.0,-1.0,0.9967183172702789,7,1.0,0.0,,,,,,,,,,
63,2,grader,keep_all|loose_filter|medium_filter|strict_filter|rerank_only,strict_filter,-0.07,0,generator,1.0,-0.702837,0.876484,,1.0,-0.702837,0.876484,0.0,,,,,,,1.0,0.7445743799209594,0.9382421970367432,,,,,
63,3,generator,generate_answer|generate_with_strict_citations|generate_short_answer,generate_short_answer,-0.07,0,verifier,-0.106237,-0.529156,0.015545,-1.0,-0.106237,-0.529156,0.015545,-1.0,,,,,,,,,,0.44688166305422783,0.2354220449924469,128,0.0,
63,4,verifier,verify_answer,verify_answer,0.7514,1,,-0.422409,,,,-0.422409,0.0,0.0,0.0,,,,,,,,,,,,,,0.28879550099372864
64,1,retriever,dense_retrieve|sparse_retrieve|hybrid_retrieve|hybrid_rerank,hybrid_rerank,-0.02,0,grader,1.0,-0.840116,0.929411,-0.885229,1.0,-0.840116,0.929411,-0.885229,1.0,6,0.9647057056427002,0.05738568305969238,,,,,,,,,,
64,2,grader,keep_all|loose_filter|medium_filter|strict_filter|rerank_only,strict_filter,-0.07,0,generator,1.0,-0.9299,0.924277,,1.0,-0.9299,0.924277,0.0,,,,,,,1.0,0.7105150729417801,0.9621385931968689,,,,,
64,3,generator,generate_answer|generate_with_strict_citations|generate_short_answer,generate_short_answer,-0.07,0,verifier,-0.248252,-0.674653,0.179793,-0.919249,-0.248252,-0.674653,0.179793,-0.919249,,,,,,,,,,0.3758740946650505,0.1626737415790558,150,0.040375351905822754,
64,4,verifier,verify_answer,verify_answer,0.7857,1,,-0.337867,,,,-0.337867,0.0,0.0,0.0,,,,,,,,,,,,,,0.331066370010376
65,1,retriever,dense_retrieve|sparse_retrieve|hybrid_retrieve|hybrid_rerank,hybrid_rerank,-0.02,0,grader,1.0,-1.0,1.0,-1.0,1.0,-1.0,1.0,-1.0,1.0,5,1.0,0.0,,,,,,,,,,
65,2,grader,keep_all|loose_filter|medium_filter|strict_filter|rerank_only,medium_filter,-0.07,0,generator,1.0,-0.796854,0.757502,,1.0,-0.796854,0.757502,0.0,,,,,,,1.0,0.7304718971252441,0.8787509500980377,,,,,
65,3,generator,generate_answer|generate_with_strict_citations|generate_short_answer,generate_short_answer,-0.07,0,verifier,-0.008394,-0.498107,0.135798,-1.0,-0.008394,-0.498107,0.135798,-1.0,,,,,,,,,,0.4958032453432679,0.2509467154741287,136,0.0,
65,4,verifier,verify_answer,verify_answer,0.7378,1,,-0.097303,,,,-0.097303,0.0,0.0,0.0,,,,,,,,,,,,,,0.4513487033545971
66,1,retriever,dense_retrieve|sparse_retrieve|hybrid_retrieve|hybrid_rerank,hybrid_rerank,-0.02,0,grader,0.885491,-1.0,1.0,-1.0,0.885491,-1.0,1.0,-1.0,0.9427456855773926,5,1.0,0.0,,,,,,,,,,
66,2,grader,keep_all|loose_filter|medium_filter|strict_filter|rerank_only,strict_filter,-0.07,0,generator,0.950083,-0.74012,1.0,,0.950083,-0.74012,1.0,0.0,,,,,,,0.975041389465332,0.7389819920063019,1.0,,,,,
66,3,generator,generate_answer|generate_with_strict_citations|generate_short_answer,generate_short_answer,-0.07,0,verifier,-0.052763,-0.711908,0.070572,-0.917872,-0.052763,-0.711908,0.070572,-0.917872,,,,,,,,,,0.4736183602362871,0.14404577016830444,143,0.04106414318084717,
66,4,verifier,verify_answer,verify_answer,0.6175,1,,-0.651937,,,,-0.651937,0.0,0.0,0.0,,,,,,,,,,,,,,0.17403140664100647
67,1,retriever,dense_retrieve|sparse_retrieve|hybrid_retrieve|hybrid_rerank,hybrid_rerank,-0.02,0,grader,0.799448,-1.0,0.84837,-0.820987,0.799448,-1.0,0.84837,-0.820987,0.8997237980365753,5,0.9241848886013031,0.08950674533843994,,,,,,,,,,
67,2,grader,keep_all|loose_filter|medium_filter|strict_filter|rerank_only,strict_filter,-0.07,0,generator,0.941594,-0.960297,0.805691,,0.941594,-0.960297,0.805691,0.0,,,,,,,0.9707969427108765,0.7059554070234298,0.9028457403182983,,,,,
67,3,generator,generate_answer|generate_with_strict_citations|generate_short_answer,generate_short_answer,-0.07,0,verifier,-0.125202,-0.753519,-0.019247,-1.0,-0.125202,-0.753519,-0.019247,-1.0,,,,,,,,,,0.4373988211154938,0.12324067950248718,128,0.0,
67,4,verifier,verify_answer,verify_answer,0.707,1,,-0.724206,,,,-0.724206,0.0,0.0,0.0,,,,,,,,,,,,,,0.1378968060016632
68,1,retriever,dense_retrieve|sparse_retrieve|hybrid_retrieve|hybrid_rerank,hybrid_rerank,-0.02,0,grader,0.822665,-1.0,1.0,-0.802109,0.822665,-1.0,1.0,-0.802109,0.9113323986530304,5,1.0,0.09894561767578125,,,,,,,,,,
68,2,grader,keep_all|loose_filter|medium_filter|strict_filter|rerank_only,strict_filter,-0.07,0,generator,0.708177,-1.0,1.0,,0.708177,-1.0,1.0,0.0,,,,,,,0.8540886640548706,0.7,1.0,,,,,
68,3,generator,generate_answer|generate_with_strict_citations|generate_short_answer,generate_short_answer,-0.07,0,verifier,-0.214913,-0.877872,0.093389,-1.0,-0.214913,-0.877872,0.093389,-1.0,,,,,,,,,,0.39254338294267654,0.061063796281814575,133,0.0,
68,4,verifier,verify_answer,verify_answer,0.6509,1,,-0.430996,,,,-0.430996,0.0,0.0,0.0,,,,,,,,,,,,,,0.28450196981430054
69,1,retriever,dense_retrieve|sparse_retrieve|hybrid_retrieve|hybrid_rerank,hybrid_rerank,-0.02,0,grader,1.0,-1.0,1.0,-0.908823,1.0,-1.0,1.0,-0.908823,1.0,5,1.0,0.04558849334716797,,,,,,,,,,
69,2,grader,keep_all|loose_filter|medium_filter|strict_filter|rerank_only,strict_filter,-0.07,0,generator,1.0,-0.871688,0.995057,,1.0,-0.871688,0.995057,0.0,,,,,,,1.0,0.7192467629909515,0.9975283741950989,,,,,
69,3,generator,generate_answer|generate_with_strict_citations|generate_short_answer,generate_short_answer,-0.07,0,verifier,-0.539422,-0.403588,-0.004702,-1.0,-0.539422,-0.403588,-0.004702,-1.0,,,,,,,,,,0.23028895258903503,0.29820580780506134,128,0.0,
69,4,verifier,verify_answer,verify_answer,0.8089,1,,-0.585752,,,,-0.585752,0.0,0.0,0.0,,,,,,,,,,,,,,0.2071237862110138
70,1,retriever,dense_retrieve|sparse_retrieve|hybrid_retrieve|hybrid_rerank,hybrid_rerank,-0.02,0,grader,1.0,-0.861113,0.775362,-0.858992,1.0,-0.861113,0.775362,-0.858992,1.0,6,0.8876807987689972,0.07050424814224243,,,,,,,,,,
70,2,grader,keep_all|loose_filter|medium_filter|strict_filter|rerank_only,strict_filter,-0.07,0,generator,0.946562,-0.976629,0.874859,,0.946562,-0.976629,0.874859,0.0,,,,,,,0.9732811450958252,0.7035056293010711,0.9374296069145203,,,,,
70,3,generator,generate_answer|generate_with_strict_citations|generate_short_answer,generate_short_answer,-0.07,0,verifier,-0.331668,-0.447752,-0.136392,-1.0,-0.331668,-0.447752,-0.136392,-1.0,,,,,,,,,,0.33416590094566345,0.27612394094467163,128,0.0,
70,4,verifier,verify_answer,verify_answer,0.74,1,,-0.702803,,,,-0.702803,0.0,0.0,0.0,,,,,,,,,,,,,,0.14859861135482788
71,1,retriever,dense_retrieve|sparse_retrieve|hybrid_retrieve|hybrid_rerank,hybrid_rerank,-0.02,0,grader,0.876211,-1.0,0.852829,-1.0,0.876211,-1.0,0.852829,-1.0,0.9381054639816284,5,0.9264146387577057,0.0,,,,,,,,,,
71,2,grader,keep_all|loose_filter|medium_filter|strict_filter|rerank_only,strict_filter,-0.07,0,generator,1.0,-1.0,0.953367,,1.0,-1.0,0.953367,0.0,,,,,,,1.0,0.7,0.9766836762428284,,,,,
71,3,generator,generate_answer|generate_with_strict_citations|generate_short_answer,generate_short_answer,-0.07,0,verifier,-0.35228,-0.825484,0.265298,-0.836275,-0.35228,-0.825484,0.265298,-0.836275,,,,,,,,,,0.3238600343465805,0.0872582197189331,168,0.08186239004135132,
71,4,verifier,verify_answer,verify_answer,0.7913,1,,-0.42402,,,,-0.42402,0.0,0.0,0.0,,,,,,,,,,,,,,0.2879897952079773
72,1,retriever,dense_retrieve|sparse_retrieve|hybrid_retrieve|hybrid_rerank,hybrid_rerank,-0.02,0,grader,1.0,-0.903173,1.0,-1.0,1.0,-0.903173,1.0,-1.0,1.0,5,1.0,0.0,,,,,,,,,,
72,2,grader,keep_all|loose_filter|medium_filter|strict_filter|rerank_only,medium_filter,-0.07,0,generator,1.0,-1.0,0.761948,,1.0,-1.0,0.761948,0.0,,,,,,,1.0,0.7,0.8809740543365479,,,,,
72,3,generator,generate_answer|generate_with_strict_citations|generate_short_answer,generate_short_answer,-0.07,0,verifier,-0.410161,-0.666078,0.121121,-0.918967,-0.410161,-0.666078,0.121121,-0.918967,,,,,,,,,,0.2949196398258209,0.16696083545684814,146,0.04051637649536133,
72,4,verifier,verify_answer,verify_answer,0.6907,1,,-0.305972,,,,-0.305972,0.0,0.0,0.0,,,,,,,,,,,,,,0.34701406955718994
73,1,retriever,dense_retrieve|sparse_retrieve|hybrid_retrieve|hybrid_rerank,hybrid_rerank,-0.02,0,grader,0.927826,-1.0,1.0,-0.978403,0.927826,-1.0,1.0,-0.978403,0.9639130532741547,5,1.0,0.010798513889312744,,,,,,,,,,
73,2,grader,keep_all|loose_filter|medium_filter|strict_filter|rerank_only,strict_filter,-0.07,0,generator,1.0,-1.0,1.0,,1.0,-1.0,1.0,0.0,,,,,,,1.0,0.7,1.0,,,,,
73,3,generator,generate_answer|generate_with_strict_citations|generate_short_answer,generate_short_answer,-0.07,0,verifier,-0.388229,-0.871382,0.588733,-0.988922,-0.388229,-0.871382,0.588733,-0.988922,,,,,,,,,,0.3058854341506958,0.06430888175964355,167,0.0055390894412994385,
73,4,verifier,verify_answer,verify_answer,0.6867,1,,-0.378799,,,,-0.378799,0.0,0.0,0.0,,,,,,,,,,,,,,0.3106003403663635
74,1,retriever,dense_retrieve|sparse_retrieve|hybrid_retrieve|hybrid_rerank,hybrid_rerank,-0.02,0,grader,1.0,-0.92482,0.940292,-0.896078,1.0,-0.92482,0.940292,-0.896078,1.0,5,0.9701461791992188,0.05196079611778259,,,,,,,,,,
74,2,grader,keep_all|loose_filter|medium_filter|strict_filter|rerank_only,strict_filter,-0.07,0,generator,1.0,-1.0,0.870619,,1.0,-1.0,0.870619,0.0,,,,,,,1.0,0.7,0.935309499502182,,,,,
74,3,generator,generate_answer|generate_with_strict_citations|generate_short_answer,generate_short_answer,-0.07,0,verifier,-0.296799,-0.764454,0.011089,-1.0,-0.296799,-0.764454,0.011089,-1.0,,,,,,,,,,0.35160039365291595,0.11777317523956299,128,0.0,
74,4,verifier,verify_answer,verify_answer,0.8965,1,,0.01837,,,,0.01837,0.0,0.0,0.0,,,,,,,,,,,,,,0.5091848354786634
75,1,retriever,dense_retrieve|sparse_retrieve|hybrid_retrieve|hybrid_rerank,hybrid_rerank,-0.02,0,grader,1.0,-0.974999,0.761107,-1.0,1.0,-0.974999,0.761107,-1.0,1.0,5,0.8805534243583679,0.0,,,,,,,,,,
75,2,grader,keep_all|loose_filter|medium_filter|strict_filter|rerank_only,strict_filter,-0.07,0,generator,1.0,-0.69586,0.988646,,1.0,-0.69586,0.988646,0.0,,,,,,,1.0,0.7456210136413574,0.994322806596756,,,,,
75,3,generator,generate_answer|generate_with_strict_citations|generate_short_answer,generate_short_answer,-0.07,0,verifier,-0.207312,-0.715126,0.284197,-1.0,-0.207312,-0.715126,0.284197,-1.0,,,,,,,,,,0.39634376019239426,0.14243721961975098,146,0.0,
75,4,verifier,verify_answer,verify_answer,0.7356,1,,0.096773,,,,0.096773,0.0,0.0,0.0,,,,,,,,,,,,,,0.5483862534165382
76,1,retriever,dense_retrieve|sparse_retrieve|hybrid_retrieve|hybrid_rerank,hybrid_rerank,-0.02,0,grader,1.0,-0.864433,0.785246,-1.0,1.0,-0.864433,0.785246,-1.0,1.0,6,0.8926228582859039,0.0,,,,,,,,,,
76,2,grader,keep_all|loose_filter|medium_filter|strict_filter|rerank_only,strict_filter,-0.07,0,generator,1.0,-1.0,0.893919,,1.0,-1.0,0.893919,0.0,,,,,,,1.0,0.7,0.9469594359397888,,,,,
76,3,generator,generate_answer|generate_with_strict_citations|generate_short_answer,generate_short_answer,-0.07,0,verifier,-0.066616,-0.808,0.084845,-1.0,-0.066616,-0.808,0.084845,-1.0,,,,,,,,,,0.466692216694355,0.0959998071193695,133,0.0,
76,4,verifier,verify_answer,verify_answer,0.6996,1,,-0.221504,,,,-0.221504,0.0,0.0,0.0,,,,,,,,,,,,,,0.38924797624349594
77,1,retriever,dense_retrieve|sparse_retrieve|hybrid_retrieve|hybrid_rerank,hybrid_rerank,-0.02,0,grader,0.953971,-0.739098,0.903112,-0.845872,0.953971,-0.739098,0.903112,-0.845872,0.9769854545593262,6,0.9515558183193207,0.07706409692764282,,,,,,,,,,
77,2,grader,keep_all|loose_filter|medium_filter|strict_filter|rerank_only,strict_filter,-0.07,0,generator,0.978487,-0.939486,0.921439,,0.978487,-0.939486,0.921439,0.0,,,,,,,0.9892437160015106,0.7090770781040191,0.9607194364070892,,,,,
77,3,generator,generate_answer|generate_with_strict_citations|generate_short_answer,generate_short_answer,-0.07,0,verifier,-0.280438,-0.685924,0.397163,-1.0,-0.280438,-0.685924,0.397163,-1.0,,,,,,,,,,0.35978108644485474,0.15703821182250977,153,0.0,
77,4,verifier,verify_answer,verify_answer,0.6973,1,,-0.126409,,,,-0.126409,0.0,0.0,0.0,,,,,,,,,,,,,,0.43679551780223846
78,1,retriever,dense_retrieve|sparse_retrieve|hybrid_retrieve|hybrid_rerank,hybrid_rerank,-0.02,0,grader,0.690906,-0.816285,1.0,-0.902198,0.690906,-0.816285,1.0,-0.902198,0.8454529643058777,6,1.0,0.048901110887527466,,,,,,,,,,
78,2,grader,keep_all|loose_filter|medium_filter|strict_filter|rerank_only,strict_filter,-0.07,0,generator,0.908546,-0.896032,1.0,,0.908546,-0.896032,1.0,0.0,,,,,,,0.954273134469986,0.7155952483415603,1.0,,,,,
78,3,generator,generate_answer|generate_with_strict_citations|generate_short_answer,generate_short_answer,-0.07,0,verifier,-0.277562,-0.376886,0.064684,-1.0,-0.277562,-0.376886,0.064684,-1.0,,,,,,,,,,0.36121901869773865,0.31155724823474884,132,0.0,
78,4,verifier,verify_answer,verify_answer,0.7174,1,,0.171236,,,,0.171236,0.0,0.0,0.0,,,,,,,,,,,,,,0.585617907345295
79,1,retriever,dense_retrieve|sparse_retrieve|hybrid_retrieve|hybrid_rerank,hybrid_rerank,-0.02,0,grader,0.971159,-1.0,1.0,-0.877914,0.971159,-1.0,1.0,-0.877914,0.9855794012546539,5,1.0,0.06104278564453125,,,,,,,,,,
79,2,grader,keep_all|loose_filter|medium_filter|strict_filter|rerank_only,strict_filter,-0.07,0,generator,0.851937,-0.960614,1.0,,0.851937,-0.960614,1.0,0.0,,,,,,,0.925968587398529,0.7059078693389892,1.0,,,,,
79,3,generator,generate_answer|generate_with_strict_citations|generate_short_answer,generate_short_answer,-0.07,0,verifier,-0.060418,-0.359341,0.188697,-1.0,-0.060418,-0.359341,0.188697,-1.0,,,,,,,,,,0.4697909150272608,0.32032932341098785,140,0.0,
79,4,verifier,verify_answer,verify_answer,0.5288,1,,-0.360028,,,,-0.360028,0.0,0.0,0.0,,,,,,,,,,,,,,0.3199858218431473
80,1,retriever,dense_retrieve|sparse_retrieve|hybrid_retrieve|hybrid_rerank,hybrid_rerank,-0.02,0,grader,1.0,-1.0,0.919676,-1.0,1.0,-1.0,0.919676,-1.0,1.0,5,0.9598380327224731,0.0,,,,,,,,,,
80,2,grader,keep_all|loose_filter|medium_filter|strict_filter|rerank_only,strict_filter,-0.07,0,generator,0.781191,-0.984074,1.0,,0.781191,-0.984074,1.0,0.0,,,,,,,0.8905955255031586,0.7023888647556304,1.0,,,,,
80,3,generator,generate_answer|generate_with_strict_citations|generate_short_answer,generate_short_answer,-0.07,0,verifier,-0.201811,-0.538683,0.217643,-1.0,-0.201811,-0.538683,0.217643,-1.0,,,,,,,,,,0.39909445494413376,0.23065850138664246,141,0.0,
80,4,verifier,verify_answer,verify_answer,0.7203,1,,-0.090946,,,,-0.090946,0.0,0.0,0.0,,,,,,,,,,,,,,0.4545268975198269
81,1,retriever,dense_retrieve|sparse_retrieve|hybrid_retrieve|hybrid_rerank,hybrid_rerank,-0.02,0,grader,0.955593,-1.0,0.698722,-0.84852,0.955593,-1.0,0.698722,-0.84852,0.9777962863445282,5,0.8493607640266418,0.07573986053466797,,,,,,,,,,
81,2,grader,keep_all|loose_filter|medium_filter|strict_filter|rerank_only,strict_filter,-0.07,0,generator,1.0,-1.0,1.0,,1.0,-1.0,1.0,0.0,,,,,,,1.0,0.7,1.0,,,,,
81,3,generator,generate_answer|generate_with_strict_citations|generate_short_answer,generate_short_answer,-0.07,0,verifier,0.09354,-0.520991,-0.306615,-1.0,0.09354,-0.520991,-0.306615,-1.0,,,,,,,,,,0.546770129352808,0.2395043969154358,128,0.0,
81,4,verifier,verify_answer,verify_answer,-0.07,0,verifier,0.172535,,,,0.172535,0.0,0.0,0.0,,,,,,,,,,,,,,0.5862675756216049
81,5,verifier,request_regeneration|request_more_retrieval|request_rewrite,request_regeneration,-0.07,0,generator,0.837578,,,,0.837578,0.0,0.0,0.0,,,,,,,,,,,,,,0.9187891483306885
81,6,generator,generate_answer|generate_with_strict_citations|generate_short_answer|regenerate,generate_short_answer,-0.07,0,verifier,-0.086851,-0.279633,-0.243998,-1.0,-0.086851,-0.279633,-0.243998,-1.0,,,,,,,,,,0.45657437294721603,0.3601834625005722,128,0.0,
81,7,verifier,verify_answer,verify_answer,-0.07,0,verifier,-0.138725,,,,-0.138725,0.0,0.0,0.0,,,,,,,,,,,,,,0.430637463927269
81,8,verifier,request_regeneration|request_more_retrieval|request_rewrite,request_regeneration,-0.07,0,generator,0.54264,,,,0.54264,0.0,0.0,0.0,,,,,,,,,,,,,,0.771320104598999
81,9,generator,generate_answer|generate_with_strict_citations|generate_short_answer|regenerate,generate_short_answer,-0.07,0,verifier,-0.025766,-0.328893,0.10287,-1.0,-0.025766,-0.328893,0.10287,-1.0,,,,,,,,,,0.4871169375255704,0.33555325865745544,134,0.0,
81,10,verifier,verify_answer,verify_answer,0.1173,1,,-0.18457,,,,-0.18457,0.0,0.0,0.0,,,,,,,,,,,,,,0.4077147766947746
82,1,retriever,dense_retrieve|sparse_retrieve|hybrid_retrieve|hybrid_rerank,hybrid_rerank,-0.02,0,grader,0.790911,-1.0,0.778473,-0.903411,0.790911,-1.0,0.778473,-0.903411,0.8954557478427887,5,0.8892364203929901,0.048294275999069214,,,,,,,,,,
82,2,grader,keep_all|loose_filter|medium_filter|strict_filter|rerank_only,strict_filter,-0.07,0,generator,0.942735,-1.0,0.857727,,0.942735,-1.0,0.857727,0.0,,,,,,,0.9713676869869232,0.7,0.9288634061813354,,,,,
82,3,generator,generate_answer|generate_with_strict_citations|generate_short_answer,generate_short_answer,-0.07,0,verifier,0.268795,-0.299,0.094581,-0.819195,0.268795,-0.299,0.094581,-0.819195,,,,,,,,,,0.6343975365161896,0.35050006210803986,158,0.09040257334709167,
82,4,verifier,verify_answer,verify_answer,0.7419,1,,-0.21312,,,,-0.21312,0.0,0.0,0.0,,,,,,,,,,,,,,0.3934399262070656
83,1,retriever,dense_retrieve|sparse_retrieve|hybrid_retrieve|hybrid_rerank,hybrid_rerank,-0.02,0,grader,0.94531,-1.0,0.609392,-0.904976,0.94531,-1.0,0.609392,-0.904976,0.9726549386978149,5,0.8046960830688477,0.047511786222457886,,,,,,,,,,
83,2,grader,keep_all|loose_filter|medium_filter|strict_filter|rerank_only,strict_filter,-0.07,0,generator,0.908821,-0.874188,0.888722,,0.908821,-0.874188,0.888722,0.0,,,,,,,0.9544103741645813,0.7188717633485794,0.9443608224391937,,,,,
83,3,generator,generate_answer|generate_with_strict_citations|generate_short_answer,generate_short_answer,-0.07,0,verifier,0.23256,-0.209131,-0.055909,-1.0,0.23256,-0.209131,-0.055909,-1.0,,,,,,,,,,0.6162799149751663,0.39543458819389343,128,0.0,
83,4,verifier,verify_answer,verify_answer,0.7389,1,,-0.426864,,,,-0.426864,0.0,0.0,0.0,,,,,,,,,,,,,,0.28656817972660065
84,1,retriever,dense_retrieve|sparse_retrieve|hybrid_retrieve|hybrid_rerank,hybrid_rerank,-0.02,0,grader,1.0,-1.0,1.0,-0.918487,1.0,-1.0,1.0,-0.918487,1.0,5,1.0,0.04075649380683899,,,,,,,,,,
84,2,grader,keep_all|loose_filter|medium_filter|strict_filter|rerank_only,strict_filter,-0.07,0,generator,0.834913,-1.0,1.0,,0.834913,-1.0,1.0,0.0,,,,,,,0.9174562692642212,0.7,1.0,,,,,
84,3,generator,generate_answer|generate_with_strict_citations|generate_short_answer,generate_short_answer,-0.07,0,verifier,0.106748,-0.311723,0.271782,-1.0,0.106748,-0.311723,0.271782,-1.0,,,,,,,,,,0.5533739104866982,0.344138503074646,145,0.0,
84,4,verifier,verify_answer,verify_answer,0.8045,1,,-0.354746,,,,-0.354746,0.0,0.0,0.0,,,,,,,,,,,,,,0.3226272314786911
85,1,retriever,dense_retrieve|sparse_retrieve|hybrid_retrieve|hybrid_rerank,hybrid_rerank,-0.02,0,grader,1.0,-0.766459,0.915862,-1.0,1.0,-0.766459,0.915862,-1.0,1.0,6,0.9579309225082397,0.0,,,,,,,,,,
85,2,grader,keep_all|loose_filter|medium_filter|strict_filter|rerank_only,strict_filter,-0.07,0,generator,1.0,-0.684914,1.0,,1.0,-0.684914,1.0,0.0,,,,,,,1.0,0.7472629010677337,1.0,,,,,
85,3,generator,generate_answer|generate_with_strict_citations|generate_short_answer,generate_short_answer,-0.07,0,verifier,0.188194,-0.495265,0.082672,-0.836939,0.188194,-0.495265,0.082672,-0.836939,,,,,,,,,,0.5940967798233032,0.252367302775383,154,0.08153057098388672,
85,4,verifier,verify_answer,verify_answer,0.6988,1,,-0.130304,,,,-0.130304,0.0,0.0,0.0,,,,,,,,,,,,,,0.43484776467084885
86,1,retriever,dense_retrieve|sparse_retrieve|hybrid_retrieve|hybrid_rerank,hybrid_rerank,-0.02,0,grader,1.0,-1.0,1.0,-0.98342,1.0,-1.0,1.0,-0.98342,1.0,5,1.0,0.008289873600006104,,,,,,,,,,
86,2,grader,keep_all|loose_filter|medium_filter|strict_filter|rerank_only,strict_filter,-0.07,0,generator,0.774845,-1.0,0.817253,,0.774845,-1.0,0.817253,0.0,,,,,,,0.8874225318431854,0.7,0.9086264371871948,,,,,
86,3,generator,generate_answer|generate_with_strict_citations|generate_short_answer,generate_short_answer,-0.07,0,verifier,0.242339,-0.428599,0.02195,-0.92386,0.242339,-0.428599,0.02195,-0.92386,,,,,,,,,,0.621169701218605,0.28570058941841125,138,0.03806999325752258,
86,4,verifier,verify_answer,verify_answer,0.6879,1,,-0.282779,,,,-0.282779,0.0,0.0,0.0,,,,,,,,,,,,,,0.3586103469133377
87,1,retriever,dense_retrieve|sparse_retrieve|hybrid_retrieve|hybrid_rerank,hybrid_rerank,-0.02,0,grader,1.0,-0.799443,0.853602,-0.998277,1.0,-0.799443,0.853602,-0.998277,1.0,6,0.9268012046813965,0.0008616745471954346,,,,,,,,,,
87,2,grader,keep_all|loose_filter|medium_filter|strict_filter|rerank_only,strict_filter,-0.07,0,generator,1.0,-1.0,1.0,,1.0,-1.0,1.0,0.0,,,,,,,1.0,0.7,1.0,,,,,
87,3,generator,generate_answer|generate_with_strict_citations|generate_short_answer,generate_short_answer,-0.07,0,verifier,0.038666,-0.526643,0.01972,-0.936611,0.038666,-0.526643,0.01972,-0.936611,,,,,,,,,,0.5193328708410263,0.23667851090431213,137,0.031694620847702026,
87,4,verifier,verify_answer,verify_answer,0.8126,1,,-0.133389,,,,-0.133389,0.0,0.0,0.0,,,,,,,,,,,,,,0.43330559879541397
88,1,retriever,dense_retrieve|sparse_retrieve|hybrid_retrieve|hybrid_rerank,hybrid_rerank,-0.02,0,grader,1.0,-1.0,1.0,-0.871159,1.0,-1.0,1.0,-0.871159,1.0,5,1.0,0.06442072987556458,,,,,,,,,,
88,2,grader,keep_all|loose_filter|medium_filter|strict_filter|rerank_only,strict_filter,-0.07,0,generator,0.917901,-0.823337,0.997587,,0.917901,-0.823337,0.997587,0.0,,,,,,,0.95895054936409,0.7264994114637374,0.9987933933734894,,,,,
88,3,generator,generate_answer|generate_with_strict_citations|generate_short_answer,generate_short_answer,-0.07,0,verifier,0.176811,-0.582229,0.2145,-0.860612,0.176811,-0.582229,0.2145,-0.860612,,,,,,,,,,0.5884056389331818,0.2088853120803833,161,0.06969398260116577,
88,4,verifier,verify_answer,verify_answer,0.7549,1,,-0.15921,,,,-0.15921,0.0,0.0,0.0,,,,,,,,,,,,,,0.42039502412080765
89,1,retriever,dense_retrieve|sparse_retrieve|hybrid_retrieve|hybrid_rerank,hybrid_rerank,-0.02,0,grader,1.0,-0.909104,1.0,-1.0,1.0,-0.909104,1.0,-1.0,1.0,5,1.0,0.0,,,,,,,,,,
89,2,grader,keep_all|loose_filter|medium_filter|strict_filter|rerank_only,strict_filter,-0.07,0,generator,0.983766,-1.0,0.981207,,0.983766,-1.0,0.981207,0.0,,,,,,,0.9918828010559082,0.7,0.9906033873558044,,,,,
89,3,generator,generate_answer|generate_with_strict_citations|generate_short_answer,generate_short_answer,-0.07,0,verifier,0.1556,-0.484558,0.173463,-1.0,0.1556,-0.484558,0.173463,-1.0,,,,,,,,,,0.5777999609708786,0.25772082805633545,139,0.0,
89,4,verifier,verify_answer,verify_answer,0.7164,1,,-0.316304,,,,-0.316304,0.0,0.0,0.0,,,,,,,,,,,,,,0.3418482393026352
90,1,retriever,dense_retrieve|sparse_retrieve|hybrid_retrieve|hybrid_rerank,hybrid_rerank,-0.02,0,grader,1.0,-1.0,1.0,-0.992649,1.0,-1.0,1.0,-0.992649,1.0,5,1.0,0.0036753416061401367,,,,,,,,,,
90,2,grader,keep_all|loose_filter|medium_filter|strict_filter|rerank_only,strict_filter,-0.07,0,generator,1.0,-0.90802,0.835315,,1.0,-0.90802,0.835315,0.0,,,,,,,1.0,0.7137970149517059,0.9176572561264038,,,,,
90,3,generator,generate_answer|generate_with_strict_citations|generate_short_answer,generate_short_answer,-0.07,0,verifier,-0.301881,-0.456618,-0.10006,-1.0,-0.301881,-0.456618,-0.10006,-1.0,,,,,,,,,,0.3490595668554306,0.27169112861156464,128,0.0,
90,4,verifier,verify_answer,verify_answer,0.694,1,,-0.602607,,,,-0.602607,0.0,0.0,0.0,,,,,,,,,,,,,,0.1986962854862213
91,1,retriever,dense_retrieve|sparse_retrieve|hybrid_retrieve|hybrid_rerank,hybrid_rerank,-0.02,0,grader,1.0,-0.787225,1.0,-0.942616,1.0,-0.787225,1.0,-0.942616,1.0,6,1.0,0.028691887855529785,,,,,,,,,,
91,2,grader,keep_all|loose_filter|medium_filter|strict_filter|rerank_only,strict_filter,-0.07,0,generator,1.0,-0.941524,0.808209,,1.0,-0.941524,0.808209,0.0,,,,,,,1.0,0.7087713778018951,0.9041043519973755,,,,,
91,3,generator,generate_answer|generate_with_strict_citations|generate_short_answer,generate_short_answer,-0.07,0,verifier,-0.342582,-0.378904,0.068078,-0.992268,-0.342582,-0.378904,0.068078,-0.992268,,,,,,,,,,0.32870903611183167,0.3105480223894119,133,0.003866136074066162,
91,4,verifier,verify_answer,verify_answer,0.698,1,,-0.025598,,,,-0.025598,0.0,0.0,0.0,,,,,,,,,,,,,,0.4872010834515095
92,1,retriever,dense_retrieve|sparse_retrieve|hybrid_retrieve|hybrid_rerank,hybrid_rerank,-0.02,0,grader,1.0,-1.0,0.771648,-1.0,1.0,-1.0,0.771648,-1.0,1.0,5,0.8858238160610199,0.0,,,,,,,,,,
92,2,grader,keep_all|loose_filter|medium_filter|strict_filter|rerank_only,strict_filter,-0.07,0,generator,0.885156,-0.999504,1.0,,0.885156,-0.999504,1.0,0.0,,,,,,,0.9425778388977051,0.7000743329524993,1.0,,,,,
92,3,generator,generate_answer|generate_with_strict_citations|generate_short_answer,generate_short_answer,-0.07,0,verifier,-0.222789,-0.23608,0.267106,-1.0,-0.222789,-0.23608,0.267106,-1.0,,,,,,,,,,0.3886052668094635,0.38196004182100296,145,0.0,
92,4,verifier,verify_answer,verify_answer,0.5288,1,,-0.379002,,,,-0.379002,0.0,0.0,0.0,,,,,,,,,,,,,,0.3104991316795349
93,1,retriever,dense_retrieve|sparse_retrieve|hybrid_retrieve|hybrid_rerank,hybrid_rerank,-0.02,0,grader,0.82173,-0.795335,1.0,-0.975057,0.82173,-0.795335,1.0,-0.975057,0.9108650088310242,6,1.0,0.01247146725654602,,,,,,,,,,
93,2,grader,keep_all|loose_filter|medium_filter|strict_filter|rerank_only,strict_filter,-0.07,0,generator,0.770791,-0.949205,1.0,,0.770791,-0.949205,1.0,0.0,,,,,,,0.885395735502243,0.7076192528009414,1.0,,,,,
93,3,generator,generate_answer|generate_with_strict_citations|generate_short_answer,generate_short_answer,-0.07,0,verifier,-0.133098,-0.438957,-0.200936,-1.0,-0.133098,-0.438957,-0.200936,-1.0,,,,,,,,,,0.4334508702158928,0.28052133321762085,128,0.0,
93,4,verifier,verify_answer,verify_answer,0.6242,1,,-0.340365,,,,-0.340365,0.0,0.0,0.0,,,,,,,,,,,,,,0.32981766760349274
94,1,retriever,dense_retrieve|sparse_retrieve|hybrid_retrieve|hybrid_rerank,hybrid_rerank,-0.02,0,grader,0.853343,-1.0,1.0,-1.0,0.853343,-1.0,1.0,-1.0,0.92667156457901,5,1.0,0.0,,,,,,,,,,
94,2,grader,keep_all|loose_filter|medium_filter|strict_filter|rerank_only,strict_filter,-0.07,0,generator,0.989228,-0.945982,0.923828,,0.989228,-0.945982,0.923828,0.0,,,,,,,0.9946140050888062,0.7081027567386626,0.9619140923023224,,,,,
94,3,generator,generate_answer|generate_with_strict_citations|generate_short_answer,generate_short_answer,-0.07,0,verifier,-0.420509,-0.293447,0.063441,-1.0,-0.420509,-0.293447,0.063441,-1.0,,,,,,,,,,0.28974539041519165,0.35327649116516113,132,0.0,
94,4,verifier,verify_answer,verify_answer,0.6007,1,,-0.379644,,,,-0.379644,0.0,0.0,0.0,,,,,,,,,,,,,,0.3101777583360672
95,1,retriever,dense_retrieve|sparse_retrieve|hybrid_retrieve|hybrid_rerank,hybrid_rerank,-0.02,0,grader,1.0,-1.0,1.0,-0.921193,1.0,-1.0,1.0,-0.921193,1.0,5,1.0,0.03940349817276001,,,,,,,,,,
95,2,grader,keep_all|loose_filter|medium_filter|strict_filter|rerank_only,strict_filter,-0.07,0,generator,1.0,-1.0,1.0,,1.0,-1.0,1.0,0.0,,,,,,,1.0,0.7,1.0,,,,,
95,3,generator,generate_answer|generate_with_strict_citations|generate_short_answer,generate_short_answer,-0.07,0,verifier,-0.269429,-0.560718,0.174051,-0.993817,-0.269429,-0.560718,0.174051,-0.993817,,,,,,,,,,0.3652855306863785,0.2196410894393921,139,0.0030917227268218994,
95,4,verifier,verify_answer,verify_answer,0.7116,1,,-0.539933,,,,-0.539933,0.0,0.0,0.0,,,,,,,,,,,,,,0.23003363609313965
96,1,retriever,dense_retrieve|sparse_retrieve|hybrid_retrieve|hybrid_rerank,hybrid_rerank,-0.02,0,grader,1.0,-1.0,0.867056,-0.982116,1.0,-1.0,0.867056,-0.982116,1.0,5,0.9335280656814575,0.008942067623138428,,,,,,,,,,
96,2,grader,keep_all|loose_filter|medium_filter|strict_filter|rerank_only,strict_filter,-0.07,0,generator,1.0,-0.912824,0.888928,,1.0,-0.912824,0.888928,0.0,,,,,,,1.0,0.7130764305591583,0.9444638192653656,,,,,
96,3,generator,generate_answer|generate_with_strict_citations|generate_short_answer,generate_short_answer,-0.07,0,verifier,-0.463111,-0.447233,0.1701,-1.0,-0.463111,-0.447233,0.1701,-1.0,,,,,,,,,,0.2684447467327118,0.2763833552598953,138,0.0,
96,4,verifier,verify_answer,verify_answer,0.843,1,,-0.288137,,,,-0.288137,0.0,0.0,0.0,,,,,,,,,,,,,,0.3559316545724869
97,1,retriever,dense_retrieve|sparse_retrieve|hybrid_retrieve|hybrid_rerank,hybrid_rerank,-0.02,0,grader,0.921698,-0.899528,1.0,-0.950687,0.921698,-0.899528,1.0,-0.950687,0.9608488380908966,5,1.0,0.02465653419494629,,,,,,,,,,
97,2,grader,keep_all|loose_filter|medium_filter|strict_filter|rerank_only,strict_filter,-0.07,0,generator,1.0,-0.805296,1.0,,1.0,-0.805296,1.0,0.0,,,,,,,1.0,0.72920563519001,1.0,,,,,
97,3,generator,generate_answer|generate_with_strict_citations|generate_short_answer,generate_short_answer,-0.07,0,verifier,-0.497632,-0.593964,-0.241452,-0.981441,-0.497632,-0.593964,-0.241452,-0.981441,,,,,,,,,,0.25118403136730194,0.20301789045333862,128,0.009279459714889526,
97,4,verifier,verify_answer,verify_answer,0.5732,1,,-0.313972,,,,-0.313972,0.0,0.0,0.0,,,,,,,,,,,,,,0.3430139124393463
98,1,retriever,dense_retrieve|sparse_retrieve|hybrid_retrieve|hybrid_rerank,hybrid_rerank,-0.02,0,grader,0.863979,-0.775994,0.916967,-1.0,0.863979,-0.775994,0.916967,-1.0,0.9319895207881927,6,0.95848348736763,0.0,,,,,,,,,,
98,2,grader,keep_all|loose_filter|medium_filter|strict_filter|rerank_only,strict_filter,-0.07,0,generator,1.0,-0.939945,0.96481,,1.0,-0.939945,0.96481,0.0,,,,,,,1.0,0.7090081989765167,0.9824047684669495,,,,,
98,3,generator,generate_answer|generate_with_strict_citations|generate_short_answer,generate_short_answer,-0.07,0,verifier,-0.553205,-0.534109,0.022581,-1.0,-0.553205,-0.534109,0.022581,-1.0,,,,,,,,,,0.22339731454849243,0.23294562101364136,129,0.0,
98,4,verifier,verify_answer,verify_answer,0.583,1,,-0.182677,,,,-0.182677,0.0,0.0,0.0,,,,,,,,,,,,,,0.4086615517735481
99,1,retriever,dense_retrieve|sparse_retrieve|hybrid_retrieve|hybrid_rerank,hybrid_rerank,-0.02,0,grader,0.936084,-0.879223,0.98034,-1.0,0.936084,-0.879223,0.98034,-1.0,0.9680418968200684,5,0.9901701211929321,0.0,,,,,,,,,,
99,2,grader,keep_all|loose_filter|medium_filter|strict_filter|rerank_only,medium_filter,-0.07,0,generator,0.958156,-1.0,0.66617,,0.958156,-1.0,0.66617,0.0,,,,,,,0.9790777862071991,0.7,0.8330852389335632,,,,,
99,3,generator,generate_answer|generate_with_strict_citations|generate_short_answer,generate_short_answer,-0.07,0,verifier,-0.468548,-0.286192,-0.084959,-1.0,-0.468548,-0.286192,-0.084959,-1.0,,,,,,,,,,0.26572614908218384,0.35690389573574066,128,0.0,
99,4,verifier,verify_answer,verify_answer,0.8044,1,,0.277335,,,,0.277335,0.0,0.0,0.0,,,,,,,,,,,,,,0.6386673003435135
100,1,retriever,dense_retrieve|sparse_retrieve|hybrid_retrieve|hybrid_rerank,hybrid_rerank,-0.02,0,grader,0.930394,-0.854656,0.92736,-1.0,0.930394,-0.854656,0.92736,-1.0,0.9651970565319061,6,0.9636801481246948,0.0,,,,,,,,,,
100,2,grader,keep_all|loose_filter|medium_filter|strict_filter|rerank_only,strict_filter,-0.07,0,generator,1.0,-1.0,0.850505,,1.0,-1.0,0.850505,0.0,,,,,,,1.0,0.7,0.9252525568008423,,,,,
100,3,generator,generate_answer|generate_with_strict_citations|generate_short_answer,generate_short_answer,-0.07,0,verifier,-0.465433,-0.364653,-0.100366,-1.0,-0.465433,-0.364653,-0.100366,-1.0,,,,,,,,,,0.2672833949327469,0.31767354905605316,128,0.0,
100,4,verifier,verify_answer,verify_answer,0.6149,1,,0.223874,,,,0.223874,0.0,0.0,0.0,,,,,,,,,,,,,,0.611937090754509
101,1,retriever,dense_retrieve|sparse_retrieve|hybrid_retrieve|hybrid_rerank,hybrid_rerank,-0.02,0,grader,0.927778,-1.0,1.0,-0.930257,0.927778,-1.0,1.0,-0.930257,0.9638887643814087,5,1.0,0.03487151861190796,,,,,,,,,,
101,2,grader,keep_all|loose_filter|medium_filter|strict_filter|rerank_only,strict_filter,-0.07,0,generator,0.797018,-0.895907,1.0,,0.797018,-0.895907,1.0,0.0,,,,,,,0.8985089659690857,0.7156138896942138,1.0,,,,,
101,3,generator,generate_answer|generate_with_strict_citations|generate_short_answer,generate_short_answer,-0.07,0,verifier,-0.591577,-0.372414,-0.105973,-0.98756,-0.591577,-0.372414,-0.105973,-0.98756,,,,,,,,,,0.20421156287193298,0.31379280984401703,128,0.0062201619148254395,
101,4,verifier,verify_answer,verify_answer,0.6949,1,,-0.122322,,,,-0.122322,0.0,0.0,0.0,,,,,,,,,,,,,,0.43883880600333214
102,1,retriever,dense_retrieve|sparse_retrieve|hybrid_retrieve|hybrid_rerank,hybrid_rerank,-0.02,0,grader,0.97454,-0.904874,0.878563,-1.0,0.97454,-0.904874,0.878563,-1.0,0.9872702062129974,5,0.9392814934253693,0.0,,,,,,,,,,
102,2,grader,keep_all|loose_filter|medium_filter|strict_filter|rerank_only,strict_filter,-0.07,0,generator,1.0,-0.899195,1.0,,1.0,-0.899195,1.0,0.0,,,,,,,1.0,0.7151207208633422,1.0,,,,,
102,3,generator,generate_answer|generate_with_strict_citations|generate_short_answer,generate_short_answer,-0.07,0,verifier,-0.072673,-0.714578,0.48011,-0.809574,-0.072673,-0.714578,0.48011,-0.809574,,,,,,,,,,0.4636635109782219,0.14271089434623718,188,0.0952129065990448,
102,4,verifier,verify_answer,verify_answer,0.642,1,,-0.013586,,,,-0.013586,0.0,0.0,0.0,,,,,,,,,,,,,,0.4932071245275438
103,1,retriever,dense_retrieve|sparse_retrieve|hybrid_retrieve|hybrid_rerank,hybrid_rerank,-0.02,0,grader,0.888871,-0.84911,1.0,-1.0,0.888871,-0.84911,1.0,-1.0,0.9444354474544525,6,1.0,0.0,,,,,,,,,,
103,2,grader,keep_all|loose_filter|medium_filter|strict_filter|rerank_only,strict_filter,-0.07,0,generator,1.0,-1.0,0.812986,,1.0,-1.0,0.812986,0.0,,,,,,,1.0,0.7,0.9064929783344269,,,,,
103,3,generator,generate_answer|generate_with_strict_citations|generate_short_answer,generate_short_answer,-0.07,0,verifier,-0.563184,-0.511972,0.242362,-0.683451,-0.563184,-0.511972,0.242362,-0.683451,,,,,,,,,,0.21840807795524597,0.2440139651298523,188,0.1582745611667633,
103,4,verifier,verify_answer,verify_answer,0.6165,1,,-0.03071,,,,-0.03071,0.0,0.0,0.0,,,,,,,,,,,,,,0.48464501462876797
104,1,retriever,dense_retrieve|sparse_retrieve|hybrid_retrieve|hybrid_rerank,hybrid_rerank,-0.02,0,grader,0.952263,-1.0,0.843423,-0.896824,0.952263,-1.0,0.843423,-0.896824,0.9761317372322083,5,0.9217112958431244,0.05158799886703491,,,,,,,,,,
104,2,grader,keep_all|loose_filter|medium_filter|strict_filter|rerank_only,strict_filter,-0.07,0,generator,0.903348,-0.991292,1.0,,0.903348,-0.991292,1.0,0.0,,,,,,,0.9516741335391998,0.7013062000274658,1.0,,,,,
104,3,generator,generate_answer|generate_with_strict_citations|generate_short_answer,generate_short_answer,-0.07,0,verifier,-0.346959,-0.332831,0.285944,-0.851433,-0.346959,-0.332831,0.285944,-0.851433,,,,,,,,,,0.3265203833580017,0.3335844427347183,167,0.07428333163261414,
104,4,verifier,verify_answer,verify_answer,0.7258,1,,0.177573,,,,0.177573,0.0,0.0,0.0,,,,,,,,,,,,,,0.5887863710522652
105,1,retriever,dense_retrieve|sparse_retrieve|hybrid_retrieve|hybrid_rerank,hybrid_rerank,-0.02,0,grader,1.0,-1.0,0.689043,-0.956311,1.0,-1.0,0.689043,-0.956311,1.0,5,0.8445217311382294,0.02184450626373291,,,,,,,,,,
105,2,grader,keep_all|loose_filter|medium_filter|strict_filter|rerank_only,strict_filter,-0.07,0,generator,0.873124,-1.0,0.813156,,0.873124,-1.0,0.813156,0.0,,,,,,,0.9365619719028473,0.7,0.9065781235694885,,,,,
105,3,generator,generate_answer|generate_with_strict_citations|generate_short_answer,generate_short_answer,-0.07,0,verifier,-0.44357,-0.359313,0.450865,-0.821413,-0.44357,-0.359313,0.450865,-0.821413,,,,,,,,,,0.2782150059938431,0.3203437477350235,184,0.0892934799194336,
105,4,verifier,verify_answer,verify_answer,0.7349,1,,-0.322485,,,,-0.322485,0.0,0.0,0.0,,,,,,,,,,,,,,0.3387577086687088
106,1,retriever,dense_retrieve|sparse_retrieve|hybrid_retrieve|hybrid_rerank,hybrid_rerank,-0.02,0,grader,1.0,-1.0,0.813951,-1.0,1.0,-1.0,0.813951,-1.0,1.0,5,0.9069755375385284,0.0,,,,,,,,,,
106,2,grader,keep_all|loose_filter|medium_filter|strict_filter|rerank_only,strict_filter,-0.07,0,generator,1.0,-1.0,0.952235,,1.0,-1.0,0.952235,0.0,,,,,,,1.0,0.7,0.9761176705360413,,,,,
106,3,generator,generate_answer|generate_with_strict_citations|generate_short_answer,generate_short_answer,-0.07,0,verifier,0.116187,-0.127687,0.485307,-0.980189,0.116187,-0.127687,0.485307,-0.980189,,,,,,,,,,0.5580933913588524,0.43615633994340897,162,0.009905457496643066,
106,4,verifier,verify_answer,verify_answer,0.6236,1,,-0.045332,,,,-0.045332,0.0,0.0,0.0,,,,,,,,,,,,,,0.4773338418453932
107,1,retriever,dense_retrieve|sparse_retrieve|hybrid_retrieve|hybrid_rerank,hybrid_rerank,-0.02,0,grader,1.0,-0.886595,1.0,-0.977149,1.0,-0.886595,1.0,-0.977149,1.0,5,1.0,0.011425644159317017,,,,,,,,,,
107,2,grader,keep_all|loose_filter|medium_filter|strict_filter|rerank_only,strict_filter,-0.07,0,generator,0.753993,-0.787413,1.0,,0.753993,-0.787413,1.0,0.0,,,,,,,0.8769963085651398,0.7318880230188369,1.0,,,,,
107,3,generator,generate_answer|generate_with_strict_citations|generate_short_answer,generate_short_answer,-0.07,0,verifier,-0.245488,0.053637,0.4885,-1.0,-0.245488,0.053637,0.4885,-1.0,,,,,,,,,,0.37725619226694107,0.5268186815083027,159,0.0,
107,4,verifier,verify_answer,verify_answer,0.6682,1,,-0.640809,,,,-0.640809,0.0,0.0,0.0,,,,,,,,,,,,,,0.1795957088470459
108,1,retriever,dense_retrieve|sparse_retrieve|hybrid_retrieve|hybrid_rerank,hybrid_rerank,-0.02,0,grader,1.0,-1.0,1.0,-0.863054,1.0,-1.0,1.0,-0.863054,1.0,5,1.0,0.06847307085990906,,,,,,,,,,
108,2,grader,keep_all|loose_filter|medium_filter|strict_filter|rerank_only,strict_filter,-0.07,0,generator,1.0,-0.862584,1.0,,1.0,-0.862584,1.0,0.0,,,,,,,1.0,0.7206123292446136,1.0,,,,,
108,3,generator,generate_answer|generate_with_strict_citations|generate_short_answer,generate_short_answer,-0.07,0,verifier,-0.129053,-0.334669,-0.018263,-0.86889,-0.129053,-0.334669,-0.018263,-0.86889,,,,,,,,,,0.4354734271764755,0.3326653093099594,143,0.06555497646331787,
108,4,verifier,verify_answer,verify_answer,0.6572,1,,0.387044,,,,0.387044,0.0,0.0,0.0,,,,,,,,,,,,,,0.6935219168663025
109,1,retriever,dense_retrieve|sparse_retrieve|hybrid_retrieve|hybrid_rerank,hybrid_rerank,-0.02,0,grader,0.987673,-0.896506,0.869946,-0.982816,0.987673,-0.896506,0.869946,-0.982816,0.9938364028930664,5,0.9349731504917145,0.008591920137405396,,,,,,,,,,
109,2,grader,keep_all|loose_filter|medium_filter|strict_filter|rerank_only,strict_filter,-0.07,0,generator,0.676438,-1.0,1.0,,0.676438,-1.0,1.0,0.0,,,,,,,0.8382188677787781,0.7,1.0,,,,,
109,3,generator,generate_answer|generate_with_strict_citations|generate_short_answer,generate_short_answer,-0.07,0,verifier,0.027458,-0.46737,0.051028,-1.0,0.027458,-0.46737,0.051028,-1.0,,,,,,,,,,0.5137288924306631,0.2663147896528244,131,0.0,
109,4,verifier,verify_answer,verify_answer,0.6936,1,,-0.06973,,,,-0.06973,0.0,0.0,0.0,,,,,,,,,,,,,,0.46513504162430763
110,1,retriever,dense_retrieve|sparse_retrieve|hybrid_retrieve|hybrid_rerank,hybrid_rerank,-0.02,0,grader,0.947855,-1.0,0.967557,-1.0,0.947855,-1.0,0.967557,-1.0,0.9739273190498352,5,0.9837786853313446,0.0,,,,,,,,,,
110,2,grader,keep_all|loose_filter|medium_filter|strict_filter|rerank_only,strict_filter,-0.07,0,generator,1.0,-1.0,1.0,,1.0,-1.0,1.0,0.0,,,,,,,1.0,0.7,1.0,,,,,
110,3,generator,generate_answer|generate_with_strict_citations|generate_short_answer,generate_short_answer,-0.07,0,verifier,-0.310692,-0.216304,0.395262,-0.939484,-0.310692,-0.216304,0.395262,-0.939484,,,,,,,,,,0.3446541875600815,0.39184779673814774,162,0.0302579402923584,
110,4,verifier,verify_answer,verify_answer,0.836,1,,-0.021292,,,,-0.021292,0.0,0.0,0.0,,,,,,,,,,,,,,0.489353833720088
111,1,retriever,dense_retrieve|sparse_retrieve|hybrid_retrieve|hybrid_rerank,hybrid_rerank,-0.02,0,grader,0.696467,-1.0,1.0,-0.915024,0.696467,-1.0,1.0,-0.915024,0.8482333421707153,5,1.0,0.042488157749176025,,,,,,,,,,
111,2,grader,keep_all|loose_filter|medium_filter|strict_filter|rerank_only,strict_filter,-0.07,0,generator,1.0,-0.892055,1.0,,1.0,-0.892055,1.0,0.0,,,,,,,1.0,0.716191816329956,1.0,,,,,
111,3,generator,generate_answer|generate_with_strict_citations|generate_short_answer,generate_short_answer,-0.07,0,verifier,-0.09845,-0.530379,0.154678,-0.771174,-0.09845,-0.530379,0.154678,-0.771174,,,,,,,,,,0.4507749527692795,0.2348107099533081,168,0.11441275477409363,
111,4,verifier,verify_answer,verify_answer,0.8066,1,,0.23032,,,,0.23032,0.0,0.0,0.0,,,,,,,,,,,,,,0.6151598393917084
112,1,retriever,dense_retrieve|sparse_retrieve|hybrid_retrieve|hybrid_rerank,hybrid_rerank,-0.02,0,grader,0.9712,-1.0,0.832158,-1.0,0.9712,-1.0,0.832158,-1.0,0.9856002032756805,5,0.9160791337490082,0.0,,,,,,,,,,
112,2,grader,keep_all|loose_filter|medium_filter|strict_filter|rerank_only,strict_filter,-0.07,0,generator,0.958912,-0.892803,0.937286,,0.958912,-0.892803,0.937286,0.0,,,,,,,0.979455977678299,0.7160795211791992,0.9686427712440491,,,,,
112,3,generator,generate_answer|generate_with_strict_citations|generate_short_answer,generate_short_answer,-0.07,0,verifier,-0.121411,-0.389188,0.469666,-1.0,-0.121411,-0.389188,0.469666,-1.0,,,,,,,,,,0.4392942674458027,0.30540622770786285,158,0.0,
112,4,verifier,verify_answer,verify_answer,0.7253,1,,-0.386536,,,,-0.386536,0.0,0.0,0.0,,,,,,,,,,,,,,0.306732177734375
113,1,retriever,dense_retrieve|sparse_retrieve|hybrid_retrieve|hybrid_rerank,hybrid_rerank,-0.02,0,grader,0.864366,-1.0,1.0,-1.0,0.864366,-1.0,1.0,-1.0,0.9321832358837128,5,1.0,0.0,,,,,,,,,,
113,2,grader,keep_all|loose_filter|medium_filter|strict_filter|rerank_only,medium_filter,-0.07,0,generator,1.0,-0.802156,0.761384,,1.0,-0.802156,0.761384,0.0,,,,,,,1.0,0.7296766489744186,0.8806919455528259,,,,,
113,3,generator,generate_answer|generate_with_strict_citations|generate_short_answer,generate_short_answer,-0.07,0,verifier,-0.17786,-0.489954,0.592752,-0.898177,-0.17786,-0.489954,0.592752,-0.898177,,,,,,,,,,0.4110698997974396,0.25502318143844604,182,0.05091142654418945,
113,4,verifier,verify_answer,verify_answer,0.7504,1,,-0.468895,,,,-0.468895,0.0,0.0,0.0,,,,,,,,,,,,,,0.26555271446704865
114,1,retriever,dense_retrieve|sparse_retrieve|hybrid_retrieve|hybrid_rerank,hybrid_rerank,-0.02,0,grader,1.0,-1.0,1.0,-1.0,1.0,-1.0,1.0,-1.0,1.0,5,1.0,0.0,,,,,,,,,,
114,2,grader,keep_all|loose_filter|medium_filter|strict_filter|rerank_only,strict_filter,-0.07,0,generator,1.0,-0.942333,1.0,,1.0,-0.942333,1.0,0.0,,,,,,,1.0,0.7086500793695449,1.0,,,,,
114,3,generator,generate_answer|generate_with_strict_citations|generate_short_answer,generate_short_answer,-0.07,0,verifier,-0.789304,-0.542306,0.329021,-1.0,-0.789304,-0.542306,0.329021,-1.0,,,,,,,,,,0.1053479015827179,0.22884681820869446,149,0.0,
114,4,verifier,verify_answer,verify_answer,0.6894,1,,-0.771204,,,,-0.771204,0.0,0.0,0.0,,,,,,,,,,,,,,0.11439785361289978
115,1,retriever,dense_retrieve|sparse_retrieve|hybrid_retrieve|hybrid_rerank,hybrid_rerank,-0.02,0,grader,0.994946,-1.0,1.0,-0.99029,0.994946,-1.0,1.0,-0.99029,0.9974731504917145,5,1.0,0.004855215549468994,,,,,,,,,,
115,2,grader,keep_all|loose_filter|medium_filter|strict_filter|rerank_only,medium_filter,-0.07,0,generator,1.0,-0.953929,0.791188,,1.0,-0.953929,0.791188,0.0,,,,,,,1.0,0.70691060423851,0.8955938220024109,,,,,
115,3,generator,generate_answer|generate_with_strict_citations|generate_short_answer,generate_short_answer,-0.07,0,verifier,-0.338024,-0.19067,0.142903,-0.830491,-0.338024,-0.19067,0.142903,-0.830491,,,,,,,,,,0.33098824322223663,0.4046649783849716,160,0.08475461602210999,
115,4,verifier,verify_answer,verify_answer,0.8107,1,,-0.360444,,,,-0.360444,0.0,0.0,0.0,,,,,,,,,,,,,,0.3197779208421707
116,1,retriever,dense_retrieve|sparse_retrieve|hybrid_retrieve|hybrid_rerank,hybrid_rerank,-0.02,0,grader,0.9154,-0.89129,0.992597,-1.0,0.9154,-0.89129,0.992597,-1.0,0.9576998949050903,5,0.9962982833385468,0.0,,,,,,,,,,
116,2,grader,keep_all|loose_filter|medium_filter|strict_filter|rerank_only,strict_filter,-0.07,0,generator,1.0,-0.839336,0.845738,,1.0,-0.839336,0.845738,0.0,,,,,,,1.0,0.7240995585918426,0.9228689968585968,,,,,
116,3,generator,generate_answer|generate_with_strict_citations|generate_short_answer,generate_short_answer,-0.07,0,verifier,-0.323622,-0.317836,0.593157,-1.0,-0.323622,-0.317836,0.593157,-1.0,,,,,,,,,,0.3381887674331665,0.3410818576812744,165,0.0,
116,4,verifier,verify_answer,verify_answer,0.7442,1,,-0.389512,,,,-0.389512,0.0,0.0,0.0,,,,,,,,,,,,,,0.3052438348531723
117,1,retriever,dense_retrieve|sparse_retrieve|hybrid_retrieve|hybrid_rerank,hybrid_rerank,-0.02,0,grader,0.950761,-0.98652,1.0,-1.0,0.950761,-0.98652,1.0,-1.0,0.9753804802894592,5,1.0,0.0,,,,,,,,,,
117,2,grader,keep_all|loose_filter|medium_filter|strict_filter|rerank_only,strict_filter,-0.07,0,generator,1.0,-1.0,0.858026,,1.0,-1.0,0.858026,0.0,,,,,,,1.0,0.7,0.929012805223465,,,,,
117,3,generator,generate_answer|generate_with_strict_citations|generate_short_answer,generate_short_answer,-0.07,0,verifier,-0.340908,-0.437771,0.408724,-0.818418,-0.340908,-0.437771,0.408724,-0.818418,,,,,,,,,,0.32954593002796173,0.28111444413661957,181,0.09079080820083618,
117,4,verifier,verify_answer,verify_answer,0.7334,1,,-0.252632,,,,-0.252632,0.0,0.0,0.0,,,,,,,,,,,,,,0.3736839294433594
118,1,retriever,dense_retrieve|sparse_retrieve|hybrid_retrieve|hybrid_rerank,hybrid_rerank,-0.02,0,grader,0.992845,-0.848927,1.0,-1.0,0.992845,-0.848927,1.0,-1.0,0.9964225590229034,6,1.0,0.0,,,,,,,,,,
118,2,grader,keep_all|loose_filter|medium_filter|strict_filter|rerank_only,strict_filter,-0.07,0,generator,0.920679,-0.972812,0.838585,,0.920679,-0.972812,0.838585,0.0,,,,,,,0.9603394567966461,0.7040781825780869,0.9192925989627838,,,,,
118,3,generator,generate_answer|generate_with_strict_citations|generate_short_answer,generate_short_answer,-0.07,0,verifier,-0.535431,-0.382281,0.524448,-1.0,-0.535431,-0.382281,0.524448,-1.0,,,,,,,,,,0.23228436708450317,0.3088594824075699,161,0.0,
118,4,verifier,verify_answer,verify_answer,0.7756,1,,-0.405235,,,,-0.405235,0.0,0.0,0.0,,,,,,,,,,,,,,0.2973824143409729
119,1,retriever,dense_retrieve|sparse_retrieve|hybrid_retrieve|hybrid_rerank,hybrid_rerank,-0.02,0,grader,1.0,-1.0,0.985431,-0.734035,1.0,-1.0,0.985431,-0.734035,1.0,5,0.992715448141098,0.1329822838306427,,,,,,,,,,
119,2,grader,keep_all|loose_filter|medium_filter|strict_filter|rerank_only,strict_filter,-0.07,0,generator,0.656192,-0.941123,0.896968,,0.656192,-0.941123,0.896968,0.0,,,,,,,0.8280959129333496,0.7088316112756728,0.9484840929508209,,,,,
119,3,generator,generate_answer|generate_with_strict_citations|generate_short_answer,generate_short_answer,-0.07,0,verifier,-0.373405,-0.624242,0.199337,-1.0,-0.373405,-0.624242,0.199337,-1.0,,,,,,,,,,0.31329773366451263,0.18787881731987,140,0.0,
119,4,verifier,verify_answer,verify_answer,0.6155,1,,-0.249851,,,,-0.249851,0.0,0.0,0.0,,,,,,,,,,,,,,0.3750742971897125
120,1,retriever,dense_retrieve|sparse_retrieve|hybrid_retrieve|hybrid_rerank,hybrid_rerank,-0.02,0,grader,1.0,-0.872943,1.0,-0.937136,1.0,-0.872943,1.0,-0.937136,1.0,5,1.0,0.031431764364242554,,,,,,,,,,
120,2,grader,keep_all|loose_filter|medium_filter|strict_filter|rerank_only,strict_filter,-0.07,0,generator,1.0,-1.0,1.0,,1.0,-1.0,1.0,0.0,,,,,,,1.0,0.7,1.0,,,,,
120,3,generator,generate_answer|generate_with_strict_citations|generate_short_answer,generate_short_answer,-0.07,0,verifier,-0.501575,-0.331795,0.086708,-1.0,-0.501575,-0.331795,0.086708,-1.0,,,,,,,,,,0.2492126226425171,0.3341022729873657,133,0.0,
120,4,verifier,verify_answer,verify_answer,-0.07,0,verifier,-0.164201,,,,-0.164201,0.0,0.0,0.0,,,,,,,,,,,,,,0.41789934784173965
120,5,verifier,request_regeneration|request_more_retrieval|request_rewrite,request_regeneration,-0.07,0,generator,1.0,,,,1.0,0.0,0.0,0.0,,,,,,,,,,,,,,1.0
120,6,generator,generate_answer|generate_with_strict_citations|generate_short_answer|regenerate,generate_short_answer,-0.07,0,verifier,-0.593997,-0.541682,0.646209,-1.0,-0.593997,-0.541682,0.646209,-1.0,,,,,,,,,,0.20300155878067017,0.22915923595428467,169,0.0,
120,7,verifier,verify_answer,verify_answer,-0.07,0,verifier,-0.204541,,,,-0.204541,0.0,0.0,0.0,,,,,,,,,,,,,,0.3977294862270355
120,8,verifier,request_regeneration|request_more_retrieval|request_rewrite,request_regeneration,-0.07,0,generator,0.905698,,,,0.905698,0.0,0.0,0.0,,,,,,,,,,,,,,0.9528490304946899
120,9,generator,generate_answer|generate_with_strict_citations|generate_short_answer|regenerate,generate_short_answer,-0.07,0,verifier,-0.363011,-0.593561,0.500026,-0.945782,-0.363011,-0.593561,0.500026,-0.945782,,,,,,,,,,0.3184944987297058,0.20321932435035706,168,0.02710917592048645,
120,10,verifier,verify_answer,verify_answer,0.628,1,,0.23988,,,,0.23988,0.0,0.0,0.0,,,,,,,,,,,,,,0.6199400350451469
121,1,retriever,dense_retrieve|sparse_retrieve|hybrid_retrieve|hybrid_rerank,hybrid_rerank,-0.02,0,grader,1.0,-1.0,1.0,-0.704239,1.0,-1.0,1.0,-0.704239,1.0,5,1.0,0.14788028597831726,,,,,,,,,,
121,2,grader,keep_all|loose_filter|medium_filter|strict_filter|rerank_only,strict_filter,-0.07,0,generator,0.795572,-0.983772,1.0,,0.795572,-0.983772,1.0,0.0,,,,,,,0.8977859318256378,0.7024342119693756,1.0,,,,,
121,3,generator,generate_answer|generate_with_strict_citations|generate_short_answer,generate_short_answer,-0.07,0,verifier,-0.489062,-0.541518,0.279667,-0.795595,-0.489062,-0.541518,0.279667,-0.795595,,,,,,,,,,0.2554691731929779,0.22924098372459412,175,0.10220244526863098,
121,4,verifier,verify_answer,verify_answer,0.5788,1,,-0.285175,,,,-0.285175,0.0,0.0,0.0,,,,,,,,,,,,,,0.35741253197193146
122,1,retriever,dense_retrieve|sparse_retrieve|hybrid_retrieve|hybrid_rerank,hybrid_rerank,-0.02,0,grader,0.887425,-1.0,0.992969,-0.961659,0.887425,-1.0,0.992969,-0.961659,0.9437123835086823,5,0.9964843690395355,0.019170284271240234,,,,,,,,,,
122,2,grader,keep_all|loose_filter|medium_filter|strict_filter|rerank_only,strict_filter,-0.07,0,generator,1.0,-0.696356,1.0,,1.0,-0.696356,1.0,0.0,,,,,,,1.0,0.7455465823411941,1.0,,,,,
122,3,generator,generate_answer|generate_with_strict_citations|generate_short_answer,generate_short_answer,-0.07,0,verifier,-0.633845,-0.464287,0.033899,-1.0,-0.633845,-0.464287,0.033899,-1.0,,,,,,,,,,0.18307745456695557,0.26785653829574585,130,0.0,
122,4,verifier,verify_answer,verify_answer,0.7204,1,,0.0029,,,,0.0029,0.0,0.0,0.0,,,,,,,,,,,,,,0.5014499955577776
123,1,retriever,dense_retrieve|sparse_retrieve|hybrid_retrieve|hybrid_rerank,hybrid_rerank,-0.02,0,grader,0.947641,-0.963268,0.923631,-0.711377,0.947641,-0.963268,0.923631,-0.711377,0.9738207161426544,5,0.9618156850337982,0.14431151747703552,,,,,,,,,,
123,2,grader,keep_all|loose_filter|medium_filter|strict_filter|rerank_only,strict_filter,-0.07,0,generator,0.899652,-0.944614,1.0,,0.899652,-0.944614,1.0,0.0,,,,,,,0.9498259127140045,0.7083079546689987,1.0,,,,,
123,3,generator,generate_answer|generate_with_strict_citations|generate_short_answer,generate_short_answer,-0.07,0,verifier,-0.353702,-0.696319,0.202388,-0.897821,-0.353702,-0.696319,0.202388,-0.897821,,,,,,,,,,0.3231489360332489,0.15184026956558228,154,0.05108964443206787,
123,4,verifier,verify_answer,verify_answer,0.5535,1,,-0.414212,,,,-0.414212,0.0,0.0,0.0,,,,,,,,,,,,,,0.2928939163684845
124,1,retriever,dense_retrieve|sparse_retrieve|hybrid_retrieve|hybrid_rerank,hybrid_rerank,-0.02,0,grader,0.88203,-0.955362,1.0,-1.0,0.88203,-0.955362,1.0,-1.0,0.94101482629776,5,1.0,0.0,,,,,,,,,,
124,2,grader,keep_all|loose_filter|medium_filter|strict_filter|rerank_only,strict_filter,-0.07,0,generator,0.827432,-0.984014,0.833121,,0.827432,-0.984014,0.833121,0.0,,,,,,,0.9137161672115326,0.7023978322744369,0.9165606498718262,,,,,
124,3,generator,generate_answer|generate_with_strict_citations|generate_short_answer,generate_short_answer,-0.07,0,verifier,-0.123825,-0.355772,0.271546,-1.0,-0.123825,-0.355772,0.271546,-1.0,,,,,,,,,,0.43808742985129356,0.32211413979530334,145,0.0,
124,4,verifier,verify_answer,verify_answer,0.5172,1,,-0.083662,,,,-0.083662,0.0,0.0,0.0,,,,,,,,,,,,,,0.4581689275801182
125,1,retriever,dense_retrieve|sparse_retrieve|hybrid_retrieve|hybrid_rerank,hybrid_rerank,-0.02,0,grader,0.639195,-0.965045,0.944339,-1.0,0.639195,-0.965045,0.944339,-1.0,0.8195974826812744,5,0.9721695482730865,0.0,,,,,,,,,,
125,2,grader,keep_all|loose_filter|medium_filter|strict_filter|rerank_only,strict_filter,-0.07,0,generator,1.0,-1.0,0.905731,,1.0,-1.0,0.905731,0.0,,,,,,,1.0,0.7,0.9528657495975494,,,,,
125,3,generator,generate_answer|generate_with_strict_citations|generate_short_answer,generate_short_answer,-0.07,0,verifier,-0.176855,-0.405055,0.050046,-1.0,-0.176855,-0.405055,0.050046,-1.0,,,,,,,,,,0.4115726947784424,0.297472283244133,131,0.0,
125,4,verifier,verify_answer,verify_answer,0.7287,1,,-0.266379,,,,-0.266379,0.0,0.0,0.0,,,,,,,,,,,,,,0.3668104410171509
126,1,retriever,dense_retrieve|sparse_retrieve|hybrid_retrieve|hybrid_rerank,hybrid_rerank,-0.02,0,grader,1.0,-0.963508,1.0,-1.0,1.0,-0.963508,1.0,-1.0,1.0,5,1.0,0.0,,,,,,,,,,
126,2,grader,keep_all|loose_filter|medium_filter|strict_filter|rerank_only,strict_filter,-0.07,0,generator,1.0,-1.0,0.854006,,1.0,-1.0,0.854006,0.0,,,,,,,1.0,0.7,0.9270029664039612,,,,,
126,3,generator,generate_answer|generate_with_strict_citations|generate_short_answer,generate_short_answer,-0.07,0,verifier,-0.252951,-0.237776,-0.377085,-1.0,-0.252951,-0.237776,-0.377085,-1.0,,,,,,,,,,0.3735245317220688,0.3811117634177208,128,0.0,
126,4,verifier,verify_answer,verify_answer,0.7768,1,,0.679279,,,,0.679279,0.0,0.0,0.0,,,,,,,,,,,,,,0.8396396040916443
127,1,retriever,dense_retrieve|sparse_retrieve|hybrid_retrieve|hybrid_rerank,hybrid_rerank,-0.02,0,grader,1.0,-0.795871,1.0,-1.0,1.0,-0.795871,1.0,-1.0,1.0,6,1.0,0.0,,,,,,,,,,
127,2,grader,keep_all|loose_filter|medium_filter|strict_filter|rerank_only,strict_filter,-0.07,0,generator,0.742136,-1.0,1.0,,0.742136,-1.0,1.0,0.0,,,,,,,0.8710679411888123,0.7,1.0,,,,,
127,3,generator,generate_answer|generate_with_strict_citations|generate_short_answer,generate_short_answer,-0.07,0,verifier,-0.503491,-0.653377,-0.061363,-1.0,-0.503491,-0.653377,-0.061363,-1.0,,,,,,,,,,0.2482546865940094,0.17331171035766602,128,0.0,
127,4,verifier,verify_answer,verify_answer,0.4836,1,,-0.158142,,,,-0.158142,0.0,0.0,0.0,,,,,,,,,,,,,,0.42092908173799515
128,1,retriever,dense_retrieve|sparse_retrieve|hybrid_retrieve|hybrid_rerank,hybrid_rerank,-0.02,0,grader,1.0,-1.0,0.854663,-0.96248,1.0,-1.0,0.854663,-0.96248,1.0,5,0.9273315966129303,0.018760085105895996,,,,,,,,,,
128,2,grader,keep_all|loose_filter|medium_filter|strict_filter|rerank_only,medium_filter,-0.07,0,generator,0.944081,-1.0,0.750285,,0.944081,-1.0,0.750285,0.0,,,,,,,0.9720405340194702,0.7,0.875142514705658,,,,,
128,3,generator,generate_answer|generate_with_strict_citations|generate_short_answer,generate_short_answer,-0.07,0,verifier,-0.06987,-0.569294,0.205033,-0.649515,-0.06987,-0.569294,0.205033,-0.649515,,,,,,,,,,0.4650648944079876,0.21535316109657288,190,0.17524239420890808,
128,4,verifier,verify_answer,verify_answer,0.4022,1,,-0.604325,,,,-0.604325,0.0,0.0,0.0,,,,,,,,,,,,,,0.19783738255500793
129,1,retriever,dense_retrieve|sparse_retrieve|hybrid_retrieve|hybrid_rerank,hybrid_rerank,-0.02,0,grader,0.747704,-1.0,0.865453,-1.0,0.747704,-1.0,0.865453,-1.0,0.8738521933555603,5,0.9327262938022614,0.0,,,,,,,,,,
129,2,grader,keep_all|loose_filter|medium_filter|strict_filter|rerank_only,medium_filter,-0.07,0,generator,1.0,-1.0,0.678063,,1.0,-1.0,0.678063,0.0,,,,,,,1.0,0.7,0.8390312790870667,,,,,
129,3,generator,generate_answer|generate_with_strict_citations|generate_short_answer,generate_short_answer,-0.07,0,verifier,-0.037125,-0.492458,0.070598,-0.885848,-0.037125,-0.492458,0.070598,-0.885848,,,,,,,,,,0.48143767938017845,0.25377093255519867,147,0.057075828313827515,
129,4,verifier,verify_answer,verify_answer,0.7063,1,,-0.278171,,,,-0.278171,0.0,0.0,0.0,,,,,,,,,,,,,,0.36091448366642
130,1,retriever,dense_retrieve|sparse_retrieve|hybrid_retrieve|hybrid_rerank,hybrid_rerank,-0.02,0,grader,0.897463,-1.0,1.0,-1.0,0.897463,-1.0,1.0,-1.0,0.9487316012382507,5,1.0,0.0,,,,,,,,,,
130,2,grader,keep_all|loose_filter|medium_filter|strict_filter|rerank_only,strict_filter,-0.07,0,generator,0.998291,-1.0,1.0,,0.998291,-1.0,1.0,0.0,,,,,,,0.9991452693939209,0.7,1.0,,,,,
130,3,generator,generate_answer|generate_with_strict_citations|generate_short_answer,generate_short_answer,-0.07,0,verifier,-0.219063,-0.438805,0.42885,-0.957539,-0.219063,-0.438805,0.42885,-0.957539,,,,,,,,,,0.39046844094991684,0.2805973142385483,161,0.021230489015579224,
130,4,verifier,verify_answer,verify_answer,0.6792,1,,-0.527818,,,,-0.527818,0.0,0.0,0.0,,,,,,,,,,,,,,0.23609119653701782
131,1,retriever,dense_retrieve|sparse_retrieve|hybrid_retrieve|hybrid_rerank,hybrid_rerank,-0.02,0,grader,1.0,-0.754619,0.936792,-1.0,1.0,-0.754619,0.936792,-1.0,1.0,6,0.9683960974216461,0.0,,,,,,,,,,
131,2,grader,keep_all|loose_filter|medium_filter|strict_filter|rerank_only,strict_filter,-0.07,0,generator,1.0,-0.798587,1.0,,1.0,-0.798587,1.0,0.0,,,,,,,1.0,0.7302119821310042,1.0,,,,,
131,3,generator,generate_answer|generate_with_strict_citations|generate_short_answer,generate_short_answer,-0.07,0,verifier,-0.177318,-0.716269,-0.040608,-1.0,-0.177318,-0.716269,-0.040608,-1.0,,,,,,,,,,0.4113411381840706,0.14186564087867737,128,0.0,
131,4,verifier,verify_answer,verify_answer,0.4831,1,,-0.342401,,,,-0.342401,0.0,0.0,0.0,,,,,,,,,,,,,,0.32879939675331116
132,1,retriever,dense_retrieve|sparse_retrieve|hybrid_retrieve|hybrid_rerank,hybrid_rerank,-0.02,0,grader,1.0,-0.980264,1.0,-1.0,1.0,-0.980264,1.0,-1.0,1.0,5,1.0,0.0,,,,,,,,,,
132,2,grader,keep_all|loose_filter|medium_filter|strict_filter|rerank_only,strict_filter,-0.07,0,generator,0.741038,-0.964697,0.880375,,0.741038,-0.964697,0.880375,0.0,,,,,,,0.8705189228057861,0.7052954137325287,0.9401874244213104,,,,,
132,3,generator,generate_answer|generate_with_strict_citations|generate_short_answer,generate_short_answer,-0.07,0,verifier,0.582068,-0.462592,-0.348472,-1.0,0.582068,-0.462592,-0.348472,-1.0,,,,,,,,,,0.7910340428352356,0.2687038779258728,128,0.0,
132,4,verifier,verify_answer,verify_answer,0.7007,1,,0.199037,,,,0.199037,0.0,0.0,0.0,,,,,,,,,,,,,,0.599518395960331
133,1,retriever,dense_retrieve|sparse_retrieve|hybrid_retrieve|hybrid_rerank,hybrid_rerank,-0.02,0,grader,0.953679,-0.97693,0.642579,-0.966208,0.953679,-0.97693,0.642579,-0.966208,0.9768394231796265,5,0.8212894797325134,0.016896098852157593,,,,,,,,,,
133,2,grader,keep_all|loose_filter|medium_filter|strict_filter|rerank_only,strict_filter,-0.07,0,generator,1.0,-0.987924,0.992636,,1.0,-0.987924,0.992636,0.0,,,,,,,1.0,0.7018113315105438,0.9963180124759674,,,,,
133,3,generator,generate_answer|generate_with_strict_citations|generate_short_answer,generate_short_answer,-0.07,0,verifier,0.314948,-0.461191,-0.035273,-0.889557,0.314948,-0.461191,-0.035273,-0.889557,,,,,,,,,,0.6574737578630447,0.2694043666124344,139,0.05522167682647705,
133,4,verifier,verify_answer,verify_answer,0.8181,1,,-0.42379,,,,-0.42379,0.0,0.0,0.0,,,,,,,,,,,,,,0.2881048619747162
134,1,retriever,dense_retrieve|sparse_retrieve|hybrid_retrieve|hybrid_rerank,hybrid_rerank,-0.02,0,grader,1.0,-0.856523,0.896509,-1.0,1.0,-0.856523,0.896509,-1.0,1.0,6,0.9482544362545013,0.0,,,,,,,,,,
134,2,grader,keep_all|loose_filter|medium_filter|strict_filter|rerank_only,strict_filter,-0.07,0,generator,1.0,-0.965022,1.0,,1.0,-0.965022,1.0,0.0,,,,,,,1.0,0.7052466511726379,1.0,,,,,
134,3,generator,generate_answer|generate_with_strict_citations|generate_short_answer,generate_short_answer,-0.07,0,verifier,0.308382,-0.98568,-0.346007,-1.0,0.308382,-0.98568,-0.346007,-1.0,,,,,,,,,,0.6541907638311386,0.0071602463722229,128,0.0,
134,4,verifier,verify_answer,verify_answer,0.5754,1,,0.85716,,,,0.85716,0.0,0.0,0.0,,,,,,,,,,,,,,0.9285799860954285
135,1,retriever,dense_retrieve|sparse_retrieve|hybrid_retrieve|hybrid_rerank,hybrid_rerank,-0.02,0,grader,0.859062,-1.0,1.0,-1.0,0.859062,-1.0,1.0,-1.0,0.9295307993888855,5,1.0,0.0,,,,,,,,,,
135,2,grader,keep_all|loose_filter|medium_filter|strict_filter|rerank_only,strict_filter,-0.07,0,generator,0.867928,-1.0,1.0,,0.867928,-1.0,1.0,0.0,,,,,,,0.9339640438556671,0.7,1.0,,,,,
135,3,generator,generate_answer|generate_with_strict_citations|generate_short_answer,generate_short_answer,-0.07,0,verifier,-0.329985,-0.459385,0.60487,-0.893307,-0.329985,-0.459385,0.60487,-0.893307,,,,,,,,,,0.3350075036287308,0.270307719707489,184,0.0533464252948761,
135,4,verifier,verify_answer,verify_answer,0.6262,1,,-0.56969,,,,-0.56969,0.0,0.0,0.0,,,,,,,,,,,,,,0.21515512466430664
136,1,retriever,dense_retrieve|sparse_retrieve|hybrid_retrieve|hybrid_rerank,hybrid_rerank,-0.02,0,grader,1.0,-1.0,0.975718,-0.68766,1.0,-1.0,0.975718,-0.68766,1.0,5,0.9878592491149902,0.1561698615550995,,,,,,,,,,
136,2,grader,keep_all|loose_filter|medium_filter|strict_filter|rerank_only,strict_filter,-0.07,0,generator,1.0,-0.883996,0.958931,,1.0,-0.883996,0.958931,0.0,,,,,,,1.0,0.7174005270004272,0.9794653952121735,,,,,
136,3,generator,generate_answer|generate_with_strict_citations|generate_short_answer,generate_short_answer,-0.07,0,verifier,0.196349,-0.579142,0.512721,-1.0,0.196349,-0.579142,0.512721,-1.0,,,,,,,,,,0.5981743931770325,0.21042907238006592,160,0.0,
136,4,verifier,verify_answer,verify_answer,0.6489,1,,-0.571391,,,,-0.571391,0.0,0.0,0.0,,,,,,,,,,,,,,0.21430450677871704
137,1,retriever,dense_retrieve|sparse_retrieve|hybrid_retrieve|hybrid_rerank,hybrid_rerank,-0.02,0,grader,1.0,-1.0,1.0,-1.0,1.0,-1.0,1.0,-1.0,1.0,5,1.0,0.0,,,,,,,,,,
137,2,grader,keep_all|loose_filter|medium_filter|strict_filter|rerank_only,medium_filter,-0.07,0,generator,1.0,-0.85581,0.768852,,1.0,-0.85581,0.768852,0.0,,,,,,,1.0,0.7216284483671188,0.8844259679317474,,,,,
137,3,generator,generate_answer|generate_with_strict_citations|generate_short_answer,generate_short_answer,-0.07,0,verifier,-0.02367,-0.530398,0.219449,-1.0,-0.02367,-0.530398,0.219449,-1.0,,,,,,,,,,0.4881648765876889,0.23480096459388733,142,0.0,
137,4,verifier,verify_answer,verify_answer,0.7555,1,,-0.515899,,,,-0.515899,0.0,0.0,0.0,,,,,,,,,,,,,,0.24205061793327332
138,1,retriever,dense_retrieve|sparse_retrieve|hybrid_retrieve|hybrid_rerank,hybrid_rerank,-0.02,0,grader,1.0,-0.889726,0.867562,-0.967939,1.0,-0.889726,0.867562,-0.967939,1.0,5,0.9337810575962067,0.01603040099143982,,,,,,,,,,
138,2,grader,keep_all|loose_filter|medium_filter|strict_filter|rerank_only,medium_filter,-0.07,0,generator,1.0,-0.888777,0.799869,,1.0,-0.888777,0.799869,0.0,,,,,,,1.0,0.7166835188865661,0.8999346494674683,,,,,
138,3,generator,generate_answer|generate_with_strict_citations|generate_short_answer,generate_short_answer,-0.07,0,verifier,-0.225944,-0.579334,0.470875,-0.989794,-0.225944,-0.579334,0.470875,-0.989794,,,,,,,,,,0.3870280012488365,0.21033287048339844,159,0.0051028430461883545,
138,4,verifier,verify_answer,verify_answer,0.6921,1,,-0.620605,,,,-0.620605,0.0,0.0,0.0,,,,,,,,,,,,,,0.1896977424621582
139,1,retriever,dense_retrieve|sparse_retrieve|hybrid_retrieve|hybrid_rerank,hybrid_rerank,-0.02,0,grader,1.0,-1.0,1.0,-0.72791,1.0,-1.0,1.0,-0.72791,1.0,5,1.0,0.13604509830474854,,,,,,,,,,
139,2,grader,keep_all|loose_filter|medium_filter|strict_filter|rerank_only,strict_filter,-0.07,0,generator,1.0,-1.0,1.0,,1.0,-1.0,1.0,0.0,,,,,,,1.0,0.7,1.0,,,,,
139,3,generator,generate_answer|generate_with_strict_citations|generate_short_answer,generate_short_answer,-0.07,0,verifier,-0.081777,-0.835748,0.520513,-0.937853,-0.081777,-0.835748,0.520513,-0.937853,,,,,,,,,,0.4591115415096283,0.08212578296661377,171,0.03107362985610962,
139,4,verifier,verify_answer,verify_answer,0.4033,1,,-0.500346,,,,-0.500346,0.0,0.0,0.0,,,,,,,,,,,,,,0.24982678890228271
140,1,retriever,dense_retrieve|sparse_retrieve|hybrid_retrieve|hybrid_rerank,hybrid_rerank,-0.02,0,grader,1.0,-0.895368,0.935556,-0.792681,1.0,-0.895368,0.935556,-0.792681,1.0,5,0.9677779674530029,0.10365951061248779,,,,,,,,,,
140,2,grader,keep_all|loose_filter|medium_filter|strict_filter|rerank_only,strict_filter,-0.07,0,generator,1.0,-0.91091,1.0,,1.0,-0.91091,1.0,0.0,,,,,,,1.0,0.7133634358644485,1.0,,,,,
140,3,generator,generate_answer|generate_with_strict_citations|generate_short_answer,generate_short_answer,-0.07,0,verifier,0.136964,-0.705442,0.259286,-0.963378,0.136964,-0.705442,0.259286,-0.963378,,,,,,,,,,0.5684817507863045,0.1472790539264679,149,0.01831117272377014,
140,4,verifier,verify_answer,verify_answer,0.5764,1,,-0.623902,,,,-0.623902,0.0,0.0,0.0,,,,,,,,,,,,,,0.1880490481853485
141,1,retriever,dense_retrieve|sparse_retrieve|hybrid_retrieve|hybrid_rerank,hybrid_rerank,-0.02,0,grader,0.860824,-1.0,1.0,-1.0,0.860824,-1.0,1.0,-1.0,0.9304118752479553,5,1.0,0.0,,,,,,,,,,
141,2,grader,keep_all|loose_filter|medium_filter|strict_filter|rerank_only,medium_filter,-0.07,0,generator,0.955457,-1.0,0.778533,,0.955457,-1.0,0.778533,0.0,,,,,,,0.9777284264564514,0.7,0.8892664909362793,,,,,
141,3,generator,generate_answer|generate_with_strict_citations|generate_short_answer,generate_short_answer,-0.07,0,verifier,-0.080622,-0.675281,0.497918,-0.931159,-0.080622,-0.675281,0.497918,-0.931159,,,,,,,,,,0.45968882367014885,0.1623595952987671,170,0.03442060947418213,
141,4,verifier,verify_answer,verify_answer,0.8027,1,,0.299817,,,,0.299817,0.0,0.0,0.0,,,,,,,,,,,,,,0.6499086320400238
142,1,retriever,dense_retrieve|sparse_retrieve|hybrid_retrieve|hybrid_rerank,hybrid_rerank,-0.02,0,grader,0.952687,-1.0,1.0,-0.993537,0.952687,-1.0,1.0,-0.993537,0.9763433635234833,5,1.0,0.003231436014175415,,,,,,,,,,
142,2,grader,keep_all|loose_filter|medium_filter|strict_filter|rerank_only,medium_filter,-0.07,0,generator,1.0,-0.92839,0.708659,,1.0,-0.92839,0.708659,0.0,,,,,,,1.0,0.7107414960861206,0.8543293476104736,,,,,
142,3,generator,generate_answer|generate_with_strict_citations|generate_short_answer,generate_short_answer,-0.07,0,verifier,-0.107948,-0.678989,0.169681,-1.0,-0.107948,-0.678989,0.169681,-1.0,,,,,,,,,,0.4460262469947338,0.16050535440444946,138,0.0,
142,4,verifier,verify_answer,verify_answer,0.7267,1,,0.078569,,,,0.078569,0.0,0.0,0.0,,,,,,,,,,,,,,0.5392843224108219
143,1,retriever,dense_retrieve|sparse_retrieve|hybrid_retrieve|hybrid_rerank,hybrid_rerank,-0.02,0,grader,0.78669,-0.795684,0.647131,-0.796785,0.78669,-0.795684,0.647131,-0.796785,0.8933447599411011,6,0.8235655426979065,0.10160753130912781,,,,,,,,,,
143,2,grader,keep_all|loose_filter|medium_filter|strict_filter|rerank_only,strict_filter,-0.07,0,generator,1.0,-0.954905,1.0,,1.0,-0.954905,1.0,0.0,,,,,,,1.0,0.7067642718553543,1.0,,,,,
143,3,generator,generate_answer|generate_with_strict_citations|generate_short_answer,generate_short_answer,-0.07,0,verifier,-0.6582,-0.878996,0.529301,-1.0,-0.6582,-0.878996,0.529301,-1.0,,,,,,,,,,0.170899897813797,0.06050199270248413,161,0.0,
143,4,verifier,verify_answer,verify_answer,0.8317,1,,-0.56391,,,,-0.56391,0.0,0.0,0.0,,,,,,,,,,,,,,0.21804481744766235
144,1,retriever,dense_retrieve|sparse_retrieve|hybrid_retrieve|hybrid_rerank,hybrid_rerank,-0.02,0,grader,0.95073,-0.904434,0.707008,-1.0,0.95073,-0.904434,0.707008,-1.0,0.97536501288414,5,0.853504091501236,0.0,,,,,,,,,,
144,2,grader,keep_all|loose_filter|medium_filter|strict_filter|rerank_only,strict_filter,-0.07,0,generator,0.969865,-0.836715,0.86414,,0.969865,-0.836715,0.86414,0.0,,,,,,,0.9849326312541962,0.7244928151369094,0.9320699274539948,,,,,
144,3,generator,generate_answer|generate_with_strict_citations|generate_short_answer,generate_short_answer,-0.07,0,verifier,-0.538094,-0.809693,0.620106,-1.0,-0.538094,-0.809693,0.620106,-1.0,,,,,,,,,,0.2309528887271881,0.09515362977981567,167,0.0,
144,4,verifier,verify_answer,verify_answer,0.5627,1,,-0.285585,,,,-0.285585,0.0,0.0,0.0,,,,,,,,,,,,,,0.3572072833776474
145,1,retriever,dense_retrieve|sparse_retrieve|hybrid_retrieve|hybrid_rerank,hybrid_rerank,-0.02,0,grader,0.840384,-1.0,1.0,-1.0,0.840384,-1.0,1.0,-1.0,0.9201920926570892,5,1.0,0.0,,,,,,,,,,
145,2,grader,keep_all|loose_filter|medium_filter|strict_filter|rerank_only,strict_filter,-0.07,0,generator,1.0,-1.0,1.0,,1.0,-1.0,1.0,0.0,,,,,,,1.0,0.7,1.0,,,,,
145,3,generator,generate_answer|generate_with_strict_citations|generate_short_answer,generate_short_answer,-0.07,0,verifier,-0.286246,-0.853274,-0.157468,-1.0,-0.286246,-0.853274,-0.157468,-1.0,,,,,,,,,,0.35687707364559174,0.07336300611495972,128,0.0,
145,4,verifier,verify_answer,verify_answer,0.6927,1,,-0.29158,,,,-0.29158,0.0,0.0,0.0,,,,,,,,,,,,,,0.35420985519886017
146,1,retriever,dense_retrieve|sparse_retrieve|hybrid_retrieve|hybrid_rerank,hybrid_rerank,-0.02,0,grader,0.990856,-0.866453,0.814148,-0.912426,0.990856,-0.866453,0.814148,-0.912426,0.995428055524826,6,0.9070737659931183,0.043786853551864624,,,,,,,,,,
146,2,grader,keep_all|loose_filter|medium_filter|strict_filter|rerank_only,strict_filter,-0.07,0,generator,1.0,-1.0,0.935906,,1.0,-1.0,0.935906,0.0,,,,,,,1.0,0.7,0.967953085899353,,,,,
146,3,generator,generate_answer|generate_with_strict_citations|generate_short_answer,generate_short_answer,-0.07,0,verifier,-0.222117,-0.91009,-0.158178,-1.0,-0.222117,-0.91009,-0.158178,-1.0,,,,,,,,,,0.38894128054380417,0.044954895973205566,128,0.0,
146,4,verifier,verify_answer,verify_answer,0.7013,1,,-0.138641,,,,-0.138641,0.0,0.0,0.0,,,,,,,,,,,,,,0.4306796193122864
147,1,retriever,dense_retrieve|sparse_retrieve|hybrid_retrieve|hybrid_rerank,hybrid_rerank,-0.02,0,grader,0.933734,-0.825164,0.823682,-1.0,0.933734,-0.825164,0.823682,-1.0,0.9668670892715454,6,0.9118411540985107,0.0,,,,,,,,,,
147,2,grader,keep_all|loose_filter|medium_filter|strict_filter|rerank_only,strict_filter,-0.07,0,generator,0.78745,-1.0,0.888094,,0.78745,-1.0,0.888094,0.0,,,,,,,0.8937247693538666,0.7,0.944046825170517,,,,,
147,3,generator,generate_answer|generate_with_strict_citations|generate_short_answer,generate_short_answer,-0.07,0,verifier,-0.2923,-0.93883,-0.304485,-1.0,-0.2923,-0.93883,-0.304485,-1.0,,,,,,,,,,0.35384997725486755,0.03058519959449768,128,0.0,
147,4,verifier,verify_answer,verify_answer,-0.07,0,verifier,-0.359585,,,,-0.359585,0.0,0.0,0.0,,,,,,,,,,,,,,0.32020728290081024
147,5,verifier,request_regeneration|request_more_retrieval|request_rewrite,request_regeneration,-0.07,0,generator,0.657964,,,,0.657964,0.0,0.0,0.0,,,,,,,,,,,,,,0.8289817869663239
147,6,generator,generate_answer|generate_with_strict_citations|generate_short_answer|regenerate,generate_short_answer,-0.07,0,verifier,-0.113378,-0.841595,-0.310652,-0.885634,-0.113378,-0.841595,-0.310652,-0.885634,,,,,,,,,,0.4433109983801842,0.07920250296592712,128,0.057182908058166504,
147,7,verifier,verify_answer,verify_answer,-0.07,0,verifier,-0.262467,,,,-0.262467,0.0,0.0,0.0,,,,,,,,,,,,,,0.3687666803598404
147,8,verifier,request_regeneration|request_more_retrieval|request_rewrite,request_regeneration,-0.07,0,generator,1.0,,,,1.0,0.0,0.0,0.0,,,,,,,,,,,,,,1.0
147,9,generator,generate_answer|generate_with_strict_citations|generate_short_answer|regenerate,generate_short_answer,-0.07,0,verifier,-0.044351,-0.95639,-0.171567,-1.0,-0.044351,-0.95639,-0.171567,-1.0,,,,,,,,,,0.47782471030950546,0.02180519700050354,128,0.0,
147,10,verifier,verify_answer,verify_answer,0.1892,1,,-0.391653,,,,-0.391653,0.0,0.0,0.0,,,,,,,,,,,,,,0.30417338013648987
148,1,retriever,dense_retrieve|sparse_retrieve|hybrid_retrieve|hybrid_rerank,hybrid_rerank,-0.02,0,grader,1.0,-1.0,0.597708,-1.0,1.0,-1.0,0.597708,-1.0,1.0,5,0.7988541126251221,0.0,,,,,,,,,,
148,2,grader,keep_all|loose_filter|medium_filter|strict_filter|rerank_only,strict_filter,-0.07,0,generator,0.711438,-1.0,0.937577,,0.711438,-1.0,0.937577,0.0,,,,,,,0.8557188808917999,0.7,0.9687886834144592,,,,,
148,3,generator,generate_answer|generate_with_strict_citations|generate_short_answer,generate_short_answer,-0.07,0,verifier,-0.017876,-1.0,-0.462881,-0.859775,-0.017876,-1.0,-0.462881,-0.859775,,,,,,,,,,0.49106206279248,0.0,128,0.07011234760284424,
148,4,verifier,verify_answer,verify_answer,0.7183,1,,-0.590363,,,,-0.590363,0.0,0.0,0.0,,,,,,,,,,,,,,0.20481833815574646
149,1,retriever,dense_retrieve|sparse_retrieve|hybrid_retrieve|hybrid_rerank,hybrid_rerank,-0.02,0,grader,0.93197,-0.768796,0.803935,-0.776766,0.93197,-0.768796,0.803935,-0.776766,0.9659852385520935,6,0.9019676446914673,0.11161684989929199,,,,,,,,,,
149,2,grader,keep_all|loose_filter|medium_filter|strict_filter|rerank_only,strict_filter,-0.07,0,generator,0.744238,-0.951686,1.0,,0.744238,-0.951686,1.0,0.0,,,,,,,0.8721189200878143,0.7072471678256989,1.0,,,,,
149,3,generator,generate_answer|generate_with_strict_citations|generate_short_answer,generate_short_answer,-0.07,0,verifier,-0.908165,-0.956218,0.101291,-0.996301,-0.908165,-0.956218,0.101291,-0.996301,,,,,,,,,,0.04591745138168335,0.021891236305236816,134,0.0018493831157684326,
149,4,verifier,verify_answer,verify_answer,0.8474,1,,-0.383652,,,,-0.383652,0.0,0.0,0.0,,,,,,,,,,,,,,0.3081737756729126
150,1,retriever,dense_retrieve|sparse_retrieve|hybrid_retrieve|hybrid_rerank,hybrid_rerank,-0.02,0,grader,0.859511,-1.0,1.0,-1.0,0.859511,-1.0,1.0,-1.0,0.9297553896903992,5,1.0,0.0,,,,,,,,,,
150,2,grader,keep_all|loose_filter|medium_filter|strict_filter|rerank_only,strict_filter,-0.07,0,generator,1.0,-0.994274,0.873122,,1.0,-0.994274,0.873122,0.0,,,,,,,1.0,0.7008588880300521,0.9365612268447876,,,,,
150,3,generator,generate_answer|generate_with_strict_citations|generate_short_answer,generate_short_answer,-0.07,0,verifier,-0.359643,-0.732639,-0.070701,-0.908918,-0.359643,-0.732639,-0.070701,-0.908918,,,,,,,,,,0.32017865777015686,0.13368037343025208,134,0.045540958642959595,
150,4,verifier,verify_answer,verify_answer,0.6234,1,,-0.547846,,,,-0.547846,0.0,0.0,0.0,,,,,,,,,,,,,,0.2260768711566925
151,1,retriever,dense_retrieve|sparse_retrieve|hybrid_retrieve|hybrid_rerank,hybrid_rerank,-0.02,0,grader,0.640442,-1.0,1.0,-1.0,0.640442,-1.0,1.0,-1.0,0.8202210366725922,5,1.0,0.0,,,,,,,,,,
151,2,grader,keep_all|loose_filter|medium_filter|strict_filter|rerank_only,strict_filter,-0.07,0,generator,1.0,-1.0,1.0,,1.0,-1.0,1.0,0.0,,,,,,,1.0,0.7,1.0,,,,,
151,3,generator,generate_answer|generate_with_strict_citations|generate_short_answer,generate_short_answer,-0.07,0,verifier,0.066875,-0.584395,-0.417185,-1.0,0.066875,-0.584395,-0.417185,-1.0,,,,,,,,,,0.5334373004734516,0.207802414894104,128,0.0,
151,4,verifier,verify_answer,verify_answer,0.7206,1,,-0.428613,,,,-0.428613,0.0,0.0,0.0,,,,,,,,,,,,,,0.28569354116916656
152,1,retriever,dense_retrieve|sparse_retrieve|hybrid_retrieve|hybrid_rerank,hybrid_rerank,-0.02,0,grader,1.0,-0.990394,0.967764,-0.907602,1.0,-0.990394,0.967764,-0.907602,1.0,5,0.9838820397853851,0.046199023723602295,,,,,,,,,,
152,2,grader,keep_all|loose_filter|medium_filter|strict_filter|rerank_only,strict_filter,-0.07,0,generator,0.665533,-0.79989,1.0,,0.665533,-0.79989,1.0,0.0,,,,,,,0.8327662944793701,0.7300165116786956,1.0,,,,,
152,3,generator,generate_answer|generate_with_strict_citations|generate_short_answer,generate_short_answer,-0.07,0,verifier,0.191307,-0.935939,-0.628357,-0.929855,0.191307,-0.935939,-0.628357,-0.929855,,,,,,,,,,0.5956536829471588,0.03203052282333374,128,0.035072654485702515,
152,4,verifier,verify_answer,verify_answer,0.6629,1,,-0.251392,,,,-0.251392,0.0,0.0,0.0,,,,,,,,,,,,,,0.37430407106876373
153,1,retriever,dense_retrieve|sparse_retrieve|hybrid_retrieve|hybrid_rerank,hybrid_rerank,-0.02,0,grader,0.988183,-0.935845,0.997061,-0.9889,0.988183,-0.935845,0.997061,-0.9889,0.994091659784317,5,0.9985307455062866,0.005550026893615723,,,,,,,,,,
153,2,grader,keep_all|loose_filter|medium_filter|strict_filter|rerank_only,strict_filter,-0.07,0,generator,1.0,-0.776264,1.0,,1.0,-0.776264,1.0,0.0,,,,,,,1.0,0.733560362458229,1.0,,,,,
153,3,generator,generate_answer|generate_with_strict_citations|generate_short_answer,generate_short_answer,-0.07,0,verifier,0.196436,-1.0,-0.728614,-0.651029,0.196436,-1.0,-0.728614,-0.651029,,,,,,,,,,0.5982177928090096,0.0,128,0.17448541522026062,
153,4,verifier,verify_answer,verify_answer,0.6184,1,,0.752891,,,,0.752891,0.0,0.0,0.0,,,,,,,,,,,,,,0.8764455616474152
154,1,retriever,dense_retrieve|sparse_retrieve|hybrid_retrieve|hybrid_rerank,hybrid_rerank,-0.02,0,grader,0.940431,-1.0,1.0,-0.835639,0.940431,-1.0,1.0,-0.835639,0.9702155590057373,5,1.0,0.08218050003051758,,,,,,,,,,
154,2,grader,keep_all|loose_filter|medium_filter|strict_filter|rerank_only,strict_filter,-0.07,0,generator,0.901399,-0.921374,0.901313,,0.901399,-0.921374,0.901313,0.0,,,,,,,0.9506997466087341,0.7117939412593841,0.9506565928459167,,,,,
154,3,generator,generate_answer|generate_with_strict_citations|generate_short_answer,generate_short_answer,-0.07,0,verifier,0.08676,-0.804851,-0.470626,-0.880716,0.08676,-0.804851,-0.470626,-0.880716,,,,,,,,,,0.5433800332248211,0.09757429361343384,128,0.059642016887664795,
154,4,verifier,verify_answer,verify_answer,0.6062,1,,-0.279048,,,,-0.279048,0.0,0.0,0.0,,,,,,,,,,,,,,0.36047597229480743
155,1,retriever,dense_retrieve|sparse_retrieve|hybrid_retrieve|hybrid_rerank,hybrid_rerank,-0.02,0,grader,1.0,-1.0,1.0,-0.730177,1.0,-1.0,1.0,-0.730177,1.0,5,1.0,0.13491156697273254,,,,,,,,,,
155,2,grader,keep_all|loose_filter|medium_filter|strict_filter|rerank_only,strict_filter,-0.07,0,generator,1.0,-0.871139,1.0,,1.0,-0.871139,1.0,0.0,,,,,,,1.0,0.7193291872739791,1.0,,,,,
155,3,generator,generate_answer|generate_with_strict_citations|generate_short_answer,generate_short_answer,-0.07,0,verifier,-0.187332,-0.691242,-0.822154,-0.929413,-0.187332,-0.691242,-0.822154,-0.929413,,,,,,,,,,0.4063342437148094,0.15437906980514526,128,0.03529372811317444,
155,4,verifier,verify_answer,verify_answer,0.4913,1,,-0.361351,,,,-0.361351,0.0,0.0,0.0,,,,,,,,,,,,,,0.3193245232105255
156,1,retriever,dense_retrieve|sparse_retrieve|hybrid_retrieve|hybrid_rerank,hybrid_rerank,-0.02,0,grader,0.935793,-0.517823,1.0,-0.922534,0.935793,-0.517823,1.0,-0.922534,0.9678964614868164,8,1.0,0.038733214139938354,,,,,,,,,,
156,2,grader,keep_all|loose_filter|medium_filter|strict_filter|rerank_only,strict_filter,-0.07,0,generator,0.847129,-1.0,0.843959,,0.847129,-1.0,0.843959,0.0,,,,,,,0.9235646426677704,0.7,0.9219792783260345,,,,,
156,3,generator,generate_answer|generate_with_strict_citations|generate_short_answer,generate_short_answer,-0.07,0,verifier,0.391879,-0.813007,-0.946003,-0.587661,0.391879,-0.813007,-0.946003,-0.587661,,,,,,,,,,0.6959393918514252,0.09349638223648071,128,0.2061694860458374,
156,4,verifier,verify_answer,verify_answer,0.633,1,,-0.21966,,,,-0.21966,0.0,0.0,0.0,,,,,,,,,,,,,,0.3901699408888817
157,1,retriever,dense_retrieve|sparse_retrieve|hybrid_retrieve|hybrid_rerank,hybrid_rerank,-0.02,0,grader,0.903512,-0.919655,0.940194,-1.0,0.903512,-0.919655,0.940194,-1.0,0.9517559707164764,5,0.9700970351696014,0.0,,,,,,,,,,
157,2,grader,keep_all|loose_filter|medium_filter|strict_filter|rerank_only,strict_filter,-0.07,0,generator,1.0,-0.900752,1.0,,1.0,-0.900752,1.0,0.0,,,,,,,1.0,0.7148872345685958,1.0,,,,,
157,3,generator,generate_answer|generate_with_strict_citations|generate_short_answer,generate_short_answer,-0.07,0,verifier,-0.240891,-0.765199,-0.67052,-1.0,-0.240891,-0.765199,-0.67052,-1.0,,,,,,,,,,0.37955447286367416,0.11740070581436157,128,0.0,
157,4,verifier,verify_answer,verify_answer,0.1845,1,,-0.929225,,,,-0.929225,0.0,0.0,0.0,,,,,,,,,,,,,,0.03538733720779419
158,1,retriever,dense_retrieve|sparse_retrieve|hybrid_retrieve|hybrid_rerank,hybrid_rerank,-0.02,0,grader,0.931532,-1.0,1.0,-0.846087,0.931532,-1.0,1.0,-0.846087,0.9657658934593201,5,1.0,0.07695654034614563,,,,,,,,,,
158,2,grader,keep_all|loose_filter|medium_filter|strict_filter|rerank_only,strict_filter,-0.07,0,generator,0.973951,-0.915181,1.0,,0.973951,-0.915181,1.0,0.0,,,,,,,0.9869752824306488,0.7127228081226349,1.0,,,,,
158,3,generator,generate_answer|generate_with_strict_citations|generate_short_answer,generate_short_answer,-0.07,0,verifier,0.221061,-1.0,-0.810959,-1.0,0.221061,-1.0,-0.810959,-1.0,,,,,,,,,,0.6105303168296814,0.0,128,0.0,
158,4,verifier,verify_answer,verify_answer,0.7198,1,,0.180108,,,,0.180108,0.0,0.0,0.0,,,,,,,,,,,,,,0.5900540128350258
159,1,retriever,dense_retrieve|sparse_retrieve|hybrid_retrieve|hybrid_rerank,hybrid_rerank,-0.02,0,grader,0.931246,-0.849834,0.827596,-0.683729,0.931246,-0.849834,0.827596,-0.683729,0.965623140335083,6,0.9137980341911316,0.15813538432121277,,,,,,,,,,
159,2,grader,keep_all|loose_filter|medium_filter|strict_filter|rerank_only,strict_filter,-0.07,0,generator,0.98271,-0.839253,1.0,,0.98271,-0.839253,1.0,0.0,,,,,,,0.9913551807403564,0.7241120308637619,1.0,,,,,
159,3,generator,generate_answer|generate_with_strict_citations|generate_short_answer,generate_short_answer,-0.07,0,verifier,0.640679,-0.941203,-1.0,-1.0,0.640679,-0.941203,-1.0,-1.0,,,,,,,,,,0.8203393518924713,0.029398560523986816,128,0.0,
159,4,verifier,verify_answer,verify_answer,0.633,1,,-0.118215,,,,-0.118215,0.0,0.0,0.0,,,,,,,,,,,,,,0.4408927410840988
160,1,retriever,dense_retrieve|sparse_retrieve|hybrid_retrieve|hybrid_rerank,hybrid_rerank,-0.02,0,grader,0.895534,-0.926153,0.833014,-1.0,0.895534,-0.926153,0.833014,-1.0,0.9477670192718506,5,0.9165069162845612,0.0,,,,,,,,,,
160,2,grader,keep_all|loose_filter|medium_filter|strict_filter|rerank_only,strict_filter,-0.07,0,generator,1.0,-0.99349,0.913657,,1.0,-0.99349,0.913657,0.0,,,,,,,1.0,0.7009764760732651,0.9568287134170532,,,,,
160,3,generator,generate_answer|generate_with_strict_citations|generate_short_answer,generate_short_answer,-0.07,0,verifier,0.470678,-0.887214,-0.829993,-0.972593,0.470678,-0.887214,-0.829993,-0.972593,,,,,,,,,,0.7353391200304031,0.05639275908470154,128,0.013703495264053345,
160,4,verifier,verify_answer,verify_answer,0.8099,1,,-0.250914,,,,-0.250914,0.0,0.0,0.0,,,,,,,,,,,,,,0.37454311549663544
161,1,retriever,dense_retrieve|sparse_retrieve|hybrid_retrieve|hybrid_rerank,hybrid_rerank,-0.02,0,grader,0.99932,-0.999991,0.795921,-1.0,0.99932,-0.999991,0.795921,-1.0,0.9996601641178131,5,0.8979603052139282,0.0,,,,,,,,,,
161,2,grader,keep_all|loose_filter|medium_filter|strict_filter|rerank_only,strict_filter,-0.07,0,generator,1.0,-0.994574,0.8884,,1.0,-0.994574,0.8884,0.0,,,,,,,1.0,0.700813826918602,0.9442000389099121,,,,,
161,3,generator,generate_answer|generate_with_strict_citations|generate_short_answer,generate_short_answer,-0.07,0,verifier,0.69138,-0.756165,-0.883342,-0.773388,0.69138,-0.756165,-0.883342,-0.773388,,,,,,,,,,0.8456901907920837,0.12191736698150635,128,0.11330610513687134,
161,4,verifier,verify_answer,verify_answer,0.7129,1,,-0.191627,,,,-0.191627,0.0,0.0,0.0,,,,,,,,,,,,,,0.40418651700019836
162,1,retriever,dense_retrieve|sparse_retrieve|hybrid_retrieve|hybrid_rerank,hybrid_rerank,-0.02,0,grader,0.973058,-1.0,0.9725,-0.940277,0.973058,-1.0,0.9725,-0.940277,0.9865289926528931,5,0.986250102519989,0.029861271381378174,,,,,,,,,,
