episode,step,active_agent,valid_actions,discrete_action,reward,done,next_active_agent,raw_0,raw_1,raw_2,raw_3,padded_0,padded_1,padded_2,padded_3,dense_sparse_weight,top_k,rerank_threshold,source_diversity,rewrite_strength,query_expansion_weight,relevance_threshold,evidence_keep_ratio,strictness_score,temperature,citation_strictness,max_tokens,answer_detail_level,support_threshold
1,1,retriever,dense_retrieve|sparse_retrieve|hybrid_retrieve|hybrid_rerank,hybrid_rerank,-0.02,0,grader,0.046909,0.220887,0.029963,-0.494066,0.046909,0.220887,0.029963,-0.494066,0.5234543979167938,8,0.5149816479533911,0.2529667615890503,,,,,,,,,,
1,2,grader,keep_all|loose_filter|medium_filter|strict_filter|rerank_only,rerank_only,-0.07,0,generator,0.52308,-0.889262,0.008028,,0.52308,-0.889262,0.008028,0.0,,,,,,,0.7615401148796082,0.5276844203472137,0.504013781901449,,,,,
1,3,generator,generate_answer|generate_with_strict_citations|generate_short_answer,generate_short_answer,-0.07,0,verifier,0.719217,0.550122,0.108819,-0.013694,0.719217,0.550122,0.108819,-0.013694,,,,,,,,,,0.8596085608005524,0.7750608026981354,267,0.49315304681658745,
1,4,verifier,verify_answer,verify_answer,0.5262,1,,-0.769468,,,,-0.769468,0.0,0.0,0.0,,,,,,,,,,,,,,0.1152658760547638
2,1,retriever,dense_retrieve|sparse_retrieve|hybrid_retrieve|hybrid_rerank,hybrid_retrieve,-0.02,0,grader,0.023129,-0.009972,-0.289112,-0.838822,0.023129,-0.009972,-0.289112,-0.838822,0.5115643739700317,7,0.35544411838054657,0.08058908581733704,,,,,,,,,,
2,2,grader,keep_all|loose_filter|medium_filter|strict_filter|rerank_only,rerank_only,-0.07,0,generator,0.499826,-0.806825,-0.314779,,0.499826,-0.806825,-0.314779,0.0,,,,,,,0.7499131262302399,0.548293724656105,0.3426104187965393,,,,,
2,3,generator,generate_answer|generate_with_strict_citations|generate_short_answer,generate_with_strict_citations,-0.07,0,verifier,0.284669,0.849035,0.055706,0.179518,0.284669,0.849035,0.055706,0.179518,,,,,,,,,,0.6423344761133194,0.9245177209377289,286,0.589758887887001,
2,4,verifier,verify_answer,verify_answer,0.7723,1,,-0.761789,,,,-0.761789,0.0,0.0,0.0,,,,,,,,,,,,,,0.11910563707351685
3,1,retriever,dense_retrieve|sparse_retrieve|hybrid_retrieve|hybrid_rerank,hybrid_retrieve,-0.02,0,grader,-0.038539,0.284672,-0.210758,-0.584966,-0.038539,0.284672,-0.210758,-0.584966,0.48073055781424046,8,0.39462124556303024,0.2075168788433075,,,,,,,,,,
3,2,grader,keep_all|loose_filter|medium_filter|strict_filter|rerank_only,rerank_only,-0.07,0,generator,0.528527,-0.866247,-0.22829,,0.528527,-0.866247,-0.22829,0.0,,,,,,,0.7642634212970734,0.5334383249282837,0.3858550190925598,,,,,
3,3,generator,generate_answer|generate_with_strict_citations|generate_short_answer,generate_short_answer,-0.07,0,verifier,0.907395,0.577006,-0.410199,0.295021,0.907395,0.577006,-0.410199,0.295021,,,,,,,,,,0.9536976516246796,0.7885027825832367,232,0.6475104838609695,
3,4,verifier,verify_answer,verify_answer,0.4861,1,,-0.921601,,,,-0.921601,0.0,0.0,0.0,,,,,,,,,,,,,,0.03919953107833862
4,1,retriever,dense_retrieve|sparse_retrieve|hybrid_retrieve|hybrid_rerank,hybrid_retrieve,-0.02,0,grader,-0.005201,-0.005113,-0.095454,-0.688764,-0.005201,-0.005113,-0.095454,-0.688764,0.49739928380586207,7,0.45227282121777534,0.15561804175376892,,,,,,,,,,
4,2,grader,keep_all|loose_filter|medium_filter|strict_filter|rerank_only,rerank_only,-0.07,0,generator,0.760809,-0.823025,-0.104186,,0.760809,-0.823025,-0.104186,0.0,,,,,,,0.8804046809673309,0.5442437529563904,0.4479071646928787,,,,,
4,3,generator,generate_answer|generate_with_strict_citations|generate_short_answer,generate_short_answer,-0.07,0,verifier,0.599568,0.41004,-0.192214,0.068197,0.599568,0.41004,-0.192214,0.068197,,,,,,,,,,0.7997839152812958,0.7050197869539261,238,0.534098569303751,
4,4,verifier,verify_answer,verify_answer,0.5992,1,,-0.495682,,,,-0.495682,0.0,0.0,0.0,,,,,,,,,,,,,,0.2521592378616333
5,1,retriever,dense_retrieve|sparse_retrieve|hybrid_retrieve|hybrid_rerank,hybrid_retrieve,-0.02,0,grader,0.056077,0.003758,-0.015617,-0.793775,0.056077,0.003758,-0.015617,-0.793775,0.5280383285135031,7,0.4921916243620217,0.10311233997344971,,,,,,,,,,
5,2,grader,keep_all|loose_filter|medium_filter|strict_filter|rerank_only,rerank_only,-0.07,0,generator,0.54285,-0.756239,0.003509,,0.54285,-0.756239,0.003509,0.0,,,,,,,0.7714251577854156,0.5609403401613235,0.5017542616697028,,,,,
5,3,generator,generate_answer|generate_with_strict_citations|generate_short_answer,generate_short_answer,-0.07,0,verifier,0.617881,0.514148,-0.19667,0.157542,0.617881,0.514148,-0.19667,0.157542,,,,,,,,,,0.8089405000209808,0.757074236869812,248,0.5787707641720772,
5,4,verifier,verify_answer,verify_answer,0.1851,1,,-0.37945,,,,-0.37945,0.0,0.0,0.0,,,,,,,,,,,,,,0.3102748245000839
6,1,retriever,dense_retrieve|sparse_retrieve|hybrid_retrieve|hybrid_rerank,hybrid_retrieve,-0.02,0,grader,-0.084047,0.056549,-0.553496,-0.857799,-0.084047,0.056549,-0.553496,-0.857799,0.45797646045684814,7,0.22325190901756287,0.07110032439231873,,,,,,,,,,
6,2,grader,keep_all|loose_filter|medium_filter|strict_filter|rerank_only,rerank_only,-0.07,0,generator,0.714501,-0.632447,-0.308589,,0.714501,-0.632447,-0.308589,0.0,,,,,,,0.8572506904602051,0.5918883234262466,0.34570538997650146,,,,,
6,3,generator,generate_answer|generate_with_strict_citations|generate_short_answer,generate_short_answer,-0.07,0,verifier,0.861158,0.675898,-0.075323,-0.274958,0.861158,0.675898,-0.075323,-0.274958,,,,,,,,,,0.9305789470672607,0.8379489183425903,212,0.3625209480524063,
6,4,verifier,verify_answer,verify_answer,0.5242,1,,-0.53183,,,,-0.53183,0.0,0.0,0.0,,,,,,,,,,,,,,0.2340848743915558
7,1,retriever,dense_retrieve|sparse_retrieve|hybrid_retrieve|hybrid_rerank,hybrid_retrieve,-0.02,0,grader,0.028987,0.523388,-0.35925,-0.578364,0.028987,0.523388,-0.35925,-0.578364,0.5144933462142944,9,0.3203749805688858,0.21081820130348206,,,,,,,,,,
7,2,grader,keep_all|loose_filter|medium_filter|strict_filter|rerank_only,rerank_only,-0.07,0,generator,0.643195,-0.884012,-0.13567,,0.643195,-0.884012,-0.13567,0.0,,,,,,,0.8215975165367126,0.5289970636367798,0.43216511607170105,,,,,
7,3,generator,generate_answer|generate_with_strict_citations|generate_short_answer,generate_answer,-0.07,0,verifier,0.266039,0.47009,0.028882,0.428015,0.266039,0.47009,0.028882,0.428015,,,,,,,,,,0.6330196857452393,0.7350452393293381,314,0.7140075713396072,
7,4,verifier,verify_answer,verify_answer,0.729,1,,-0.786272,,,,-0.786272,0.0,0.0,0.0,,,,,,,,,,,,,,0.10686397552490234
8,1,retriever,dense_retrieve|sparse_retrieve|hybrid_retrieve|hybrid_rerank,hybrid_retrieve,-0.02,0,grader,-0.117803,-0.408473,-0.01097,-0.45954,-0.117803,-0.408473,-0.01097,-0.45954,0.4410986490547657,5,0.4945148783735931,0.27023012936115265,,,,,,,,,,
8,2,grader,keep_all|loose_filter|medium_filter|strict_filter|rerank_only,rerank_only,-0.07,0,generator,0.601749,-0.691032,-0.093028,,0.601749,-0.691032,-0.093028,0.0,,,,,,,0.8008747100830078,0.5772419273853302,0.45348622649908066,,,,,
8,3,generator,generate_answer|generate_with_strict_citations|generate_short_answer,generate_short_answer,-0.07,0,verifier,0.789814,0.533217,-0.008599,-0.072726,0.789814,0.533217,-0.008599,-0.072726,,,,,,,,,,0.8949072360992432,0.766608476638794,244,0.4636368229985237,
8,4,verifier,verify_answer,verify_answer,0.5175,1,,-0.959721,,,,-0.959721,0.0,0.0,0.0,,,,,,,,,,,,,,0.02013927698135376
9,1,retriever,dense_retrieve|sparse_retrieve|hybrid_retrieve|hybrid_rerank,hybrid_retrieve,-0.02,0,grader,0.033283,0.128966,-0.38506,-0.71701,0.033283,0.128966,-0.38506,-0.71701,0.5166414361447096,8,0.3074702173471451,0.14149489998817444,,,,,,,,,,
9,2,grader,keep_all|loose_filter|medium_filter|strict_filter|rerank_only,rerank_only,-0.07,0,generator,0.376671,-0.890726,-0.350613,,0.376671,-0.890726,-0.350613,0.0,,,,,,,0.6883353590965271,0.5273185074329376,0.3246934562921524,,,,,
9,3,generator,generate_answer|generate_with_strict_citations|generate_short_answer,generate_short_answer,-0.07,0,verifier,0.59641,0.482195,0.218918,-0.07104,0.59641,0.482195,0.218918,-0.07104,,,,,,,,,,0.798204779624939,0.7410975396633148,273,0.46448006480932236,
9,4,verifier,verify_answer,verify_answer,0.328,1,,-0.643446,,,,-0.643446,0.0,0.0,0.0,,,,,,,,,,,,,,0.17827707529067993
10,1,retriever,dense_retrieve|sparse_retrieve|hybrid_retrieve|hybrid_rerank,hybrid_retrieve,-0.02,0,grader,0.102988,-0.397989,-0.460611,-0.485835,0.102988,-0.397989,-0.460611,-0.485835,0.5514937900006771,5,0.26969441771507263,0.25708262622356415,,,,,,,,,,
10,2,grader,keep_all|loose_filter|medium_filter|strict_filter|rerank_only,rerank_only,-0.07,0,generator,0.707198,-0.38265,-0.189651,,0.707198,-0.38265,-0.189651,0.0,,,,,,,0.8535988330841064,0.6543374881148338,0.4051745608448982,,,,,
10,3,generator,generate_answer|generate_with_strict_citations|generate_short_answer,generate_short_answer,-0.07,0,verifier,0.751876,0.619178,-0.181063,0.063013,0.751876,0.619178,-0.181063,0.063013,,,,,,,,,,0.8759379982948303,0.8095890283584595,239,0.5315063148736954,
10,4,verifier,verify_answer,verify_answer,0.3834,1,,-0.667311,,,,-0.667311,0.0,0.0,0.0,,,,,,,,,,,,,,0.16634473204612732
11,1,retriever,dense_retrieve|sparse_retrieve|hybrid_retrieve|hybrid_rerank,hybrid_rerank,-0.02,0,grader,0.127087,0.193262,0.261935,-0.939997,0.127087,0.193262,0.261935,-0.939997,0.5635434091091156,8,0.6309673190116882,0.030001431703567505,,,,,,,,,,
11,2,grader,keep_all|loose_filter|medium_filter|strict_filter|rerank_only,rerank_only,-0.07,0,generator,0.697659,-0.519388,-0.236257,,0.697659,-0.519388,-0.236257,0.0,,,,,,,0.8488292694091797,0.6201529651880264,0.38187171518802643,,,,,
11,3,generator,generate_answer|generate_with_strict_citations|generate_short_answer,generate_short_answer,-0.07,0,verifier,0.473357,0.612409,-0.055264,0.003736,0.473357,0.612409,-0.055264,0.003736,,,,,,,,,,0.7366787195205688,0.8062045872211456,248,0.5018682092195377,
11,4,verifier,verify_answer,verify_answer,0.6867,1,,-0.712036,,,,-0.712036,0.0,0.0,0.0,,,,,,,,,,,,,,0.14398211240768433
12,1,retriever,dense_retrieve|sparse_retrieve|hybrid_retrieve|hybrid_rerank,hybrid_retrieve,-0.02,0,grader,-0.148247,0.331486,-0.21102,-0.495707,-0.148247,0.331486,-0.21102,-0.495707,0.4258766993880272,8,0.3944898843765259,0.2521464377641678,,,,,,,,,,
12,2,grader,keep_all|loose_filter|medium_filter|strict_filter|rerank_only,rerank_only,-0.07,0,generator,0.485738,-0.892319,-0.108118,,0.485738,-0.892319,-0.108118,0.0,,,,,,,0.742869183421135,0.5269202440977097,0.44594116136431694,,,,,
12,3,generator,generate_answer|generate_with_strict_citations|generate_short_answer,generate_short_answer,-0.07,0,verifier,0.459243,0.638079,0.008944,-0.287429,0.459243,0.638079,0.008944,-0.287429,,,,,,,,,,0.7296213954687119,0.8190394341945648,220,0.3562854677438736,
12,4,verifier,verify_answer,verify_answer,0.3297,1,,-0.663259,,,,-0.663259,0.0,0.0,0.0,,,,,,,,,,,,,,0.16837060451507568
13,1,retriever,dense_retrieve|sparse_retrieve|hybrid_retrieve|hybrid_rerank,hybrid_retrieve,-0.02,0,grader,0.025817,0.394293,-0.215917,-0.952547,0.025817,0.394293,-0.215917,-0.952547,0.5129084130749106,9,0.3920416459441185,0.02372640371322632,,,,,,,,,,
13,2,grader,keep_all|loose_filter|medium_filter|strict_filter|rerank_only,rerank_only,-0.07,0,generator,0.711513,-0.808507,-0.172404,,0.711513,-0.808507,-0.172404,0.0,,,,,,,0.8557564914226532,0.547873243689537,0.413797952234745,,,,,
13,3,generator,generate_answer|generate_with_strict_citations|generate_short_answer,generate_short_answer,-0.07,0,verifier,0.563536,0.496255,0.132921,0.162464,0.563536,0.496255,0.132921,0.162464,,,,,,,,,,0.7817680239677429,0.7481277287006378,295,0.5812320038676262,
13,4,verifier,verify_answer,verify_answer,0.7727,1,,-0.665471,,,,-0.665471,0.0,0.0,0.0,,,,,,,,,,,,,,0.1672644019126892
14,1,retriever,dense_retrieve|sparse_retrieve|hybrid_retrieve|hybrid_rerank,hybrid_retrieve,-0.02,0,grader,0.268731,0.160882,-0.564522,-0.583339,0.268731,0.160882,-0.564522,-0.583339,0.6343654990196228,8,0.21773895621299744,0.2083304524421692,,,,,,,,,,
14,2,grader,keep_all|loose_filter|medium_filter|strict_filter|rerank_only,rerank_only,-0.07,0,generator,0.442794,-0.70956,-0.125414,,0.442794,-0.70956,-0.125414,0.0,,,,,,,0.7213971763849258,0.5726099014282227,0.43729308992624283,,,,,
14,3,generator,generate_answer|generate_with_strict_citations|generate_short_answer,generate_short_answer,-0.07,0,verifier,0.593642,0.650855,0.220239,-0.230671,0.593642,0.650855,0.220239,-0.230671,,,,,,,,,,0.7968212068080902,0.8254275023937225,251,0.38466449826955795,
14,4,verifier,verify_answer,verify_answer,0.5228,1,,-0.384943,,,,-0.384943,0.0,0.0,0.0,,,,,,,,,,,,,,0.3075287342071533
15,1,retriever,dense_retrieve|sparse_retrieve|hybrid_retrieve|hybrid_rerank,hybrid_retrieve,-0.02,0,grader,-0.029934,0.152148,-0.202216,-0.854429,-0.029934,0.152148,-0.202216,-0.854429,0.4850330548360944,8,0.39889194071292877,0.07278567552566528,,,,,,,,,,
15,2,grader,keep_all|loose_filter|medium_filter|strict_filter|rerank_only,rerank_only,-0.07,0,generator,0.593807,-0.793131,-0.178424,,0.593807,-0.793131,-0.178424,0.0,,,,,,,0.796903669834137,0.5517173707485199,0.4107882231473923,,,,,
15,3,generator,generate_answer|generate_with_strict_citations|generate_short_answer,generate_short_answer,-0.07,0,verifier,0.776923,0.614508,0.045842,-0.072581,0.776923,0.614508,0.045842,-0.072581,,,,,,,,,,0.8884616792201996,0.8072541356086731,251,0.4637092798948288,
15,4,verifier,verify_answer,verify_answer,0.2881,1,,-0.276482,,,,-0.276482,0.0,0.0,0.0,,,,,,,,,,,,,,0.3617590069770813
16,1,retriever,dense_retrieve|sparse_retrieve|hybrid_retrieve|hybrid_rerank,hybrid_retrieve,-0.02,0,grader,0.098384,0.13964,-0.224863,-0.663642,0.098384,0.13964,-0.224863,-0.663642,0.5491920076310635,8,0.3875683918595314,0.16817894577980042,,,,,,,,,,
16,2,grader,keep_all|loose_filter|medium_filter|strict_filter|rerank_only,rerank_only,-0.07,0,generator,0.597707,-0.744494,-0.098977,,0.597707,-0.744494,-0.098977,0.0,,,,,,,0.7988536655902863,0.5638763755559921,0.45051151514053345,,,,,
16,3,generator,generate_answer|generate_with_strict_citations|generate_short_answer,generate_short_answer,-0.07,0,verifier,0.510308,0.514325,-0.427217,-0.038411,0.510308,0.514325,-0.427217,-0.038411,,,,,,,,,,0.7551542222499847,0.7571625411510468,197,0.48079434782266617,
16,4,verifier,verify_answer,verify_answer,0.2379,1,,-0.438113,,,,-0.438113,0.0,0.0,0.0,,,,,,,,,,,,,,0.2809436023235321
17,1,retriever,dense_retrieve|sparse_retrieve|hybrid_retrieve|hybrid_rerank,hybrid_rerank,-0.02,0,grader,-0.00141,-0.316695,0.273103,-0.65716,-0.00141,-0.316695,0.273103,-0.65716,0.4992952361353673,6,0.6365514844655991,0.17141985893249512,,,,,,,,,,
17,2,grader,keep_all|loose_filter|medium_filter|strict_filter|rerank_only,rerank_only,-0.07,0,generator,0.536292,-0.910855,-0.238051,,0.536292,-0.910855,-0.238051,0.0,,,,,,,0.7681458592414856,0.5222863256931305,0.3809743896126747,,,,,
17,3,generator,generate_answer|generate_with_strict_citations|generate_short_answer,generate_short_answer,-0.07,0,verifier,0.483185,0.119014,-0.172646,-0.322966,0.483185,0.119014,-0.172646,-0.322966,,,,,,,,,,0.7415926158428192,0.5595069192349911,195,0.3385171890258789,
17,4,verifier,verify_answer,verify_answer,0.3107,1,,-0.799076,,,,-0.799076,0.0,0.0,0.0,,,,,,,,,,,,,,0.10046195983886719
18,1,retriever,dense_retrieve|sparse_retrieve|hybrid_retrieve|hybrid_rerank,hybrid_rerank,-0.02,0,grader,-0.321038,-0.882996,0.490716,-0.692714,-0.321038,-0.882996,0.490716,-0.692714,0.339480921626091,3,0.7453581541776657,0.15364277362823486,,,,,,,,,,
18,2,grader,keep_all|loose_filter|medium_filter|strict_filter|rerank_only,rerank_only,-0.07,0,generator,0.565778,-0.402067,-0.392475,,0.565778,-0.402067,-0.392475,0.0,,,,,,,0.782889187335968,0.649483285844326,0.3037625253200531,,,,,
18,3,generator,generate_answer|generate_with_strict_citations|generate_short_answer,generate_short_answer,-0.07,0,verifier,0.619684,-0.280216,0.150094,-0.773742,0.619684,-0.280216,0.150094,-0.773742,,,,,,,,,,0.809842050075531,0.3598921298980713,168,0.11312881112098694,
18,4,verifier,verify_answer,verify_answer,0.6224,1,,-0.875333,,,,-0.875333,0.0,0.0,0.0,,,,,,,,,,,,,,0.06233355402946472
19,1,retriever,dense_retrieve|sparse_retrieve|hybrid_retrieve|hybrid_rerank,hybrid_rerank,-0.02,0,grader,-0.315945,-0.961722,0.430486,-0.812763,-0.315945,-0.961722,0.430486,-0.812763,0.3420276641845703,3,0.7152427583932877,0.09361869096755981,,,,,,,,,,
19,2,grader,keep_all|loose_filter|medium_filter|strict_filter|rerank_only,rerank_only,-0.07,0,generator,0.275245,-1.0,-0.469107,,0.275245,-1.0,-0.469107,0.0,,,,,,,0.6376226246356964,0.5,0.26544634997844696,,,,,
19,3,generator,generate_answer|generate_with_strict_citations|generate_short_answer,generate_short_answer,-0.07,0,verifier,-0.160179,-0.900429,0.427855,-0.793875,-0.160179,-0.900429,0.427855,-0.793875,,,,,,,,,,0.41991032660007477,0.04978525638580322,186,0.10306233167648315,
19,4,verifier,verify_answer,verify_answer,0.3803,1,,-1.0,,,,-1.0,0.0,0.0,0.0,,,,,,,,,,,,,,0.0
20,1,retriever,dense_retrieve|sparse_retrieve|hybrid_retrieve|hybrid_rerank,hybrid_rerank,-0.02,0,grader,-0.455723,-0.868741,0.433907,-0.809652,-0.455723,-0.868741,0.433907,-0.809652,0.27213841676712036,3,0.7169534862041473,0.09517422318458557,,,,,,,,,,
20,2,grader,keep_all|loose_filter|medium_filter|strict_filter|rerank_only,rerank_only,-0.07,0,generator,-0.544054,-1.0,-0.173776,,-0.544054,-1.0,-0.173776,0.0,,,,,,,0.22797289490699768,0.5,0.41311177611351013,,,,,
20,3,generator,generate_answer|generate_with_strict_citations|generate_short_answer,generate_short_answer,-0.07,0,verifier,-0.074093,-1.0,0.703644,-0.91245,-0.074093,-1.0,0.703644,-0.91245,,,,,,,,,,0.46295372396707535,0.0,188,0.043775081634521484,
20,4,verifier,verify_answer,verify_answer,0.563,1,,-0.870176,,,,-0.870176,0.0,0.0,0.0,,,,,,,,,,,,,,0.06491175293922424
21,1,retriever,dense_retrieve|sparse_retrieve|hybrid_retrieve|hybrid_rerank,hybrid_rerank,-0.02,0,grader,-0.294009,-1.0,0.662017,-0.725972,-0.294009,-1.0,0.662017,-0.725972,0.35299527645111084,3,0.8310087323188782,0.1370142102241516,,,,,,,,,,
21,2,grader,keep_all|loose_filter|medium_filter|strict_filter|rerank_only,rerank_only,-0.07,0,generator,-0.891007,-1.0,-0.80874,,-0.891007,-1.0,-0.80874,0.0,,,,,,,0.05449661612510681,0.5,0.09562984108924866,,,,,
21,3,generator,generate_answer|generate_with_strict_citations|generate_short_answer,generate_short_answer,-0.07,0,verifier,-0.118728,-0.684011,0.949578,-1.0,-0.118728,-0.684011,0.949578,-1.0,,,,,,,,,,0.4406357780098915,0.1579943597316742,188,0.0,
21,4,verifier,verify_answer,verify_answer,0.538,1,,-0.861029,,,,-0.861029,0.0,0.0,0.0,,,,,,,,,,,,,,0.069485604763031
22,1,retriever,dense_retrieve|sparse_retrieve|hybrid_retrieve|hybrid_rerank,hybrid_rerank,-0.02,0,grader,0.199826,-0.837883,0.301883,-0.909194,0.199826,-0.837883,0.301883,-0.909194,0.5999132096767426,3,0.6509412676095963,0.0454028844833374,,,,,,,,,,
22,2,grader,keep_all|loose_filter|medium_filter|strict_filter|rerank_only,rerank_only,-0.07,0,generator,-0.625823,-1.0,-0.777289,,-0.625823,-1.0,-0.777289,0.0,,,,,,,0.18708860874176025,0.5,0.11135566234588623,,,,,
22,3,generator,generate_answer|generate_with_strict_citations|generate_short_answer,generate_short_answer,-0.07,0,verifier,0.242164,-1.0,0.921894,-1.0,0.242164,-1.0,0.921894,-1.0,,,,,,,,,,0.6210821717977524,0.0,187,0.0,
22,4,verifier,verify_answer,verify_answer,0.5965,1,,-1.0,,,,-1.0,0.0,0.0,0.0,,,,,,,,,,,,,,0.0
23,1,retriever,dense_retrieve|sparse_retrieve|hybrid_retrieve|hybrid_rerank,hybrid_rerank,-0.02,0,grader,-0.668743,-1.0,0.835705,-1.0,-0.668743,-1.0,0.835705,-1.0,0.16562867164611816,3,0.9178523123264313,0.0,,,,,,,,,,
23,2,grader,keep_all|loose_filter|medium_filter|strict_filter|rerank_only,rerank_only,-0.07,0,generator,-0.925282,-0.977144,-0.438005,,-0.925282,-0.977144,-0.438005,0.0,,,,,,,0.0373588502407074,0.505714014172554,0.28099754452705383,,,,,
23,3,generator,generate_answer|generate_with_strict_citations|generate_short_answer,generate_short_answer,-0.07,0,verifier,0.08445,-0.78062,0.968549,-0.998759,0.08445,-0.78062,0.968549,-0.998759,,,,,,,,,,0.5422247685492039,0.10969018936157227,189,0.0006204843521118164,
23,4,verifier,verify_answer,verify_answer,0.7769,1,,-0.929817,,,,-0.929817,0.0,0.0,0.0,,,,,,,,,,,,,,0.035091519355773926
24,1,retriever,dense_retrieve|sparse_retrieve|hybrid_retrieve|hybrid_rerank,hybrid_rerank,-0.02,0,grader,-0.738672,-1.0,0.600262,-0.878315,-0.738672,-1.0,0.600262,-0.878315,0.1306639015674591,3,0.8001308739185333,0.06084272265434265,,,,,,,,,,
24,2,grader,keep_all|loose_filter|medium_filter|strict_filter|rerank_only,rerank_only,-0.07,0,generator,-0.860785,-0.897415,-0.299764,,-0.860785,-0.897415,-0.299764,0.0,,,,,,,0.06960725784301758,0.5256462693214417,0.3501179814338684,,,,,
24,3,generator,generate_answer|generate_with_strict_citations|generate_short_answer,generate_short_answer,-0.07,0,verifier,0.279427,-0.64813,0.681246,-0.83944,0.279427,-0.64813,0.681246,-0.83944,,,,,,,,,,0.6397137492895126,0.17593488097190857,199,0.08027979731559753,
24,4,verifier,verify_answer,verify_answer,0.4852,1,,-0.911058,,,,-0.911058,0.0,0.0,0.0,,,,,,,,,,,,,,0.04447093605995178
25,1,retriever,dense_retrieve|sparse_retrieve|hybrid_retrieve|hybrid_rerank,hybrid_rerank,-0.02,0,grader,0.289282,-1.0,0.09634,-0.754664,0.289282,-1.0,0.09634,-0.754664,0.644640788435936,3,0.548169918358326,0.1226678192615509,,,,,,,,,,
25,2,grader,keep_all|loose_filter|medium_filter|strict_filter|rerank_only,rerank_only,-0.07,0,generator,-0.875001,-0.869015,-0.887071,,-0.875001,-0.869015,-0.887071,0.0,,,,,,,0.06249925494194031,0.5327462553977966,0.05646473169326782,,,,,
25,3,generator,generate_answer|generate_with_strict_citations|generate_short_answer,generate_short_answer,-0.07,0,verifier,0.641127,-0.842559,1.0,-0.658718,0.641127,-0.842559,1.0,-0.658718,,,,,,,,,,0.8205636143684387,0.07872048020362854,257,0.17064103484153748,
25,4,verifier,verify_answer,verify_answer,0.9734,1,,-0.905063,,,,-0.905063,0.0,0.0,0.0,,,,,,,,,,,,,,0.0474683940410614
26,1,retriever,dense_retrieve|sparse_retrieve|hybrid_retrieve|hybrid_rerank,dense_retrieve,-0.02,0,grader,0.306111,-1.0,-0.384091,-0.729547,0.306111,-1.0,-0.384091,-0.729547,0.6530555635690689,3,0.30795441567897797,0.13522633910179138,,,,,,,,,,
26,2,grader,keep_all|loose_filter|medium_filter|strict_filter|rerank_only,rerank_only,-0.07,0,generator,-0.660337,-0.978948,-0.760134,,-0.660337,-0.978948,-0.760134,0.0,,,,,,,0.16983136534690857,0.5052628815174103,0.11993318796157837,,,,,
26,3,generator,generate_answer|generate_with_strict_citations|generate_short_answer,generate_short_answer,-0.07,0,verifier,0.792237,-0.88835,0.941886,-0.844336,0.792237,-0.88835,0.941886,-0.844336,,,,,,,,,,0.8961186110973358,0.05582514405250549,217,0.0778321921825409,
26,4,verifier,verify_answer,verify_answer,0.6271,1,,-0.834645,,,,-0.834645,0.0,0.0,0.0,,,,,,,,,,,,,,0.08267754316329956
27,1,retriever,dense_retrieve|sparse_retrieve|hybrid_retrieve|hybrid_rerank,hybrid_rerank,-0.02,0,grader,-0.543082,-0.874518,0.799468,-0.425025,-0.543082,-0.874518,0.799468,-0.425025,0.22845882177352905,3,0.8997339010238647,0.28748759627342224,,,,,,,,,,
27,2,grader,keep_all|loose_filter|medium_filter|strict_filter|rerank_only,rerank_only,-0.07,0,generator,-0.718259,-1.0,0.003396,,-0.718259,-1.0,0.003396,0.0,,,,,,,0.1408703625202179,0.5,0.5016979749780148,,,,,
27,3,generator,generate_answer|generate_with_strict_citations|generate_short_answer,generate_short_answer,-0.07,0,verifier,0.845421,-0.96306,1.0,-0.786463,0.845421,-0.96306,1.0,-0.786463,,,,,,,,,,0.9227104783058167,0.01847022771835327,232,0.10676825046539307,
27,4,verifier,verify_answer,verify_answer,0.5454,1,,-0.685659,,,,-0.685659,0.0,0.0,0.0,,,,,,,,,,,,,,0.15717041492462158
28,1,retriever,dense_retrieve|sparse_retrieve|hybrid_retrieve|hybrid_rerank,hybrid_rerank,-0.02,0,grader,-0.333169,-1.0,0.747325,0.468036,-0.333169,-1.0,0.747325,0.468036,0.33341556787490845,3,0.8736625909805298,0.7340182065963745,,,,,,,,,,
28,2,grader,keep_all|loose_filter|medium_filter|strict_filter|rerank_only,rerank_only,-0.07,0,generator,-0.594169,-0.903234,-0.782579,,-0.594169,-0.903234,-0.782579,0.0,,,,,,,0.2029154896736145,0.5241914540529251,0.10871031880378723,,,,,
28,3,generator,generate_answer|generate_with_strict_citations|generate_short_answer,generate_short_answer,-0.07,0,verifier,0.798617,-0.97445,0.880565,-0.397733,0.798617,-0.97445,0.880565,-0.397733,,,,,,,,,,0.8993087112903595,0.012775123119354248,294,0.3011336922645569,
28,4,verifier,verify_answer,verify_answer,0.6556,1,,-1.0,,,,-1.0,0.0,0.0,0.0,,,,,,,,,,,,,,0.0
29,1,retriever,dense_retrieve|sparse_retrieve|hybrid_retrieve|hybrid_rerank,hybrid_rerank,-0.02,0,grader,-0.083966,-1.0,0.714247,0.553019,-0.083966,-1.0,0.714247,0.553019,0.4580170176923275,3,0.8571233153343201,0.776509702205658,,,,,,,,,,
29,2,grader,keep_all|loose_filter|medium_filter|strict_filter|rerank_only,rerank_only,-0.07,0,generator,-0.681624,-0.960877,-0.526595,,-0.681624,-0.960877,-0.526595,0.0,,,,,,,0.15918812155723572,0.5097807198762894,0.23670241236686707,,,,,
29,3,generator,generate_answer|generate_with_strict_citations|generate_short_answer,generate_short_answer,-0.07,0,verifier,0.87923,-1.0,1.0,-0.663024,0.87923,-1.0,1.0,-0.663024,,,,,,,,,,0.9396152198314667,0.0,256,0.1684878170490265,
29,4,verifier,verify_answer,verify_answer,0.6352,1,,-1.0,,,,-1.0,0.0,0.0,0.0,,,,,,,,,,,,,,0.0
30,1,retriever,dense_retrieve|sparse_retrieve|hybrid_retrieve|hybrid_rerank,dense_retrieve,-0.02,0,grader,0.717122,-1.0,-0.174344,0.398658,0.717122,-1.0,-0.174344,0.398658,0.8585610091686249,3,0.412828229367733,0.699329063296318,,,,,,,,,,
30,2,grader,keep_all|loose_filter|medium_filter|strict_filter|rerank_only,rerank_only,-0.07,0,generator,0.141102,-1.0,-0.910667,,0.141102,-1.0,-0.910667,0.0,,,,,,,0.5705512464046478,0.5,0.04466646909713745,,,,,
30,3,generator,generate_answer|generate_with_strict_citations|generate_short_answer,generate_short_answer,-0.07,0,verifier,0.829222,-0.982593,0.935253,-0.472775,0.829222,-0.982593,0.935253,-0.472775,,,,,,,,,,0.9146109819412231,0.008703619241714478,286,0.26361244916915894,
30,4,verifier,verify_answer,verify_answer,0.5624,1,,-1.0,,,,-1.0,0.0,0.0,0.0,,,,,,,,,,,,,,0.0
31,1,retriever,dense_retrieve|sparse_retrieve|hybrid_retrieve|hybrid_rerank,hybrid_rerank,-0.02,0,grader,0.522203,-0.767969,0.736638,0.782048,0.522203,-0.767969,0.736638,0.782048,0.7611013948917389,4,0.8683190643787384,0.8910239636898041,,,,,,,,,,
31,2,grader,keep_all|loose_filter|medium_filter|strict_filter|rerank_only,medium_filter,-0.07,0,generator,-0.064121,-1.0,0.758017,,-0.064121,-1.0,0.758017,0.0,,,,,,,0.4679395481944084,0.5,0.8790086209774017,,,,,
31,3,generator,generate_answer|generate_with_strict_citations|generate_short_answer,generate_short_answer,-0.07,0,verifier,0.965934,-0.971842,0.86803,-0.102758,0.965934,-0.971842,0.86803,-0.102758,,,,,,,,,,0.9829669892787933,0.014078766107559204,348,0.44862085580825806,
31,4,verifier,verify_answer,verify_answer,0.2784,1,,-0.92494,,,,-0.92494,0.0,0.0,0.0,,,,,,,,,,,,,,0.03752985596656799
32,1,retriever,dense_retrieve|sparse_retrieve|hybrid_retrieve|hybrid_rerank,hybrid_rerank,-0.02,0,grader,0.995449,-0.853897,1.0,0.809569,0.995449,-0.853897,1.0,0.809569,0.9977243542671204,3,1.0,0.9047842621803284,,,,,,,,,,
32,2,grader,keep_all|loose_filter|medium_filter|strict_filter|rerank_only,rerank_only,-0.07,0,generator,0.500205,-0.970442,-0.261548,,0.500205,-0.970442,-0.261548,0.0,,,,,,,0.7501025497913361,0.5073894262313843,0.36922623217105865,,,,,
32,3,generator,generate_answer|generate_with_strict_citations|generate_short_answer,generate_short_answer,-0.07,0,verifier,0.856654,-1.0,0.891883,-0.271477,0.856654,-1.0,0.891883,-0.271477,,,,,,,,,,0.9283267557621002,0.0,319,0.3642615079879761,
32,4,verifier,verify_answer,verify_answer,0.7224,1,,-1.0,,,,-1.0,0.0,0.0,0.0,,,,,,,,,,,,,,0.0
33,1,retriever,dense_retrieve|sparse_retrieve|hybrid_retrieve|hybrid_rerank,hybrid_rerank,-0.02,0,grader,0.617255,-0.975419,0.853535,1.0,0.617255,-0.975419,0.853535,1.0,0.8086273968219757,3,0.9267672896385193,1.0,,,,,,,,,,
33,2,grader,keep_all|loose_filter|medium_filter|strict_filter|rerank_only,medium_filter,-0.07,0,generator,0.616412,-1.0,0.654152,,0.616412,-1.0,0.654152,0.0,,,,,,,0.8082058131694794,0.5,0.8270761370658875,,,,,
33,3,generator,generate_answer|generate_with_strict_citations|generate_short_answer,generate_answer,-0.07,0,verifier,1.0,-1.0,1.0,0.412747,1.0,-1.0,1.0,0.412747,,,,,,,,,,1.0,0.0,384,0.7063735127449036,
33,4,verifier,verify_answer,verify_answer,0.7133,1,,-1.0,,,,-1.0,0.0,0.0,0.0,,,,,,,,,,,,,,0.0
34,1,retriever,dense_retrieve|sparse_retrieve|hybrid_retrieve|hybrid_rerank,hybrid_rerank,-0.02,0,grader,0.592873,-0.794408,0.794847,1.0,0.592873,-0.794408,0.794847,1.0,0.7964365482330322,3,0.8974237442016602,1.0,,,,,,,,,,
34,2,grader,keep_all|loose_filter|medium_filter|strict_filter|rerank_only,rerank_only,-0.07,0,generator,0.617925,-1.0,-0.389029,,0.617925,-1.0,-0.389029,0.0,,,,,,,0.808962494134903,0.5,0.30548568069934845,,,,,
34,3,generator,generate_answer|generate_with_strict_citations|generate_short_answer,generate_short_answer,-0.07,0,verifier,0.989644,-1.0,1.0,0.083301,0.989644,-1.0,1.0,0.083301,,,,,,,,,,0.9948222041130066,0.0,384,0.5416505709290504,
34,4,verifier,verify_answer,verify_answer,0.5997,1,,-1.0,,,,-1.0,0.0,0.0,0.0,,,,,,,,,,,,,,0.0
35,1,retriever,dense_retrieve|sparse_retrieve|hybrid_retrieve|hybrid_rerank,hybrid_rerank,-0.02,0,grader,0.841763,-0.919385,0.630715,0.722098,0.841763,-0.919385,0.630715,0.722098,0.9208813309669495,3,0.8153575360774994,0.8610491752624512,,,,,,,,,,
35,2,grader,keep_all|loose_filter|medium_filter|strict_filter|rerank_only,rerank_only,-0.07,0,generator,0.714,-0.806041,-0.481901,,0.714,-0.806041,-0.481901,0.0,,,,,,,0.8570002317428589,0.5484898090362549,0.25904954969882965,,,,,
35,3,generator,generate_answer|generate_with_strict_citations|generate_short_answer,generate_short_answer,-0.07,0,verifier,0.876636,-0.753433,0.988472,0.229034,0.876636,-0.753433,0.988472,0.229034,,,,,,,,,,0.9383181929588318,0.12328332662582397,384,0.6145171299576759,
35,4,verifier,verify_answer,verify_answer,0.7781,1,,-0.98951,,,,-0.98951,0.0,0.0,0.0,,,,,,,,,,,,,,0.00524488091468811
36,1,retriever,dense_retrieve|sparse_retrieve|hybrid_retrieve|hybrid_rerank,hybrid_rerank,-0.02,0,grader,1.0,-0.734429,0.771068,1.0,1.0,-0.734429,0.771068,1.0,1.0,4,0.8855337798595428,1.0,,,,,,,,,,
36,2,grader,keep_all|loose_filter|medium_filter|strict_filter|rerank_only,medium_filter,-0.07,0,generator,0.990487,-0.791474,0.703248,,0.990487,-0.791474,0.703248,0.0,,,,,,,0.9952436089515686,0.5521315634250641,0.8516240417957306,,,,,
36,3,generator,generate_answer|generate_with_strict_citations|generate_short_answer,generate_short_answer,-0.07,0,verifier,1.0,-0.833881,0.717977,0.283754,1.0,-0.833881,0.717977,0.283754,,,,,,,,,,1.0,0.08305951952934265,384,0.6418771594762802,
36,4,verifier,verify_answer,verify_answer,0.6115,1,,-1.0,,,,-1.0,0.0,0.0,0.0,,,,,,,,,,,,,,0.0
37,1,retriever,dense_retrieve|sparse_retrieve|hybrid_retrieve|hybrid_rerank,hybrid_rerank,-0.02,0,grader,0.806805,-0.88949,1.0,0.971005,0.806805,-0.88949,1.0,0.971005,0.9034025371074677,3,1.0,0.9855025112628937,,,,,,,,,,
37,2,grader,keep_all|loose_filter|medium_filter|strict_filter|rerank_only,rerank_only,-0.07,0,generator,1.0,-1.0,-0.196717,,1.0,-1.0,-0.196717,0.0,,,,,,,1.0,0.5,0.40164149552583694,,,,,
37,3,generator,generate_answer|generate_with_strict_citations|generate_short_answer,generate_short_answer,-0.07,0,verifier,0.97727,-0.935934,0.979214,0.055218,0.97727,-0.935934,0.979214,0.055218,,,,,,,,,,0.9886349439620972,0.03203281760215759,384,0.5276092030107975,
37,4,verifier,verify_answer,verify_answer,0.6764,1,,-1.0,,,,-1.0,0.0,0.0,0.0,,,,,,,,,,,,,,0.0
38,1,retriever,dense_retrieve|sparse_retrieve|hybrid_retrieve|hybrid_rerank,hybrid_rerank,-0.02,0,grader,0.682732,-0.896877,0.784316,0.740465,0.682732,-0.896877,0.784316,0.740465,0.8413659036159515,3,0.8921578526496887,0.8702325224876404,,,,,,,,,,
38,2,grader,keep_all|loose_filter|medium_filter|strict_filter|rerank_only,strict_filter,-0.07,0,generator,0.878465,-1.0,0.878403,,0.878465,-1.0,0.878403,0.0,,,,,,,0.9392326176166534,0.5,0.9392017126083374,,,,,
38,3,generator,generate_answer|generate_with_strict_citations|generate_short_answer,generate_answer,-0.07,0,verifier,1.0,-1.0,1.0,0.449701,1.0,-1.0,1.0,0.449701,,,,,,,,,,1.0,0.0,384,0.7248506247997284,
38,4,verifier,verify_answer,verify_answer,0.3795,1,,-1.0,,,,-1.0,0.0,0.0,0.0,,,,,,,,,,,,,,0.0
39,1,retriever,dense_retrieve|sparse_retrieve|hybrid_retrieve|hybrid_rerank,hybrid_rerank,-0.02,0,grader,0.850631,-1.0,0.550545,0.764915,0.850631,-1.0,0.550545,0.764915,0.9253153204917908,3,0.7752726674079895,0.8824577033519745,,,,,,,,,,
39,2,grader,keep_all|loose_filter|medium_filter|strict_filter|rerank_only,rerank_only,-0.07,0,generator,1.0,-0.993227,0.137171,,1.0,-0.993227,0.137171,0.0,,,,,,,1.0,0.5016932636499405,0.5685855746269226,,,,,
39,3,generator,generate_answer|generate_with_strict_citations|generate_short_answer,generate_answer,-0.07,0,verifier,1.0,-1.0,0.951584,0.503793,1.0,-1.0,0.951584,0.503793,,,,,,,,,,1.0,0.0,384,0.7518965601921082,
39,4,verifier,verify_answer,verify_answer,0.8201,1,,-0.886147,,,,-0.886147,0.0,0.0,0.0,,,,,,,,,,,,,,0.056926339864730835
40,1,retriever,dense_retrieve|sparse_retrieve|hybrid_retrieve|hybrid_rerank,hybrid_rerank,-0.02,0,grader,0.624656,-1.0,0.710323,0.600152,0.624656,-1.0,0.710323,0.600152,0.8123279809951782,3,0.855161726474762,0.8000758588314056,,,,,,,,,,
40,2,grader,keep_all|loose_filter|medium_filter|strict_filter|rerank_only,strict_filter,-0.07,0,generator,0.762056,-0.793493,0.997147,,0.762056,-0.793493,0.997147,0.0,,,,,,,0.8810281455516815,0.5516266375780106,0.9985734522342682,,,,,
40,3,generator,generate_answer|generate_with_strict_citations|generate_short_answer,generate_answer,-0.07,0,verifier,0.945745,-0.908819,1.0,1.0,0.945745,-0.908819,1.0,1.0,,,,,,,,,,0.9728724956512451,0.04559040069580078,384,1.0,
40,4,verifier,verify_answer,verify_answer,0.566,1,,-0.831832,,,,-0.831832,0.0,0.0,0.0,,,,,,,,,,,,,,0.08408376574516296
41,1,retriever,dense_retrieve|sparse_retrieve|hybrid_retrieve|hybrid_rerank,hybrid_rerank,-0.02,0,grader,0.771367,-1.0,0.388985,0.863562,0.771367,-1.0,0.388985,0.863562,0.8856833577156067,3,0.6944925040006638,0.9317812025547028,,,,,,,,,,
41,2,grader,keep_all|loose_filter|medium_filter|strict_filter|rerank_only,strict_filter,-0.07,0,generator,0.863953,-1.0,0.844617,,0.863953,-1.0,0.844617,0.0,,,,,,,0.931976705789566,0.5,0.9223083853721619,,,,,
41,3,generator,generate_answer|generate_with_strict_citations|generate_short_answer,generate_answer,-0.07,0,verifier,0.811085,-0.742285,1.0,0.710628,0.811085,-0.742285,1.0,0.710628,,,,,,,,,,0.9055427312850952,0.12885752320289612,384,0.8553141951560974,
41,4,verifier,verify_answer,verify_answer,0.656,1,,-0.777771,,,,-0.777771,0.0,0.0,0.0,,,,,,,,,,,,,,0.11111471056938171
42,1,retriever,dense_retrieve|sparse_retrieve|hybrid_retrieve|hybrid_rerank,hybrid_rerank,-0.02,0,grader,0.6123,-1.0,0.984045,1.0,0.6123,-1.0,0.984045,1.0,0.8061501979827881,3,0.9920224845409393,1.0,,,,,,,,,,
42,2,grader,keep_all|loose_filter|medium_filter|strict_filter|rerank_only,loose_filter,-0.07,0,generator,0.837685,-1.0,0.587295,,0.837685,-1.0,0.587295,0.0,,,,,,,0.9188427031040192,0.5,0.7936474680900574,,,,,
42,3,generator,generate_answer|generate_with_strict_citations|generate_short_answer,generate_answer,-0.07,0,verifier,0.774193,-0.857094,1.0,0.486146,0.774193,-0.857094,1.0,0.486146,,,,,,,,,,0.8870963156223297,0.07145294547080994,384,0.7430729120969772,
42,4,verifier,verify_answer,verify_answer,0.7374,1,,-0.915346,,,,-0.915346,0.0,0.0,0.0,,,,,,,,,,,,,,0.04232680797576904
43,1,retriever,dense_retrieve|sparse_retrieve|hybrid_retrieve|hybrid_rerank,hybrid_rerank,-0.02,0,grader,0.429711,-1.0,0.66471,0.791683,0.429711,-1.0,0.66471,0.791683,0.714855745434761,3,0.8323552310466766,0.8958413004875183,,,,,,,,,,
43,2,grader,keep_all|loose_filter|medium_filter|strict_filter|rerank_only,medium_filter,-0.07,0,generator,1.0,-1.0,0.780036,,1.0,-1.0,0.780036,0.0,,,,,,,1.0,0.5,0.8900178670883179,,,,,
43,3,generator,generate_answer|generate_with_strict_citations|generate_short_answer,generate_answer,-0.07,0,verifier,0.972151,-1.0,0.847273,0.645961,0.972151,-1.0,0.847273,0.645961,,,,,,,,,,0.9860754311084747,0.0,384,0.8229806125164032,
43,4,verifier,verify_answer,verify_answer,0.6096,1,,-0.886503,,,,-0.886503,0.0,0.0,0.0,,,,,,,,,,,,,,0.05674871802330017
44,1,retriever,dense_retrieve|sparse_retrieve|hybrid_retrieve|hybrid_rerank,hybrid_rerank,-0.02,0,grader,0.68092,-1.0,0.611169,0.995036,0.68092,-1.0,0.611169,0.995036,0.8404602408409119,3,0.8055846691131592,0.9975180923938751,,,,,,,,,,
44,2,grader,keep_all|loose_filter|medium_filter|strict_filter|rerank_only,loose_filter,-0.07,0,generator,0.745334,-0.917679,0.494699,,0.745334,-0.917679,0.494699,0.0,,,,,,,0.8726670145988464,0.5205803215503693,0.7473496347665787,,,,,
44,3,generator,generate_answer|generate_with_strict_citations|generate_short_answer,generate_answer,-0.07,0,verifier,1.0,-1.0,0.713023,0.457558,1.0,-1.0,0.713023,0.457558,,,,,,,,,,1.0,0.0,384,0.7287791520357132,
44,4,verifier,verify_answer,verify_answer,0.6546,1,,-0.992605,,,,-0.992605,0.0,0.0,0.0,,,,,,,,,,,,,,0.003697633743286133
45,1,retriever,dense_retrieve|sparse_retrieve|hybrid_retrieve|hybrid_rerank,hybrid_rerank,-0.02,0,grader,0.476357,-1.0,0.765311,0.617036,0.476357,-1.0,0.765311,0.617036,0.7381785064935684,3,0.8826555907726288,0.8085181415081024,,,,,,,,,,
45,2,grader,keep_all|loose_filter|medium_filter|strict_filter|rerank_only,medium_filter,-0.07,0,generator,0.985228,-1.0,0.628118,,0.985228,-1.0,0.628118,0.0,,,,,,,0.9926139712333679,0.5,0.8140591979026794,,,,,
45,3,generator,generate_answer|generate_with_strict_citations|generate_short_answer,generate_answer,-0.07,0,verifier,0.983439,-1.0,0.927866,0.873796,0.983439,-1.0,0.927866,0.873796,,,,,,,,,,0.9917197227478027,0.0,384,0.9368982017040253,
45,4,verifier,verify_answer,verify_answer,0.5976,1,,-1.0,,,,-1.0,0.0,0.0,0.0,,,,,,,,,,,,,,0.0
46,1,retriever,dense_retrieve|sparse_retrieve|hybrid_retrieve|hybrid_rerank,hybrid_rerank,-0.02,0,grader,0.676248,-1.0,0.462261,0.986772,0.676248,-1.0,0.462261,0.986772,0.8381242454051971,3,0.7311305403709412,0.9933858811855316,,,,,,,,,,
46,2,grader,keep_all|loose_filter|medium_filter|strict_filter|rerank_only,medium_filter,-0.07,0,generator,0.625891,-1.0,0.60268,,0.625891,-1.0,0.60268,0.0,,,,,,,0.8129456639289856,0.5,0.8013398945331573,,,,,
46,3,generator,generate_answer|generate_with_strict_citations|generate_short_answer,generate_answer,-0.07,0,verifier,0.951698,-0.940158,0.895366,0.643308,0.951698,-0.940158,0.895366,0.643308,,,,,,,,,,0.9758487641811371,0.029921144247055054,384,0.8216540515422821,
46,4,verifier,verify_answer,verify_answer,0.6474,1,,-1.0,,,,-1.0,0.0,0.0,0.0,,,,,,,,,,,,,,0.0
47,1,retriever,dense_retrieve|sparse_retrieve|hybrid_retrieve|hybrid_rerank,hybrid_rerank,-0.02,0,grader,0.826985,-0.95835,0.415383,-0.146172,0.826985,-0.95835,0.415383,-0.146172,0.9134927093982697,3,0.7076917290687561,0.42691417783498764,,,,,,,,,,
47,2,grader,keep_all|loose_filter|medium_filter|strict_filter|rerank_only,strict_filter,-0.07,0,generator,0.91414,-1.0,0.992983,,0.91414,-1.0,0.992983,0.0,,,,,,,0.9570699334144592,0.5,0.9964915812015533,,,,,
47,3,generator,generate_answer|generate_with_strict_citations|generate_short_answer,generate_answer,-0.07,0,verifier,0.885352,-0.952831,1.0,0.84162,0.885352,-0.952831,1.0,0.84162,,,,,,,,,,0.9426761567592621,0.023584604263305664,384,0.9208101034164429,
47,4,verifier,verify_answer,verify_answer,0.7074,1,,-1.0,,,,-1.0,0.0,0.0,0.0,,,,,,,,,,,,,,0.0
48,1,retriever,dense_retrieve|sparse_retrieve|hybrid_retrieve|hybrid_rerank,hybrid_rerank,-0.02,0,grader,0.853602,-1.0,0.111201,0.431747,0.853602,-1.0,0.111201,0.431747,0.9268009960651398,3,0.5556006170809269,0.7158736139535904,,,,,,,,,,
48,2,grader,keep_all|loose_filter|medium_filter|strict_filter|rerank_only,medium_filter,-0.07,0,generator,0.715756,-1.0,0.707917,,0.715756,-1.0,0.707917,0.0,,,,,,,0.8578777611255646,0.5,0.8539584279060364,,,,,
48,3,generator,generate_answer|generate_with_strict_citations|generate_short_answer,generate_answer,-0.07,0,verifier,1.0,-0.947039,0.95106,0.6699,1.0,-0.947039,0.95106,0.6699,,,,,,,,,,1.0,0.02648031711578369,384,0.834949791431427,
48,4,verifier,verify_answer,verify_answer,0.6883,1,,-1.0,,,,-1.0,0.0,0.0,0.0,,,,,,,,,,,,,,0.0
49,1,retriever,dense_retrieve|sparse_retrieve|hybrid_retrieve|hybrid_rerank,hybrid_rerank,-0.02,0,grader,0.748339,-0.881432,0.304938,0.873143,0.748339,-0.881432,0.304938,0.873143,0.8741694688796997,3,0.6524689495563507,0.9365713000297546,,,,,,,,,,
49,2,grader,keep_all|loose_filter|medium_filter|strict_filter|rerank_only,strict_filter,-0.07,0,generator,1.0,-1.0,0.80027,,1.0,-1.0,0.80027,0.0,,,,,,,1.0,0.5,0.9001350998878479,,,,,
49,3,generator,generate_answer|generate_with_strict_citations|generate_short_answer,generate_short_answer,-0.07,0,verifier,1.0,-0.968778,1.0,0.302097,1.0,-0.968778,1.0,0.302097,,,,,,,,,,1.0,0.01561078429222107,384,0.6510487347841263,
49,4,verifier,verify_answer,verify_answer,0.5351,1,,-1.0,,,,-1.0,0.0,0.0,0.0,,,,,,,,,,,,,,0.0
50,1,retriever,dense_retrieve|sparse_retrieve|hybrid_retrieve|hybrid_rerank,hybrid_rerank,-0.02,0,grader,0.916904,-1.0,0.414099,-0.382627,0.916904,-1.0,0.414099,-0.382627,0.9584520161151886,3,0.7070492655038834,0.3086867183446884,,,,,,,,,,
50,2,grader,keep_all|loose_filter|medium_filter|strict_filter|rerank_only,strict_filter,-0.07,0,generator,1.0,-0.949038,1.0,,1.0,-0.949038,1.0,0.0,,,,,,,1.0,0.5127403885126114,1.0,,,,,
50,3,generator,generate_answer|generate_with_strict_citations|generate_short_answer,generate_short_answer,-0.07,0,verifier,0.846661,-1.0,0.839295,0.277027,0.846661,-1.0,0.839295,0.277027,,,,,,,,,,0.9233302772045135,0.0,384,0.6385133415460587,
50,4,verifier,verify_answer,verify_answer,0.5156,1,,-0.943241,,,,-0.943241,0.0,0.0,0.0,,,,,,,,,,,,,,0.028379470109939575
51,1,retriever,dense_retrieve|sparse_retrieve|hybrid_retrieve|hybrid_rerank,hybrid_rerank,-0.02,0,grader,0.921646,-1.0,0.828261,0.975244,0.921646,-1.0,0.828261,0.975244,0.9608230590820312,3,0.9141305983066559,0.9876217842102051,,,,,,,,,,
51,2,grader,keep_all|loose_filter|medium_filter|strict_filter|rerank_only,medium_filter,-0.07,0,generator,1.0,-0.718024,0.653135,,1.0,-0.718024,0.653135,0.0,,,,,,,1.0,0.5704939216375351,0.8265675604343414,,,,,
51,3,generator,generate_answer|generate_with_strict_citations|generate_short_answer,generate_short_answer,-0.07,0,verifier,0.7834,-1.0,1.0,-0.051917,0.7834,-1.0,1.0,-0.051917,,,,,,,,,,0.8917000591754913,0.0,374,0.4740416593849659,
51,4,verifier,verify_answer,verify_answer,0.6031,1,,-1.0,,,,-1.0,0.0,0.0,0.0,,,,,,,,,,,,,,0.0
52,1,retriever,dense_retrieve|sparse_retrieve|hybrid_retrieve|hybrid_rerank,hybrid_rerank,-0.02,0,grader,0.904054,-1.0,0.808436,-0.056258,0.904054,-1.0,0.808436,-0.056258,0.952026754617691,3,0.9042182266712189,0.4718712419271469,,,,,,,,,,
52,2,grader,keep_all|loose_filter|medium_filter|strict_filter|rerank_only,strict_filter,-0.07,0,generator,1.0,-0.890349,1.0,,1.0,-0.890349,1.0,0.0,,,,,,,1.0,0.5274126380681992,1.0,,,,,
52,3,generator,generate_answer|generate_with_strict_citations|generate_short_answer,generate_short_answer,-0.07,0,verifier,0.957505,-1.0,1.0,-0.05655,0.957505,-1.0,1.0,-0.05655,,,,,,,,,,0.9787524938583374,0.0,373,0.47172486037015915,
52,4,verifier,verify_answer,verify_answer,0.5062,1,,-0.798037,,,,-0.798037,0.0,0.0,0.0,,,,,,,,,,,,,,0.10098162293434143
53,1,retriever,dense_retrieve|sparse_retrieve|hybrid_retrieve|hybrid_rerank,hybrid_rerank,-0.02,0,grader,1.0,-1.0,0.502301,0.832028,1.0,-1.0,0.502301,0.832028,1.0,3,0.751150369644165,0.9160138964653015,,,,,,,,,,
53,2,grader,keep_all|loose_filter|medium_filter|strict_filter|rerank_only,loose_filter,-0.07,0,generator,1.0,-0.835483,0.425698,,1.0,-0.835483,0.425698,0.0,,,,,,,1.0,0.5411291867494583,0.7128491252660751,,,,,
53,3,generator,generate_answer|generate_with_strict_citations|generate_short_answer,generate_short_answer,-0.07,0,verifier,1.0,-1.0,0.928143,-0.893903,1.0,-1.0,0.928143,-0.893903,,,,,,,,,,1.0,0.0,206,0.053048551082611084,
53,4,verifier,verify_answer,verify_answer,0.5307,1,,-1.0,,,,-1.0,0.0,0.0,0.0,,,,,,,,,,,,,,0.0
54,1,retriever,dense_retrieve|sparse_retrieve|hybrid_retrieve|hybrid_rerank,hybrid_rerank,-0.02,0,grader,1.0,-0.98689,0.278848,0.648567,1.0,-0.98689,0.278848,0.648567,1.0,3,0.639424055814743,0.8242834210395813,,,,,,,,,,
54,2,grader,keep_all|loose_filter|medium_filter|strict_filter|rerank_only,loose_filter,-0.07,0,generator,0.946916,-0.749264,0.505028,,0.946916,-0.749264,0.505028,0.0,,,,,,,0.9734581112861633,0.5626839101314545,0.7525142133235931,,,,,
54,3,generator,generate_answer|generate_with_strict_citations|generate_short_answer,generate_short_answer,-0.07,0,verifier,0.748155,-1.0,0.951375,-1.0,0.748155,-1.0,0.951375,-1.0,,,,,,,,,,0.8740773499011993,0.0,188,0.0,
54,4,verifier,verify_answer,verify_answer,0.4005,1,,-1.0,,,,-1.0,0.0,0.0,0.0,,,,,,,,,,,,,,0.0
55,1,retriever,dense_retrieve|sparse_retrieve|hybrid_retrieve|hybrid_rerank,hybrid_rerank,-0.02,0,grader,0.853073,-0.893607,0.953444,1.0,0.853073,-0.893607,0.953444,1.0,0.9265363812446594,3,0.9767220318317413,1.0,,,,,,,,,,
55,2,grader,keep_all|loose_filter|medium_filter|strict_filter|rerank_only,strict_filter,-0.07,0,generator,0.956162,-1.0,1.0,,0.956162,-1.0,1.0,0.0,,,,,,,0.9780807793140411,0.5,1.0,,,,,
55,3,generator,generate_answer|generate_with_strict_citations|generate_short_answer,generate_short_answer,-0.07,0,verifier,0.96689,-0.987513,0.989041,-0.877729,0.96689,-0.987513,0.989041,-0.877729,,,,,,,,,,0.9834449291229248,0.006243526935577393,214,0.06113538146018982,
55,4,verifier,verify_answer,verify_answer,0.6105,1,,-1.0,,,,-1.0,0.0,0.0,0.0,,,,,,,,,,,,,,0.0
56,1,retriever,dense_retrieve|sparse_retrieve|hybrid_retrieve|hybrid_rerank,hybrid_rerank,-0.02,0,grader,0.81802,-1.0,0.332183,0.04919,0.81802,-1.0,0.332183,0.04919,0.9090100228786469,3,0.6660914868116379,0.5245949197560549,,,,,,,,,,
56,2,grader,keep_all|loose_filter|medium_filter|strict_filter|rerank_only,strict_filter,-0.07,0,generator,0.880324,-0.983406,0.867743,,0.880324,-0.983406,0.867743,0.0,,,,,,,0.9401621222496033,0.504148468375206,0.9338715672492981,,,,,
56,3,generator,generate_answer|generate_with_strict_citations|generate_short_answer,generate_short_answer,-0.07,0,verifier,1.0,-1.0,1.0,-0.73589,1.0,-1.0,1.0,-0.73589,,,,,,,,,,1.0,0.0,242,0.13205501437187195,
56,4,verifier,verify_answer,verify_answer,0.5956,1,,-1.0,,,,-1.0,0.0,0.0,0.0,,,,,,,,,,,,,,0.0
57,1,retriever,dense_retrieve|sparse_retrieve|hybrid_retrieve|hybrid_rerank,hybrid_rerank,-0.02,0,grader,0.862239,-1.0,0.255761,0.72428,0.862239,-1.0,0.255761,0.72428,0.9311197400093079,3,0.627880334854126,0.8621399104595184,,,,,,,,,,
57,2,grader,keep_all|loose_filter|medium_filter|strict_filter|rerank_only,loose_filter,-0.07,0,generator,0.830977,-0.736813,0.475467,,0.830977,-0.736813,0.475467,0.0,,,,,,,0.9154885709285736,0.5657966732978821,0.7377333343029022,,,,,
57,3,generator,generate_answer|generate_with_strict_citations|generate_short_answer,generate_short_answer,-0.07,0,verifier,1.0,-0.87847,0.825589,-1.0,1.0,-0.87847,0.825589,-1.0,,,,,,,,,,1.0,0.06076490879058838,180,0.0,
57,4,verifier,verify_answer,verify_answer,0.8188,1,,-0.926475,,,,-0.926475,0.0,0.0,0.0,,,,,,,,,,,,,,0.036762356758117676
58,1,retriever,dense_retrieve|sparse_retrieve|hybrid_retrieve|hybrid_rerank,hybrid_rerank,-0.02,0,grader,0.716012,-0.891127,0.480947,0.786537,0.716012,-0.891127,0.480947,0.786537,0.8580061197280884,3,0.7404737323522568,0.8932683765888214,,,,,,,,,,
58,2,grader,keep_all|loose_filter|medium_filter|strict_filter|rerank_only,rerank_only,-0.07,0,generator,1.0,-0.933026,0.268849,,1.0,-0.933026,0.268849,0.0,,,,,,,1.0,0.5167435556650162,0.634424477815628,,,,,
58,3,generator,generate_answer|generate_with_strict_citations|generate_short_answer,generate_short_answer,-0.07,0,verifier,1.0,-1.0,1.0,-0.88407,1.0,-1.0,1.0,-0.88407,,,,,,,,,,1.0,0.0,214,0.057965248823165894,
58,4,verifier,verify_answer,verify_answer,0.8207,1,,-1.0,,,,-1.0,0.0,0.0,0.0,,,,,,,,,,,,,,0.0
59,1,retriever,dense_retrieve|sparse_retrieve|hybrid_retrieve|hybrid_rerank,hybrid_rerank,-0.02,0,grader,0.898976,-1.0,0.889785,0.815542,0.898976,-1.0,0.889785,0.815542,0.9494878351688385,3,0.9448924362659454,0.9077709317207336,,,,,,,,,,
59,2,grader,keep_all|loose_filter|medium_filter|strict_filter|rerank_only,loose_filter,-0.07,0,generator,0.918503,-0.842354,0.413091,,0.918503,-0.842354,0.413091,0.0,,,,,,,0.9592515528202057,0.5394116044044495,0.7065452635288239,,,,,
59,3,generator,generate_answer|generate_with_strict_citations|generate_short_answer,generate_short_answer,-0.07,0,verifier,0.694836,-1.0,1.0,-1.0,0.694836,-1.0,1.0,-1.0,,,,,,,,,,0.8474177718162537,0.0,192,0.0,
59,4,verifier,verify_answer,verify_answer,0.6172,1,,-0.736678,,,,-0.736678,0.0,0.0,0.0,,,,,,,,,,,,,,0.13166123628616333
60,1,retriever,dense_retrieve|sparse_retrieve|hybrid_retrieve|hybrid_rerank,hybrid_rerank,-0.02,0,grader,0.516685,-0.743717,0.791445,0.833022,0.516685,-0.743717,0.791445,0.833022,0.7583426237106323,4,0.8957227170467377,0.9165112376213074,,,,,,,,,,
60,2,grader,keep_all|loose_filter|medium_filter|strict_filter|rerank_only,loose_filter,-0.07,0,generator,0.915127,-0.939841,0.592711,,0.915127,-0.939841,0.592711,0.0,,,,,,,0.9575633108615875,0.5150397568941116,0.7963557243347168,,,,,
60,3,generator,generate_answer|generate_with_strict_citations|generate_short_answer,generate_short_answer,-0.07,0,verifier,1.0,-0.971316,1.0,-1.0,1.0,-0.971316,1.0,-1.0,,,,,,,,,,1.0,0.01434221863746643,192,0.0,
60,4,verifier,verify_answer,verify_answer,0.6466,1,,-1.0,,,,-1.0,0.0,0.0,0.0,,,,,,,,,,,,,,0.0
61,1,retriever,dense_retrieve|sparse_retrieve|hybrid_retrieve|hybrid_rerank,hybrid_rerank,-0.02,0,grader,0.878711,-1.0,0.400312,0.98581,0.878711,-1.0,0.400312,0.98581,0.9393554925918579,3,0.7001562267541885,0.9929048120975494,,,,,,,,,,
61,2,grader,keep_all|loose_filter|medium_filter|strict_filter|rerank_only,loose_filter,-0.07,0,generator,1.0,-1.0,0.564623,,1.0,-1.0,0.564623,0.0,,,,,,,1.0,0.5,0.7823116481304169,,,,,
61,3,generator,generate_answer|generate_with_strict_citations|generate_short_answer,generate_short_answer,-0.07,0,verifier,0.920867,-1.0,0.879258,-0.955476,0.920867,-1.0,0.879258,-0.955476,,,,,,,,,,0.9604337215423584,0.0,192,0.022262096405029297,
61,4,verifier,verify_answer,verify_answer,0.3474,1,,-1.0,,,,-1.0,0.0,0.0,0.0,,,,,,,,,,,,,,0.0
62,1,retriever,dense_retrieve|sparse_retrieve|hybrid_retrieve|hybrid_rerank,hybrid_rerank,-0.02,0,grader,0.839008,-1.0,0.860475,0.965322,0.839008,-1.0,0.860475,0.965322,0.9195038974285126,3,0.9302376210689545,0.9826610684394836,,,,,,,,,,
62,2,grader,keep_all|loose_filter|medium_filter|strict_filter|rerank_only,strict_filter,-0.07,0,generator,1.0,-0.852277,1.0,,1.0,-0.852277,1.0,0.0,,,,,,,1.0,0.5369306653738022,1.0,,,,,
62,3,generator,generate_answer|generate_with_strict_citations|generate_short_answer,generate_short_answer,-0.07,0,verifier,0.951122,-1.0,0.804365,-1.0,0.951122,-1.0,0.804365,-1.0,,,,,,,,,,0.975560873746872,0.0,179,0.0,
62,4,verifier,verify_answer,verify_answer,0.6867,1,,-0.995993,,,,-0.995993,0.0,0.0,0.0,,,,,,,,,,,,,,0.0020035505294799805
63,1,retriever,dense_retrieve|sparse_retrieve|hybrid_retrieve|hybrid_rerank,hybrid_rerank,-0.02,0,grader,0.886129,-1.0,0.286712,0.123868,0.886129,-1.0,0.286712,0.123868,0.9430647492408752,3,0.6433559209108353,0.5619339756667614,,,,,,,,,,
63,2,grader,keep_all|loose_filter|medium_filter|strict_filter|rerank_only,strict_filter,-0.07,0,generator,0.89472,-1.0,0.821132,,0.89472,-1.0,0.821132,0.0,,,,,,,0.9473601579666138,0.5,0.9105660617351532,,,,,
63,3,generator,generate_answer|generate_with_strict_citations|generate_short_answer,generate_short_answer,-0.07,0,verifier,-0.050978,-1.0,1.0,-1.0,-0.050978,-1.0,1.0,-1.0,,,,,,,,,,0.4745111260563135,0.0,192,0.0,
63,4,verifier,verify_answer,verify_answer,0.5812,1,,-0.605049,,,,-0.605049,0.0,0.0,0.0,,,,,,,,,,,,,,0.1974756121635437
64,1,retriever,dense_retrieve|sparse_retrieve|hybrid_retrieve|hybrid_rerank,hybrid_rerank,-0.02,0,grader,0.817235,-0.969723,0.425652,1.0,0.817235,-0.969723,0.425652,1.0,0.9086174964904785,3,0.7128262221813202,1.0,,,,,,,,,,
64,2,grader,keep_all|loose_filter|medium_filter|strict_filter|rerank_only,strict_filter,-0.07,0,generator,0.910744,-0.981394,1.0,,0.910744,-0.981394,1.0,0.0,,,,,,,0.9553720951080322,0.5046515464782715,1.0,,,,,
64,3,generator,generate_answer|generate_with_strict_citations|generate_short_answer,generate_short_answer,-0.07,0,verifier,0.564271,-0.814973,0.892106,-0.994929,0.564271,-0.814973,0.892106,-0.994929,,,,,,,,,,0.7821353673934937,0.09251365065574646,185,0.002535402774810791,
64,4,verifier,verify_answer,verify_answer,0.6043,1,,-0.734287,,,,-0.734287,0.0,0.0,0.0,,,,,,,,,,,,,,0.132856547832489
65,1,retriever,dense_retrieve|sparse_retrieve|hybrid_retrieve|hybrid_rerank,hybrid_rerank,-0.02,0,grader,0.199858,-0.722139,0.364708,0.859547,0.199858,-0.722139,0.364708,0.859547,0.5999290272593498,4,0.6823538541793823,0.9297732710838318,,,,,,,,,,
65,2,grader,keep_all|loose_filter|medium_filter|strict_filter|rerank_only,strict_filter,-0.07,0,generator,1.0,-0.853752,0.878006,,1.0,-0.853752,0.878006,0.0,,,,,,,1.0,0.5365618914365768,0.9390030205249786,,,,,
65,3,generator,generate_answer|generate_with_strict_citations|generate_short_answer,generate_short_answer,-0.07,0,verifier,0.152375,-1.0,0.960771,-1.0,0.152375,-1.0,0.960771,-1.0,,,,,,,,,,0.5761877149343491,0.0,189,0.0,
65,4,verifier,verify_answer,verify_answer,0.5121,1,,-0.906805,,,,-0.906805,0.0,0.0,0.0,,,,,,,,,,,,,,0.04659774899482727
66,1,retriever,dense_retrieve|sparse_retrieve|hybrid_retrieve|hybrid_rerank,hybrid_rerank,-0.02,0,grader,0.666982,-1.0,0.776597,0.994274,0.666982,-1.0,0.776597,0.994274,0.833491176366806,3,0.8882985711097717,0.9971370995044708,,,,,,,,,,
66,2,grader,keep_all|loose_filter|medium_filter|strict_filter|rerank_only,strict_filter,-0.07,0,generator,1.0,-0.837606,1.0,,1.0,-0.837606,1.0,0.0,,,,,,,1.0,0.5405984669923782,1.0,,,,,
66,3,generator,generate_answer|generate_with_strict_citations|generate_short_answer,generate_short_answer,-0.07,0,verifier,-0.2729,-0.996512,0.749168,-0.924219,-0.2729,-0.996512,0.749168,-0.924219,,,,,,,,,,0.3635501116514206,0.0017441809177398682,188,0.03789040446281433,
66,4,verifier,verify_answer,verify_answer,0.5977,1,,-0.968765,,,,-0.968765,0.0,0.0,0.0,,,,,,,,,,,,,,0.01561737060546875
67,1,retriever,dense_retrieve|sparse_retrieve|hybrid_retrieve|hybrid_rerank,hybrid_rerank,-0.02,0,grader,0.833128,-1.0,0.079682,0.650795,0.833128,-1.0,0.079682,0.650795,0.9165641069412231,3,0.5398410893976688,0.8253975212574005,,,,,,,,,,
67,2,grader,keep_all|loose_filter|medium_filter|strict_filter|rerank_only,strict_filter,-0.07,0,generator,0.976043,-0.897133,0.976279,,0.976043,-0.897133,0.976279,0.0,,,,,,,0.9880213141441345,0.5257166475057602,0.9881393313407898,,,,,
67,3,generator,generate_answer|generate_with_strict_citations|generate_short_answer,generate_short_answer,-0.07,0,verifier,-0.931757,-0.840533,0.920928,-0.9621,-0.931757,-0.840533,0.920928,-0.9621,,,,,,,,,,0.03412166237831116,0.07973361015319824,193,0.018950194120407104,
67,4,verifier,verify_answer,verify_answer,0.5352,1,,-1.0,,,,-1.0,0.0,0.0,0.0,,,,,,,,,,,,,,0.0
68,1,retriever,dense_retrieve|sparse_retrieve|hybrid_retrieve|hybrid_rerank,hybrid_rerank,-0.02,0,grader,0.710157,-1.0,0.213908,0.386705,0.710157,-1.0,0.213908,0.386705,0.8550786972045898,3,0.606953926384449,0.6933526247739792,,,,,,,,,,
68,2,grader,keep_all|loose_filter|medium_filter|strict_filter|rerank_only,strict_filter,-0.07,0,generator,1.0,-1.0,0.944159,,1.0,-1.0,0.944159,0.0,,,,,,,1.0,0.5,0.9720796048641205,,,,,
68,3,generator,generate_answer|generate_with_strict_citations|generate_short_answer,generate_short_answer,-0.07,0,verifier,-1.0,-0.755692,1.0,-0.820613,-1.0,-0.755692,1.0,-0.820613,,,,,,,,,,0.0,0.12215405702590942,226,0.08969348669052124,
68,4,verifier,verify_answer,verify_answer,0.4215,1,,-1.0,,,,-1.0,0.0,0.0,0.0,,,,,,,,,,,,,,0.0
69,1,retriever,dense_retrieve|sparse_retrieve|hybrid_retrieve|hybrid_rerank,hybrid_rerank,-0.02,0,grader,0.464108,-0.857397,0.016127,1.0,0.464108,-0.857397,0.016127,1.0,0.7320538461208344,3,0.508063524030149,1.0,,,,,,,,,,
69,2,grader,keep_all|loose_filter|medium_filter|strict_filter|rerank_only,strict_filter,-0.07,0,generator,0.920087,-0.788266,1.0,,0.920087,-0.788266,1.0,0.0,,,,,,,0.9600436389446259,0.5529335737228394,1.0,,,,,
69,3,generator,generate_answer|generate_with_strict_citations|generate_short_answer,generate_short_answer,-0.07,0,verifier,-0.91603,-1.0,1.0,-0.753622,-0.91603,-1.0,1.0,-0.753622,,,,,,,,,,0.041985124349594116,0.0,239,0.12318885326385498,
69,4,verifier,verify_answer,verify_answer,0.542,1,,-1.0,,,,-1.0,0.0,0.0,0.0,,,,,,,,,,,,,,0.0
70,1,retriever,dense_retrieve|sparse_retrieve|hybrid_retrieve|hybrid_rerank,hybrid_rerank,-0.02,0,grader,0.613876,-1.0,0.044771,0.788811,0.613876,-1.0,0.044771,0.788811,0.8069380223751068,3,0.5223856568336487,0.8944055140018463,,,,,,,,,,
70,2,grader,keep_all|loose_filter|medium_filter|strict_filter|rerank_only,medium_filter,-0.07,0,generator,0.846488,-1.0,0.720892,,0.846488,-1.0,0.720892,0.0,,,,,,,0.9232439696788788,0.5,0.860446035861969,,,,,
70,3,generator,generate_answer|generate_with_strict_citations|generate_short_answer,generate_short_answer,-0.07,0,verifier,-0.917388,-0.717014,0.849345,-0.839483,-0.917388,-0.717014,0.849345,-0.839483,,,,,,,,,,0.04130604863166809,0.14149290323257446,211,0.08025836944580078,
70,4,verifier,verify_answer,verify_answer,0.4022,1,,-1.0,,,,-1.0,0.0,0.0,0.0,,,,,,,,,,,,,,0.0
71,1,retriever,dense_retrieve|sparse_retrieve|hybrid_retrieve|hybrid_rerank,hybrid_rerank,-0.02,0,grader,0.673059,-0.894563,0.048427,0.97631,0.673059,-0.894563,0.048427,0.97631,0.8365292549133301,3,0.5242136120796204,0.9881548583507538,,,,,,,,,,
71,2,grader,keep_all|loose_filter|medium_filter|strict_filter|rerank_only,medium_filter,-0.07,0,generator,1.0,-0.925875,0.749649,,1.0,-0.925875,0.749649,0.0,,,,,,,1.0,0.5185311287641525,0.8748243451118469,,,,,
71,3,generator,generate_answer|generate_with_strict_citations|generate_short_answer,generate_short_answer,-0.07,0,verifier,-0.605651,-1.0,0.919592,-1.0,-0.605651,-1.0,0.919592,-1.0,,,,,,,,,,0.19717466831207275,0.0,186,0.0,
71,4,verifier,verify_answer,verify_answer,0.5526,1,,-1.0,,,,-1.0,0.0,0.0,0.0,,,,,,,,,,,,,,0.0
72,1,retriever,dense_retrieve|sparse_retrieve|hybrid_retrieve|hybrid_rerank,hybrid_rerank,-0.02,0,grader,0.823476,-0.799217,1.0,0.893352,0.823476,-0.799217,1.0,0.893352,0.9117378890514374,3,1.0,0.9466759860515594,,,,,,,,,,
72,2,grader,keep_all|loose_filter|medium_filter|strict_filter|rerank_only,medium_filter,-0.07,0,generator,0.871143,-0.928928,0.700884,,0.871143,-0.928928,0.700884,0.0,,,,,,,0.9355714917182922,0.5177678763866425,0.8504419922828674,,,,,
72,3,generator,generate_answer|generate_with_strict_citations|generate_short_answer,generate_short_answer,-0.07,0,verifier,-0.89338,-0.805449,0.771662,-0.750014,-0.89338,-0.805449,0.771662,-0.750014,,,,,,,,,,0.0533100962638855,0.09727531671524048,221,0.12499311566352844,
72,4,verifier,verify_answer,verify_answer,0.9722,1,,-0.730545,,,,-0.730545,0.0,0.0,0.0,,,,,,,,,,,,,,0.13472768664360046
73,1,retriever,dense_retrieve|sparse_retrieve|hybrid_retrieve|hybrid_rerank,hybrid_rerank,-0.02,0,grader,0.659198,-1.0,0.305416,0.354134,0.659198,-1.0,0.305416,0.354134,0.8295989036560059,3,0.6527078300714493,0.67706698179245,,,,,,,,,,
73,2,grader,keep_all|loose_filter|medium_filter|strict_filter|rerank_only,strict_filter,-0.07,0,generator,1.0,-0.697907,0.929787,,1.0,-0.697907,0.929787,0.0,,,,,,,1.0,0.575523167848587,0.9648936688899994,,,,,
73,3,generator,generate_answer|generate_with_strict_citations|generate_short_answer,generate_short_answer,-0.07,0,verifier,-1.0,-0.945363,0.889639,-0.97486,-1.0,-0.945363,0.889639,-0.97486,,,,,,,,,,0.0,0.02731853723526001,189,0.01256975531578064,
73,4,verifier,verify_answer,verify_answer,0.465,1,,-0.730765,,,,-0.730765,0.0,0.0,0.0,,,,,,,,,,,,,,0.13461750745773315
74,1,retriever,dense_retrieve|sparse_retrieve|hybrid_retrieve|hybrid_rerank,hybrid_rerank,-0.02,0,grader,0.71151,-0.948752,0.347117,1.0,0.71151,-0.948752,0.347117,1.0,0.8557550311088562,3,0.6735582649707794,1.0,,,,,,,,,,
74,2,grader,keep_all|loose_filter|medium_filter|strict_filter|rerank_only,rerank_only,-0.07,0,generator,1.0,-1.0,0.307597,,1.0,-1.0,0.307597,0.0,,,,,,,1.0,0.5,0.6537982821464539,,,,,
74,3,generator,generate_answer|generate_with_strict_citations|generate_short_answer,generate_short_answer,-0.07,0,verifier,-0.833624,-0.497098,1.0,-0.898681,-0.833624,-0.497098,1.0,-0.898681,,,,,,,,,,0.08318808674812317,0.25145089626312256,211,0.05065971612930298,
74,4,verifier,verify_answer,verify_answer,0.5025,1,,-1.0,,,,-1.0,0.0,0.0,0.0,,,,,,,,,,,,,,0.0
75,1,retriever,dense_retrieve|sparse_retrieve|hybrid_retrieve|hybrid_rerank,hybrid_rerank,-0.02,0,grader,0.944226,-0.826593,0.617393,1.0,0.944226,-0.826593,0.617393,1.0,0.9721130132675171,3,0.8086963891983032,1.0,,,,,,,,,,
75,2,grader,keep_all|loose_filter|medium_filter|strict_filter|rerank_only,medium_filter,-0.07,0,generator,1.0,-0.824368,0.635208,,1.0,-0.824368,0.635208,0.0,,,,,,,1.0,0.5439080744981766,0.8176040649414062,,,,,
75,3,generator,generate_answer|generate_with_strict_citations|generate_short_answer,generate_short_answer,-0.07,0,verifier,-0.899229,-0.307941,1.0,-0.800519,-0.899229,-0.307941,1.0,-0.800519,,,,,,,,,,0.05038556456565857,0.3460293561220169,230,0.09974035620689392,
75,4,verifier,verify_answer,verify_answer,0.6038,1,,-1.0,,,,-1.0,0.0,0.0,0.0,,,,,,,,,,,,,,0.0
76,1,retriever,dense_retrieve|sparse_retrieve|hybrid_retrieve|hybrid_rerank,hybrid_rerank,-0.02,0,grader,0.799292,-1.0,0.611552,1.0,0.799292,-1.0,0.611552,1.0,0.8996460437774658,3,0.8057762086391449,1.0,,,,,,,,,,
76,2,grader,keep_all|loose_filter|medium_filter|strict_filter|rerank_only,rerank_only,-0.07,0,generator,1.0,-0.992793,0.397229,,1.0,-0.992793,0.397229,0.0,,,,,,,1.0,0.5018018335103989,0.6986145079135895,,,,,
76,3,generator,generate_answer|generate_with_strict_citations|generate_short_answer,generate_short_answer,-0.07,0,verifier,-0.886079,0.249557,1.0,-1.0,-0.886079,0.249557,1.0,-1.0,,,,,,,,,,0.05696040391921997,0.6247785240411758,192,0.0,
76,4,verifier,verify_answer,verify_answer,0.4447,1,,-0.967085,,,,-0.967085,0.0,0.0,0.0,,,,,,,,,,,,,,0.016457587480545044
77,1,retriever,dense_retrieve|sparse_retrieve|hybrid_retrieve|hybrid_rerank,hybrid_rerank,-0.02,0,grader,0.888089,-0.756696,0.065647,0.597912,0.888089,-0.756696,0.065647,0.597912,0.9440446197986603,4,0.5328233279287815,0.7989562451839447,,,,,,,,,,
77,2,grader,keep_all|loose_filter|medium_filter|strict_filter|rerank_only,strict_filter,-0.07,0,generator,1.0,-0.971486,0.856614,,1.0,-0.971486,0.856614,0.0,,,,,,,1.0,0.5071285218000412,0.9283070266246796,,,,,
77,3,generator,generate_answer|generate_with_strict_citations|generate_short_answer,generate_with_strict_citations,-0.07,0,verifier,-0.9699,0.722901,0.845267,-0.942509,-0.9699,0.722901,0.845267,-0.942509,,,,,,,,,,0.015050143003463745,0.8614505529403687,192,0.028745263814926147,
77,4,verifier,verify_answer,verify_answer,0.5066,1,,-1.0,,,,-1.0,0.0,0.0,0.0,,,,,,,,,,,,,,0.0
78,1,retriever,dense_retrieve|sparse_retrieve|hybrid_retrieve|hybrid_rerank,hybrid_rerank,-0.02,0,grader,0.931613,-1.0,0.158502,0.946322,0.931613,-1.0,0.158502,0.946322,0.9658065736293793,3,0.5792509168386459,0.9731609523296356,,,,,,,,,,
78,2,grader,keep_all|loose_filter|medium_filter|strict_filter|rerank_only,loose_filter,-0.07,0,generator,1.0,-1.0,0.407642,,1.0,-1.0,0.407642,0.0,,,,,,,1.0,0.5,0.7038210481405258,,,,,
78,3,generator,generate_answer|generate_with_strict_citations|generate_short_answer,generate_short_answer,-0.07,0,verifier,-0.716319,0.542848,0.669542,-0.906914,-0.716319,0.542848,0.669542,-0.906914,,,,,,,,,,0.14184030890464783,0.7714239954948425,186,0.0465429425239563,
78,4,verifier,verify_answer,verify_answer,0.6284,1,,-1.0,,,,-1.0,0.0,0.0,0.0,,,,,,,,,,,,,,0.0
79,1,retriever,dense_retrieve|sparse_retrieve|hybrid_retrieve|hybrid_rerank,dense_retrieve,-0.02,0,grader,0.690696,-0.886721,-0.110389,0.355465,0.690696,-0.886721,-0.110389,0.355465,0.8453482389450073,3,0.44480544701218605,0.6777325421571732,,,,,,,,,,
79,2,grader,keep_all|loose_filter|medium_filter|strict_filter|rerank_only,strict_filter,-0.07,0,generator,0.79323,-0.868719,1.0,,0.79323,-0.868719,1.0,0.0,,,,,,,0.8966147899627686,0.5328203737735748,1.0,,,,,
79,3,generator,generate_answer|generate_with_strict_citations|generate_short_answer,generate_with_strict_citations,-0.07,0,verifier,-1.0,1.0,0.83867,-1.0,-1.0,1.0,0.83867,-1.0,,,,,,,,,,0.0,1.0,181,0.0,
79,4,verifier,verify_answer,verify_answer,0.3948,1,,-1.0,,,,-1.0,0.0,0.0,0.0,,,,,,,,,,,,,,0.0
80,1,retriever,dense_retrieve|sparse_retrieve|hybrid_retrieve|hybrid_rerank,hybrid_rerank,-0.02,0,grader,0.758263,-0.956035,0.108453,0.918684,0.758263,-0.956035,0.108453,0.918684,0.8791314959526062,3,0.5542262606322765,0.9593422412872314,,,,,,,,,,
80,2,grader,keep_all|loose_filter|medium_filter|strict_filter|rerank_only,loose_filter,-0.07,0,generator,0.809233,-0.78323,0.461708,,0.809233,-0.78323,0.461708,0.0,,,,,,,0.904616504907608,0.554192528128624,0.7308542281389236,,,,,
80,3,generator,generate_answer|generate_with_strict_citations|generate_short_answer,generate_with_strict_citations,-0.07,0,verifier,-0.831024,0.980279,1.0,-0.877246,-0.831024,0.980279,1.0,-0.877246,,,,,,,,,,0.08448782563209534,0.9901395738124847,215,0.06137681007385254,
80,4,verifier,verify_answer,verify_answer,0.5885,1,,-0.93281,,,,-0.93281,0.0,0.0,0.0,,,,,,,,,,,,,,0.033595114946365356
81,1,retriever,dense_retrieve|sparse_retrieve|hybrid_retrieve|hybrid_rerank,hybrid_rerank,-0.02,0,grader,0.951205,-0.792834,0.005664,0.502858,0.951205,-0.792834,0.005664,0.502858,0.9756025671958923,3,0.502831750549376,0.751428872346878,,,,,,,,,,
81,2,grader,keep_all|loose_filter|medium_filter|strict_filter|rerank_only,strict_filter,-0.07,0,generator,0.967706,-0.783489,0.820822,,0.967706,-0.783489,0.820822,0.0,,,,,,,0.9838528335094452,0.554127648472786,0.9104110896587372,,,,,
81,3,generator,generate_answer|generate_with_strict_citations|generate_short_answer,generate_with_strict_citations,-0.07,0,verifier,-0.72858,0.951965,0.784366,-0.917882,-0.72858,0.951965,0.784366,-0.917882,,,,,,,,,,0.1357097625732422,0.9759823083877563,192,0.04105904698371887,
81,4,verifier,verify_answer,verify_answer,0.6784,1,,-1.0,,,,-1.0,0.0,0.0,0.0,,,,,,,,,,,,,,0.0
82,1,retriever,dense_retrieve|sparse_retrieve|hybrid_retrieve|hybrid_rerank,dense_retrieve,-0.02,0,grader,0.985267,-1.0,-0.089781,0.0404,0.985267,-1.0,-0.089781,0.0404,0.9926332533359528,3,0.4551096297800541,0.5202000457793474,,,,,,,,,,
82,2,grader,keep_all|loose_filter|medium_filter|strict_filter|rerank_only,medium_filter,-0.07,0,generator,0.913637,-1.0,0.684471,,0.913637,-1.0,0.684471,0.0,,,,,,,0.9568182826042175,0.5,0.8422357141971588,,,,,
82,3,generator,generate_answer|generate_with_strict_citations|generate_short_answer,generate_with_strict_citations,-0.07,0,verifier,-0.884631,1.0,1.0,-1.0,-0.884631,1.0,1.0,-1.0,,,,,,,,,,0.05768457055091858,1.0,192,0.0,
82,4,verifier,verify_answer,verify_answer,0.6152,1,,-1.0,,,,-1.0,0.0,0.0,0.0,,,,,,,,,,,,,,0.0
83,1,retriever,dense_retrieve|sparse_retrieve|hybrid_retrieve|hybrid_rerank,hybrid_rerank,-0.02,0,grader,0.821723,-1.0,0.522731,0.977398,0.821723,-1.0,0.522731,0.977398,0.9108614325523376,3,0.7613657116889954,0.988699197769165,,,,,,,,,,
83,2,grader,keep_all|loose_filter|medium_filter|strict_filter|rerank_only,loose_filter,-0.07,0,generator,0.963599,-0.995748,0.588211,,0.963599,-0.995748,0.588211,0.0,,,,,,,0.981799304485321,0.5010629594326019,0.794105589389801,,,,,
83,3,generator,generate_answer|generate_with_strict_citations|generate_short_answer,generate_with_strict_citations,-0.07,0,verifier,-1.0,0.946811,0.896847,-1.0,-1.0,0.946811,0.896847,-1.0,,,,,,,,,,0.0,0.9734056890010834,185,0.0,
83,4,verifier,verify_answer,verify_answer,0.5709,1,,-1.0,,,,-1.0,0.0,0.0,0.0,,,,,,,,,,,,,,0.0
84,1,retriever,dense_retrieve|sparse_retrieve|hybrid_retrieve|hybrid_rerank,dense_retrieve,-0.02,0,grader,1.0,-0.895891,-0.215298,0.369388,1.0,-0.895891,-0.215298,0.369388,1.0,3,0.3923509642481804,0.6846940666437149,,,,,,,,,,
84,2,grader,keep_all|loose_filter|medium_filter|strict_filter|rerank_only,strict_filter,-0.07,0,generator,1.0,-0.860834,0.922202,,1.0,-0.860834,0.922202,0.0,,,,,,,1.0,0.5347914695739746,0.9611011147499084,,,,,
84,3,generator,generate_answer|generate_with_strict_citations|generate_short_answer,generate_with_strict_citations,-0.07,0,verifier,-1.0,1.0,1.0,-0.69701,-1.0,1.0,1.0,-0.69701,,,,,,,,,,0.0,1.0,250,0.15149497985839844,
84,4,verifier,verify_answer,verify_answer,0.4575,1,,-0.904689,,,,-0.904689,0.0,0.0,0.0,,,,,,,,,,,,,,0.04765543341636658
85,1,retriever,dense_retrieve|sparse_retrieve|hybrid_retrieve|hybrid_rerank,dense_retrieve,-0.02,0,grader,1.0,-1.0,-0.09553,0.277351,1.0,-1.0,-0.09553,0.277351,1.0,3,0.4522351548075676,0.638675257563591,,,,,,,,,,
85,2,grader,keep_all|loose_filter|medium_filter|strict_filter|rerank_only,strict_filter,-0.07,0,generator,1.0,-1.0,1.0,,1.0,-1.0,1.0,0.0,,,,,,,1.0,0.5,1.0,,,,,
85,3,generator,generate_answer|generate_with_strict_citations|generate_short_answer,generate_with_strict_citations,-0.07,0,verifier,-0.969018,0.892859,0.926715,-0.795278,-0.969018,0.892859,0.926715,-0.795278,,,,,,,,,,0.015490859746932983,0.9464293718338013,225,0.10236111283302307,
85,4,verifier,verify_answer,verify_answer,0.6734,1,,-0.936341,,,,-0.936341,0.0,0.0,0.0,,,,,,,,,,,,,,0.03182929754257202
86,1,retriever,dense_retrieve|sparse_retrieve|hybrid_retrieve|hybrid_rerank,dense_retrieve,-0.02,0,grader,0.891244,-1.0,-0.098045,1.0,0.891244,-1.0,-0.098045,1.0,0.9456218481063843,3,0.45097725465893745,1.0,,,,,,,,,,
86,2,grader,keep_all|loose_filter|medium_filter|strict_filter|rerank_only,rerank_only,-0.07,0,generator,1.0,-0.934381,0.372718,,1.0,-0.934381,0.372718,0.0,,,,,,,1.0,0.5164046287536621,0.6863590627908707,,,,,
86,3,generator,generate_answer|generate_with_strict_citations|generate_short_answer,generate_with_strict_citations,-0.07,0,verifier,-0.980599,1.0,0.846039,-0.675553,-0.980599,1.0,0.846039,-0.675553,,,,,,,,,,0.009700506925582886,1.0,241,0.16222327947616577,
86,4,verifier,verify_answer,verify_answer,0.5728,1,,-1.0,,,,-1.0,0.0,0.0,0.0,,,,,,,,,,,,,,0.0
87,1,retriever,dense_retrieve|sparse_retrieve|hybrid_retrieve|hybrid_rerank,hybrid_rerank,-0.02,0,grader,0.999937,-0.80144,0.129772,1.0,0.999937,-0.80144,0.129772,1.0,0.9999685883522034,3,0.564886249601841,1.0,,,,,,,,,,
87,2,grader,keep_all|loose_filter|medium_filter|strict_filter|rerank_only,rerank_only,-0.07,0,generator,0.814135,-1.0,0.250874,,0.814135,-1.0,0.250874,0.0,,,,,,,0.9070676267147064,0.5,0.6254371702671051,,,,,
87,3,generator,generate_answer|generate_with_strict_citations|generate_short_answer,generate_with_strict_citations,-0.07,0,verifier,-0.841098,1.0,0.930615,-0.234872,-0.841098,1.0,0.930615,-0.234872,,,,,,,,,,0.07945084571838379,1.0,330,0.3825637772679329,
87,4,verifier,verify_answer,verify_answer,0.5927,1,,-1.0,,,,-1.0,0.0,0.0,0.0,,,,,,,,,,,,,,0.0
88,1,retriever,dense_retrieve|sparse_retrieve|hybrid_retrieve|hybrid_rerank,hybrid_rerank,-0.02,0,grader,0.90748,-0.845228,0.383732,0.651259,0.90748,-0.845228,0.383732,0.651259,0.9537399709224701,3,0.6918659806251526,0.8256297409534454,,,,,,,,,,
88,2,grader,keep_all|loose_filter|medium_filter|strict_filter|rerank_only,rerank_only,-0.07,0,generator,1.0,-0.792794,0.308297,,1.0,-0.792794,0.308297,0.0,,,,,,,1.0,0.5518014580011368,0.6541483104228973,,,,,
88,3,generator,generate_answer|generate_with_strict_citations|generate_short_answer,generate_with_strict_citations,-0.07,0,verifier,-0.938958,1.0,1.0,-0.003163,-0.938958,1.0,1.0,-0.003163,,,,,,,,,,0.030521243810653687,1.0,383,0.4984187404625118,
88,4,verifier,verify_answer,verify_answer,0.6611,1,,-1.0,,,,-1.0,0.0,0.0,0.0,,,,,,,,,,,,,,0.0
89,1,retriever,dense_retrieve|sparse_retrieve|hybrid_retrieve|hybrid_rerank,hybrid_rerank,-0.02,0,grader,0.830738,-0.809481,0.120762,0.450542,0.830738,-0.809481,0.120762,0.450542,0.9153692126274109,3,0.5603810139000416,0.7252708822488785,,,,,,,,,,
89,2,grader,keep_all|loose_filter|medium_filter|strict_filter|rerank_only,strict_filter,-0.07,0,generator,1.0,-1.0,1.0,,1.0,-1.0,1.0,0.0,,,,,,,1.0,0.5,1.0,,,,,
89,3,generator,generate_answer|generate_with_strict_citations|generate_short_answer,generate_with_strict_citations,-0.07,0,verifier,-1.0,0.941876,0.831492,0.330218,-1.0,0.941876,0.831492,0.330218,,,,,,,,,,0.0,0.9709379374980927,384,0.665108785033226,
89,4,verifier,verify_answer,verify_answer,0.5611,1,,-0.825851,,,,-0.825851,0.0,0.0,0.0,,,,,,,,,,,,,,0.08707460761070251
90,1,retriever,dense_retrieve|sparse_retrieve|hybrid_retrieve|hybrid_rerank,hybrid_rerank,-0.02,0,grader,0.749531,-0.929771,0.078653,0.558513,0.749531,-0.929771,0.078653,0.558513,0.8747654557228088,3,0.5393265672028065,0.7792562544345856,,,,,,,,,,
90,2,grader,keep_all|loose_filter|medium_filter|strict_filter|rerank_only,strict_filter,-0.07,0,generator,0.99055,-1.0,1.0,,0.99055,-1.0,1.0,0.0,,,,,,,0.995275229215622,0.5,1.0,,,,,
90,3,generator,generate_answer|generate_with_strict_citations|generate_short_answer,generate_with_strict_citations,-0.07,0,verifier,-1.0,0.763302,0.935266,0.985646,-1.0,0.763302,0.935266,0.985646,,,,,,,,,,0.0,0.8816508650779724,384,0.9928231835365295,
90,4,verifier,verify_answer,verify_answer,0.615,1,,-0.872442,,,,-0.872442,0.0,0.0,0.0,,,,,,,,,,,,,,0.06377878785133362
91,1,retriever,dense_retrieve|sparse_retrieve|hybrid_retrieve|hybrid_rerank,hybrid_rerank,-0.02,0,grader,0.721292,-1.0,0.178818,0.988258,0.721292,-1.0,0.178818,0.988258,0.8606462180614471,3,0.5894091054797173,0.9941292107105255,,,,,,,,,,
91,2,grader,keep_all|loose_filter|medium_filter|strict_filter|rerank_only,strict_filter,-0.07,0,generator,1.0,-0.935313,0.876108,,1.0,-0.935313,0.876108,0.0,,,,,,,1.0,0.5161717683076859,0.9380540549755096,,,,,
91,3,generator,generate_answer|generate_with_strict_citations|generate_short_answer,generate_with_strict_citations,-0.07,0,verifier,-0.962655,0.958627,0.970171,0.847426,-0.962655,0.958627,0.970171,0.847426,,,,,,,,,,0.018672287464141846,0.9793135821819305,384,0.9237130284309387,
91,4,verifier,verify_answer,verify_answer,0.6117,1,,-1.0,,,,-1.0,0.0,0.0,0.0,,,,,,,,,,,,,,0.0
92,1,retriever,dense_retrieve|sparse_retrieve|hybrid_retrieve|hybrid_rerank,hybrid_rerank,-0.02,0,grader,0.881934,-0.961743,0.318028,0.649752,0.881934,-0.961743,0.318028,0.649752,0.940966933965683,3,0.6590142101049423,0.8248760998249054,,,,,,,,,,
92,2,grader,keep_all|loose_filter|medium_filter|strict_filter|rerank_only,strict_filter,-0.07,0,generator,1.0,-1.0,0.9501,,1.0,-1.0,0.9501,0.0,,,,,,,1.0,0.5,0.9750499427318573,,,,,
92,3,generator,generate_answer|generate_with_strict_citations|generate_short_answer,generate_with_strict_citations,-0.07,0,verifier,-0.946394,1.0,0.565201,1.0,-0.946394,1.0,0.565201,1.0,,,,,,,,,,0.02680310606956482,1.0,384,1.0,
92,4,verifier,verify_answer,verify_answer,0.6595,1,,-1.0,,,,-1.0,0.0,0.0,0.0,,,,,,,,,,,,,,0.0
93,1,retriever,dense_retrieve|sparse_retrieve|hybrid_retrieve|hybrid_rerank,hybrid_rerank,-0.02,0,grader,1.0,-1.0,0.204461,0.640586,1.0,-1.0,0.204461,0.640586,1.0,3,0.6022302806377411,0.8202931880950928,,,,,,,,,,
93,2,grader,keep_all|loose_filter|medium_filter|strict_filter|rerank_only,medium_filter,-0.07,0,generator,0.904077,-0.712707,0.672716,,0.904077,-0.712707,0.672716,0.0,,,,,,,0.952038437128067,0.5718232691287994,0.8363581299781799,,,,,
93,3,generator,generate_answer|generate_with_strict_citations|generate_short_answer,generate_with_strict_citations,-0.07,0,verifier,-0.965834,1.0,1.0,0.986098,-0.965834,1.0,1.0,0.986098,,,,,,,,,,0.017082810401916504,1.0,384,0.9930488467216492,
93,4,verifier,verify_answer,verify_answer,0.9727,1,,-0.94523,,,,-0.94523,0.0,0.0,0.0,,,,,,,,,,,,,,0.027384966611862183
94,1,retriever,dense_retrieve|sparse_retrieve|hybrid_retrieve|hybrid_rerank,hybrid_rerank,-0.02,0,grader,1.0,-0.962999,0.069543,0.710524,1.0,-0.962999,0.069543,0.710524,1.0,3,0.5347712971270084,0.8552621603012085,,,,,,,,,,
94,2,grader,keep_all|loose_filter|medium_filter|strict_filter|rerank_only,strict_filter,-0.07,0,generator,1.0,-0.821771,0.921118,,1.0,-0.821771,0.921118,0.0,,,,,,,1.0,0.5445572882890701,0.9605589210987091,,,,,
94,3,generator,generate_answer|generate_with_strict_citations|generate_short_answer,generate_with_strict_citations,-0.07,0,verifier,-1.0,1.0,0.827796,1.0,-1.0,1.0,0.827796,1.0,,,,,,,,,,0.0,1.0,384,1.0,
94,4,verifier,verify_answer,verify_answer,0.7224,1,,-1.0,,,,-1.0,0.0,0.0,0.0,,,,,,,,,,,,,,0.0
95,1,retriever,dense_retrieve|sparse_retrieve|hybrid_retrieve|hybrid_rerank,hybrid_rerank,-0.02,0,grader,0.778702,-0.878059,0.147198,0.65565,0.778702,-0.878059,0.147198,0.65565,0.8893510699272156,3,0.5735988318920135,0.8278250694274902,,,,,,,,,,
95,2,grader,keep_all|loose_filter|medium_filter|strict_filter|rerank_only,medium_filter,-0.07,0,generator,1.0,-0.931791,0.777762,,1.0,-0.931791,0.777762,0.0,,,,,,,1.0,0.5170522481203079,0.8888809382915497,,,,,
95,3,generator,generate_answer|generate_with_strict_citations|generate_short_answer,generate_with_strict_citations,-0.07,0,verifier,-0.854284,1.0,0.815648,1.0,-0.854284,1.0,0.815648,1.0,,,,,,,,,,0.07285815477371216,1.0,384,1.0,
95,4,verifier,verify_answer,verify_answer,0.6126,1,,-0.894803,,,,-0.894803,0.0,0.0,0.0,,,,,,,,,,,,,,0.052598267793655396
96,1,retriever,dense_retrieve|sparse_retrieve|hybrid_retrieve|hybrid_rerank,hybrid_rerank,-0.02,0,grader,0.839026,-0.592341,0.445161,0.836048,0.839026,-0.592341,0.445161,0.836048,0.9195131659507751,4,0.7225804179906845,0.9180241227149963,,,,,,,,,,
96,2,grader,keep_all|loose_filter|medium_filter|strict_filter|rerank_only,medium_filter,-0.07,0,generator,0.970059,-0.997471,0.677938,,0.970059,-0.997471,0.677938,0.0,,,,,,,0.9850294888019562,0.500632256269455,0.838968813419342,,,,,
96,3,generator,generate_answer|generate_with_strict_citations|generate_short_answer,generate_with_strict_citations,-0.07,0,verifier,-1.0,1.0,0.872751,0.841776,-1.0,1.0,0.872751,0.841776,,,,,,,,,,0.0,1.0,384,0.9208879172801971,
96,4,verifier,verify_answer,verify_answer,0.4059,1,,-1.0,,,,-1.0,0.0,0.0,0.0,,,,,,,,,,,,,,0.0
97,1,retriever,dense_retrieve|sparse_retrieve|hybrid_retrieve|hybrid_rerank,hybrid_rerank,-0.02,0,grader,0.855742,-0.425978,0.616472,1.0,0.855742,-0.425978,0.616472,1.0,0.9278709590435028,5,0.80823615193367,1.0,,,,,,,,,,
97,2,grader,keep_all|loose_filter|medium_filter|strict_filter|rerank_only,strict_filter,-0.07,0,generator,0.894108,-0.661956,0.867308,,0.894108,-0.661956,0.867308,0.0,,,,,,,0.9470540285110474,0.5845108926296234,0.933653861284256,,,,,
97,3,generator,generate_answer|generate_with_strict_citations|generate_short_answer,generate_answer,-0.07,0,verifier,-1.0,0.623707,1.0,0.784823,-1.0,0.623707,1.0,0.784823,,,,,,,,,,0.0,0.8118533194065094,384,0.8924112617969513,
97,4,verifier,verify_answer,verify_answer,0.6749,1,,-1.0,,,,-1.0,0.0,0.0,0.0,,,,,,,,,,,,,,0.0
98,1,retriever,dense_retrieve|sparse_retrieve|hybrid_retrieve|hybrid_rerank,hybrid_rerank,-0.02,0,grader,1.0,-0.257462,0.559434,0.851819,1.0,-0.257462,0.559434,0.851819,1.0,6,0.7797169387340546,0.9259093701839447,,,,,,,,,,
98,2,grader,keep_all|loose_filter|medium_filter|strict_filter|rerank_only,strict_filter,-0.07,0,generator,1.0,-0.871805,0.920559,,1.0,-0.871805,0.920559,0.0,,,,,,,1.0,0.5320487320423126,0.9602793157100677,,,,,
98,3,generator,generate_answer|generate_with_strict_citations|generate_short_answer,generate_with_strict_citations,-0.07,0,verifier,-0.957046,1.0,0.990461,0.881344,-0.957046,1.0,0.990461,0.881344,,,,,,,,,,0.021476954221725464,1.0,384,0.9406721293926239,
98,4,verifier,verify_answer,verify_answer,0.4241,1,,-1.0,,,,-1.0,0.0,0.0,0.0,,,,,,,,,,,,,,0.0
99,1,retriever,dense_retrieve|sparse_retrieve|hybrid_retrieve|hybrid_rerank,dense_retrieve,-0.02,0,grader,0.690386,-0.143157,-0.157188,0.62697,0.690386,-0.143157,-0.157188,0.62697,0.8451929986476898,6,0.42140621691942215,0.8134850859642029,,,,,,,,,,
99,2,grader,keep_all|loose_filter|medium_filter|strict_filter|rerank_only,loose_filter,-0.07,0,generator,1.0,-0.791042,0.560048,,1.0,-0.791042,0.560048,0.0,,,,,,,1.0,0.5522395223379135,0.780023843050003,,,,,
99,3,generator,generate_answer|generate_with_strict_citations|generate_short_answer,generate_with_strict_citations,-0.07,0,verifier,-1.0,0.850306,1.0,0.847878,-1.0,0.850306,1.0,0.847878,,,,,,,,,,0.0,0.9251530170440674,384,0.9239390194416046,
99,4,verifier,verify_answer,verify_answer,0.6323,1,,-1.0,,,,-1.0,0.0,0.0,0.0,,,,,,,,,,,,,,0.0
100,1,retriever,dense_retrieve|sparse_retrieve|hybrid_retrieve|hybrid_rerank,hybrid_rerank,-0.02,0,grader,0.92036,-1.0,0.15395,0.062404,0.92036,-1.0,0.15395,0.062404,0.9601799547672272,3,0.5769748240709305,0.531202195212245,,,,,,,,,,
100,2,grader,keep_all|loose_filter|medium_filter|strict_filter|rerank_only,medium_filter,-0.07,0,generator,0.884048,-0.951539,0.704398,,0.884048,-0.951539,0.704398,0.0,,,,,,,0.9420239329338074,0.5121153295040131,0.8521990478038788,,,,,
100,3,generator,generate_answer|generate_with_strict_citations|generate_short_answer,generate_with_strict_citations,-0.07,0,verifier,-0.93344,0.995681,1.0,1.0,-0.93344,0.995681,1.0,1.0,,,,,,,,,,0.03328022360801697,0.9978404939174652,384,1.0,
100,4,verifier,verify_answer,verify_answer,0.6859,1,,-0.795361,,,,-0.795361,0.0,0.0,0.0,,,,,,,,,,,,,,0.10231930017471313
101,1,retriever,dense_retrieve|sparse_retrieve|hybrid_retrieve|hybrid_rerank,hybrid_rerank,-0.02,0,grader,0.980487,0.000803,0.201597,0.901774,0.980487,0.000803,0.201597,0.901774,0.990243524312973,7,0.6007984057068825,0.9508868753910065,,,,,,,,,,
101,2,grader,keep_all|loose_filter|medium_filter|strict_filter|rerank_only,loose_filter,-0.07,0,generator,1.0,-0.993733,0.418936,,1.0,-0.993733,0.418936,0.0,,,,,,,1.0,0.5015667974948883,0.7094680964946747,,,,,
101,3,generator,generate_answer|generate_with_strict_citations|generate_short_answer,generate_with_strict_citations,-0.07,0,verifier,-1.0,0.788475,1.0,0.810121,-1.0,0.788475,1.0,0.810121,,,,,,,,,,0.0,0.8942376673221588,384,0.9050605595111847,
101,4,verifier,verify_answer,verify_answer,0.1806,1,,-1.0,,,,-1.0,0.0,0.0,0.0,,,,,,,,,,,,,,0.0
102,1,retriever,dense_retrieve|sparse_retrieve|hybrid_retrieve|hybrid_rerank,dense_retrieve,-0.02,0,grader,0.745904,-0.728989,-0.041381,0.350864,0.745904,-0.728989,-0.041381,0.350864,0.8729520440101624,4,0.47930932976305485,0.6754322499036789,,,,,,,,,,
102,2,grader,keep_all|loose_filter|medium_filter|strict_filter|rerank_only,rerank_only,-0.07,0,generator,0.896339,-0.958016,0.292734,,0.896339,-0.958016,0.292734,0.0,,,,,,,0.9481693208217621,0.5104959011077881,0.6463671326637268,,,,,
102,3,generator,generate_answer|generate_with_strict_citations|generate_short_answer,generate_with_strict_citations,-0.07,0,verifier,-0.677819,0.820778,1.0,1.0,-0.677819,0.820778,1.0,1.0,,,,,,,,,,0.16109028458595276,0.910389244556427,384,1.0,
102,4,verifier,verify_answer,verify_answer,0.6908,1,,-0.937908,,,,-0.937908,0.0,0.0,0.0,,,,,,,,,,,,,,0.031045764684677124
103,1,retriever,dense_retrieve|sparse_retrieve|hybrid_retrieve|hybrid_rerank,dense_retrieve,-0.02,0,grader,0.921443,0.061228,-0.024464,0.799393,0.921443,0.061228,-0.024464,0.799393,0.9607216417789459,7,0.48776799719780684,0.8996966183185577,,,,,,,,,,
103,2,grader,keep_all|loose_filter|medium_filter|strict_filter|rerank_only,rerank_only,-0.07,0,generator,1.0,-0.668262,0.055439,,1.0,-0.668262,0.055439,0.0,,,,,,,1.0,0.5829344093799591,0.5277194306254387,,,,,
103,3,generator,generate_answer|generate_with_strict_citations|generate_short_answer,generate_with_strict_citations,-0.07,0,verifier,-1.0,0.985747,1.0,0.876619,-1.0,0.985747,1.0,0.876619,,,,,,,,,,0.0,0.9928736686706543,384,0.9383094310760498,
103,4,verifier,verify_answer,verify_answer,0.6511,1,,-0.754106,,,,-0.754106,0.0,0.0,0.0,,,,,,,,,,,,,,0.12294706702232361
104,1,retriever,dense_retrieve|sparse_retrieve|hybrid_retrieve|hybrid_rerank,hybrid_rerank,-0.02,0,grader,1.0,-0.816292,0.330707,0.794275,1.0,-0.816292,0.330707,0.794275,1.0,3,0.665353462100029,0.8971374332904816,,,,,,,,,,
104,2,grader,keep_all|loose_filter|medium_filter|strict_filter|rerank_only,medium_filter,-0.07,0,generator,0.924543,-1.0,0.795443,,0.924543,-1.0,0.795443,0.0,,,,,,,0.9622715711593628,0.5,0.8977216482162476,,,,,
104,3,generator,generate_answer|generate_with_strict_citations|generate_short_answer,generate_with_strict_citations,-0.07,0,verifier,-1.0,0.901497,0.81634,1.0,-1.0,0.901497,0.81634,1.0,,,,,,,,,,0.0,0.95074862241745,384,1.0,
104,4,verifier,verify_answer,verify_answer,0.7764,1,,-1.0,,,,-1.0,0.0,0.0,0.0,,,,,,,,,,,,,,0.0
105,1,retriever,dense_retrieve|sparse_retrieve|hybrid_retrieve|hybrid_rerank,hybrid_rerank,-0.02,0,grader,1.0,0.687804,0.136076,1.0,1.0,0.687804,0.136076,1.0,1.0,10,0.5680378973484039,1.0,,,,,,,,,,
105,2,grader,keep_all|loose_filter|medium_filter|strict_filter|rerank_only,rerank_only,-0.07,0,generator,0.698713,-0.943723,0.191113,,0.698713,-0.943723,0.191113,0.0,,,,,,,0.8493564426898956,0.5140692591667175,0.59555634111166,,,,,
105,3,generator,generate_answer|generate_with_strict_citations|generate_short_answer,generate_with_strict_citations,-0.07,0,verifier,-1.0,1.0,1.0,0.891947,-1.0,1.0,1.0,0.891947,,,,,,,,,,0.0,1.0,384,0.94597327709198,
105,4,verifier,verify_answer,verify_answer,0.3131,1,,-1.0,,,,-1.0,0.0,0.0,0.0,,,,,,,,,,,,,,0.0
106,1,retriever,dense_retrieve|sparse_retrieve|hybrid_retrieve|hybrid_rerank,hybrid_rerank,-0.02,0,grader,0.926796,0.467155,0.38963,0.739186,0.926796,0.467155,0.38963,0.739186,0.9633977711200714,9,0.6948148608207703,0.8695932030677795,,,,,,,,,,
106,2,grader,keep_all|loose_filter|medium_filter|strict_filter|rerank_only,medium_filter,-0.07,0,generator,1.0,-1.0,0.768067,,1.0,-1.0,0.768067,0.0,,,,,,,1.0,0.5,0.8840332627296448,,,,,
106,3,generator,generate_answer|generate_with_strict_citations|generate_short_answer,generate_with_strict_citations,-0.07,0,verifier,-1.0,0.888657,1.0,1.0,-1.0,0.888657,1.0,1.0,,,,,,,,,,0.0,0.9443286061286926,384,1.0,
106,4,verifier,verify_answer,verify_answer,0.5393,1,,-0.908613,,,,-0.908613,0.0,0.0,0.0,,,,,,,,,,,,,,0.045693278312683105
107,1,retriever,dense_retrieve|sparse_retrieve|hybrid_retrieve|hybrid_rerank,hybrid_rerank,-0.02,0,grader,0.798374,0.952109,0.448121,1.0,0.798374,0.952109,0.448121,1.0,0.8991867899894714,11,0.7240603715181351,1.0,,,,,,,,,,
107,2,grader,keep_all|loose_filter|medium_filter|strict_filter|rerank_only,rerank_only,-0.07,0,generator,1.0,-0.940789,0.113092,,1.0,-0.940789,0.113092,0.0,,,,,,,1.0,0.5148027539253235,0.5565461367368698,,,,,
107,3,generator,generate_answer|generate_with_strict_citations|generate_short_answer,generate_with_strict_citations,-0.07,0,verifier,-1.0,1.0,0.977054,1.0,-1.0,1.0,0.977054,1.0,,,,,,,,,,0.0,1.0,384,1.0,
107,4,verifier,verify_answer,verify_answer,0.7767,1,,-0.856465,,,,-0.856465,0.0,0.0,0.0,,,,,,,,,,,,,,0.07176756858825684
108,1,retriever,dense_retrieve|sparse_retrieve|hybrid_retrieve|hybrid_rerank,dense_retrieve,-0.02,0,grader,0.779679,0.797128,-0.591849,1.0,0.779679,0.797128,-0.591849,1.0,0.8898392915725708,11,0.20407560467720032,1.0,,,,,,,,,,
108,2,grader,keep_all|loose_filter|medium_filter|strict_filter|rerank_only,rerank_only,-0.07,0,generator,0.832433,-1.0,-0.515867,,0.832433,-1.0,-0.515867,0.0,,,,,,,0.9162166714668274,0.5,0.2420666515827179,,,,,
108,3,generator,generate_answer|generate_with_strict_citations|generate_short_answer,generate_with_strict_citations,-0.07,0,verifier,-0.625793,0.998297,1.0,1.0,-0.625793,0.998297,1.0,1.0,,,,,,,,,,0.18710339069366455,0.9991485774517059,384,1.0,
108,4,verifier,verify_answer,verify_answer,0.4523,1,,-1.0,,,,-1.0,0.0,0.0,0.0,,,,,,,,,,,,,,0.0
109,1,retriever,dense_retrieve|sparse_retrieve|hybrid_retrieve|hybrid_rerank,dense_retrieve,-0.02,0,grader,0.988443,0.95318,-0.01704,1.0,0.988443,0.95318,-0.01704,1.0,0.9942216873168945,11,0.4914797553792596,1.0,,,,,,,,,,
109,2,grader,keep_all|loose_filter|medium_filter|strict_filter|rerank_only,rerank_only,-0.07,0,generator,0.897269,-0.851041,-0.553162,,0.897269,-0.851041,-0.553162,0.0,,,,,,,0.9486347436904907,0.5372396856546402,0.22341883182525635,,,,,
109,3,generator,generate_answer|generate_with_strict_citations|generate_short_answer,generate_with_strict_citations,-0.07,0,verifier,-1.0,1.0,0.865182,1.0,-1.0,1.0,0.865182,1.0,,,,,,,,,,0.0,1.0,384,1.0,
109,4,verifier,verify_answer,verify_answer,0.4606,1,,-1.0,,,,-1.0,0.0,0.0,0.0,,,,,,,,,,,,,,0.0
110,1,retriever,dense_retrieve|sparse_retrieve|hybrid_retrieve|hybrid_rerank,hybrid_rerank,-0.02,0,grader,0.977219,1.0,0.214498,1.0,0.977219,1.0,0.214498,1.0,0.9886094629764557,12,0.6072490140795708,1.0,,,,,,,,,,
110,2,grader,keep_all|loose_filter|medium_filter|strict_filter|rerank_only,rerank_only,-0.07,0,generator,1.0,-0.916176,-0.50474,,1.0,-0.916176,-0.50474,0.0,,,,,,,1.0,0.5209559500217438,0.24762997031211853,,,,,
110,3,generator,generate_answer|generate_with_strict_citations|generate_short_answer,generate_with_strict_citations,-0.07,0,verifier,-1.0,0.839513,0.954167,0.90665,-1.0,0.839513,0.954167,0.90665,,,,,,,,,,0.0,0.9197565317153931,384,0.9533251225948334,
110,4,verifier,verify_answer,verify_answer,0.4066,1,,-1.0,,,,-1.0,0.0,0.0,0.0,,,,,,,,,,,,,,0.0
111,1,retriever,dense_retrieve|sparse_retrieve|hybrid_retrieve|hybrid_rerank,dense_retrieve,-0.02,0,grader,0.490722,1.0,-0.40779,1.0,0.490722,1.0,-0.40779,1.0,0.7453609555959702,12,0.2961047887802124,1.0,,,,,,,,,,
111,2,grader,keep_all|loose_filter|medium_filter|strict_filter|rerank_only,rerank_only,-0.07,0,generator,1.0,-1.0,-0.885414,,1.0,-1.0,-0.885414,0.0,,,,,,,1.0,0.5,0.057292789220809937,,,,,
111,3,generator,generate_answer|generate_with_strict_citations|generate_short_answer,generate_with_strict_citations,-0.07,0,verifier,-1.0,0.817811,1.0,1.0,-1.0,0.817811,1.0,1.0,,,,,,,,,,0.0,0.9089057445526123,384,1.0,
111,4,verifier,verify_answer,verify_answer,0.7227,1,,-0.817166,,,,-0.817166,0.0,0.0,0.0,,,,,,,,,,,,,,0.09141719341278076
112,1,retriever,dense_retrieve|sparse_retrieve|hybrid_retrieve|hybrid_rerank,hybrid_retrieve,-0.02,0,grader,0.274861,1.0,-0.158341,0.948543,0.274861,1.0,-0.158341,0.948543,0.6374305784702301,12,0.4208293855190277,0.9742713868618011,,,,,,,,,,
112,2,grader,keep_all|loose_filter|medium_filter|strict_filter|rerank_only,rerank_only,-0.07,0,generator,0.905219,-1.0,-0.861607,,0.905219,-1.0,-0.861607,0.0,,,,,,,0.952609658241272,0.5,0.06919649243354797,,,,,
112,3,generator,generate_answer|generate_with_strict_citations|generate_short_answer,generate_with_strict_citations,-0.07,0,verifier,-0.974244,1.0,1.0,1.0,-0.974244,1.0,1.0,1.0,,,,,,,,,,0.01287776231765747,1.0,384,1.0,
112,4,verifier,verify_answer,verify_answer,0.2223,1,,-0.821386,,,,-0.821386,0.0,0.0,0.0,,,,,,,,,,,,,,0.08930724859237671
113,1,retriever,dense_retrieve|sparse_retrieve|hybrid_retrieve|hybrid_rerank,dense_retrieve,-0.02,0,grader,0.490282,0.777023,-0.330307,1.0,0.490282,0.777023,-0.330307,1.0,0.7451410889625549,10,0.33484645187854767,1.0,,,,,,,,,,
113,2,grader,keep_all|loose_filter|medium_filter|strict_filter|rerank_only,rerank_only,-0.07,0,generator,0.792134,-1.0,-0.926829,,0.792134,-1.0,-0.926829,0.0,,,,,,,0.8960669040679932,0.5,0.036585718393325806,,,,,
113,3,generator,generate_answer|generate_with_strict_citations|generate_short_answer,generate_with_strict_citations,-0.07,0,verifier,-1.0,1.0,1.0,0.911647,-1.0,1.0,1.0,0.911647,,,,,,,,,,0.0,1.0,384,0.9558237493038177,
113,4,verifier,verify_answer,verify_answer,0.6056,1,,-1.0,,,,-1.0,0.0,0.0,0.0,,,,,,,,,,,,,,0.0
114,1,retriever,dense_retrieve|sparse_retrieve|hybrid_retrieve|hybrid_rerank,dense_retrieve,-0.02,0,grader,0.443231,1.0,-0.038544,1.0,0.443231,1.0,-0.038544,1.0,0.7216154932975769,12,0.48072818480432034,1.0,,,,,,,,,,
114,2,grader,keep_all|loose_filter|medium_filter|strict_filter|rerank_only,rerank_only,-0.07,0,generator,0.994828,-0.912942,-0.766567,,0.994828,-0.912942,-0.766567,0.0,,,,,,,0.9974142014980316,0.5217645466327667,0.11671674251556396,,,,,
114,3,generator,generate_answer|generate_with_strict_citations|generate_short_answer,generate_with_strict_citations,-0.07,0,verifier,-1.0,1.0,0.976181,0.994054,-1.0,1.0,0.976181,0.994054,,,,,,,,,,0.0,1.0,384,0.9970268905162811,
114,4,verifier,verify_answer,verify_answer,0.6659,1,,-1.0,,,,-1.0,0.0,0.0,0.0,,,,,,,,,,,,,,0.0
115,1,retriever,dense_retrieve|sparse_retrieve|hybrid_retrieve|hybrid_rerank,hybrid_rerank,-0.02,0,grader,0.537816,0.867197,0.382835,1.0,0.537816,0.867197,0.382835,1.0,0.7689080238342285,11,0.6914176642894745,1.0,,,,,,,,,,
115,2,grader,keep_all|loose_filter|medium_filter|strict_filter|rerank_only,rerank_only,-0.07,0,generator,0.79117,-1.0,-0.506715,,0.79117,-1.0,-0.506715,0.0,,,,,,,0.8955850601196289,0.5,0.24664252996444702,,,,,
115,3,generator,generate_answer|generate_with_strict_citations|generate_short_answer,generate_with_strict_citations,-0.07,0,verifier,-1.0,0.899009,1.0,0.90731,-1.0,0.899009,1.0,0.90731,,,,,,,,,,0.0,0.9495047330856323,384,0.9536552429199219,
115,4,verifier,verify_answer,verify_answer,0.5387,1,,-0.726082,,,,-0.726082,0.0,0.0,0.0,,,,,,,,,,,,,,0.13695892691612244
116,1,retriever,dense_retrieve|sparse_retrieve|hybrid_retrieve|hybrid_rerank,dense_retrieve,-0.02,0,grader,0.503799,0.926695,-0.02374,0.908221,0.503799,0.926695,-0.02374,0.908221,0.7518994808197021,11,0.4881299398839474,0.9541103541851044,,,,,,,,,,
116,2,grader,keep_all|loose_filter|medium_filter|strict_filter|rerank_only,rerank_only,-0.07,0,generator,1.0,-0.954911,-0.675087,,1.0,-0.954911,-0.675087,0.0,,,,,,,1.0,0.5112721771001816,0.16245639324188232,,,,,
116,3,generator,generate_answer|generate_with_strict_citations|generate_short_answer,generate_with_strict_citations,-0.07,0,verifier,-0.765597,1.0,0.886949,1.0,-0.765597,1.0,0.886949,1.0,,,,,,,,,,0.11720141768455505,1.0,384,1.0,
116,4,verifier,verify_answer,verify_answer,0.6465,1,,-1.0,,,,-1.0,0.0,0.0,0.0,,,,,,,,,,,,,,0.0
117,1,retriever,dense_retrieve|sparse_retrieve|hybrid_retrieve|hybrid_rerank,hybrid_rerank,-0.02,0,grader,0.689112,1.0,0.154278,1.0,0.689112,1.0,0.154278,1.0,0.84455606341362,12,0.5771388784050941,1.0,,,,,,,,,,
117,2,grader,keep_all|loose_filter|medium_filter|strict_filter|rerank_only,rerank_only,-0.07,0,generator,0.79486,-1.0,-0.572359,,0.79486,-1.0,-0.572359,0.0,,,,,,,0.8974298536777496,0.5,0.21382030844688416,,,,,
117,3,generator,generate_answer|generate_with_strict_citations|generate_short_answer,generate_with_strict_citations,-0.07,0,verifier,-1.0,0.842373,1.0,1.0,-1.0,0.842373,1.0,1.0,,,,,,,,,,0.0,0.9211867451667786,384,1.0,
117,4,verifier,verify_answer,verify_answer,0.7768,1,,-0.892131,,,,-0.892131,0.0,0.0,0.0,,,,,,,,,,,,,,0.05393439531326294
118,1,retriever,dense_retrieve|sparse_retrieve|hybrid_retrieve|hybrid_rerank,dense_retrieve,-0.02,0,grader,0.708518,0.886353,-0.395984,1.0,0.708518,0.886353,-0.395984,1.0,0.854258805513382,11,0.3020080029964447,1.0,,,,,,,,,,
118,2,grader,keep_all|loose_filter|medium_filter|strict_filter|rerank_only,rerank_only,-0.07,0,generator,0.948528,-1.0,-0.644836,,0.948528,-1.0,-0.644836,0.0,,,,,,,0.9742638468742371,0.5,0.177581787109375,,,,,
118,3,generator,generate_answer|generate_with_strict_citations|generate_short_answer,generate_with_strict_citations,-0.07,0,verifier,-0.916408,1.0,1.0,0.901672,-0.916408,1.0,1.0,0.901672,,,,,,,,,,0.04179587960243225,1.0,384,0.9508358836174011,
118,4,verifier,verify_answer,verify_answer,0.6553,1,,-0.860806,,,,-0.860806,0.0,0.0,0.0,,,,,,,,,,,,,,0.06959712505340576
119,1,retriever,dense_retrieve|sparse_retrieve|hybrid_retrieve|hybrid_rerank,hybrid_rerank,-0.02,0,grader,0.394615,1.0,0.433727,1.0,0.394615,1.0,0.433727,1.0,0.6973074823617935,12,0.7168635278940201,1.0,,,,,,,,,,
119,2,grader,keep_all|loose_filter|medium_filter|strict_filter|rerank_only,rerank_only,-0.07,0,generator,1.0,-0.838905,-0.838428,,1.0,-0.838905,-0.838428,0.0,,,,,,,1.0,0.5402738302946091,0.08078575134277344,,,,,
119,3,generator,generate_answer|generate_with_strict_citations|generate_short_answer,generate_with_strict_citations,-0.07,0,verifier,-1.0,0.842716,0.704997,1.0,-1.0,0.842716,0.704997,1.0,,,,,,,,,,0.0,0.9213578104972839,384,1.0,
119,4,verifier,verify_answer,verify_answer,0.7763,1,,-1.0,,,,-1.0,0.0,0.0,0.0,,,,,,,,,,,,,,0.0
120,1,retriever,dense_retrieve|sparse_retrieve|hybrid_retrieve|hybrid_rerank,hybrid_rerank,-0.02,0,grader,0.171963,0.95815,0.955567,1.0,0.171963,0.95815,0.955567,1.0,0.5859816074371338,11,0.9777834117412567,1.0,,,,,,,,,,
120,2,grader,keep_all|loose_filter|medium_filter|strict_filter|rerank_only,rerank_only,-0.07,0,generator,1.0,-1.0,0.167569,,1.0,-1.0,0.167569,0.0,,,,,,,1.0,0.5,0.5837843865156174,,,,,
120,3,generator,generate_answer|generate_with_strict_citations|generate_short_answer,generate_with_strict_citations,-0.07,0,verifier,-0.95748,0.962071,1.0,1.0,-0.95748,0.962071,1.0,1.0,,,,,,,,,,0.021259963512420654,0.9810355305671692,384,1.0,
120,4,verifier,verify_answer,verify_answer,0.4225,1,,-0.889755,,,,-0.889755,0.0,0.0,0.0,,,,,,,,,,,,,,0.05512261390686035
121,1,retriever,dense_retrieve|sparse_retrieve|hybrid_retrieve|hybrid_rerank,hybrid_rerank,-0.02,0,grader,0.460162,1.0,0.264855,0.805123,0.460162,1.0,0.264855,0.805123,0.7300807684659958,12,0.6324275135993958,0.9025614261627197,,,,,,,,,,
121,2,grader,keep_all|loose_filter|medium_filter|strict_filter|rerank_only,rerank_only,-0.07,0,generator,1.0,-1.0,-0.891985,,1.0,-1.0,-0.891985,0.0,,,,,,,1.0,0.5,0.05400770902633667,,,,,
121,3,generator,generate_answer|generate_with_strict_citations|generate_short_answer,generate_with_strict_citations,-0.07,0,verifier,-0.91186,1.0,1.0,1.0,-0.91186,1.0,1.0,1.0,,,,,,,,,,0.0440697968006134,1.0,384,1.0,
121,4,verifier,verify_answer,verify_answer,0.9735,1,,-0.744645,,,,-0.744645,0.0,0.0,0.0,,,,,,,,,,,,,,0.1276775598526001
122,1,retriever,dense_retrieve|sparse_retrieve|hybrid_retrieve|hybrid_rerank,dense_retrieve,-0.02,0,grader,0.535284,1.0,-0.308838,0.735197,0.535284,1.0,-0.308838,0.735197,0.7676419019699097,12,0.34558090567588806,0.8675985634326935,,,,,,,,,,
122,2,grader,keep_all|loose_filter|medium_filter|strict_filter|rerank_only,rerank_only,-0.07,0,generator,1.0,-0.942625,-0.703686,,1.0,-0.942625,-0.703686,0.0,,,,,,,1.0,0.5143437832593918,0.14815714955329895,,,,,
122,3,generator,generate_answer|generate_with_strict_citations|generate_short_answer,generate_with_strict_citations,-0.07,0,verifier,-0.898874,0.978652,0.816321,0.966795,-0.898874,0.978652,0.816321,0.966795,,,,,,,,,,0.05056321620941162,0.989326000213623,384,0.9833974540233612,
122,4,verifier,verify_answer,verify_answer,0.7227,1,,-1.0,,,,-1.0,0.0,0.0,0.0,,,,,,,,,,,,,,0.0
123,1,retriever,dense_retrieve|sparse_retrieve|hybrid_retrieve|hybrid_rerank,hybrid_rerank,-0.02,0,grader,0.603003,1.0,0.020075,1.0,0.603003,1.0,0.020075,1.0,0.8015017211437225,12,0.5100372964516282,1.0,,,,,,,,,,
123,2,grader,keep_all|loose_filter|medium_filter|strict_filter|rerank_only,rerank_only,-0.07,0,generator,0.817183,-0.933154,-0.643284,,0.817183,-0.933154,-0.643284,0.0,,,,,,,0.9085914194583893,0.516711488366127,0.17835795879364014,,,,,
123,3,generator,generate_answer|generate_with_strict_citations|generate_short_answer,generate_with_strict_citations,-0.07,0,verifier,-1.0,0.979373,1.0,0.880507,-1.0,0.979373,1.0,0.880507,,,,,,,,,,0.0,0.9896865785121918,384,0.9402534067630768,
123,4,verifier,verify_answer,verify_answer,0.7227,1,,-0.902743,,,,-0.902743,0.0,0.0,0.0,,,,,,,,,,,,,,0.0486283004283905
124,1,retriever,dense_retrieve|sparse_retrieve|hybrid_retrieve|hybrid_rerank,hybrid_rerank,-0.02,0,grader,-0.191483,1.0,0.8159,0.9333,-0.191483,1.0,0.8159,0.9333,0.4042585641145706,12,0.9079501330852509,0.9666499197483063,,,,,,,,,,
124,2,grader,keep_all|loose_filter|medium_filter|strict_filter|rerank_only,medium_filter,-0.07,0,generator,1.0,-1.0,0.669823,,1.0,-1.0,0.669823,0.0,,,,,,,1.0,0.5,0.8349115550518036,,,,,
124,3,generator,generate_answer|generate_with_strict_citations|generate_short_answer,generate_with_strict_citations,-0.07,0,verifier,-1.0,1.0,1.0,0.785456,-1.0,1.0,1.0,0.785456,,,,,,,,,,0.0,1.0,384,0.8927281498908997,
124,4,verifier,verify_answer,verify_answer,0.6394,1,,-1.0,,,,-1.0,0.0,0.0,0.0,,,,,,,,,,,,,,0.0
125,1,retriever,dense_retrieve|sparse_retrieve|hybrid_retrieve|hybrid_rerank,hybrid_rerank,-0.02,0,grader,-0.212232,1.0,0.254388,1.0,-0.212232,1.0,0.254388,1.0,0.39388424903154373,12,0.6271938383579254,1.0,,,,,,,,,,
125,2,grader,keep_all|loose_filter|medium_filter|strict_filter|rerank_only,rerank_only,-0.07,0,generator,0.910995,-0.972113,-0.477642,,0.910995,-0.972113,-0.477642,0.0,,,,,,,0.9554974734783173,0.5069717913866043,0.2611790597438812,,,,,
125,3,generator,generate_answer|generate_with_strict_citations|generate_short_answer,generate_with_strict_citations,-0.07,0,verifier,-0.698911,1.0,1.0,1.0,-0.698911,1.0,1.0,1.0,,,,,,,,,,0.15054428577423096,1.0,384,1.0,
125,4,verifier,verify_answer,verify_answer,0.7605,1,,-0.911096,,,,-0.911096,0.0,0.0,0.0,,,,,,,,,,,,,,0.04445210099220276
126,1,retriever,dense_retrieve|sparse_retrieve|hybrid_retrieve|hybrid_rerank,dense_retrieve,-0.02,0,grader,0.791574,0.917157,-0.318501,0.997817,0.791574,0.917157,-0.318501,0.997817,0.8957870304584503,11,0.34074948728084564,0.9989086985588074,,,,,,,,,,
126,2,grader,keep_all|loose_filter|medium_filter|strict_filter|rerank_only,rerank_only,-0.07,0,generator,0.970437,-1.0,-0.639874,,0.970437,-1.0,-0.639874,0.0,,,,,,,0.9852185249328613,0.5,0.1800631284713745,,,,,
126,3,generator,generate_answer|generate_with_strict_citations|generate_short_answer,generate_with_strict_citations,-0.07,0,verifier,-0.856575,1.0,1.0,0.826982,-0.856575,1.0,1.0,0.826982,,,,,,,,,,0.07171264290809631,1.0,384,0.913490891456604,
126,4,verifier,verify_answer,verify_answer,0.6105,1,,-1.0,,,,-1.0,0.0,0.0,0.0,,,,,,,,,,,,,,0.0
127,1,retriever,dense_retrieve|sparse_retrieve|hybrid_retrieve|hybrid_rerank,dense_retrieve,-0.02,0,grader,0.362286,0.719969,-0.117914,0.981357,0.362286,0.719969,-0.117914,0.981357,0.6811430603265762,10,0.44104286283254623,0.990678608417511,,,,,,,,,,
127,2,grader,keep_all|loose_filter|medium_filter|strict_filter|rerank_only,rerank_only,-0.07,0,generator,1.0,-0.905208,-0.921424,,1.0,-0.905208,-0.921424,0.0,,,,,,,1.0,0.5236979722976685,0.0392879843711853,,,,,
127,3,generator,generate_answer|generate_with_strict_citations|generate_short_answer,generate_with_strict_citations,-0.07,0,verifier,-0.721745,1.0,1.0,0.96438,-0.721745,1.0,1.0,0.96438,,,,,,,,,,0.13912761211395264,1.0,384,0.9821901321411133,
127,4,verifier,verify_answer,verify_answer,0.5406,1,,-1.0,,,,-1.0,0.0,0.0,0.0,,,,,,,,,,,,,,0.0
128,1,retriever,dense_retrieve|sparse_retrieve|hybrid_retrieve|hybrid_rerank,hybrid_rerank,-0.02,0,grader,0.722114,1.0,0.276152,1.0,0.722114,1.0,0.276152,1.0,0.8610570430755615,12,0.6380757838487625,1.0,,,,,,,,,,
128,2,grader,keep_all|loose_filter|medium_filter|strict_filter|rerank_only,rerank_only,-0.07,0,generator,0.921798,-1.0,-0.622283,,0.921798,-1.0,-0.622283,0.0,,,,,,,0.9608989953994751,0.5,0.18885836005210876,,,,,
128,3,generator,generate_answer|generate_with_strict_citations|generate_short_answer,generate_with_strict_citations,-0.07,0,verifier,-1.0,1.0,0.977829,0.928393,-1.0,1.0,0.977829,0.928393,,,,,,,,,,0.0,1.0,384,0.9641963243484497,
128,4,verifier,verify_answer,verify_answer,0.6681,1,,-1.0,,,,-1.0,0.0,0.0,0.0,,,,,,,,,,,,,,0.0
129,1,retriever,dense_retrieve|sparse_retrieve|hybrid_retrieve|hybrid_rerank,hybrid_rerank,-0.02,0,grader,0.256173,0.920061,0.203359,0.568847,0.256173,0.920061,0.203359,0.568847,0.6280863732099533,11,0.6016796231269836,0.7844236493110657,,,,,,,,,,
129,2,grader,keep_all|loose_filter|medium_filter|strict_filter|rerank_only,rerank_only,-0.07,0,generator,0.989226,-0.733962,-0.354035,,0.989226,-0.733962,-0.354035,0.0,,,,,,,0.9946128129959106,0.5665095448493958,0.32298244535923004,,,,,
129,3,generator,generate_answer|generate_with_strict_citations|generate_short_answer,generate_with_strict_citations,-0.07,0,verifier,-1.0,0.909163,1.0,0.848622,-1.0,0.909163,1.0,0.848622,,,,,,,,,,0.0,0.9545812904834747,384,0.9243110120296478,
129,4,verifier,verify_answer,verify_answer,0.9735,1,,-0.954709,,,,-0.954709,0.0,0.0,0.0,,,,,,,,,,,,,,0.02264547348022461
130,1,retriever,dense_retrieve|sparse_retrieve|hybrid_retrieve|hybrid_rerank,dense_retrieve,-0.02,0,grader,0.882138,1.0,-0.224667,0.967842,0.882138,1.0,-0.224667,0.967842,0.9410690367221832,12,0.38766665756702423,0.983921229839325,,,,,,,,,,
130,2,grader,keep_all|loose_filter|medium_filter|strict_filter|rerank_only,rerank_only,-0.07,0,generator,0.862692,-1.0,-0.579287,,0.862692,-1.0,-0.579287,0.0,,,,,,,0.931346207857132,0.5,0.2103567123413086,,,,,
130,3,generator,generate_answer|generate_with_strict_citations|generate_short_answer,generate_with_strict_citations,-0.07,0,verifier,-0.944777,1.0,0.879494,1.0,-0.944777,1.0,0.879494,1.0,,,,,,,,,,0.027611374855041504,1.0,384,1.0,
130,4,verifier,verify_answer,verify_answer,0.5907,1,,-1.0,,,,-1.0,0.0,0.0,0.0,,,,,,,,,,,,,,0.0
131,1,retriever,dense_retrieve|sparse_retrieve|hybrid_retrieve|hybrid_rerank,dense_retrieve,-0.02,0,grader,0.728585,0.887822,-0.413486,1.0,0.728585,0.887822,-0.413486,1.0,0.864292562007904,11,0.29325681924819946,1.0,,,,,,,,,,
131,2,grader,keep_all|loose_filter|medium_filter|strict_filter|rerank_only,rerank_only,-0.07,0,generator,1.0,-1.0,-0.260312,,1.0,-1.0,-0.260312,0.0,,,,,,,1.0,0.5,0.3698437809944153,,,,,
131,3,generator,generate_answer|generate_with_strict_citations|generate_short_answer,generate_with_strict_citations,-0.07,0,verifier,-0.922494,0.76512,0.920614,1.0,-0.922494,0.76512,0.920614,1.0,,,,,,,,,,0.0387532114982605,0.8825599253177643,384,1.0,
131,4,verifier,verify_answer,verify_answer,0.6049,1,,-1.0,,,,-1.0,0.0,0.0,0.0,,,,,,,,,,,,,,0.0
132,1,retriever,dense_retrieve|sparse_retrieve|hybrid_retrieve|hybrid_rerank,hybrid_rerank,-0.02,0,grader,0.651339,0.796462,0.450622,0.994214,0.651339,0.796462,0.450622,0.994214,0.8256693184375763,11,0.7253109961748123,0.9971069395542145,,,,,,,,,,
132,2,grader,keep_all|loose_filter|medium_filter|strict_filter|rerank_only,rerank_only,-0.07,0,generator,0.74464,-0.825142,-0.049695,,0.74464,-0.825142,-0.049695,0.0,,,,,,,0.8723197877407074,0.5437144488096237,0.47515273094177246,,,,,
132,3,generator,generate_answer|generate_with_strict_citations|generate_short_answer,generate_with_strict_citations,-0.07,0,verifier,-1.0,1.0,1.0,0.845966,-1.0,1.0,1.0,0.845966,,,,,,,,,,0.0,1.0,384,0.9229831397533417,
132,4,verifier,verify_answer,verify_answer,0.4068,1,,-0.990734,,,,-0.990734,0.0,0.0,0.0,,,,,,,,,,,,,,0.004633158445358276
133,1,retriever,dense_retrieve|sparse_retrieve|hybrid_retrieve|hybrid_rerank,dense_retrieve,-0.02,0,grader,0.809405,1.0,-0.089649,0.944011,0.809405,1.0,-0.089649,0.944011,0.9047023355960846,12,0.4551752768456936,0.9720056653022766,,,,,,,,,,
133,2,grader,keep_all|loose_filter|medium_filter|strict_filter|rerank_only,rerank_only,-0.07,0,generator,0.865068,-0.986954,-0.068282,,0.865068,-0.986954,-0.068282,0.0,,,,,,,0.9325339496135712,0.5032614916563034,0.4658588692545891,,,,,
133,3,generator,generate_answer|generate_with_strict_citations|generate_short_answer,generate_with_strict_citations,-0.07,0,verifier,-1.0,1.0,1.0,0.643849,-1.0,1.0,1.0,0.643849,,,,,,,,,,0.0,1.0,384,0.8219246864318848,
133,4,verifier,verify_answer,verify_answer,0.6891,1,,-1.0,,,,-1.0,0.0,0.0,0.0,,,,,,,,,,,,,,0.0
134,1,retriever,dense_retrieve|sparse_retrieve|hybrid_retrieve|hybrid_rerank,hybrid_rerank,-0.02,0,grader,0.131533,1.0,0.974819,0.88971,0.131533,1.0,0.974819,0.88971,0.565766729414463,12,0.9874097406864166,0.9448549151420593,,,,,,,,,,
134,2,grader,keep_all|loose_filter|medium_filter|strict_filter|rerank_only,medium_filter,-0.07,0,generator,0.423592,-0.792012,0.740514,,0.423592,-0.792012,0.740514,0.0,,,,,,,0.7117960005998611,0.5519969612360001,0.8702572286128998,,,,,
134,3,generator,generate_answer|generate_with_strict_citations|generate_short_answer,generate_with_strict_citations,-0.07,0,verifier,-1.0,0.927025,0.856971,1.0,-1.0,0.927025,0.856971,1.0,,,,,,,,,,0.0,0.963512659072876,384,1.0,
134,4,verifier,verify_answer,verify_answer,0.6787,1,,-0.756286,,,,-0.756286,0.0,0.0,0.0,,,,,,,,,,,,,,0.12185689806938171
135,1,retriever,dense_retrieve|sparse_retrieve|hybrid_retrieve|hybrid_rerank,dense_retrieve,-0.02,0,grader,0.778606,0.962054,-0.174602,0.764599,0.778606,0.962054,-0.174602,0.764599,0.8893028199672699,11,0.41269882023334503,0.8822996616363525,,,,,,,,,,
135,2,grader,keep_all|loose_filter|medium_filter|strict_filter|rerank_only,rerank_only,-0.07,0,generator,1.0,-1.0,0.126573,,1.0,-1.0,0.126573,0.0,,,,,,,1.0,0.5,0.5632865056395531,,,,,
135,3,generator,generate_answer|generate_with_strict_citations|generate_short_answer,generate_with_strict_citations,-0.07,0,verifier,-0.520922,1.0,0.887205,0.934312,-0.520922,1.0,0.887205,0.934312,,,,,,,,,,0.23953908681869507,1.0,384,0.9671558737754822,
135,4,verifier,verify_answer,verify_answer,0.6332,1,,-0.827717,,,,-0.827717,0.0,0.0,0.0,,,,,,,,,,,,,,0.086141437292099
136,1,retriever,dense_retrieve|sparse_retrieve|hybrid_retrieve|hybrid_rerank,hybrid_rerank,-0.02,0,grader,-0.046976,0.783832,1.0,0.898635,-0.046976,0.783832,1.0,0.898635,0.4765119757503271,11,1.0,0.9493177235126495,,,,,,,,,,
136,2,grader,keep_all|loose_filter|medium_filter|strict_filter|rerank_only,medium_filter,-0.07,0,generator,0.237809,-0.835258,0.736846,,0.237809,-0.835258,0.736846,0.0,,,,,,,0.6189046204090118,0.5411855727434158,0.868423193693161,,,,,
136,3,generator,generate_answer|generate_with_strict_citations|generate_short_answer,generate_with_strict_citations,-0.07,0,verifier,-0.807752,1.0,1.0,1.0,-0.807752,1.0,1.0,1.0,,,,,,,,,,0.09612414240837097,1.0,384,1.0,
136,4,verifier,verify_answer,verify_answer,0.4733,1,,-1.0,,,,-1.0,0.0,0.0,0.0,,,,,,,,,,,,,,0.0
137,1,retriever,dense_retrieve|sparse_retrieve|hybrid_retrieve|hybrid_rerank,hybrid_retrieve,-0.02,0,grader,-0.242245,1.0,-0.362604,0.939067,-0.242245,1.0,-0.362604,0.939067,0.3788774386048317,12,0.31869807839393616,0.9695336222648621,,,,,,,,,,
137,2,grader,keep_all|loose_filter|medium_filter|strict_filter|rerank_only,rerank_only,-0.07,0,generator,0.844551,-0.936276,0.317061,,0.844551,-0.936276,0.317061,0.0,,,,,,,0.9222756624221802,0.5159309357404709,0.6585305780172348,,,,,
137,3,generator,generate_answer|generate_with_strict_citations|generate_short_answer,generate_with_strict_citations,-0.07,0,verifier,-1.0,1.0,1.0,0.986483,-1.0,1.0,1.0,0.986483,,,,,,,,,,0.0,1.0,384,0.993241548538208,
137,4,verifier,verify_answer,verify_answer,0.5507,1,,-0.932118,,,,-0.932118,0.0,0.0,0.0,,,,,,,,,,,,,,0.033941060304641724
138,1,retriever,dense_retrieve|sparse_retrieve|hybrid_retrieve|hybrid_rerank,hybrid_retrieve,-0.02,0,grader,0.031716,1.0,-0.185995,1.0,0.031716,1.0,-0.185995,1.0,0.5158581398427486,12,0.4070025235414505,1.0,,,,,,,,,,
138,2,grader,keep_all|loose_filter|medium_filter|strict_filter|rerank_only,rerank_only,-0.07,0,generator,1.0,-0.611358,0.237522,,1.0,-0.611358,0.237522,0.0,,,,,,,1.0,0.5971604436635971,0.6187608614563942,,,,,
138,3,generator,generate_answer|generate_with_strict_citations|generate_short_answer,generate_with_strict_citations,-0.07,0,verifier,-0.951014,1.0,0.946995,1.0,-0.951014,1.0,0.946995,1.0,,,,,,,,,,0.02449306845664978,1.0,384,1.0,
138,4,verifier,verify_answer,verify_answer,0.1943,1,,-1.0,,,,-1.0,0.0,0.0,0.0,,,,,,,,,,,,,,0.0
139,1,retriever,dense_retrieve|sparse_retrieve|hybrid_retrieve|hybrid_rerank,hybrid_rerank,-0.02,0,grader,0.011753,1.0,0.826876,1.0,0.011753,1.0,0.826876,1.0,0.5058763693086803,12,0.9134378731250763,1.0,,,,,,,,,,
139,2,grader,keep_all|loose_filter|medium_filter|strict_filter|rerank_only,loose_filter,-0.07,0,generator,-0.630335,-1.0,0.49563,,-0.630335,-1.0,0.49563,0.0,,,,,,,0.18483242392539978,0.5,0.7478152066469193,,,,,
139,3,generator,generate_answer|generate_with_strict_citations|generate_short_answer,generate_with_strict_citations,-0.07,0,verifier,-1.0,1.0,0.99654,0.848304,-1.0,1.0,0.99654,0.848304,,,,,,,,,,0.0,1.0,384,0.9241518080234528,
139,4,verifier,verify_answer,verify_answer,0.3362,1,,-1.0,,,,-1.0,0.0,0.0,0.0,,,,,,,,,,,,,,0.0
140,1,retriever,dense_retrieve|sparse_retrieve|hybrid_retrieve|hybrid_rerank,hybrid_rerank,-0.02,0,grader,0.751015,1.0,0.46065,0.944514,0.751015,1.0,0.46065,0.944514,0.8755074441432953,12,0.7303251028060913,0.9722570776939392,,,,,,,,,,
140,2,grader,keep_all|loose_filter|medium_filter|strict_filter|rerank_only,medium_filter,-0.07,0,generator,0.344825,-1.0,0.768309,,0.344825,-1.0,0.768309,0.0,,,,,,,0.6724124252796173,0.5,0.8841544389724731,,,,,
140,3,generator,generate_answer|generate_with_strict_citations|generate_short_answer,generate_with_strict_citations,-0.07,0,verifier,-1.0,1.0,1.0,1.0,-1.0,1.0,1.0,1.0,,,,,,,,,,0.0,1.0,384,1.0,
140,4,verifier,verify_answer,verify_answer,0.4059,1,,-1.0,,,,-1.0,0.0,0.0,0.0,,,,,,,,,,,,,,0.0
141,1,retriever,dense_retrieve|sparse_retrieve|hybrid_retrieve|hybrid_rerank,hybrid_rerank,-0.02,0,grader,0.317999,0.995807,0.844947,1.0,0.317999,0.995807,0.844947,1.0,0.6589996516704559,11,0.9224735796451569,1.0,,,,,,,,,,
141,2,grader,keep_all|loose_filter|medium_filter|strict_filter|rerank_only,medium_filter,-0.07,0,generator,-1.0,-0.814245,0.772438,,-1.0,-0.814245,0.772438,0.0,,,,,,,0.0,0.5464388579130173,0.8862191736698151,,,,,
141,3,generator,generate_answer|generate_with_strict_citations|generate_short_answer,generate_with_strict_citations,-0.07,0,verifier,-0.96973,1.0,0.961136,1.0,-0.96973,1.0,0.961136,1.0,,,,,,,,,,0.015135198831558228,1.0,384,1.0,
141,4,verifier,verify_answer,verify_answer,0.6406,1,,-1.0,,,,-1.0,0.0,0.0,0.0,,,,,,,,,,,,,,0.0
142,1,retriever,dense_retrieve|sparse_retrieve|hybrid_retrieve|hybrid_rerank,dense_retrieve,-0.02,0,grader,0.614625,0.798046,-0.09748,1.0,0.614625,0.798046,-0.09748,1.0,0.8073126673698425,11,0.4512602426111698,1.0,,,,,,,,,,
142,2,grader,keep_all|loose_filter|medium_filter|strict_filter|rerank_only,loose_filter,-0.07,0,generator,0.691614,-1.0,0.451475,,0.691614,-1.0,0.451475,0.0,,,,,,,0.8458069860935211,0.5,0.7257375419139862,,,,,
142,3,generator,generate_answer|generate_with_strict_citations|generate_short_answer,generate_with_strict_citations,-0.07,0,verifier,-0.972942,1.0,1.0,1.0,-0.972942,1.0,1.0,1.0,,,,,,,,,,0.013528972864151001,1.0,384,1.0,
142,4,verifier,verify_answer,verify_answer,0.5064,1,,-0.833526,,,,-0.833526,0.0,0.0,0.0,,,,,,,,,,,,,,0.08323681354522705
143,1,retriever,dense_retrieve|sparse_retrieve|hybrid_retrieve|hybrid_rerank,hybrid_rerank,-0.02,0,grader,0.468058,0.963755,0.022676,1.0,0.468058,0.963755,0.022676,1.0,0.734029158949852,11,0.5113381370902061,1.0,,,,,,,,,,
143,2,grader,keep_all|loose_filter|medium_filter|strict_filter|rerank_only,medium_filter,-0.07,0,generator,0.663473,-1.0,0.620022,,0.663473,-1.0,0.620022,0.0,,,,,,,0.8317363262176514,0.5,0.8100110590457916,,,,,
143,3,generator,generate_answer|generate_with_strict_citations|generate_short_answer,generate_answer,-0.07,0,verifier,-1.0,0.673603,1.0,0.918078,-1.0,0.673603,1.0,0.918078,,,,,,,,,,0.0,0.8368014991283417,384,0.9590388536453247,
143,4,verifier,verify_answer,verify_answer,0.3124,1,,-1.0,,,,-1.0,0.0,0.0,0.0,,,,,,,,,,,,,,0.0
144,1,retriever,dense_retrieve|sparse_retrieve|hybrid_retrieve|hybrid_rerank,hybrid_rerank,-0.02,0,grader,0.347817,1.0,0.426762,0.934386,0.347817,1.0,0.426762,0.934386,0.6739084720611572,12,0.7133811116218567,0.9671928584575653,,,,,,,,,,
144,2,grader,keep_all|loose_filter|medium_filter|strict_filter|rerank_only,medium_filter,-0.07,0,generator,0.101755,-1.0,0.692514,,0.101755,-1.0,0.692514,0.0,,,,,,,0.5508773922920227,0.5,0.8462570607662201,,,,,
144,3,generator,generate_answer|generate_with_strict_citations|generate_short_answer,generate_with_strict_citations,-0.07,0,verifier,-0.907579,0.859198,1.0,0.918025,-0.907579,0.859198,1.0,0.918025,,,,,,,,,,0.04621037840843201,0.9295988380908966,384,0.9590124189853668,
144,4,verifier,verify_answer,verify_answer,0.6944,1,,-0.878777,,,,-0.878777,0.0,0.0,0.0,,,,,,,,,,,,,,0.06061139702796936
145,1,retriever,dense_retrieve|sparse_retrieve|hybrid_retrieve|hybrid_rerank,hybrid_retrieve,-0.02,0,grader,-0.075451,1.0,-0.256636,0.947254,-0.075451,1.0,-0.256636,0.947254,0.46227457374334335,12,0.3716817647218704,0.9736267626285553,,,,,,,,,,
145,2,grader,keep_all|loose_filter|medium_filter|strict_filter|rerank_only,rerank_only,-0.07,0,generator,0.949249,-1.0,0.267934,,0.949249,-1.0,0.267934,0.0,,,,,,,0.9746247231960297,0.5,0.6339668184518814,,,,,
145,3,generator,generate_answer|generate_with_strict_citations|generate_short_answer,generate_with_strict_citations,-0.07,0,verifier,-1.0,0.841443,0.839802,1.0,-1.0,0.841443,0.839802,1.0,,,,,,,,,,0.0,0.920721560716629,384,1.0,
145,4,verifier,verify_answer,verify_answer,0.551,1,,-0.743381,,,,-0.743381,0.0,0.0,0.0,,,,,,,,,,,,,,0.12830939888954163
146,1,retriever,dense_retrieve|sparse_retrieve|hybrid_retrieve|hybrid_rerank,hybrid_rerank,-0.02,0,grader,0.401376,0.973982,0.993437,1.0,0.401376,0.973982,0.993437,1.0,0.7006882429122925,11,0.9967185854911804,1.0,,,,,,,,,,
146,2,grader,keep_all|loose_filter|medium_filter|strict_filter|rerank_only,strict_filter,-0.07,0,generator,-1.0,-0.959276,1.0,,-1.0,-0.959276,1.0,0.0,,,,,,,0.0,0.5101810097694397,1.0,,,,,
146,3,generator,generate_answer|generate_with_strict_citations|generate_short_answer,generate_with_strict_citations,-0.07,0,verifier,-0.924742,1.0,1.0,0.592723,-0.924742,1.0,1.0,0.592723,,,,,,,,,,0.037629008293151855,1.0,384,0.7963612973690033,
146,4,verifier,verify_answer,verify_answer,0.4231,1,,-0.898306,,,,-0.898306,0.0,0.0,0.0,,,,,,,,,,,,,,0.05084717273712158
147,1,retriever,dense_retrieve|sparse_retrieve|hybrid_retrieve|hybrid_rerank,dense_retrieve,-0.02,0,grader,0.732999,0.725195,-0.149651,1.0,0.732999,0.725195,-0.149651,1.0,0.8664996922016144,10,0.42517440021038055,1.0,,,,,,,,,,
147,2,grader,keep_all|loose_filter|medium_filter|strict_filter|rerank_only,rerank_only,-0.07,0,generator,0.945474,-0.856971,0.069304,,0.945474,-0.856971,0.069304,0.0,,,,,,,0.9727371335029602,0.5357572436332703,0.534651767462492,,,,,
147,3,generator,generate_answer|generate_with_strict_citations|generate_short_answer,generate_with_strict_citations,-0.07,0,verifier,-0.80266,1.0,1.0,1.0,-0.80266,1.0,1.0,1.0,,,,,,,,,,0.0986701250076294,1.0,384,1.0,
147,4,verifier,verify_answer,verify_answer,0.6104,1,,-1.0,,,,-1.0,0.0,0.0,0.0,,,,,,,,,,,,,,0.0
148,1,retriever,dense_retrieve|sparse_retrieve|hybrid_retrieve|hybrid_rerank,hybrid_rerank,-0.02,0,grader,0.399055,0.872093,1.0,0.971816,0.399055,0.872093,1.0,0.971816,0.6995277255773544,11,1.0,0.9859081208705902,,,,,,,,,,
148,2,grader,keep_all|loose_filter|medium_filter|strict_filter|rerank_only,strict_filter,-0.07,0,generator,-0.931495,-0.914711,0.867547,,-0.931495,-0.914711,0.867547,0.0,,,,,,,0.034252285957336426,0.5213221907615662,0.9337734282016754,,,,,
148,3,generator,generate_answer|generate_with_strict_citations|generate_short_answer,generate_with_strict_citations,-0.07,0,verifier,-0.745652,0.906037,1.0,0.886813,-0.745652,0.906037,1.0,0.886813,,,,,,,,,,0.1271742284297943,0.9530183672904968,384,0.9434062838554382,
148,4,verifier,verify_answer,verify_answer,0.395,1,,-1.0,,,,-1.0,0.0,0.0,0.0,,,,,,,,,,,,,,0.0
149,1,retriever,dense_retrieve|sparse_retrieve|hybrid_retrieve|hybrid_rerank,dense_retrieve,-0.02,0,grader,0.528618,0.994352,-0.324879,0.895591,0.528618,0.994352,-0.324879,0.895591,0.7643091380596161,11,0.3375604450702667,0.9477955400943756,,,,,,,,,,
149,2,grader,keep_all|loose_filter|medium_filter|strict_filter|rerank_only,rerank_only,-0.07,0,generator,0.773736,-1.0,-0.50483,,0.773736,-1.0,-0.50483,0.0,,,,,,,0.8868679702281952,0.5,0.24758490920066833,,,,,
149,3,generator,generate_answer|generate_with_strict_citations|generate_short_answer,generate_with_strict_citations,-0.07,0,verifier,-0.885883,1.0,0.781344,0.951826,-0.885883,1.0,0.781344,0.951826,,,,,,,,,,0.0570584237575531,1.0,384,0.9759128391742706,
149,4,verifier,verify_answer,verify_answer,0.7226,1,,-1.0,,,,-1.0,0.0,0.0,0.0,,,,,,,,,,,,,,0.0
150,1,retriever,dense_retrieve|sparse_retrieve|hybrid_retrieve|hybrid_rerank,dense_retrieve,-0.02,0,grader,0.893142,1.0,-0.475762,1.0,0.893142,1.0,-0.475762,1.0,0.9465709030628204,12,0.2621190547943115,1.0,,,,,,,,,,
150,2,grader,keep_all|loose_filter|medium_filter|strict_filter|rerank_only,rerank_only,-0.07,0,generator,0.962656,-0.8992,-0.075912,,0.962656,-0.8992,-0.075912,0.0,,,,,,,0.9813278913497925,0.5251999348402023,0.4620439112186432,,,,,
150,3,generator,generate_answer|generate_with_strict_citations|generate_short_answer,generate_with_strict_citations,-0.07,0,verifier,-1.0,0.951644,0.880571,1.0,-1.0,0.951644,0.880571,1.0,,,,,,,,,,0.0,0.9758219420909882,384,1.0,
150,4,verifier,verify_answer,verify_answer,0.5408,1,,-0.996783,,,,-0.996783,0.0,0.0,0.0,,,,,,,,,,,,,,0.001608729362487793
151,1,retriever,dense_retrieve|sparse_retrieve|hybrid_retrieve|hybrid_rerank,hybrid_rerank,-0.02,0,grader,0.645845,0.990221,0.87952,0.771577,0.645845,0.990221,0.87952,0.771577,0.8229222595691681,11,0.9397598803043365,0.88578861951828,,,,,,,,,,
151,2,grader,keep_all|loose_filter|medium_filter|strict_filter|rerank_only,strict_filter,-0.07,0,generator,-1.0,-1.0,0.999779,,-1.0,-1.0,0.999779,0.0,,,,,,,0.0,0.5,0.9998892843723297,,,,,
151,3,generator,generate_answer|generate_with_strict_citations|generate_short_answer,generate_with_strict_citations,-0.07,0,verifier,-0.923601,0.762261,1.0,0.925698,-0.923601,0.762261,1.0,0.925698,,,,,,,,,,0.038199663162231445,0.881130576133728,384,0.962848961353302,
151,4,verifier,verify_answer,verify_answer,0.621,1,,-0.977969,,,,-0.977969,0.0,0.0,0.0,,,,,,,,,,,,,,0.011015623807907104
152,1,retriever,dense_retrieve|sparse_retrieve|hybrid_retrieve|hybrid_rerank,hybrid_rerank,-0.02,0,grader,0.512525,1.0,0.946363,0.864955,0.512525,1.0,0.946363,0.864955,0.7562627494335175,12,0.9731814563274384,0.9324776828289032,,,,,,,,,,
152,2,grader,keep_all|loose_filter|medium_filter|strict_filter|rerank_only,strict_filter,-0.07,0,generator,-1.0,-1.0,0.942239,,-1.0,-1.0,0.942239,0.0,,,,,,,0.0,0.5,0.9711195230484009,,,,,
152,3,generator,generate_answer|generate_with_strict_citations|generate_short_answer,generate_with_strict_citations,-0.07,0,verifier,-1.0,0.979759,1.0,0.964422,-1.0,0.979759,1.0,0.964422,,,,,,,,,,0.0,0.9898792505264282,384,0.9822109937667847,
152,4,verifier,verify_answer,verify_answer,0.6987,1,,-1.0,,,,-1.0,0.0,0.0,0.0,,,,,,,,,,,,,,0.0
153,1,retriever,dense_retrieve|sparse_retrieve|hybrid_retrieve|hybrid_rerank,hybrid_rerank,-0.02,0,grader,0.806023,1.0,0.029949,1.0,0.806023,1.0,0.029949,1.0,0.9030112624168396,12,0.5149747394025326,1.0,,,,,,,,,,
153,2,grader,keep_all|loose_filter|medium_filter|strict_filter|rerank_only,loose_filter,-0.07,0,generator,0.971725,-0.997093,0.408357,,0.971725,-0.997093,0.408357,0.0,,,,,,,0.9858623743057251,0.5007266998291016,0.7041783630847931,,,,,
153,3,generator,generate_answer|generate_with_strict_citations|generate_short_answer,generate_with_strict_citations,-0.07,0,verifier,-0.964912,1.0,1.0,0.906329,-0.964912,1.0,1.0,0.906329,,,,,,,,,,0.017544060945510864,1.0,384,0.953164279460907,
153,4,verifier,verify_answer,verify_answer,0.0882,1,,-0.945761,,,,-0.945761,0.0,0.0,0.0,,,,,,,,,,,,,,0.027119487524032593
154,1,retriever,dense_retrieve|sparse_retrieve|hybrid_retrieve|hybrid_rerank,hybrid_rerank,-0.02,0,grader,0.295807,1.0,0.154012,0.968439,0.295807,1.0,0.154012,0.968439,0.6479035168886185,12,0.5770058482885361,0.9842196404933929,,,,,,,,,,
154,2,grader,keep_all|loose_filter|medium_filter|strict_filter|rerank_only,rerank_only,-0.07,0,generator,0.960447,-1.0,0.324289,,0.960447,-1.0,0.324289,0.0,,,,,,,0.9802236258983612,0.5,0.6621444225311279,,,,,
154,3,generator,generate_answer|generate_with_strict_citations|generate_short_answer,generate_with_strict_citations,-0.07,0,verifier,-0.985955,1.0,0.845824,1.0,-0.985955,1.0,0.845824,1.0,,,,,,,,,,0.007022440433502197,1.0,384,1.0,
154,4,verifier,verify_answer,verify_answer,0.5489,1,,-1.0,,,,-1.0,0.0,0.0,0.0,,,,,,,,,,,,,,0.0
155,1,retriever,dense_retrieve|sparse_retrieve|hybrid_retrieve|hybrid_rerank,dense_retrieve,-0.02,0,grader,0.912873,1.0,-0.046164,1.0,0.912873,1.0,-0.046164,1.0,0.9564365744590759,12,0.4769182223826647,1.0,,,,,,,,,,
155,2,grader,keep_all|loose_filter|medium_filter|strict_filter|rerank_only,rerank_only,-0.07,0,generator,0.81032,-0.862053,0.109587,,0.81032,-0.862053,0.109587,0.0,,,,,,,0.9051598906517029,0.5344866961240768,0.5547933802008629,,,,,
155,3,generator,generate_answer|generate_with_strict_citations|generate_short_answer,generate_with_strict_citations,-0.07,0,verifier,-1.0,1.0,0.962472,1.0,-1.0,1.0,0.962472,1.0,,,,,,,,,,0.0,1.0,384,1.0,
155,4,verifier,verify_answer,verify_answer,0.7288,1,,-0.960933,,,,-0.960933,0.0,0.0,0.0,,,,,,,,,,,,,,0.019533604383468628
156,1,retriever,dense_retrieve|sparse_retrieve|hybrid_retrieve|hybrid_rerank,sparse_retrieve,-0.02,0,grader,-0.305189,1.0,-0.004796,0.737186,-0.305189,1.0,-0.004796,0.737186,0.34740564227104187,12,0.49760203063488007,0.8685928285121918,,,,,,,,,,
156,2,grader,keep_all|loose_filter|medium_filter|strict_filter|rerank_only,strict_filter,-0.07,0,generator,0.116898,-1.0,0.830993,,0.116898,-1.0,0.830993,0.0,,,,,,,0.5584489107131958,0.5,0.915496438741684,,,,,
156,3,generator,generate_answer|generate_with_strict_citations|generate_short_answer,generate_with_strict_citations,-0.07,0,verifier,-0.830811,0.835858,0.938345,0.832497,-0.830811,0.835858,0.938345,0.832497,,,,,,,,,,0.08459436893463135,0.9179289042949677,384,0.9162485599517822,
156,4,verifier,verify_answer,verify_answer,0.7689,1,,-1.0,,,,-1.0,0.0,0.0,0.0,,,,,,,,,,,,,,0.0
157,1,retriever,dense_retrieve|sparse_retrieve|hybrid_retrieve|hybrid_rerank,hybrid_rerank,-0.02,0,grader,0.021631,1.0,1.0,1.0,0.021631,1.0,1.0,1.0,0.5108153512701392,12,1.0,1.0,,,,,,,,,,
157,2,grader,keep_all|loose_filter|medium_filter|strict_filter|rerank_only,medium_filter,-0.07,0,generator,-1.0,-1.0,0.740428,,-1.0,-1.0,0.740428,0.0,,,,,,,0.0,0.5,0.8702141046524048,,,,,
157,3,generator,generate_answer|generate_with_strict_citations|generate_short_answer,generate_with_strict_citations,-0.07,0,verifier,-1.0,1.0,1.0,0.812905,-1.0,1.0,1.0,0.812905,,,,,,,,,,0.0,1.0,384,0.9064523577690125,
157,4,verifier,verify_answer,verify_answer,0.3313,1,,-1.0,,,,-1.0,0.0,0.0,0.0,,,,,,,,,,,,,,0.0
158,1,retriever,dense_retrieve|sparse_retrieve|hybrid_retrieve|hybrid_rerank,dense_retrieve,-0.02,0,grader,0.799497,1.0,-0.367973,1.0,0.799497,1.0,-0.367973,1.0,0.8997483849525452,12,0.3160133361816406,1.0,,,,,,,,,,
158,2,grader,keep_all|loose_filter|medium_filter|strict_filter|rerank_only,rerank_only,-0.07,0,generator,0.920282,-1.0,-0.354714,,0.920282,-1.0,-0.354714,0.0,,,,,,,0.9601409137248993,0.5,0.32264310121536255,,,,,
158,3,generator,generate_answer|generate_with_strict_citations|generate_short_answer,generate_with_strict_citations,-0.07,0,verifier,-0.998932,0.934057,0.983538,0.984876,-0.998932,0.934057,0.983538,0.984876,,,,,,,,,,0.0005338490009307861,0.9670286774635315,384,0.9924381077289581,
158,4,verifier,verify_answer,verify_answer,0.7289,1,,-1.0,,,,-1.0,0.0,0.0,0.0,,,,,,,,,,,,,,0.0
159,1,retriever,dense_retrieve|sparse_retrieve|hybrid_retrieve|hybrid_rerank,dense_retrieve,-0.02,0,grader,0.601641,1.0,-0.397981,0.955045,0.601641,1.0,-0.397981,0.955045,0.800820529460907,12,0.30100949108600616,0.9775226712226868,,,,,,,,,,
159,2,grader,keep_all|loose_filter|medium_filter|strict_filter|rerank_only,rerank_only,-0.07,0,generator,1.0,-1.0,-0.223143,,1.0,-1.0,-0.223143,0.0,,,,,,,1.0,0.5,0.38842832297086716,,,,,
159,3,generator,generate_answer|generate_with_strict_citations|generate_short_answer,generate_with_strict_citations,-0.07,0,verifier,-0.944443,0.983416,1.0,0.762524,-0.944443,0.983416,1.0,0.762524,,,,,,,,,,0.027778714895248413,0.9917080104351044,384,0.8812621533870697,
159,4,verifier,verify_answer,verify_answer,0.6465,1,,-1.0,,,,-1.0,0.0,0.0,0.0,,,,,,,,,,,,,,0.0
160,1,retriever,dense_retrieve|sparse_retrieve|hybrid_retrieve|hybrid_rerank,hybrid_rerank,-0.02,0,grader,0.582847,1.0,0.622661,1.0,0.582847,1.0,0.622661,1.0,0.7914233207702637,12,0.8113306164741516,1.0,,,,,,,,,,
160,2,grader,keep_all|loose_filter|medium_filter|strict_filter|rerank_only,rerank_only,-0.07,0,generator,1.0,-0.924807,0.106824,,1.0,-0.924807,0.106824,0.0,,,,,,,1.0,0.5187982767820358,0.5534118488430977,,,,,
160,3,generator,generate_answer|generate_with_strict_citations|generate_short_answer,generate_with_strict_citations,-0.07,0,verifier,-1.0,0.881343,0.906849,0.972882,-1.0,0.881343,0.906849,0.972882,,,,,,,,,,0.0,0.9406715333461761,384,0.9864409267902374,
160,4,verifier,verify_answer,verify_answer,0.5387,1,,-1.0,,,,-1.0,0.0,0.0,0.0,,,,,,,,,,,,,,0.0
161,1,retriever,dense_retrieve|sparse_retrieve|hybrid_retrieve|hybrid_rerank,dense_retrieve,-0.02,0,grader,0.545433,1.0,-0.376988,1.0,0.545433,1.0,-0.376988,1.0,0.7727164924144745,12,0.31150592863559723,1.0,,,,,,,,,,
161,2,grader,keep_all|loose_filter|medium_filter|strict_filter|rerank_only,rerank_only,-0.07,0,generator,1.0,-1.0,-0.634721,,1.0,-1.0,-0.634721,0.0,,,,,,,1.0,0.5,0.18263942003250122,,,,,
161,3,generator,generate_answer|generate_with_strict_citations|generate_short_answer,generate_with_strict_citations,-0.07,0,verifier,-1.0,1.0,1.0,0.813665,-1.0,1.0,1.0,0.813665,,,,,,,,,,0.0,1.0,384,0.9068322777748108,
161,4,verifier,verify_answer,verify_answer,0.5167,1,,-0.925474,,,,-0.925474,0.0,0.0,0.0,,,,,,,,,,,,,,0.03726312518119812
162,1,retriever,dense_retrieve|sparse_retrieve|hybrid_retrieve|hybrid_rerank,dense_retrieve,-0.02,0,grader,0.535583,0.984003,-0.020644,0.773952,0.535583,0.984003,-0.020644,0.773952,0.7677915990352631,11,0.4896779041737318,0.8869757652282715,,,,,,,,,,
162,2,grader,keep_all|loose_filter|medium_filter|strict_filter|rerank_only,rerank_only,-0.07,0,generator,1.0,-0.929762,-0.106754,,1.0,-0.929762,-0.106754,0.0,,,,,,,1.0,0.5175595730543137,0.4466230347752571,,,,,
162,3,generator,generate_answer|generate_with_strict_citations|generate_short_answer,generate_with_strict_citations,-0.07,0,verifier,-0.985194,1.0,0.941233,1.0,-0.985194,1.0,0.941233,1.0,,,,,,,,,,0.007403194904327393,1.0,384,1.0,
162,4,verifier,verify_answer,verify_answer,0.7227,1,,-1.0,,,,-1.0,0.0,0.0,0.0,,,,,,,,,,,,,,0.0
163,1,retriever,dense_retrieve|sparse_retrieve|hybrid_retrieve|hybrid_rerank,hybrid_rerank,-0.02,0,grader,0.756973,0.944492,0.539164,0.995155,0.756973,0.944492,0.539164,0.995155,0.8784864842891693,11,0.7695821225643158,0.9975773096084595,,,,,,,,,,
163,2,grader,keep_all|loose_filter|medium_filter|strict_filter|rerank_only,rerank_only,-0.07,0,generator,1.0,-1.0,0.244961,,1.0,-1.0,0.244961,0.0,,,,,,,1.0,0.5,0.6224805042147636,,,,,
163,3,generator,generate_answer|generate_with_strict_citations|generate_short_answer,generate_with_strict_citations,-0.07,0,verifier,-0.810599,0.863648,0.901912,0.908722,-0.810599,0.863648,0.901912,0.908722,,,,,,,,,,0.09470027685165405,0.9318238496780396,384,0.9543608129024506,
163,4,verifier,verify_answer,verify_answer,0.5392,1,,-0.793817,,,,-0.793817,0.0,0.0,0.0,,,,,,,,,,,,,,0.10309132933616638
164,1,retriever,dense_retrieve|sparse_retrieve|hybrid_retrieve|hybrid_rerank,dense_retrieve,-0.02,0,grader,0.441588,1.0,-0.16695,1.0,0.441588,1.0,-0.16695,1.0,0.720793753862381,12,0.4165251553058624,1.0,,,,,,,,,,
164,2,grader,keep_all|loose_filter|medium_filter|strict_filter|rerank_only,rerank_only,-0.07,0,generator,0.986232,-0.957076,-0.03362,,0.986232,-0.957076,-0.03362,0.0,,,,,,,0.9931161403656006,0.5107308775186539,0.48319012857973576,,,,,
164,3,generator,generate_answer|generate_with_strict_citations|generate_short_answer,generate_with_strict_citations,-0.07,0,verifier,-0.903112,1.0,1.0,0.968449,-0.903112,1.0,1.0,0.968449,,,,,,,,,,0.04844394326210022,1.0,384,0.9842244386672974,
164,4,verifier,verify_answer,verify_answer,0.6284,1,,-1.0,,,,-1.0,0.0,0.0,0.0,,,,,,,,,,,,,,0.0
165,1,retriever,dense_retrieve|sparse_retrieve|hybrid_retrieve|hybrid_rerank,hybrid_rerank,-0.02,0,grader,0.641634,1.0,0.087945,0.557993,0.641634,1.0,0.087945,0.557993,0.8208169937133789,12,0.5439726859331131,0.7789965867996216,,,,,,,,,,
165,2,grader,keep_all|loose_filter|medium_filter|strict_filter|rerank_only,rerank_only,-0.07,0,generator,1.0,-0.970718,0.0915,,1.0,-0.970718,0.0915,0.0,,,,,,,1.0,0.5073204189538956,0.5457500703632832,,,,,
165,3,generator,generate_answer|generate_with_strict_citations|generate_short_answer,generate_with_strict_citations,-0.07,0,verifier,-1.0,1.0,1.0,0.882036,-1.0,1.0,1.0,0.882036,,,,,,,,,,0.0,1.0,384,0.9410179257392883,
165,4,verifier,verify_answer,verify_answer,0.4542,1,,-0.938927,,,,-0.938927,0.0,0.0,0.0,,,,,,,,,,,,,,0.030536353588104248
166,1,retriever,dense_retrieve|sparse_retrieve|hybrid_retrieve|hybrid_rerank,hybrid_rerank,-0.02,0,grader,-0.492207,0.792299,0.894763,1.0,-0.492207,0.792299,0.894763,1.0,0.25389647483825684,11,0.9473813772201538,1.0,,,,,,,,,,
166,2,grader,keep_all|loose_filter|medium_filter|strict_filter|rerank_only,strict_filter,-0.07,0,generator,-0.850898,-0.921756,1.0,,-0.850898,-0.921756,1.0,0.0,,,,,,,0.07455092668533325,0.5195610374212265,1.0,,,,,
166,3,generator,generate_answer|generate_with_strict_citations|generate_short_answer,generate_with_strict_citations,-0.07,0,verifier,-0.92248,0.903213,1.0,1.0,-0.92248,0.903213,1.0,1.0,,,,,,,,,,0.03876006603240967,0.951606422662735,384,1.0,
166,4,verifier,verify_answer,verify_answer,0.5316,1,,-0.886843,,,,-0.886843,0.0,0.0,0.0,,,,,,,,,,,,,,0.05657833814620972
167,1,retriever,dense_retrieve|sparse_retrieve|hybrid_retrieve|hybrid_rerank,hybrid_rerank,-0.02,0,grader,0.564518,1.0,0.75562,1.0,0.564518,1.0,0.75562,1.0,0.782259076833725,12,0.8778100311756134,1.0,,,,,,,,,,
167,2,grader,keep_all|loose_filter|medium_filter|strict_filter|rerank_only,medium_filter,-0.07,0,generator,0.939913,-1.0,0.603477,,0.939913,-1.0,0.603477,0.0,,,,,,,0.9699565768241882,0.5,0.8017382621765137,,,,,
167,3,generator,generate_answer|generate_with_strict_citations|generate_short_answer,generate_with_strict_citations,-0.07,0,verifier,-1.0,0.898236,0.978302,0.879248,-1.0,0.898236,0.978302,0.879248,,,,,,,,,,0.0,0.9491181671619415,384,0.9396237730979919,
167,4,verifier,verify_answer,verify_answer,0.4056,1,,-1.0,,,,-1.0,0.0,0.0,0.0,,,,,,,,,,,,,,0.0
168,1,retriever,dense_retrieve|sparse_retrieve|hybrid_retrieve|hybrid_rerank,dense_retrieve,-0.02,0,grader,0.409762,1.0,-0.172313,0.875737,0.409762,1.0,-0.172313,0.875737,0.7048811763525009,12,0.4138437435030937,0.937868744134903,,,,,,,,,,
168,2,grader,keep_all|loose_filter|medium_filter|strict_filter|rerank_only,rerank_only,-0.07,0,generator,1.0,-0.859261,-0.647421,,1.0,-0.859261,-0.647421,0.0,,,,,,,1.0,0.5351848602294922,0.17628934979438782,,,,,
168,3,generator,generate_answer|generate_with_strict_citations|generate_short_answer,generate_with_strict_citations,-0.07,0,verifier,-1.0,0.884131,0.858997,1.0,-1.0,0.884131,0.858997,1.0,,,,,,,,,,0.0,0.9420656263828278,384,1.0,
168,4,verifier,verify_answer,verify_answer,0.5635,1,,-1.0,,,,-1.0,0.0,0.0,0.0,,,,,,,,,,,,,,0.0
169,1,retriever,dense_retrieve|sparse_retrieve|hybrid_retrieve|hybrid_rerank,hybrid_rerank,-0.02,0,grader,0.60296,0.699293,0.165457,0.813107,0.60296,0.699293,0.165457,0.813107,0.8014801740646362,10,0.582728423178196,0.9065535068511963,,,,,,,,,,
169,2,grader,keep_all|loose_filter|medium_filter|strict_filter|rerank_only,rerank_only,-0.07,0,generator,1.0,-0.958323,-0.025717,,1.0,-0.958323,-0.025717,0.0,,,,,,,1.0,0.5104193687438965,0.48714134003967047,,,,,
169,3,generator,generate_answer|generate_with_strict_citations|generate_short_answer,generate_answer,-0.07,0,verifier,-1.0,0.546586,1.0,1.0,-1.0,0.546586,1.0,1.0,,,,,,,,,,0.0,0.7732929289340973,384,1.0,
169,4,verifier,verify_answer,verify_answer,0.669,1,,-0.814141,,,,-0.814141,0.0,0.0,0.0,,,,,,,,,,,,,,0.0929294228553772
170,1,retriever,dense_retrieve|sparse_retrieve|hybrid_retrieve|hybrid_rerank,hybrid_rerank,-0.02,0,grader,-0.257512,0.925371,1.0,0.852183,-0.257512,0.925371,1.0,0.852183,0.3712439388036728,11,1.0,0.9260915815830231,,,,,,,,,,
170,2,grader,keep_all|loose_filter|medium_filter|strict_filter|rerank_only,strict_filter,-0.07,0,generator,-0.922822,-0.923243,1.0,,-0.922822,-0.923243,1.0,0.0,,,,,,,0.03858879208564758,0.5191893726587296,1.0,,,,,
170,3,generator,generate_answer|generate_with_strict_citations|generate_short_answer,generate_with_strict_citations,-0.07,0,verifier,-0.585962,1.0,0.923636,0.994014,-0.585962,1.0,0.923636,0.994014,,,,,,,,,,0.2070189118385315,1.0,384,0.9970070123672485,
170,4,verifier,verify_answer,verify_answer,0.5828,1,,-1.0,,,,-1.0,0.0,0.0,0.0,,,,,,,,,,,,,,0.0
171,1,retriever,dense_retrieve|sparse_retrieve|hybrid_retrieve|hybrid_rerank,dense_retrieve,-0.02,0,grader,0.647258,0.938461,-0.206127,1.0,0.647258,0.938461,-0.206127,1.0,0.8236290514469147,11,0.3969363123178482,1.0,,,,,,,,,,
171,2,grader,keep_all|loose_filter|medium_filter|strict_filter|rerank_only,rerank_only,-0.07,0,generator,0.871699,-0.831761,-0.480905,,0.871699,-0.831761,-0.480905,0.0,,,,,,,0.9358495771884918,0.5420598685741425,0.2595475763082504,,,,,
171,3,generator,generate_answer|generate_with_strict_citations|generate_short_answer,generate_with_strict_citations,-0.07,0,verifier,-1.0,0.950322,1.0,1.0,-1.0,0.950322,1.0,1.0,,,,,,,,,,0.0,0.9751609563827515,384,1.0,
171,4,verifier,verify_answer,verify_answer,0.4464,1,,-1.0,,,,-1.0,0.0,0.0,0.0,,,,,,,,,,,,,,0.0
172,1,retriever,dense_retrieve|sparse_retrieve|hybrid_retrieve|hybrid_rerank,sparse_retrieve,-0.02,0,grader,-0.338732,0.954377,-0.618149,0.876769,-0.338732,0.954377,-0.618149,0.876769,0.3306337893009186,11,0.19092532992362976,0.9383845627307892,,,,,,,,,,
172,2,grader,keep_all|loose_filter|medium_filter|strict_filter|rerank_only,rerank_only,-0.07,0,generator,0.906459,-0.868519,-0.841193,,0.906459,-0.868519,-0.841193,0.0,,,,,,,0.9532294571399689,0.5328702479600906,0.07940340042114258,,,,,
172,3,generator,generate_answer|generate_with_strict_citations|generate_short_answer,generate_with_strict_citations,-0.07,0,verifier,-0.97077,1.0,0.979366,1.0,-0.97077,1.0,0.979366,1.0,,,,,,,,,,0.014614969491958618,1.0,384,1.0,
172,4,verifier,verify_answer,verify_answer,0.4838,1,,-1.0,,,,-1.0,0.0,0.0,0.0,,,,,,,,,,,,,,0.0
173,1,retriever,dense_retrieve|sparse_retrieve|hybrid_retrieve|hybrid_rerank,dense_retrieve,-0.02,0,grader,0.873997,0.912416,-0.688216,0.978589,0.873997,0.912416,-0.688216,0.978589,0.9369986355304718,11,0.1558917760848999,0.9892942607402802,,,,,,,,,,
173,2,grader,keep_all|loose_filter|medium_filter|strict_filter|rerank_only,rerank_only,-0.07,0,generator,1.0,-0.860968,-0.475507,,1.0,-0.860968,-0.475507,0.0,,,,,,,1.0,0.5347580164670944,0.26224638521671295,,,,,
173,3,generator,generate_answer|generate_with_strict_citations|generate_short_answer,generate_with_strict_citations,-0.07,0,verifier,-0.814472,1.0,1.0,0.905325,-0.814472,1.0,1.0,0.905325,,,,,,,,,,0.09276401996612549,1.0,384,0.9526625275611877,
173,4,verifier,verify_answer,verify_answer,0.729,1,,-1.0,,,,-1.0,0.0,0.0,0.0,,,,,,,,,,,,,,0.0
174,1,retriever,dense_retrieve|sparse_retrieve|hybrid_retrieve|hybrid_rerank,dense_retrieve,-0.02,0,grader,0.734152,1.0,-0.56004,0.931756,0.734152,1.0,-0.56004,0.931756,0.8670761287212372,12,0.2199799120426178,0.9658779203891754,,,,,,,,,,
174,2,grader,keep_all|loose_filter|medium_filter|strict_filter|rerank_only,rerank_only,-0.07,0,generator,0.995717,-0.909717,-0.756637,,0.995717,-0.909717,-0.756637,0.0,,,,,,,0.997858464717865,0.5225708186626434,0.12168169021606445,,,,,
174,3,generator,generate_answer|generate_with_strict_citations|generate_short_answer,generate_with_strict_citations,-0.07,0,verifier,-1.0,0.916928,0.816875,0.921794,-1.0,0.916928,0.816875,0.921794,,,,,,,,,,0.0,0.9584642052650452,384,0.9608971774578094,
174,4,verifier,verify_answer,verify_answer,0.4527,1,,-1.0,,,,-1.0,0.0,0.0,0.0,,,,,,,,,,,,,,0.0
175,1,retriever,dense_retrieve|sparse_retrieve|hybrid_retrieve|hybrid_rerank,dense_retrieve,-0.02,0,grader,0.77361,1.0,-0.255039,1.0,0.77361,1.0,-0.255039,1.0,0.8868049085140228,12,0.3724803030490875,1.0,,,,,,,,,,
175,2,grader,keep_all|loose_filter|medium_filter|strict_filter|rerank_only,rerank_only,-0.07,0,generator,1.0,-1.0,-0.481065,,1.0,-1.0,-0.481065,0.0,,,,,,,1.0,0.5,0.2594677060842514,,,,,
175,3,generator,generate_answer|generate_with_strict_citations|generate_short_answer,generate_with_strict_citations,-0.07,0,verifier,-1.0,1.0,0.839204,0.764901,-1.0,1.0,0.839204,0.764901,,,,,,,,,,0.0,1.0,384,0.882450670003891,
175,4,verifier,verify_answer,verify_answer,0.6891,1,,-0.877294,,,,-0.877294,0.0,0.0,0.0,,,,,,,,,,,,,,0.06135278940200806
176,1,retriever,dense_retrieve|sparse_retrieve|hybrid_retrieve|hybrid_rerank,dense_retrieve,-0.02,0,grader,0.705499,0.864566,-0.573844,1.0,0.705499,0.864566,-0.573844,1.0,0.8527496457099915,11,0.2130778431892395,1.0,,,,,,,,,,
176,2,grader,keep_all|loose_filter|medium_filter|strict_filter|rerank_only,rerank_only,-0.07,0,generator,0.817405,-0.753505,-0.562311,,0.817405,-0.753505,-0.562311,0.0,,,,,,,0.9087024629116058,0.5616238415241241,0.21884474158287048,,,,,
176,3,generator,generate_answer|generate_with_strict_citations|generate_short_answer,generate_with_strict_citations,-0.07,0,verifier,-0.904124,0.950216,1.0,0.916364,-0.904124,0.950216,1.0,0.916364,,,,,,,,,,0.04793784022331238,0.9751080572605133,384,0.9581818580627441,
176,4,verifier,verify_answer,verify_answer,0.6334,1,,-1.0,,,,-1.0,0.0,0.0,0.0,,,,,,,,,,,,,,0.0
177,1,retriever,dense_retrieve|sparse_retrieve|hybrid_retrieve|hybrid_rerank,hybrid_rerank,-0.02,0,grader,0.836559,0.849511,0.028256,0.921879,0.836559,0.849511,0.028256,0.921879,0.9182797372341156,11,0.5141278803348541,0.9609396457672119,,,,,,,,,,
177,2,grader,keep_all|loose_filter|medium_filter|strict_filter|rerank_only,rerank_only,-0.07,0,generator,0.961541,-1.0,-0.669775,,0.961541,-1.0,-0.669775,0.0,,,,,,,0.9807706475257874,0.5,0.1651126742362976,,,,,
177,3,generator,generate_answer|generate_with_strict_citations|generate_short_answer,generate_with_strict_citations,-0.07,0,verifier,-1.0,1.0,1.0,0.995035,-1.0,1.0,1.0,0.995035,,,,,,,,,,0.0,1.0,384,0.9975177049636841,
177,4,verifier,verify_answer,verify_answer,0.5909,1,,-1.0,,,,-1.0,0.0,0.0,0.0,,,,,,,,,,,,,,0.0
178,1,retriever,dense_retrieve|sparse_retrieve|hybrid_retrieve|hybrid_rerank,dense_retrieve,-0.02,0,grader,0.859228,1.0,-0.363839,1.0,0.859228,1.0,-0.363839,1.0,0.9296137988567352,12,0.31808042526245117,1.0,,,,,,,,,,
178,2,grader,keep_all|loose_filter|medium_filter|strict_filter|rerank_only,rerank_only,-0.07,0,generator,1.0,-0.892162,-0.425264,,1.0,-0.892162,-0.425264,0.0,,,,,,,1.0,0.5269594937562943,0.28736814856529236,,,,,
178,3,generator,generate_answer|generate_with_strict_citations|generate_short_answer,generate_with_strict_citations,-0.07,0,verifier,-0.996948,1.0,1.0,0.944769,-0.996948,1.0,1.0,0.944769,,,,,,,,,,0.0015259385108947754,1.0,384,0.972384512424469,
178,4,verifier,verify_answer,verify_answer,0.5732,1,,-1.0,,,,-1.0,0.0,0.0,0.0,,,,,,,,,,,,,,0.0
179,1,retriever,dense_retrieve|sparse_retrieve|hybrid_retrieve|hybrid_rerank,sparse_retrieve,-0.02,0,grader,-0.444324,1.0,-0.548387,0.779494,-0.444324,1.0,-0.548387,0.779494,0.27783796191215515,12,0.22580647468566895,0.8897469341754913,,,,,,,,,,
179,2,grader,keep_all|loose_filter|medium_filter|strict_filter|rerank_only,rerank_only,-0.07,0,generator,1.0,-0.992011,-0.897039,,1.0,-0.992011,-0.897039,0.0,,,,,,,1.0,0.5019971281290054,0.05148053169250488,,,,,
179,3,generator,generate_answer|generate_with_strict_citations|generate_short_answer,generate_with_strict_citations,-0.07,0,verifier,-0.963207,0.966024,1.0,0.757876,-0.963207,0.966024,1.0,0.757876,,,,,,,,,,0.018396705389022827,0.9830121695995331,384,0.8789380788803101,
179,4,verifier,verify_answer,verify_answer,0.3279,1,,-1.0,,,,-1.0,0.0,0.0,0.0,,,,,,,,,,,,,,0.0
180,1,retriever,dense_retrieve|sparse_retrieve|hybrid_retrieve|hybrid_rerank,sparse_retrieve,-0.02,0,grader,-0.747722,0.753477,-0.096442,1.0,-0.747722,0.753477,-0.096442,1.0,0.12613889575004578,10,0.45177875086665154,1.0,,,,,,,,,,
180,2,grader,keep_all|loose_filter|medium_filter|strict_filter|rerank_only,rerank_only,-0.07,0,generator,0.98206,-0.965021,-1.0,,0.98206,-0.965021,-1.0,0.0,,,,,,,0.9910299479961395,0.5087447464466095,0.0,,,,,
180,3,generator,generate_answer|generate_with_strict_citations|generate_short_answer,generate_with_strict_citations,-0.07,0,verifier,-1.0,0.943227,0.952316,1.0,-1.0,0.943227,0.952316,1.0,,,,,,,,,,0.0,0.9716137051582336,384,1.0,
180,4,verifier,verify_answer,verify_answer,0.4302,1,,-0.914135,,,,-0.914135,0.0,0.0,0.0,,,,,,,,,,,,,,0.0429326593875885
181,1,retriever,dense_retrieve|sparse_retrieve|hybrid_retrieve|hybrid_rerank,dense_retrieve,-0.02,0,grader,0.450778,1.0,-0.118675,1.0,0.450778,1.0,-0.118675,1.0,0.7253887802362442,12,0.44066259637475014,1.0,,,,,,,,,,
181,2,grader,keep_all|loose_filter|medium_filter|strict_filter|rerank_only,rerank_only,-0.07,0,generator,1.0,-1.0,-0.593238,,1.0,-1.0,-0.593238,0.0,,,,,,,1.0,0.5,0.20338088274002075,,,,,
181,3,generator,generate_answer|generate_with_strict_citations|generate_short_answer,generate_with_strict_citations,-0.07,0,verifier,-1.0,0.96442,1.0,1.0,-1.0,0.96442,1.0,1.0,,,,,,,,,,0.0,0.9822097718715668,384,1.0,
181,4,verifier,verify_answer,verify_answer,0.4543,1,,-1.0,,,,-1.0,0.0,0.0,0.0,,,,,,,,,,,,,,0.0
182,1,retriever,dense_retrieve|sparse_retrieve|hybrid_retrieve|hybrid_rerank,sparse_retrieve,-0.02,0,grader,-0.455008,1.0,-0.608554,1.0,-0.455008,1.0,-0.608554,1.0,0.27249619364738464,12,0.19572296738624573,1.0,,,,,,,,,,
182,2,grader,keep_all|loose_filter|medium_filter|strict_filter|rerank_only,rerank_only,-0.07,0,generator,0.740699,-0.971926,-0.634822,,0.740699,-0.971926,-0.634822,0.0,,,,,,,0.8703495264053345,0.5070184916257858,0.18258902430534363,,,,,
182,3,generator,generate_answer|generate_with_strict_citations|generate_short_answer,generate_with_strict_citations,-0.07,0,verifier,-0.998773,0.971007,0.946357,0.970922,-0.998773,0.971007,0.946357,0.970922,,,,,,,,,,0.0006133913993835449,0.9855035543441772,384,0.9854609966278076,
182,4,verifier,verify_answer,verify_answer,0.3431,1,,-0.789623,,,,-0.789623,0.0,0.0,0.0,,,,,,,,,,,,,,0.10518831014633179
183,1,retriever,dense_retrieve|sparse_retrieve|hybrid_retrieve|hybrid_rerank,sparse_retrieve,-0.02,0,grader,-0.651771,1.0,-0.245952,0.959452,-0.651771,1.0,-0.245952,0.959452,0.1741143763065338,12,0.3770239055156708,0.9797261953353882,,,,,,,,,,
183,2,grader,keep_all|loose_filter|medium_filter|strict_filter|rerank_only,rerank_only,-0.07,0,generator,0.918007,-0.911336,-1.0,,0.918007,-0.911336,-1.0,0.0,,,,,,,0.9590033888816833,0.5221659541130066,0.0,,,,,
183,3,generator,generate_answer|generate_with_strict_citations|generate_short_answer,generate_with_strict_citations,-0.07,0,verifier,-0.930466,1.0,0.795498,1.0,-0.930466,1.0,0.795498,1.0,,,,,,,,,,0.03476685285568237,1.0,384,1.0,
183,4,verifier,verify_answer,verify_answer,0.4337,1,,-1.0,,,,-1.0,0.0,0.0,0.0,,,,,,,,,,,,,,0.0
184,1,retriever,dense_retrieve|sparse_retrieve|hybrid_retrieve|hybrid_rerank,hybrid_rerank,-0.02,0,grader,-0.172058,1.0,0.889822,1.0,-0.172058,1.0,0.889822,1.0,0.4139711931347847,12,0.9449107646942139,1.0,,,,,,,,,,
184,2,grader,keep_all|loose_filter|medium_filter|strict_filter|rerank_only,strict_filter,-0.07,0,generator,-0.719904,-1.0,1.0,,-0.719904,-1.0,1.0,0.0,,,,,,,0.14004778861999512,0.5,1.0,,,,,
184,3,generator,generate_answer|generate_with_strict_citations|generate_short_answer,generate_with_strict_citations,-0.07,0,verifier,-1.0,0.856,1.0,1.0,-1.0,0.856,1.0,1.0,,,,,,,,,,0.0,0.9280001223087311,384,1.0,
184,4,verifier,verify_answer,verify_answer,0.7675,1,,-0.946639,,,,-0.946639,0.0,0.0,0.0,,,,,,,,,,,,,,0.02668061852455139
185,1,retriever,dense_retrieve|sparse_retrieve|hybrid_retrieve|hybrid_rerank,sparse_retrieve,-0.02,0,grader,-0.94361,0.999814,-1.0,1.0,-0.94361,0.999814,-1.0,1.0,0.028195172548294067,11,0.0,1.0,,,,,,,,,,
185,2,grader,keep_all|loose_filter|medium_filter|strict_filter|rerank_only,rerank_only,-0.07,0,generator,1.0,-1.0,-1.0,,1.0,-1.0,-1.0,0.0,,,,,,,1.0,0.5,0.0,,,,,
185,3,generator,generate_answer|generate_with_strict_citations|generate_short_answer,generate_with_strict_citations,-0.07,0,verifier,-0.959902,0.934015,0.990054,1.0,-0.959902,0.934015,0.990054,1.0,,,,,,,,,,0.020048975944519043,0.9670077264308929,384,1.0,
185,4,verifier,verify_answer,verify_answer,0.551,1,,-1.0,,,,-1.0,0.0,0.0,0.0,,,,,,,,,,,,,,0.0
186,1,retriever,dense_retrieve|sparse_retrieve|hybrid_retrieve|hybrid_rerank,sparse_retrieve,-0.02,0,grader,-0.859999,0.902753,-0.798227,0.971774,-0.859999,0.902753,-0.798227,0.971774,0.07000026106834412,11,0.10088661313056946,0.9858869910240173,,,,,,,,,,
186,2,grader,keep_all|loose_filter|medium_filter|strict_filter|rerank_only,rerank_only,-0.07,0,generator,0.888005,-0.801354,-0.742258,,0.888005,-0.801354,-0.742258,0.0,,,,,,,0.9440025687217712,0.54966139793396,0.12887102365493774,,,,,
186,3,generator,generate_answer|generate_with_strict_citations|generate_short_answer,generate_with_strict_citations,-0.07,0,verifier,-1.0,0.719543,1.0,0.895161,-1.0,0.719543,1.0,0.895161,,,,,,,,,,0.0,0.8597715497016907,384,0.9475806653499603,
186,4,verifier,verify_answer,verify_answer,0.7226,1,,-0.770072,,,,-0.770072,0.0,0.0,0.0,,,,,,,,,,,,,,0.11496385931968689
187,1,retriever,dense_retrieve|sparse_retrieve|hybrid_retrieve|hybrid_rerank,hybrid_rerank,-0.02,0,grader,-1.0,1.0,0.765671,1.0,-1.0,1.0,0.765671,1.0,0.0,12,0.8828354775905609,1.0,,,,,,,,,,
187,2,grader,keep_all|loose_filter|medium_filter|strict_filter|rerank_only,strict_filter,-0.07,0,generator,-0.989577,-1.0,0.93739,,-0.989577,-1.0,0.93739,0.0,,,,,,,0.005211442708969116,0.5,0.9686949253082275,,,,,
187,3,generator,generate_answer|generate_with_strict_citations|generate_short_answer,generate_with_strict_citations,-0.07,0,verifier,-0.896941,1.0,1.0,1.0,-0.896941,1.0,1.0,1.0,,,,,,,,,,0.0515294075012207,1.0,384,1.0,
187,4,verifier,verify_answer,verify_answer,0.5312,1,,-1.0,,,,-1.0,0.0,0.0,0.0,,,,,,,,,,,,,,0.0
188,1,retriever,dense_retrieve|sparse_retrieve|hybrid_retrieve|hybrid_rerank,sparse_retrieve,-0.02,0,grader,-0.663925,1.0,-1.0,0.796874,-0.663925,1.0,-1.0,0.796874,0.16803747415542603,12,0.0,0.898436963558197,,,,,,,,,,
188,2,grader,keep_all|loose_filter|medium_filter|strict_filter|rerank_only,rerank_only,-0.07,0,generator,0.957668,-0.861293,-0.982169,,0.957668,-0.861293,-0.982169,0.0,,,,,,,0.9788342416286469,0.534676656126976,0.008915543556213379,,,,,
188,3,generator,generate_answer|generate_with_strict_citations|generate_short_answer,generate_with_strict_citations,-0.07,0,verifier,-0.773108,0.781858,0.998161,0.809967,-0.773108,0.781858,0.998161,0.809967,,,,,,,,,,0.11344599723815918,0.8909290134906769,384,0.9049833416938782,
188,4,verifier,verify_answer,verify_answer,0.4951,1,,0.261409,,,,0.261409,0.0,0.0,0.0,,,,,,,,,,,,,,0.6307043731212616
189,1,retriever,dense_retrieve|sparse_retrieve|hybrid_retrieve|hybrid_rerank,sparse_retrieve,-0.02,0,grader,-0.859877,0.936789,-1.0,1.0,-0.859877,0.936789,-1.0,1.0,0.07006129622459412,11,0.0,1.0,,,,,,,,,,
189,2,grader,keep_all|loose_filter|medium_filter|strict_filter|rerank_only,rerank_only,-0.07,0,generator,1.0,-0.938896,-0.779028,,1.0,-0.938896,-0.779028,0.0,,,,,,,1.0,0.5152760446071625,0.11048594117164612,,,,,
189,3,generator,generate_answer|generate_with_strict_citations|generate_short_answer,generate_with_strict_citations,-0.07,0,verifier,-1.0,1.0,1.0,0.730992,-1.0,1.0,1.0,0.730992,,,,,,,,,,0.0,1.0,384,0.8654960691928864,
189,4,verifier,verify_answer,verify_answer,0.5508,1,,0.932367,,,,0.932367,0.0,0.0,0.0,,,,,,,,,,,,,,0.9661833047866821
190,1,retriever,dense_retrieve|sparse_retrieve|hybrid_retrieve|hybrid_rerank,hybrid_rerank,-0.02,0,grader,-1.0,0.987268,0.864963,0.92453,-1.0,0.987268,0.864963,0.92453,0.0,11,0.9324813485145569,0.9622651636600494,,,,,,,,,,
190,2,grader,keep_all|loose_filter|medium_filter|strict_filter|rerank_only,strict_filter,-0.07,0,generator,-1.0,-0.994442,0.835418,,-1.0,-0.994442,0.835418,0.0,,,,,,,0.0,0.5013895481824875,0.917709082365036,,,,,
190,3,generator,generate_answer|generate_with_strict_citations|generate_short_answer,generate_with_strict_citations,-0.07,0,verifier,-1.0,1.0,0.827663,1.0,-1.0,1.0,0.827663,1.0,,,,,,,,,,0.0,1.0,384,1.0,
190,4,verifier,verify_answer,verify_answer,0.6789,1,,-0.930579,,,,-0.930579,0.0,0.0,0.0,,,,,,,,,,,,,,0.03471037745475769
191,1,retriever,dense_retrieve|sparse_retrieve|hybrid_retrieve|hybrid_rerank,sparse_retrieve,-0.02,0,grader,-1.0,0.898269,-0.812599,0.849281,-1.0,0.898269,-0.812599,0.849281,0.0,11,0.09370064735412598,0.9246405065059662,,,,,,,,,,
191,2,grader,keep_all|loose_filter|medium_filter|strict_filter|rerank_only,rerank_only,-0.07,0,generator,0.919509,-0.930258,-0.841871,,0.919509,-0.930258,-0.841871,0.0,,,,,,,0.9597546756267548,0.517435610294342,0.07906454801559448,,,,,
191,3,generator,generate_answer|generate_with_strict_citations|generate_short_answer,generate_with_strict_citations,-0.07,0,verifier,-1.0,0.909911,1.0,1.0,-1.0,0.909911,1.0,1.0,,,,,,,,,,0.0,0.9549552798271179,384,1.0,
191,4,verifier,verify_answer,verify_answer,-0.07,0,verifier,1.0,,,,1.0,0.0,0.0,0.0,,,,,,,,,,,,,,1.0
191,5,verifier,request_regeneration|request_more_retrieval|request_rewrite,request_regeneration,-0.07,0,generator,1.0,,,,1.0,0.0,0.0,0.0,,,,,,,,,,,,,,1.0
191,6,generator,generate_answer|generate_with_strict_citations|generate_short_answer|regenerate,generate_with_strict_citations,-0.07,0,verifier,-1.0,0.798791,1.0,1.0,-1.0,0.798791,1.0,1.0,,,,,,,,,,0.0,0.8993953168392181,384,1.0,
191,7,verifier,verify_answer,verify_answer,-0.07,0,verifier,1.0,,,,1.0,0.0,0.0,0.0,,,,,,,,,,,,,,1.0
191,8,verifier,request_regeneration|request_more_retrieval|request_rewrite,request_regeneration,-0.07,0,generator,1.0,,,,1.0,0.0,0.0,0.0,,,,,,,,,,,,,,1.0
191,9,generator,generate_answer|generate_with_strict_citations|generate_short_answer|regenerate,generate_with_strict_citations,-0.07,0,verifier,-1.0,0.986699,1.0,1.0,-1.0,0.986699,1.0,1.0,,,,,,,,,,0.0,0.9933496713638306,384,1.0,
191,10,verifier,verify_answer,verify_answer,-0.0766,1,,1.0,,,,1.0,0.0,0.0,0.0,,,,,,,,,,,,,,1.0
192,1,retriever,dense_retrieve|sparse_retrieve|hybrid_retrieve|hybrid_rerank,sparse_retrieve,-0.02,0,grader,-0.699493,1.0,-0.904145,0.965585,-0.699493,1.0,-0.904145,0.965585,0.15025374293327332,12,0.047927677631378174,0.9827927350997925,,,,,,,,,,
192,2,grader,keep_all|loose_filter|medium_filter|strict_filter|rerank_only,rerank_only,-0.07,0,generator,1.0,-0.866491,-0.990155,,1.0,-0.866491,-0.990155,0.0,,,,,,,1.0,0.5333771407604218,0.004922747611999512,,,,,
192,3,generator,generate_answer|generate_with_strict_citations|generate_short_answer,generate_with_strict_citations,-0.07,0,verifier,-0.730487,1.0,1.0,1.0,-0.730487,1.0,1.0,1.0,,,,,,,,,,0.13475647568702698,1.0,384,1.0,
192,4,verifier,verify_answer,verify_answer,0.4846,1,,1.0,,,,1.0,0.0,0.0,0.0,,,,,,,,,,,,,,1.0
193,1,retriever,dense_retrieve|sparse_retrieve|hybrid_retrieve|hybrid_rerank,sparse_retrieve,-0.02,0,grader,-0.872685,0.907317,-1.0,0.818023,-0.872685,0.907317,-1.0,0.818023,0.06365740299224854,11,0.0,0.9090114831924438,,,,,,,,,,
193,2,grader,keep_all|loose_filter|medium_filter|strict_filter|rerank_only,rerank_only,-0.07,0,generator,1.0,-0.882742,-0.879325,,1.0,-0.882742,-0.879325,0.0,,,,,,,1.0,0.5293145179748535,0.06033739447593689,,,,,
193,3,generator,generate_answer|generate_with_strict_citations|generate_short_answer,generate_with_strict_citations,-0.07,0,verifier,-0.748595,0.998707,1.0,0.833802,-0.748595,0.998707,1.0,0.833802,,,,,,,,,,0.12570235133171082,0.9993533492088318,384,0.9169010818004608,
193,4,verifier,verify_answer,verify_answer,0.7009,1,,0.937637,,,,0.937637,0.0,0.0,0.0,,,,,,,,,,,,,,0.9688186049461365
194,1,retriever,dense_retrieve|sparse_retrieve|hybrid_retrieve|hybrid_rerank,sparse_retrieve,-0.02,0,grader,-0.894981,1.0,-1.0,0.973532,-0.894981,1.0,-1.0,0.973532,0.052509456872940063,12,0.0,0.986766129732132,,,,,,,,,,
194,2,grader,keep_all|loose_filter|medium_filter|strict_filter|rerank_only,rerank_only,-0.07,0,generator,0.76557,-1.0,-0.817902,,0.76557,-1.0,-0.817902,0.0,,,,,,,0.8827851116657257,0.5,0.09104886651039124,,,,,
194,3,generator,generate_answer|generate_with_strict_citations|generate_short_answer,generate_with_strict_citations,-0.07,0,verifier,-0.913485,1.0,1.0,0.998586,-0.913485,1.0,1.0,0.998586,,,,,,,,,,0.04325762391090393,1.0,384,0.9992929100990295,
194,4,verifier,verify_answer,verify_answer,0.5801,1,,0.897587,,,,0.897587,0.0,0.0,0.0,,,,,,,,,,,,,,0.9487937092781067
195,1,retriever,dense_retrieve|sparse_retrieve|hybrid_retrieve|hybrid_rerank,sparse_retrieve,-0.02,0,grader,-0.89455,1.0,-0.923294,0.897286,-0.89455,1.0,-0.923294,0.897286,0.05272510647773743,12,0.03835323452949524,0.948643147945404,,,,,,,,,,
195,2,grader,keep_all|loose_filter|medium_filter|strict_filter|rerank_only,rerank_only,-0.07,0,generator,0.670467,-0.835078,-1.0,,0.670467,-0.835078,-1.0,0.0,,,,,,,0.8352335691452026,0.5412305742502213,0.0,,,,,
195,3,generator,generate_answer|generate_with_strict_citations|generate_short_answer,generate_with_strict_citations,-0.07,0,verifier,-1.0,1.0,0.941173,1.0,-1.0,1.0,0.941173,1.0,,,,,,,,,,0.0,1.0,384,1.0,
195,4,verifier,verify_answer,verify_answer,-0.07,0,verifier,1.0,,,,1.0,0.0,0.0,0.0,,,,,,,,,,,,,,1.0
195,5,verifier,request_regeneration|request_more_retrieval|request_rewrite,request_regeneration,-0.07,0,generator,1.0,,,,1.0,0.0,0.0,0.0,,,,,,,,,,,,,,1.0
195,6,generator,generate_answer|generate_with_strict_citations|generate_short_answer|regenerate,generate_with_strict_citations,-0.07,0,verifier,-1.0,1.0,0.989181,1.0,-1.0,1.0,0.989181,1.0,,,,,,,,,,0.0,1.0,384,1.0,
195,7,verifier,verify_answer,verify_answer,-0.07,0,verifier,1.0,,,,1.0,0.0,0.0,0.0,,,,,,,,,,,,,,1.0
195,8,verifier,request_regeneration|request_more_retrieval|request_rewrite,request_regeneration,-0.07,0,generator,0.88111,,,,0.88111,0.0,0.0,0.0,,,,,,,,,,,,,,0.9405550062656403
195,9,generator,generate_answer|generate_with_strict_citations|generate_short_answer|regenerate,generate_with_strict_citations,-0.07,0,verifier,-1.0,1.0,0.7879,0.837109,-1.0,1.0,0.7879,0.837109,,,,,,,,,,0.0,1.0,384,0.9185546934604645,
195,10,verifier,verify_answer,verify_answer,-0.1817,1,,1.0,,,,1.0,0.0,0.0,0.0,,,,,,,,,,,,,,1.0
196,1,retriever,dense_retrieve|sparse_retrieve|hybrid_retrieve|hybrid_rerank,sparse_retrieve,-0.02,0,grader,-1.0,1.0,-1.0,0.574493,-1.0,1.0,-1.0,0.574493,0.0,12,0.0,0.787246584892273,,,,,,,,,,
196,2,grader,keep_all|loose_filter|medium_filter|strict_filter|rerank_only,rerank_only,-0.07,0,generator,0.826498,-0.814137,-0.987096,,0.826498,-0.814137,-0.987096,0.0,,,,,,,0.9132492244243622,0.5464657247066498,0.00645175576210022,,,,,
196,3,generator,generate_answer|generate_with_strict_citations|generate_short_answer,generate_with_strict_citations,-0.07,0,verifier,-1.0,1.0,1.0,1.0,-1.0,1.0,1.0,1.0,,,,,,,,,,0.0,1.0,384,1.0,
196,4,verifier,verify_answer,verify_answer,0.7232,1,,1.0,,,,1.0,0.0,0.0,0.0,,,,,,,,,,,,,,1.0
197,1,retriever,dense_retrieve|sparse_retrieve|hybrid_retrieve|hybrid_rerank,sparse_retrieve,-0.02,0,grader,-1.0,0.80105,-1.0,0.733822,-1.0,0.80105,-1.0,0.733822,0.0,11,0.0,0.866910994052887,,,,,,,,,,
197,2,grader,keep_all|loose_filter|medium_filter|strict_filter|rerank_only,rerank_only,-0.07,0,generator,0.849536,-1.0,-0.912771,,0.849536,-1.0,-0.912771,0.0,,,,,,,0.9247682094573975,0.5,0.043614357709884644,,,,,
197,3,generator,generate_answer|generate_with_strict_citations|generate_short_answer,generate_with_strict_citations,-0.07,0,verifier,-1.0,1.0,0.886201,0.962821,-1.0,1.0,0.886201,0.962821,,,,,,,,,,0.0,1.0,384,0.9814103543758392,
197,4,verifier,verify_answer,verify_answer,0.4146,1,,0.858585,,,,0.858585,0.0,0.0,0.0,,,,,,,,,,,,,,0.9292927086353302
198,1,retriever,dense_retrieve|sparse_retrieve|hybrid_retrieve|hybrid_rerank,sparse_retrieve,-0.02,0,grader,-0.86616,1.0,-1.0,0.389043,-0.86616,1.0,-1.0,0.389043,0.06691977381706238,12,0.0,0.6945213824510574,,,,,,,,,,
198,2,grader,keep_all|loose_filter|medium_filter|strict_filter|rerank_only,rerank_only,-0.07,0,generator,0.769885,-1.0,-0.972433,,0.769885,-1.0,-0.972433,0.0,,,,,,,0.8849425613880157,0.5,0.013783425092697144,,,,,
198,3,generator,generate_answer|generate_with_strict_citations|generate_short_answer,generate_with_strict_citations,-0.07,0,verifier,-1.0,0.861279,0.849382,1.0,-1.0,0.861279,0.849382,1.0,,,,,,,,,,0.0,0.9306395947933197,384,1.0,
198,4,verifier,verify_answer,verify_answer,0.6319,1,,1.0,,,,1.0,0.0,0.0,0.0,,,,,,,,,,,,,,1.0
199,1,retriever,dense_retrieve|sparse_retrieve|hybrid_retrieve|hybrid_rerank,sparse_retrieve,-0.02,0,grader,-1.0,1.0,-1.0,-0.702572,-1.0,1.0,-1.0,-0.702572,0.0,12,0.0,0.1487140655517578,,,,,,,,,,
199,2,grader,keep_all|loose_filter|medium_filter|strict_filter|rerank_only,rerank_only,-0.07,0,generator,1.0,-0.798519,-1.0,,1.0,-0.798519,-1.0,0.0,,,,,,,1.0,0.5503703504800797,0.0,,,,,
199,3,generator,generate_answer|generate_with_strict_citations|generate_short_answer,generate_with_strict_citations,-0.07,0,verifier,-0.875301,1.0,0.827737,1.0,-0.875301,1.0,0.827737,1.0,,,,,,,,,,0.06234943866729736,1.0,384,1.0,
199,4,verifier,verify_answer,verify_answer,-0.07,0,verifier,1.0,,,,1.0,0.0,0.0,0.0,,,,,,,,,,,,,,1.0
199,5,verifier,request_regeneration|request_more_retrieval|request_rewrite,request_regeneration,-0.07,0,generator,1.0,,,,1.0,0.0,0.0,0.0,,,,,,,,,,,,,,1.0
199,6,generator,generate_answer|generate_with_strict_citations|generate_short_answer|regenerate,generate_with_strict_citations,-0.07,0,verifier,-1.0,1.0,0.894297,1.0,-1.0,1.0,0.894297,1.0,,,,,,,,,,0.0,1.0,384,1.0,
199,7,verifier,verify_answer,verify_answer,-0.07,0,verifier,1.0,,,,1.0,0.0,0.0,0.0,,,,,,,,,,,,,,1.0
199,8,verifier,request_regeneration|request_more_retrieval|request_rewrite,request_regeneration,-0.07,0,generator,1.0,,,,1.0,0.0,0.0,0.0,,,,,,,,,,,,,,1.0
199,9,generator,generate_answer|generate_with_strict_citations|generate_short_answer|regenerate,generate_with_strict_citations,-0.07,0,verifier,-1.0,1.0,1.0,1.0,-1.0,1.0,1.0,1.0,,,,,,,,,,0.0,1.0,384,1.0,
199,10,verifier,verify_answer,verify_answer,-0.282,1,,1.0,,,,1.0,0.0,0.0,0.0,,,,,,,,,,,,,,1.0
200,1,retriever,dense_retrieve|sparse_retrieve|hybrid_retrieve|hybrid_rerank,sparse_retrieve,-0.02,0,grader,-1.0,1.0,-0.913428,-0.977392,-1.0,1.0,-0.913428,-0.977392,0.0,12,0.04328608512878418,0.011304229497909546,,,,,,,,,,
200,2,grader,keep_all|loose_filter|medium_filter|strict_filter|rerank_only,rerank_only,-0.07,0,generator,1.0,-1.0,-0.862482,,1.0,-1.0,-0.862482,0.0,,,,,,,1.0,0.5,0.0687587559223175,,,,,
200,3,generator,generate_answer|generate_with_strict_citations|generate_short_answer,generate_with_strict_citations,-0.07,0,verifier,-1.0,0.996018,0.973822,1.0,-1.0,0.996018,0.973822,1.0,,,,,,,,,,0.0,0.9980092346668243,384,1.0,
200,4,verifier,verify_answer,verify_answer,0.5955,1,,0.933835,,,,0.933835,0.0,0.0,0.0,,,,,,,,,,,,,,0.966917484998703
