episode,step,active_agent,valid_actions,discrete_action,reward,done,next_active_agent,raw_0,raw_1,raw_2,raw_3,padded_0,padded_1,padded_2,padded_3,dense_sparse_weight,top_k,rerank_threshold,source_diversity,rewrite_strength,query_expansion_weight,relevance_threshold,evidence_keep_ratio,strictness_score,temperature,citation_strictness,max_tokens,answer_detail_level,support_threshold
1,1,retriever,dense_retrieve|sparse_retrieve|hybrid_retrieve|hybrid_rerank,hybrid_retrieve,-0.02,0,grader,0.134772,-0.410132,-0.006659,-0.27329,0.134772,-0.410132,-0.006659,-0.27329,0.567385844886303,9,0.49667039373889565,0.36335521936416626,,,,,,,,,,
1,2,grader,keep_all|loose_filter|medium_filter|strict_filter|rerank_only,rerank_only,-0.07,0,generator,0.650866,-0.81853,0.079396,,0.650866,-0.81853,0.079396,0.0,,,,,,,0.8254329264163971,0.7272205144166946,0.5396977923810482,,,,,
1,3,generator,generate_answer|generate_with_strict_citations|generate_short_answer,generate_short_answer,-0.07,0,verifier,0.859021,0.566443,0.131115,-0.297224,0.859021,0.566443,0.131115,-0.297224,,,,,,,,,,0.9295105934143066,0.7832213640213013,231,0.35138802230358124,
1,4,verifier,verify_answer,verify_answer,0.7327,1,,-0.823548,,,,-0.823548,0.0,0.0,0.0,,,,,,,,,,,,,,0.08822610974311829
2,1,retriever,dense_retrieve|sparse_retrieve|hybrid_retrieve|hybrid_rerank,hybrid_retrieve,-0.02,0,grader,0.049758,-0.0307,-0.33424,-0.810239,0.049758,-0.0307,-0.33424,-0.810239,0.5248788651078939,12,0.33288003504276276,0.09488058090209961,,,,,,,,,,
2,2,grader,keep_all|loose_filter|medium_filter|strict_filter|rerank_only,rerank_only,-0.07,0,generator,0.433633,-0.782685,-0.379629,,0.433633,-0.782685,-0.379629,0.0,,,,,,,0.7168163359165192,0.7325973153114318,0.3101854920387268,,,,,
2,3,generator,generate_answer|generate_with_strict_citations|generate_short_answer,generate_with_strict_citations,-0.07,0,verifier,0.435306,0.733634,0.003133,0.001659,0.435306,0.733634,0.003133,0.001659,,,,,,,,,,0.7176531702280045,0.8668169975280762,256,0.5008293486316688,
2,4,verifier,verify_answer,verify_answer,0.6433,1,,-0.843401,,,,-0.843401,0.0,0.0,0.0,,,,,,,,,,,,,,0.07829973101615906
3,1,retriever,dense_retrieve|sparse_retrieve|hybrid_retrieve|hybrid_rerank,hybrid_retrieve,-0.02,0,grader,-0.16502,-0.24776,-0.307032,-0.515222,-0.16502,-0.24776,-0.307032,-0.515222,0.4174898490309715,10,0.34648390114307404,0.2423889935016632,,,,,,,,,,
3,2,grader,keep_all|loose_filter|medium_filter|strict_filter|rerank_only,rerank_only,-0.07,0,generator,0.553791,-0.82141,-0.180116,,0.553791,-0.82141,-0.180116,0.0,,,,,,,0.7768955528736115,0.7267884373664856,0.4099420979619026,,,,,
3,3,generator,generate_answer|generate_with_strict_citations|generate_short_answer,generate_short_answer,-0.07,0,verifier,0.917946,0.638151,-0.006649,0.091215,0.917946,0.638151,-0.006649,0.091215,,,,,,,,,,0.9589729309082031,0.8190753757953644,266,0.5456076450645924,
3,4,verifier,verify_answer,verify_answer,0.592,1,,-0.921291,,,,-0.921291,0.0,0.0,0.0,,,,,,,,,,,,,,0.03935438394546509
4,1,retriever,dense_retrieve|sparse_retrieve|hybrid_retrieve|hybrid_rerank,hybrid_retrieve,-0.02,0,grader,-0.061799,0.091913,-0.126206,-0.744127,-0.061799,0.091913,-0.126206,-0.744127,0.4691003803163767,13,0.43689682334661484,0.1279364824295044,,,,,,,,,,
4,2,grader,keep_all|loose_filter|medium_filter|strict_filter|rerank_only,rerank_only,-0.07,0,generator,0.689637,-0.807137,-0.053097,,0.689637,-0.807137,-0.053097,0.0,,,,,,,0.8448183834552765,0.7289295017719268,0.47345144487917423,,,,,
4,3,generator,generate_answer|generate_with_strict_citations|generate_short_answer,generate_short_answer,-0.07,0,verifier,0.551498,0.325771,-0.054266,0.192881,0.551498,0.325771,-0.054266,0.192881,,,,,,,,,,0.775748997926712,0.6628854125738144,273,0.5964402854442596,
4,4,verifier,verify_answer,verify_answer,0.7277,1,,-0.371127,,,,-0.371127,0.0,0.0,0.0,,,,,,,,,,,,,,0.31443628668785095
5,1,retriever,dense_retrieve|sparse_retrieve|hybrid_retrieve|hybrid_rerank,hybrid_retrieve,-0.02,0,grader,0.120196,-0.657209,-0.129096,-0.537248,0.120196,-0.657209,-0.129096,-0.537248,0.5600978694856167,7,0.43545205891132355,0.2313758134841919,,,,,,,,,,
5,2,grader,keep_all|loose_filter|medium_filter|strict_filter|rerank_only,rerank_only,-0.07,0,generator,0.591495,-0.659306,-0.038709,,0.591495,-0.659306,-0.038709,0.0,,,,,,,0.7957475185394287,0.7511041015386581,0.4806455075740814,,,,,
5,3,generator,generate_answer|generate_with_strict_citations|generate_short_answer,generate_short_answer,-0.07,0,verifier,0.788373,0.514461,0.165744,0.005163,0.788373,0.514461,0.165744,0.005163,,,,,,,,,,0.8941867053508759,0.7572303712368011,277,0.5025812732055783,
5,4,verifier,verify_answer,verify_answer,0.7333,1,,-0.631542,,,,-0.631542,0.0,0.0,0.0,,,,,,,,,,,,,,0.18422895669937134
6,1,retriever,dense_retrieve|sparse_retrieve|hybrid_retrieve|hybrid_rerank,hybrid_retrieve,-0.02,0,grader,-0.084047,0.056549,-0.553496,-0.857799,-0.084047,0.056549,-0.553496,-0.857799,0.45797646045684814,12,0.22325190901756287,0.07110032439231873,,,,,,,,,,
6,2,grader,keep_all|loose_filter|medium_filter|strict_filter|rerank_only,rerank_only,-0.07,0,generator,0.692649,-0.609988,-0.319195,,0.692649,-0.609988,-0.319195,0.0,,,,,,,0.8463245630264282,0.7585018664598464,0.34040258824825287,,,,,
6,3,generator,generate_answer|generate_with_strict_citations|generate_short_answer,generate_short_answer,-0.07,0,verifier,0.909817,0.660489,0.014899,-0.427709,0.909817,0.660489,0.014899,-0.427709,,,,,,,,,,0.954908698797226,0.8302446901798248,202,0.28614555299282074,
6,4,verifier,verify_answer,verify_answer,0.8198,1,,-0.546262,,,,-0.546262,0.0,0.0,0.0,,,,,,,,,,,,,,0.2268688976764679
7,1,retriever,dense_retrieve|sparse_retrieve|hybrid_retrieve|hybrid_rerank,hybrid_retrieve,-0.02,0,grader,0.072649,-0.167352,-0.506563,-0.355667,0.072649,-0.167352,-0.506563,-0.355667,0.5363245904445648,11,0.2467186450958252,0.3221662789583206,,,,,,,,,,
7,2,grader,keep_all|loose_filter|medium_filter|strict_filter|rerank_only,rerank_only,-0.07,0,generator,0.708344,-0.837608,-0.149027,,0.708344,-0.837608,-0.149027,0.0,,,,,,,0.8541720509529114,0.7243588119745255,0.4254864603281021,,,,,
7,3,generator,generate_answer|generate_with_strict_citations|generate_short_answer,generate_short_answer,-0.07,0,verifier,0.311322,0.586144,0.275129,0.040211,0.311322,0.586144,0.275129,0.040211,,,,,,,,,,0.6556611359119415,0.7930722236633301,296,0.5201057009398937,
7,4,verifier,verify_answer,verify_answer,0.5823,1,,-0.785427,,,,-0.785427,0.0,0.0,0.0,,,,,,,,,,,,,,0.10728642344474792
8,1,retriever,dense_retrieve|sparse_retrieve|hybrid_retrieve|hybrid_rerank,hybrid_rerank,-0.02,0,grader,-0.132758,0.205235,0.111246,-0.708108,-0.132758,0.205235,0.111246,-0.708108,0.43362078070640564,14,0.555622972548008,0.14594623446464539,,,,,,,,,,
8,2,grader,keep_all|loose_filter|medium_filter|strict_filter|rerank_only,rerank_only,-0.07,0,generator,0.489367,-0.762019,-0.209559,,0.489367,-0.762019,-0.209559,0.0,,,,,,,0.7446832656860352,0.7356971979141235,0.39522065967321396,,,,,
8,3,generator,generate_answer|generate_with_strict_citations|generate_short_answer,generate_short_answer,-0.07,0,verifier,0.85525,0.579254,-0.10594,-0.258874,0.85525,0.579254,-0.10594,-0.258874,,,,,,,,,,0.9276248812675476,0.7896268367767334,210,0.37056292593479156,
8,4,verifier,verify_answer,verify_answer,0.8654,1,,-0.967197,,,,-0.967197,0.0,0.0,0.0,,,,,,,,,,,,,,0.016401678323745728
9,1,retriever,dense_retrieve|sparse_retrieve|hybrid_retrieve|hybrid_rerank,hybrid_retrieve,-0.02,0,grader,0.026382,-0.253872,-0.081795,-0.634071,0.026382,-0.253872,-0.081795,-0.634071,0.513190858066082,10,0.4591025710105896,0.1829642653465271,,,,,,,,,,
9,2,grader,keep_all|loose_filter|medium_filter|strict_filter|rerank_only,rerank_only,-0.07,0,generator,0.451864,-0.853439,-0.122189,,0.451864,-0.853439,-0.122189,0.0,,,,,,,0.7259320914745331,0.7219841718673705,0.4389057196676731,,,,,
9,3,generator,generate_answer|generate_with_strict_citations|generate_short_answer,generate_short_answer,-0.07,0,verifier,0.630909,0.632434,0.148583,0.099186,0.630909,0.632434,0.148583,0.099186,,,,,,,,,,0.8154546022415161,0.8162170946598053,288,0.5495931431651115,
9,4,verifier,verify_answer,verify_answer,0.888,1,,-0.702491,,,,-0.702491,0.0,0.0,0.0,,,,,,,,,,,,,,0.1487543284893036
10,1,retriever,dense_retrieve|sparse_retrieve|hybrid_retrieve|hybrid_rerank,hybrid_retrieve,-0.02,0,grader,0.055125,0.238103,-0.367219,-0.725031,0.055125,0.238103,-0.367219,-0.725031,0.527562690898776,14,0.3163904696702957,0.13748425245285034,,,,,,,,,,
10,2,grader,keep_all|loose_filter|medium_filter|strict_filter|rerank_only,rerank_only,-0.07,0,generator,0.581944,-0.456234,-0.28232,,0.581944,-0.456234,-0.28232,0.0,,,,,,,0.7909719347953796,0.7815649345517158,0.3588400185108185,,,,,
10,3,generator,generate_answer|generate_with_strict_citations|generate_short_answer,generate_short_answer,-0.07,0,verifier,0.753973,0.623384,-0.182326,-0.161054,0.753973,0.623384,-0.182326,-0.161054,,,,,,,,,,0.8769867122173309,0.8116921782493591,213,0.41947314888238907,
10,4,verifier,verify_answer,verify_answer,0.5603,1,,-0.64568,,,,-0.64568,0.0,0.0,0.0,,,,,,,,,,,,,,0.1771601140499115
11,1,retriever,dense_retrieve|sparse_retrieve|hybrid_retrieve|hybrid_rerank,hybrid_rerank,-0.02,0,grader,0.123743,-0.47073,0.06192,-0.718446,0.123743,-0.47073,0.06192,-0.718446,0.5618714019656181,8,0.5309598371386528,0.14077705144882202,,,,,,,,,,
11,2,grader,keep_all|loose_filter|medium_filter|strict_filter|rerank_only,rerank_only,-0.07,0,generator,0.695069,-0.424974,-0.318845,,0.695069,-0.424974,-0.318845,0.0,,,,,,,0.8475344479084015,0.7862539410591125,0.3405773192644119,,,,,
11,3,generator,generate_answer|generate_with_strict_citations|generate_short_answer,generate_short_answer,-0.07,0,verifier,0.627597,0.659899,-0.129421,-0.40241,0.627597,0.659899,-0.129421,-0.40241,,,,,,,,,,0.813798725605011,0.8299492597579956,190,0.2987949550151825,
11,4,verifier,verify_answer,verify_answer,0.8517,1,,-0.772709,,,,-0.772709,0.0,0.0,0.0,,,,,,,,,,,,,,0.11364564299583435
12,1,retriever,dense_retrieve|sparse_retrieve|hybrid_retrieve|hybrid_rerank,hybrid_retrieve,-0.02,0,grader,-0.166094,0.413074,-0.079027,-0.506207,-0.166094,0.413074,-0.079027,-0.506207,0.416952945291996,15,0.4604865275323391,0.24689629673957825,,,,,,,,,,
12,2,grader,keep_all|loose_filter|medium_filter|strict_filter|rerank_only,rerank_only,-0.07,0,generator,0.46577,-0.86814,0.009287,,0.46577,-0.86814,0.009287,0.0,,,,,,,0.7328850477933884,0.7197790473699569,0.5046433578245342,,,,,
12,3,generator,generate_answer|generate_with_strict_citations|generate_short_answer,generate_short_answer,-0.07,0,verifier,0.382477,0.55738,0.219334,-0.08185,0.382477,0.55738,0.219334,-0.08185,,,,,,,,,,0.6912386864423752,0.7786897718906403,272,0.4590751752257347,
12,4,verifier,verify_answer,verify_answer,0.6769,1,,-0.560432,,,,-0.560432,0.0,0.0,0.0,,,,,,,,,,,,,,0.21978384256362915
13,1,retriever,dense_retrieve|sparse_retrieve|hybrid_retrieve|hybrid_rerank,hybrid_retrieve,-0.02,0,grader,0.031151,-0.208086,-0.332273,-0.711638,0.031151,-0.208086,-0.332273,-0.711638,0.5155755067244172,10,0.33386361598968506,0.14418119192123413,,,,,,,,,,
13,2,grader,keep_all|loose_filter|medium_filter|strict_filter|rerank_only,rerank_only,-0.07,0,generator,0.733729,-0.733218,-0.116975,,0.733729,-0.733218,-0.116975,0.0,,,,,,,0.8668644726276398,0.7400172263383865,0.441512543708086,,,,,
13,3,generator,generate_answer|generate_with_strict_citations|generate_short_answer,generate_short_answer,-0.07,0,verifier,0.767798,0.488824,-0.00043,-0.163708,0.767798,0.488824,-0.00043,-0.163708,,,,,,,,,,0.8838989734649658,0.7444117665290833,234,0.4181460365653038,
13,4,verifier,verify_answer,verify_answer,0.744,1,,-0.838018,,,,-0.838018,0.0,0.0,0.0,,,,,,,,,,,,,,0.08099114894866943
14,1,retriever,dense_retrieve|sparse_retrieve|hybrid_retrieve|hybrid_rerank,dense_retrieve,-0.02,0,grader,0.383612,0.248535,-0.292508,-0.561356,0.383612,0.248535,-0.292508,-0.561356,0.6918061971664429,14,0.35374578833580017,0.2193218469619751,,,,,,,,,,
14,2,grader,keep_all|loose_filter|medium_filter|strict_filter|rerank_only,rerank_only,-0.07,0,generator,0.449947,-0.691094,-0.036873,,0.449947,-0.691094,-0.036873,0.0,,,,,,,0.7249736338853836,0.746335831284523,0.48156340420246124,,,,,
14,3,generator,generate_answer|generate_with_strict_citations|generate_short_answer,generate_with_strict_citations,-0.07,0,verifier,0.636689,0.786808,0.074925,-0.116751,0.636689,0.786808,0.074925,-0.116751,,,,,,,,,,0.8183445930480957,0.893403947353363,249,0.44162440672516823,
14,4,verifier,verify_answer,verify_answer,0.7113,1,,-0.489963,,,,-0.489963,0.0,0.0,0.0,,,,,,,,,,,,,,0.25501856207847595
15,1,retriever,dense_retrieve|sparse_retrieve|hybrid_retrieve|hybrid_rerank,hybrid_retrieve,-0.02,0,grader,-0.120171,-0.377459,-0.26781,-0.693948,-0.120171,-0.377459,-0.26781,-0.693948,0.43991444632411003,9,0.36609484255313873,0.15302586555480957,,,,,,,,,,
15,2,grader,keep_all|loose_filter|medium_filter|strict_filter|rerank_only,rerank_only,-0.07,0,generator,0.638482,-0.725929,-0.032085,,0.638482,-0.725929,-0.032085,0.0,,,,,,,0.8192407786846161,0.7411105841398239,0.4839575421065092,,,,,
15,3,generator,generate_answer|generate_with_strict_citations|generate_short_answer,generate_short_answer,-0.07,0,verifier,0.766258,0.641231,0.363937,-0.059145,0.766258,0.641231,0.363937,-0.059145,,,,,,,,,,0.8831289708614349,0.8206157386302948,293,0.4704275503754616,
15,4,verifier,verify_answer,verify_answer,0.4705,1,,-0.331161,,,,-0.331161,0.0,0.0,0.0,,,,,,,,,,,,,,0.33441951870918274
16,1,retriever,dense_retrieve|sparse_retrieve|hybrid_retrieve|hybrid_rerank,hybrid_retrieve,-0.02,0,grader,0.098938,-0.462896,-0.309133,-0.435797,0.098938,-0.462896,-0.309133,-0.435797,0.5494690574705601,9,0.3454333245754242,0.2821013182401657,,,,,,,,,,
16,2,grader,keep_all|loose_filter|medium_filter|strict_filter|rerank_only,rerank_only,-0.07,0,generator,0.631635,-0.652591,-0.065203,,0.631635,-0.652591,-0.065203,0.0,,,,,,,0.8158177137374878,0.7521112799644469,0.4673983156681061,,,,,
16,3,generator,generate_answer|generate_with_strict_citations|generate_short_answer,generate_short_answer,-0.07,0,verifier,0.740987,0.471735,-0.253271,-0.250995,0.740987,0.471735,-0.253271,-0.250995,,,,,,,,,,0.8704935610294342,0.7358674705028534,195,0.3745025545358658,
16,4,verifier,verify_answer,verify_answer,0.8614,1,,-0.627486,,,,-0.627486,0.0,0.0,0.0,,,,,,,,,,,,,,0.18625709414482117
17,1,retriever,dense_retrieve|sparse_retrieve|hybrid_retrieve|hybrid_rerank,hybrid_rerank,-0.02,0,grader,-0.015492,-0.850383,0.096334,-0.521971,-0.015492,-0.850383,0.096334,-0.521971,0.49225398106500506,6,0.5481668934226036,0.23901444673538208,,,,,,,,,,
17,2,grader,keep_all|loose_filter|medium_filter|strict_filter|rerank_only,rerank_only,-0.07,0,generator,0.498626,-0.87078,-0.243344,,0.498626,-0.87078,-0.243344,0.0,,,,,,,0.7493130564689636,0.7193829923868179,0.37832818925380707,,,,,
17,3,generator,generate_answer|generate_with_strict_citations|generate_short_answer,generate_short_answer,-0.07,0,verifier,0.382769,-0.035228,0.054597,-0.444018,0.382769,-0.035228,0.054597,-0.444018,,,,,,,,,,0.6913843750953674,0.4823862425982952,203,0.27799104154109955,
17,4,verifier,verify_answer,verify_answer,0.8188,1,,-0.803641,,,,-0.803641,0.0,0.0,0.0,,,,,,,,,,,,,,0.09817925095558167
18,1,retriever,dense_retrieve|sparse_retrieve|hybrid_retrieve|hybrid_rerank,hybrid_rerank,-0.02,0,grader,-0.470522,-0.847208,0.441745,-0.701083,-0.470522,-0.847208,0.441745,-0.701083,0.2647390514612198,6,0.7208724766969681,0.14945828914642334,,,,,,,,,,
18,2,grader,keep_all|loose_filter|medium_filter|strict_filter|rerank_only,rerank_only,-0.07,0,generator,0.372647,-0.394613,-0.559972,,0.372647,-0.394613,-0.559972,0.0,,,,,,,0.6863233000040054,0.79080800563097,0.22001394629478455,,,,,
18,3,generator,generate_answer|generate_with_strict_citations|generate_short_answer,generate_short_answer,-0.07,0,verifier,0.263129,-0.46531,0.183982,-0.626482,0.263129,-0.46531,0.183982,-0.626482,,,,,,,,,,0.6315645575523376,0.26734495162963867,191,0.1867590844631195,
18,4,verifier,verify_answer,verify_answer,0.7275,1,,-0.874342,,,,-0.874342,0.0,0.0,0.0,,,,,,,,,,,,,,0.06282919645309448
19,1,retriever,dense_retrieve|sparse_retrieve|hybrid_retrieve|hybrid_rerank,hybrid_rerank,-0.02,0,grader,-0.858635,-0.960693,0.538067,-0.793315,-0.858635,-0.960693,0.538067,-0.793315,0.07068273425102234,5,0.7690334618091583,0.10334250330924988,,,,,,,,,,
19,2,grader,keep_all|loose_filter|medium_filter|strict_filter|rerank_only,rerank_only,-0.07,0,generator,-0.030202,-1.0,-0.371058,,-0.030202,-1.0,-0.371058,0.0,,,,,,,0.4848988801240921,0.7,0.314471110701561,,,,,
19,3,generator,generate_answer|generate_with_strict_citations|generate_short_answer,generate_short_answer,-0.07,0,verifier,-0.582829,-0.913398,0.784675,-0.760225,-0.582829,-0.913398,0.784675,-0.760225,,,,,,,,,,0.2085856795310974,0.04330107569694519,220,0.11988753080368042,
19,4,verifier,verify_answer,verify_answer,0.7433,1,,-1.0,,,,-1.0,0.0,0.0,0.0,,,,,,,,,,,,,,0.0
20,1,retriever,dense_retrieve|sparse_retrieve|hybrid_retrieve|hybrid_rerank,hybrid_rerank,-0.02,0,grader,-0.933626,-0.844211,0.500533,-0.84871,-0.933626,-0.844211,0.500533,-0.84871,0.033186882734298706,6,0.7502665221691132,0.07564496994018555,,,,,,,,,,
20,2,grader,keep_all|loose_filter|medium_filter|strict_filter|rerank_only,rerank_only,-0.07,0,generator,-0.6766,-1.0,-0.381451,,-0.6766,-1.0,-0.381451,0.0,,,,,,,0.16170015931129456,0.7,0.30927473306655884,,,,,
20,3,generator,generate_answer|generate_with_strict_citations|generate_short_answer,generate_short_answer,-0.07,0,verifier,-0.44861,-1.0,0.689471,-0.811086,-0.44861,-1.0,0.689471,-0.811086,,,,,,,,,,0.27569492161273956,0.0,204,0.09445703029632568,
20,4,verifier,verify_answer,verify_answer,0.67,1,,-0.869336,,,,-0.869336,0.0,0.0,0.0,,,,,,,,,,,,,,0.06533217430114746
21,1,retriever,dense_retrieve|sparse_retrieve|hybrid_retrieve|hybrid_rerank,hybrid_rerank,-0.02,0,grader,-1.0,-0.989663,0.8196,-0.782053,-1.0,-0.989663,0.8196,-0.782053,0.0,5,0.9097997546195984,0.10897332429885864,,,,,,,,,,
21,2,grader,keep_all|loose_filter|medium_filter|strict_filter|rerank_only,rerank_only,-0.07,0,generator,-1.0,-1.0,-0.683358,,-1.0,-1.0,-0.683358,0.0,,,,,,,0.0,0.7,0.15832114219665527,,,,,
21,3,generator,generate_answer|generate_with_strict_citations|generate_short_answer,generate_short_answer,-0.07,0,verifier,-0.791562,-0.678525,0.977109,-1.0,-0.791562,-0.678525,0.977109,-1.0,,,,,,,,,,0.1042187511920929,0.1607375144958496,190,0.0,
21,4,verifier,verify_answer,verify_answer,0.7672,1,,-0.860761,,,,-0.860761,0.0,0.0,0.0,,,,,,,,,,,,,,0.0696193277835846
22,1,retriever,dense_retrieve|sparse_retrieve|hybrid_retrieve|hybrid_rerank,hybrid_rerank,-0.02,0,grader,-0.43892,-0.82973,0.303326,-0.989987,-0.43892,-0.82973,0.303326,-0.989987,0.28054001927375793,6,0.6516629904508591,0.0050064921379089355,,,,,,,,,,
22,2,grader,keep_all|loose_filter|medium_filter|strict_filter|rerank_only,rerank_only,-0.07,0,generator,-0.684767,-1.0,-0.724639,,-0.684767,-1.0,-0.724639,0.0,,,,,,,0.15761670470237732,0.7,0.13768041133880615,,,,,
22,3,generator,generate_answer|generate_with_strict_citations|generate_short_answer,generate_short_answer,-0.07,0,verifier,-0.569143,-1.0,0.907251,-1.0,-0.569143,-1.0,0.907251,-1.0,,,,,,,,,,0.21542859077453613,0.0,186,0.0,
22,4,verifier,verify_answer,verify_answer,0.7759,1,,-1.0,,,,-1.0,0.0,0.0,0.0,,,,,,,,,,,,,,0.0
23,1,retriever,dense_retrieve|sparse_retrieve|hybrid_retrieve|hybrid_rerank,hybrid_rerank,-0.02,0,grader,-0.685781,-1.0,0.790978,-1.0,-0.685781,-1.0,0.790978,-1.0,0.15710940957069397,5,0.895488977432251,0.0,,,,,,,,,,
23,2,grader,keep_all|loose_filter|medium_filter|strict_filter|rerank_only,rerank_only,-0.07,0,generator,-0.964022,-0.975091,-0.466987,,-0.964022,-0.975091,-0.466987,0.0,,,,,,,0.017989248037338257,0.7037363618612289,0.2665063440799713,,,,,
23,3,generator,generate_answer|generate_with_strict_citations|generate_short_answer,generate_short_answer,-0.07,0,verifier,-0.878567,-0.805289,0.957683,-0.900083,-0.878567,-0.805289,0.957683,-0.900083,,,,,,,,,,0.06071630120277405,0.09735548496246338,207,0.04995828866958618,
23,4,verifier,verify_answer,verify_answer,0.815,1,,-0.92943,,,,-0.92943,0.0,0.0,0.0,,,,,,,,,,,,,,0.035285234451293945
24,1,retriever,dense_retrieve|sparse_retrieve|hybrid_retrieve|hybrid_rerank,hybrid_rerank,-0.02,0,grader,-0.299536,-1.0,0.580491,-0.991977,-0.299536,-1.0,0.580491,-0.991977,0.35023175179958344,5,0.7902453243732452,0.004011571407318115,,,,,,,,,,
24,2,grader,keep_all|loose_filter|medium_filter|strict_filter|rerank_only,rerank_only,-0.07,0,generator,-0.877366,-0.895075,-0.386312,,-0.877366,-0.895075,-0.386312,0.0,,,,,,,0.06131720542907715,0.7157388180494308,0.30684414505958557,,,,,
24,3,generator,generate_answer|generate_with_strict_citations|generate_short_answer,generate_short_answer,-0.07,0,verifier,-0.7383,-0.664735,0.67895,-0.725229,-0.7383,-0.664735,0.67895,-0.725229,,,,,,,,,,0.13084977865219116,0.16763260960578918,217,0.13738548755645752,
24,4,verifier,verify_answer,verify_answer,0.7711,1,,-0.910467,,,,-0.910467,0.0,0.0,0.0,,,,,,,,,,,,,,0.044766396284103394
25,1,retriever,dense_retrieve|sparse_retrieve|hybrid_retrieve|hybrid_rerank,hybrid_rerank,-0.02,0,grader,-0.479145,-1.0,0.860742,-1.0,-0.479145,-1.0,0.860742,-1.0,0.2604277431964874,5,0.9303708970546722,0.0,,,,,,,,,,
25,2,grader,keep_all|loose_filter|medium_filter|strict_filter|rerank_only,rerank_only,-0.07,0,generator,-1.0,-0.867329,0.226767,,-1.0,-0.867329,0.226767,0.0,,,,,,,0.0,0.7199005872011184,0.6133835464715958,,,,,
25,3,generator,generate_answer|generate_with_strict_citations|generate_short_answer,generate_short_answer,-0.07,0,verifier,-0.587706,-0.847422,1.0,-0.542162,-0.587706,-0.847422,1.0,-0.542162,,,,,,,,,,0.20614704489707947,0.07628902792930603,279,0.22891882061958313,
25,4,verifier,verify_answer,verify_answer,0.7855,1,,-0.90464,,,,-0.90464,0.0,0.0,0.0,,,,,,,,,,,,,,0.04768022894859314
26,1,retriever,dense_retrieve|sparse_retrieve|hybrid_retrieve|hybrid_rerank,hybrid_rerank,-0.02,0,grader,-0.380519,-1.0,1.0,-0.838498,-0.380519,-1.0,1.0,-0.838498,0.3097405880689621,5,1.0,0.08075100183486938,,,,,,,,,,
26,2,grader,keep_all|loose_filter|medium_filter|strict_filter|rerank_only,medium_filter,-0.07,0,generator,-0.926262,-0.97625,0.728798,,-0.926262,-0.97625,0.728798,0.0,,,,,,,0.036869168281555176,0.7035625636577606,0.8643990457057953,,,,,
26,3,generator,generate_answer|generate_with_strict_citations|generate_short_answer,generate_short_answer,-0.07,0,verifier,-0.557366,-0.90066,0.960281,-0.609923,-0.557366,-0.90066,0.960281,-0.609923,,,,,,,,,,0.2213170826435089,0.049669861793518066,262,0.1950385570526123,
26,4,verifier,verify_answer,verify_answer,0.7266,1,,-0.83411,,,,-0.83411,0.0,0.0,0.0,,,,,,,,,,,,,,0.08294513821601868
27,1,retriever,dense_retrieve|sparse_retrieve|hybrid_retrieve|hybrid_rerank,hybrid_rerank,-0.02,0,grader,0.09284,-0.870941,1.0,-0.913172,0.09284,-0.870941,1.0,-0.913172,0.5464198142290115,5,1.0,0.043414175510406494,,,,,,,,,,
27,2,grader,keep_all|loose_filter|medium_filter|strict_filter|rerank_only,medium_filter,-0.07,0,generator,-0.805433,-1.0,0.739667,,-0.805433,-1.0,0.739667,0.0,,,,,,,0.09728357195854187,0.7,0.8698335886001587,,,,,
27,3,generator,generate_answer|generate_with_strict_citations|generate_short_answer,generate_short_answer,-0.07,0,verifier,-0.297812,-0.971915,1.0,-0.463954,-0.297812,-0.971915,1.0,-0.463954,,,,,,,,,,0.3510941118001938,0.014042556285858154,294,0.26802293956279755,
27,4,verifier,verify_answer,verify_answer,0.5914,1,,-0.684975,,,,-0.684975,0.0,0.0,0.0,,,,,,,,,,,,,,0.15751254558563232
28,1,retriever,dense_retrieve|sparse_retrieve|hybrid_retrieve|hybrid_rerank,hybrid_rerank,-0.02,0,grader,-0.310727,-1.0,1.0,-0.799233,-0.310727,-1.0,1.0,-0.799233,0.34463635087013245,5,1.0,0.10038372874259949,,,,,,,,,,
28,2,grader,keep_all|loose_filter|medium_filter|strict_filter|rerank_only,strict_filter,-0.07,0,generator,-0.792754,-0.898507,0.824996,,-0.792754,-0.898507,0.824996,0.0,,,,,,,0.1036231517791748,0.7152239501476287,0.9124981462955475,,,,,
28,3,generator,generate_answer|generate_with_strict_citations|generate_short_answer,generate_short_answer,-0.07,0,verifier,-0.162278,-0.97976,0.883151,0.166658,-0.162278,-0.97976,0.883151,0.166658,,,,,,,,,,0.4188607633113861,0.010120004415512085,384,0.5833290368318558,
28,4,verifier,verify_answer,verify_answer,0.6281,1,,-1.0,,,,-1.0,0.0,0.0,0.0,,,,,,,,,,,,,,0.0
29,1,retriever,dense_retrieve|sparse_retrieve|hybrid_retrieve|hybrid_rerank,hybrid_rerank,-0.02,0,grader,-0.365758,-1.0,0.978749,-0.985713,-0.365758,-1.0,0.978749,-0.985713,0.3171212375164032,5,0.989374577999115,0.007143586874008179,,,,,,,,,,
29,2,grader,keep_all|loose_filter|medium_filter|strict_filter|rerank_only,strict_filter,-0.07,0,generator,-0.973638,-0.956145,0.912121,,-0.973638,-0.956145,0.912121,0.0,,,,,,,0.013181209564208984,0.7065782874822616,0.9560602605342865,,,,,
29,3,generator,generate_answer|generate_with_strict_citations|generate_short_answer,generate_short_answer,-0.07,0,verifier,0.081835,-1.0,1.0,0.110538,0.081835,-1.0,1.0,0.110538,,,,,,,,,,0.5409176051616669,0.0,384,0.5552691482007504,
29,4,verifier,verify_answer,verify_answer,0.6804,1,,-1.0,,,,-1.0,0.0,0.0,0.0,,,,,,,,,,,,,,0.0
30,1,retriever,dense_retrieve|sparse_retrieve|hybrid_retrieve|hybrid_rerank,hybrid_rerank,-0.02,0,grader,0.034703,-1.0,0.64316,-0.635048,0.034703,-1.0,0.64316,-0.635048,0.5173513647168875,5,0.821580171585083,0.1824759840965271,,,,,,,,,,
30,2,grader,keep_all|loose_filter|medium_filter|strict_filter|rerank_only,rerank_only,-0.07,0,generator,-0.471071,-1.0,0.35886,,-0.471071,-1.0,0.35886,0.0,,,,,,,0.26446425914764404,0.7,0.6794298738241196,,,,,
30,3,generator,generate_answer|generate_with_strict_citations|generate_short_answer,generate_answer,-0.07,0,verifier,0.267447,-0.998022,0.929022,0.672716,0.267447,-0.998022,0.929022,0.672716,,,,,,,,,,0.6337233781814575,0.0009891688823699951,384,0.8363581299781799,
30,4,verifier,verify_answer,verify_answer,0.6926,1,,-1.0,,,,-1.0,0.0,0.0,0.0,,,,,,,,,,,,,,0.0
31,1,retriever,dense_retrieve|sparse_retrieve|hybrid_retrieve|hybrid_rerank,hybrid_rerank,-0.02,0,grader,0.139105,-0.763952,0.569454,-0.771663,0.139105,-0.763952,0.569454,-0.771663,0.5695524960756302,6,0.784727156162262,0.11416831612586975,,,,,,,,,,
31,2,grader,keep_all|loose_filter|medium_filter|strict_filter|rerank_only,rerank_only,-0.07,0,generator,-0.288648,-1.0,0.301853,,-0.288648,-1.0,0.301853,0.0,,,,,,,0.3556758612394333,0.7,0.6509263962507248,,,,,
31,3,generator,generate_answer|generate_with_strict_citations|generate_short_answer,generate_answer,-0.07,0,verifier,0.426345,-0.981235,0.85747,0.776226,0.426345,-0.981235,0.85747,0.776226,,,,,,,,,,0.713172435760498,0.009382575750350952,384,0.8881130814552307,
31,4,verifier,verify_answer,verify_answer,0.6769,1,,-0.923593,,,,-0.923593,0.0,0.0,0.0,,,,,,,,,,,,,,0.03820359706878662
32,1,retriever,dense_retrieve|sparse_retrieve|hybrid_retrieve|hybrid_rerank,hybrid_rerank,-0.02,0,grader,0.573741,-0.849724,0.531203,-0.893399,0.573741,-0.849724,0.531203,-0.893399,0.786870539188385,6,0.7656016647815704,0.05330052971839905,,,,,,,,,,
32,2,grader,keep_all|loose_filter|medium_filter|strict_filter|rerank_only,rerank_only,-0.07,0,generator,0.01818,-0.969926,0.129274,,0.01818,-0.969926,0.129274,0.0,,,,,,,0.5090900622308254,0.7045110821723938,0.5646370202302933,,,,,
32,3,generator,generate_answer|generate_with_strict_citations|generate_short_answer,generate_answer,-0.07,0,verifier,0.329108,-1.0,0.876961,0.563816,0.329108,-1.0,0.876961,0.563816,,,,,,,,,,0.6645541340112686,0.0,384,0.7819081246852875,
32,4,verifier,verify_answer,verify_answer,0.7047,1,,-1.0,,,,-1.0,0.0,0.0,0.0,,,,,,,,,,,,,,0.0
33,1,retriever,dense_retrieve|sparse_retrieve|hybrid_retrieve|hybrid_rerank,hybrid_rerank,-0.02,0,grader,-0.074854,-0.971129,0.650122,-0.406193,-0.074854,-0.971129,0.650122,-0.406193,0.4625731408596039,5,0.8250609040260315,0.29690371453762054,,,,,,,,,,
33,2,grader,keep_all|loose_filter|medium_filter|strict_filter|rerank_only,rerank_only,-0.07,0,generator,0.434634,-1.0,0.080182,,0.434634,-1.0,0.080182,0.0,,,,,,,0.7173172384500504,0.7,0.5400907769799232,,,,,
33,3,generator,generate_answer|generate_with_strict_citations|generate_short_answer,generate_answer,-0.07,0,verifier,0.451378,-1.0,1.0,1.0,0.451378,-1.0,1.0,1.0,,,,,,,,,,0.725689172744751,0.0,384,1.0,
33,4,verifier,verify_answer,verify_answer,0.6973,1,,-1.0,,,,-1.0,0.0,0.0,0.0,,,,,,,,,,,,,,0.0
34,1,retriever,dense_retrieve|sparse_retrieve|hybrid_retrieve|hybrid_rerank,hybrid_rerank,-0.02,0,grader,-0.200388,-0.790176,0.571576,-0.358969,-0.200388,-0.790176,0.571576,-0.358969,0.39980585128068924,6,0.7857878804206848,0.3205154985189438,,,,,,,,,,
34,2,grader,keep_all|loose_filter|medium_filter|strict_filter|rerank_only,rerank_only,-0.07,0,generator,0.350057,-1.0,0.111124,,0.350057,-1.0,0.111124,0.0,,,,,,,0.6750283390283585,0.7,0.5555619895458221,,,,,
34,3,generator,generate_answer|generate_with_strict_citations|generate_short_answer,generate_answer,-0.07,0,verifier,0.273329,-1.0,1.0,0.784973,0.273329,-1.0,1.0,0.784973,,,,,,,,,,0.6366645395755768,0.0,384,0.892486572265625,
34,4,verifier,verify_answer,verify_answer,0.7221,1,,-1.0,,,,-1.0,0.0,0.0,0.0,,,,,,,,,,,,,,0.0
35,1,retriever,dense_retrieve|sparse_retrieve|hybrid_retrieve|hybrid_rerank,hybrid_rerank,-0.02,0,grader,-0.148108,-0.91254,1.0,-0.712124,-0.148108,-0.91254,1.0,-0.712124,0.4259458854794502,5,1.0,0.143937885761261,,,,,,,,,,
35,2,grader,keep_all|loose_filter|medium_filter|strict_filter|rerank_only,strict_filter,-0.07,0,generator,0.348177,-0.805977,0.88437,,0.348177,-0.805977,0.88437,0.0,,,,,,,0.6740884929895401,0.7291033893823623,0.9421849548816681,,,,,
35,3,generator,generate_answer|generate_with_strict_citations|generate_short_answer,generate_answer,-0.07,0,verifier,-0.15142,-0.763223,0.985182,1.0,-0.15142,-0.763223,0.985182,1.0,,,,,,,,,,0.42428989708423615,0.11838826537132263,384,1.0,
35,4,verifier,verify_answer,verify_answer,0.4323,1,,-0.98816,,,,-0.98816,0.0,0.0,0.0,,,,,,,,,,,,,,0.005919933319091797
36,1,retriever,dense_retrieve|sparse_retrieve|hybrid_retrieve|hybrid_rerank,hybrid_rerank,-0.02,0,grader,-0.025531,-0.727328,0.848559,-0.275289,-0.025531,-0.727328,0.848559,-0.275289,0.4872344424948096,7,0.9242793619632721,0.36235538125038147,,,,,,,,,,
36,2,grader,keep_all|loose_filter|medium_filter|strict_filter|rerank_only,medium_filter,-0.07,0,generator,0.818031,-0.792775,0.656298,,0.818031,-0.792775,0.656298,0.0,,,,,,,0.9090155959129333,0.7310837537050247,0.8281489908695221,,,,,
36,3,generator,generate_answer|generate_with_strict_citations|generate_short_answer,generate_answer,-0.07,0,verifier,-0.176192,-0.836925,0.702011,0.792579,-0.176192,-0.836925,0.702011,0.792579,,,,,,,,,,0.41190382838249207,0.0815376341342926,384,0.8962894678115845,
36,4,verifier,verify_answer,verify_answer,0.6225,1,,-1.0,,,,-1.0,0.0,0.0,0.0,,,,,,,,,,,,,,0.0
37,1,retriever,dense_retrieve|sparse_retrieve|hybrid_retrieve|hybrid_rerank,hybrid_rerank,-0.02,0,grader,-0.369233,-0.880849,1.0,-0.144287,-0.369233,-0.880849,1.0,-0.144287,0.31538374722003937,5,1.0,0.42785659432411194,,,,,,,,,,
37,2,grader,keep_all|loose_filter|medium_filter|strict_filter|rerank_only,loose_filter,-0.07,0,generator,1.0,-1.0,0.558326,,1.0,-1.0,0.558326,0.0,,,,,,,1.0,0.7,0.7791627943515778,,,,,
37,3,generator,generate_answer|generate_with_strict_citations|generate_short_answer,generate_answer,-0.07,0,verifier,-0.409597,-0.938616,0.951391,0.66729,-0.409597,-0.938616,0.951391,0.66729,,,,,,,,,,0.2952016741037369,0.030692249536514282,384,0.8336450457572937,
37,4,verifier,verify_answer,verify_answer,0.4844,1,,-1.0,,,,-1.0,0.0,0.0,0.0,,,,,,,,,,,,,,0.0
38,1,retriever,dense_retrieve|sparse_retrieve|hybrid_retrieve|hybrid_rerank,hybrid_rerank,-0.02,0,grader,-0.524914,-0.886544,0.893758,-0.188176,-0.524914,-0.886544,0.893758,-0.188176,0.23754316568374634,5,0.9468788504600525,0.4059118777513504,,,,,,,,,,
38,2,grader,keep_all|loose_filter|medium_filter|strict_filter|rerank_only,medium_filter,-0.07,0,generator,0.769471,-1.0,0.786892,,0.769471,-1.0,0.786892,0.0,,,,,,,0.8847352564334869,0.7,0.893446147441864,,,,,
38,3,generator,generate_answer|generate_with_strict_citations|generate_short_answer,generate_answer,-0.07,0,verifier,-0.426747,-1.0,1.0,0.899917,-0.426747,-1.0,1.0,0.899917,,,,,,,,,,0.28662650287151337,0.0,384,0.9499587118625641,
38,4,verifier,verify_answer,verify_answer,0.187,1,,-1.0,,,,-1.0,0.0,0.0,0.0,,,,,,,,,,,,,,0.0
39,1,retriever,dense_retrieve|sparse_retrieve|hybrid_retrieve|hybrid_rerank,hybrid_rerank,-0.02,0,grader,-0.234668,-1.0,0.055408,-0.037673,-0.234668,-1.0,0.055408,-0.037673,0.38266606628894806,5,0.5277039222419262,0.481163302436471,,,,,,,,,,
39,2,grader,keep_all|loose_filter|medium_filter|strict_filter|rerank_only,rerank_only,-0.07,0,generator,1.0,-0.993709,-0.264108,,1.0,-0.993709,-0.264108,0.0,,,,,,,1.0,0.700943636894226,0.3679460436105728,,,,,
39,3,generator,generate_answer|generate_with_strict_citations|generate_short_answer,generate_answer,-0.07,0,verifier,-0.670149,-1.0,0.916532,1.0,-0.670149,-1.0,0.916532,1.0,,,,,,,,,,0.16492554545402527,0.0,384,1.0,
39,4,verifier,verify_answer,verify_answer,0.7779,1,,-0.850893,,,,-0.850893,0.0,0.0,0.0,,,,,,,,,,,,,,0.0745537281036377
40,1,retriever,dense_retrieve|sparse_retrieve|hybrid_retrieve|hybrid_rerank,hybrid_rerank,-0.02,0,grader,-0.596498,-1.0,0.770832,-0.716416,-0.596498,-1.0,0.770832,-0.716416,0.20175090432167053,5,0.8854159712791443,0.14179223775863647,,,,,,,,,,
40,2,grader,keep_all|loose_filter|medium_filter|strict_filter|rerank_only,strict_filter,-0.07,0,generator,0.651202,-0.793762,1.0,,0.651202,-0.793762,1.0,0.0,,,,,,,0.8256009817123413,0.7309357583522796,1.0,,,,,
40,3,generator,generate_answer|generate_with_strict_citations|generate_short_answer,generate_answer,-0.07,0,verifier,-0.824803,-0.909353,0.98797,1.0,-0.824803,-0.909353,0.98797,1.0,,,,,,,,,,0.08759865164756775,0.04532328248023987,384,1.0,
40,4,verifier,verify_answer,verify_answer,0.4894,1,,-0.824733,,,,-0.824733,0.0,0.0,0.0,,,,,,,,,,,,,,0.08763366937637329
41,1,retriever,dense_retrieve|sparse_retrieve|hybrid_retrieve|hybrid_rerank,hybrid_retrieve,-0.02,0,grader,-0.28192,-1.0,-0.57893,-0.516247,-0.28192,-1.0,-0.57893,-0.516247,0.3590398281812668,5,0.21053507924079895,0.24187642335891724,,,,,,,,,,
41,2,grader,keep_all|loose_filter|medium_filter|strict_filter|rerank_only,rerank_only,-0.07,0,generator,0.834776,-1.0,-0.138612,,0.834776,-1.0,-0.138612,0.0,,,,,,,0.917387843132019,0.7,0.430694155395031,,,,,
41,3,generator,generate_answer|generate_with_strict_citations|generate_short_answer,generate_answer,-0.07,0,verifier,-0.994546,-0.742856,1.0,0.98776,-0.994546,-0.742856,1.0,0.98776,,,,,,,,,,0.0027270615100860596,0.12857195734977722,384,0.9938800036907196,
41,4,verifier,verify_answer,verify_answer,0.808,1,,-0.608226,,,,-0.608226,0.0,0.0,0.0,,,,,,,,,,,,,,0.1958867609500885
42,1,retriever,dense_retrieve|sparse_retrieve|hybrid_retrieve|hybrid_rerank,hybrid_rerank,-0.02,0,grader,-0.508507,-1.0,0.998941,-0.67007,-0.508507,-1.0,0.998941,-0.67007,0.24574628472328186,5,0.9994702637195587,0.16496512293815613,,,,,,,,,,
42,2,grader,keep_all|loose_filter|medium_filter|strict_filter|rerank_only,loose_filter,-0.07,0,generator,0.751442,-1.0,0.580668,,0.751442,-1.0,0.580668,0.0,,,,,,,0.8757211565971375,0.7,0.7903338372707367,,,,,
42,3,generator,generate_answer|generate_with_strict_citations|generate_short_answer,generate_answer,-0.07,0,verifier,-1.0,-0.85709,1.0,0.779289,-1.0,-0.85709,1.0,0.779289,,,,,,,,,,0.0,0.07145506143569946,384,0.8896446526050568,
42,4,verifier,verify_answer,verify_answer,0.8326,1,,-0.877186,,,,-0.877186,0.0,0.0,0.0,,,,,,,,,,,,,,0.06140702962875366
43,1,retriever,dense_retrieve|sparse_retrieve|hybrid_retrieve|hybrid_rerank,hybrid_rerank,-0.02,0,grader,-0.588611,-1.0,0.621497,-0.981483,-0.588611,-1.0,0.621497,-0.981483,0.2056942880153656,5,0.8107485175132751,0.00925871729850769,,,,,,,,,,
43,2,grader,keep_all|loose_filter|medium_filter|strict_filter|rerank_only,medium_filter,-0.07,0,generator,0.917447,-1.0,0.789172,,0.917447,-1.0,0.789172,0.0,,,,,,,0.9587235450744629,0.7,0.8945861458778381,,,,,
43,3,generator,generate_answer|generate_with_strict_citations|generate_short_answer,generate_answer,-0.07,0,verifier,-0.88158,-1.0,0.771898,0.903202,-0.88158,-1.0,0.771898,0.903202,,,,,,,,,,0.05921006202697754,0.0,384,0.9516009092330933,
43,4,verifier,verify_answer,verify_answer,0.8271,1,,-0.766734,,,,-0.766734,0.0,0.0,0.0,,,,,,,,,,,,,,0.11663305759429932
44,1,retriever,dense_retrieve|sparse_retrieve|hybrid_retrieve|hybrid_rerank,hybrid_rerank,-0.02,0,grader,-0.255667,-1.0,0.189323,-0.639003,-0.255667,-1.0,0.189323,-0.639003,0.3721664398908615,5,0.5946615189313889,0.18049874901771545,,,,,,,,,,
44,2,grader,keep_all|loose_filter|medium_filter|strict_filter|rerank_only,rerank_only,-0.07,0,generator,0.70558,-0.917806,0.310067,,0.70558,-0.917806,0.310067,0.0,,,,,,,0.8527900278568268,0.7123291224241256,0.6550332605838776,,,,,
44,3,generator,generate_answer|generate_with_strict_citations|generate_short_answer,generate_answer,-0.07,0,verifier,-0.816347,-1.0,0.623751,0.746373,-0.816347,-1.0,0.623751,0.746373,,,,,,,,,,0.09182649850845337,0.0,384,0.8731862604618073,
44,4,verifier,verify_answer,verify_answer,0.626,1,,-0.032833,,,,-0.032833,0.0,0.0,0.0,,,,,,,,,,,,,,0.4835832752287388
45,1,retriever,dense_retrieve|sparse_retrieve|hybrid_retrieve|hybrid_rerank,hybrid_rerank,-0.02,0,grader,-0.340836,-1.0,0.548943,-1.0,-0.340836,-1.0,0.548943,-1.0,0.32958176732063293,5,0.774471640586853,0.0,,,,,,,,,,
45,2,grader,keep_all|loose_filter|medium_filter|strict_filter|rerank_only,medium_filter,-0.07,0,generator,0.887941,-1.0,0.780296,,0.887941,-1.0,0.780296,0.0,,,,,,,0.9439704716205597,0.7,0.8901481032371521,,,,,
45,3,generator,generate_answer|generate_with_strict_citations|generate_short_answer,generate_answer,-0.07,0,verifier,-0.889342,-1.0,0.806134,1.0,-0.889342,-1.0,0.806134,1.0,,,,,,,,,,0.055329084396362305,0.0,384,1.0,
45,4,verifier,verify_answer,verify_answer,0.6828,1,,-0.717118,,,,-0.717118,0.0,0.0,0.0,,,,,,,,,,,,,,0.14144104719161987
46,1,retriever,dense_retrieve|sparse_retrieve|hybrid_retrieve|hybrid_rerank,hybrid_retrieve,-0.02,0,grader,0.29358,-1.0,-0.384763,-0.6737,0.29358,-1.0,-0.384763,-0.6737,0.6467898637056351,5,0.30761829018592834,0.16314980387687683,,,,,,,,,,
46,2,grader,keep_all|loose_filter|medium_filter|strict_filter|rerank_only,loose_filter,-0.07,0,generator,0.593472,-1.0,0.592332,,0.593472,-1.0,0.592332,0.0,,,,,,,0.7967362105846405,0.7,0.7961662113666534,,,,,
46,3,generator,generate_answer|generate_with_strict_citations|generate_short_answer,generate_answer,-0.07,0,verifier,-0.932057,-0.941428,0.749102,1.0,-0.932057,-0.941428,0.749102,1.0,,,,,,,,,,0.0339716374874115,0.02928599715232849,384,1.0,
46,4,verifier,verify_answer,verify_answer,0.7335,1,,-0.28172,,,,-0.28172,0.0,0.0,0.0,,,,,,,,,,,,,,0.359140008687973
47,1,retriever,dense_retrieve|sparse_retrieve|hybrid_retrieve|hybrid_rerank,hybrid_retrieve,-0.02,0,grader,0.290333,-0.938178,-0.185044,-0.955009,0.290333,-0.938178,-0.185044,-0.955009,0.645166277885437,5,0.4074781686067581,0.022495269775390625,,,,,,,,,,
47,2,grader,keep_all|loose_filter|medium_filter|strict_filter|rerank_only,strict_filter,-0.07,0,generator,0.887013,-1.0,0.847966,,0.887013,-1.0,0.847966,0.0,,,,,,,0.9435063004493713,0.7,0.9239828884601593,,,,,
47,3,generator,generate_answer|generate_with_strict_citations|generate_short_answer,generate_answer,-0.07,0,verifier,-0.968278,-0.953555,1.0,1.0,-0.968278,-0.953555,1.0,1.0,,,,,,,,,,0.01586097478866577,0.02322247624397278,384,1.0,
47,4,verifier,verify_answer,verify_answer,0.6044,1,,-0.429728,,,,-0.429728,0.0,0.0,0.0,,,,,,,,,,,,,,0.28513602912425995
48,1,retriever,dense_retrieve|sparse_retrieve|hybrid_retrieve|hybrid_rerank,dense_retrieve,-0.02,0,grader,0.550992,-1.0,-0.8535,-1.0,0.550992,-1.0,-0.8535,-1.0,0.7754957973957062,5,0.0732501745223999,0.0,,,,,,,,,,
48,2,grader,keep_all|loose_filter|medium_filter|strict_filter|rerank_only,medium_filter,-0.07,0,generator,0.684996,-1.0,0.714193,,0.684996,-1.0,0.714193,0.0,,,,,,,0.8424980640411377,0.7,0.857096254825592,,,,,
48,3,generator,generate_answer|generate_with_strict_citations|generate_short_answer,generate_answer,-0.07,0,verifier,-0.642895,-0.948409,0.68167,1.0,-0.642895,-0.948409,0.68167,1.0,,,,,,,,,,0.178552508354187,0.025795280933380127,384,1.0,
48,4,verifier,verify_answer,verify_answer,0.829,1,,-0.605891,,,,-0.605891,0.0,0.0,0.0,,,,,,,,,,,,,,0.1970546841621399
49,1,retriever,dense_retrieve|sparse_retrieve|hybrid_retrieve|hybrid_rerank,hybrid_retrieve,-0.02,0,grader,0.029674,-0.842704,-0.104862,-0.810299,0.029674,-0.842704,-0.104862,-0.810299,0.5148370107635856,6,0.44756902381777763,0.09485065937042236,,,,,,,,,,
49,2,grader,keep_all|loose_filter|medium_filter|strict_filter|rerank_only,strict_filter,-0.07,0,generator,0.961025,-1.0,1.0,,0.961025,-1.0,1.0,0.0,,,,,,,0.9805126786231995,0.7,1.0,,,,,
49,3,generator,generate_answer|generate_with_strict_citations|generate_short_answer,generate_answer,-0.07,0,verifier,-0.545641,-0.969849,0.752338,0.922072,-0.545641,-0.969849,0.752338,0.922072,,,,,,,,,,0.22717946767807007,0.015075445175170898,384,0.9610360264778137,
49,4,verifier,verify_answer,verify_answer,0.82,1,,-0.589114,,,,-0.589114,0.0,0.0,0.0,,,,,,,,,,,,,,0.20544278621673584
50,1,retriever,dense_retrieve|sparse_retrieve|hybrid_retrieve|hybrid_rerank,hybrid_rerank,-0.02,0,grader,-0.067991,-1.0,0.133201,-1.0,-0.067991,-1.0,0.133201,-1.0,0.46600474417209625,5,0.5666004195809364,0.0,,,,,,,,,,
50,2,grader,keep_all|loose_filter|medium_filter|strict_filter|rerank_only,strict_filter,-0.07,0,generator,0.950584,-0.949048,1.0,,0.950584,-0.949048,1.0,0.0,,,,,,,0.9752918779850006,0.7076428562402725,1.0,,,,,
50,3,generator,generate_answer|generate_with_strict_citations|generate_short_answer,generate_answer,-0.07,0,verifier,-0.968426,-1.0,0.453056,0.924275,-0.968426,-1.0,0.453056,0.924275,,,,,,,,,,0.015787243843078613,0.0,384,0.9621372818946838,
50,4,verifier,verify_answer,verify_answer,0.7537,1,,-0.408051,,,,-0.408051,0.0,0.0,0.0,,,,,,,,,,,,,,0.2959744930267334
51,1,retriever,dense_retrieve|sparse_retrieve|hybrid_retrieve|hybrid_rerank,hybrid_rerank,-0.02,0,grader,-0.130137,-1.0,0.223943,-0.788122,-0.130137,-1.0,0.223943,-0.788122,0.4349314123392105,5,0.6119714081287384,0.10593903064727783,,,,,,,,,,
51,2,grader,keep_all|loose_filter|medium_filter|strict_filter|rerank_only,strict_filter,-0.07,0,generator,0.941016,-0.717595,0.851891,,0.941016,-0.717595,0.851891,0.0,,,,,,,0.9705079793930054,0.7423607885837554,0.9259455800056458,,,,,
51,3,generator,generate_answer|generate_with_strict_citations|generate_short_answer,generate_answer,-0.07,0,verifier,-1.0,-1.0,0.683369,1.0,-1.0,-1.0,0.683369,1.0,,,,,,,,,,0.0,0.0,384,1.0,
51,4,verifier,verify_answer,verify_answer,0.8115,1,,-0.411846,,,,-0.411846,0.0,0.0,0.0,,,,,,,,,,,,,,0.2940770387649536
52,1,retriever,dense_retrieve|sparse_retrieve|hybrid_retrieve|hybrid_rerank,hybrid_rerank,-0.02,0,grader,0.257133,-1.0,0.043296,-0.949281,0.257133,-1.0,0.043296,-0.949281,0.6285663098096848,5,0.5216478519141674,0.025359511375427246,,,,,,,,,,
52,2,grader,keep_all|loose_filter|medium_filter|strict_filter|rerank_only,strict_filter,-0.07,0,generator,0.981803,-0.890621,0.931982,,0.981803,-0.890621,0.931982,0.0,,,,,,,0.9909016489982605,0.7164069205522536,0.9659911692142487,,,,,
52,3,generator,generate_answer|generate_with_strict_citations|generate_short_answer,generate_answer,-0.07,0,verifier,-0.803008,-1.0,0.2777,1.0,-0.803008,-1.0,0.2777,1.0,,,,,,,,,,0.09849578142166138,0.0,384,1.0,
52,4,verifier,verify_answer,verify_answer,0.8463,1,,-0.152619,,,,-0.152619,0.0,0.0,0.0,,,,,,,,,,,,,,0.4236906170845032
53,1,retriever,dense_retrieve|sparse_retrieve|hybrid_retrieve|hybrid_rerank,hybrid_retrieve,-0.02,0,grader,-0.145557,-1.0,-0.103568,-1.0,-0.145557,-1.0,-0.103568,-1.0,0.4272215962409973,5,0.4482160024344921,0.0,,,,,,,,,,
53,2,grader,keep_all|loose_filter|medium_filter|strict_filter|rerank_only,medium_filter,-0.07,0,generator,0.892585,-0.835059,0.710519,,0.892585,-0.835059,0.710519,0.0,,,,,,,0.9462926685810089,0.7247411966323852,0.8552596867084503,,,,,
53,3,generator,generate_answer|generate_with_strict_citations|generate_short_answer,generate_answer,-0.07,0,verifier,-0.592627,-1.0,-0.03999,0.83997,-0.592627,-1.0,-0.03999,0.83997,,,,,,,,,,0.20368671417236328,0.0,354,0.9199852049350739,
53,4,verifier,verify_answer,verify_answer,0.7333,1,,-0.688179,,,,-0.688179,0.0,0.0,0.0,,,,,,,,,,,,,,0.15591058135032654
54,1,retriever,dense_retrieve|sparse_retrieve|hybrid_retrieve|hybrid_rerank,hybrid_retrieve,-0.02,0,grader,-0.263466,-0.921374,-0.188521,-1.0,-0.263466,-0.921374,-0.188521,-1.0,0.368266761302948,5,0.4057393744587898,0.0,,,,,,,,,,
54,2,grader,keep_all|loose_filter|medium_filter|strict_filter|rerank_only,strict_filter,-0.07,0,generator,0.833926,-0.748855,0.920234,,0.833926,-0.748855,0.920234,0.0,,,,,,,0.9169631004333496,0.7376717954874038,0.9601170420646667,,,,,
54,3,generator,generate_answer|generate_with_strict_citations|generate_short_answer,generate_answer,-0.07,0,verifier,-0.980226,-1.0,-0.27589,0.587041,-0.980226,-1.0,-0.27589,0.587041,,,,,,,,,,0.009887069463729858,0.0,284,0.793520599603653,
54,4,verifier,verify_answer,verify_answer,0.7194,1,,-0.523061,,,,-0.523061,0.0,0.0,0.0,,,,,,,,,,,,,,0.2384694218635559
55,1,retriever,dense_retrieve|sparse_retrieve|hybrid_retrieve|hybrid_rerank,hybrid_rerank,-0.02,0,grader,-0.379243,-0.816682,0.23317,-0.826404,-0.379243,-0.816682,0.23317,-0.826404,0.3103785216808319,6,0.616584986448288,0.08679807186126709,,,,,,,,,,
55,2,grader,keep_all|loose_filter|medium_filter|strict_filter|rerank_only,strict_filter,-0.07,0,generator,0.839315,-1.0,1.0,,0.839315,-1.0,1.0,0.0,,,,,,,0.9196573495864868,0.7,1.0,,,,,
55,3,generator,generate_answer|generate_with_strict_citations|generate_short_answer,generate_answer,-0.07,0,verifier,-0.578267,-0.995121,-0.390464,1.0,-0.578267,-0.995121,-0.390464,1.0,,,,,,,,,,0.21086636185646057,0.002439647912979126,309,1.0,
55,4,verifier,verify_answer,verify_answer,0.8327,1,,-0.463186,,,,-0.463186,0.0,0.0,0.0,,,,,,,,,,,,,,0.26840682327747345
56,1,retriever,dense_retrieve|sparse_retrieve|hybrid_retrieve|hybrid_rerank,sparse_retrieve,-0.02,0,grader,-0.389265,-0.987657,-0.057772,-1.0,-0.389265,-0.987657,-0.057772,-1.0,0.3053673505783081,5,0.47111415304243565,0.0,,,,,,,,,,
56,2,grader,keep_all|loose_filter|medium_filter|strict_filter|rerank_only,loose_filter,-0.07,0,generator,0.854739,-0.983509,0.513207,,0.854739,-0.983509,0.513207,0.0,,,,,,,0.9273694455623627,0.7024737119674682,0.7566036283969879,,,,,
56,3,generator,generate_answer|generate_with_strict_citations|generate_short_answer,generate_answer,-0.07,0,verifier,-0.222012,-1.0,-0.094559,1.0,-0.222012,-1.0,-0.094559,1.0,,,,,,,,,,0.388994000852108,0.0,364,1.0,
56,4,verifier,verify_answer,verify_answer,0.403,1,,-0.389824,,,,-0.389824,0.0,0.0,0.0,,,,,,,,,,,,,,0.30508801341056824
57,1,retriever,dense_retrieve|sparse_retrieve|hybrid_retrieve|hybrid_rerank,sparse_retrieve,-0.02,0,grader,-0.401068,-0.943721,-0.126481,-1.0,-0.401068,-0.943721,-0.126481,-1.0,0.29946577548980713,5,0.4367592930793762,0.0,,,,,,,,,,
57,2,grader,keep_all|loose_filter|medium_filter|strict_filter|rerank_only,loose_filter,-0.07,0,generator,0.796305,-0.736632,0.558291,,0.796305,-0.736632,0.558291,0.0,,,,,,,0.8981524407863617,0.7395052105188369,0.7791455984115601,,,,,
57,3,generator,generate_answer|generate_with_strict_citations|generate_short_answer,generate_answer,-0.07,0,verifier,-0.116147,-0.885602,-0.314244,0.906303,-0.116147,-0.885602,-0.314244,0.906303,,,,,,,,,,0.4419264830648899,0.057198792695999146,312,0.9531513452529907,
57,4,verifier,verify_answer,verify_answer,0.7436,1,,0.044817,,,,0.044817,0.0,0.0,0.0,,,,,,,,,,,,,,0.5224086958914995
58,1,retriever,dense_retrieve|sparse_retrieve|hybrid_retrieve|hybrid_rerank,hybrid_rerank,-0.02,0,grader,-0.551573,-0.755202,0.192371,-1.0,-0.551573,-0.755202,0.192371,-1.0,0.2242136299610138,6,0.5961854234337807,0.0,,,,,,,,,,
58,2,grader,keep_all|loose_filter|medium_filter|strict_filter|rerank_only,strict_filter,-0.07,0,generator,0.966735,-0.932512,0.867631,,0.966735,-0.932512,0.867631,0.0,,,,,,,0.983367383480072,0.7101231575012207,0.9338157474994659,,,,,
58,3,generator,generate_answer|generate_with_strict_citations|generate_short_answer,generate_answer,-0.07,0,verifier,-0.046116,-1.0,0.102435,1.0,-0.046116,-1.0,0.102435,1.0,,,,,,,,,,0.4769420027732849,0.0,384,1.0,
58,4,verifier,verify_answer,verify_answer,0.6063,1,,-0.64196,,,,-0.64196,0.0,0.0,0.0,,,,,,,,,,,,,,0.1790199875831604
59,1,retriever,dense_retrieve|sparse_retrieve|hybrid_retrieve|hybrid_rerank,hybrid_rerank,-0.02,0,grader,-0.309157,-1.0,0.510025,-1.0,-0.309157,-1.0,0.510025,-1.0,0.34542132914066315,5,0.7550126314163208,0.0,,,,,,,,,,
59,2,grader,keep_all|loose_filter|medium_filter|strict_filter|rerank_only,strict_filter,-0.07,0,generator,0.774162,-0.841791,0.813576,,0.774162,-0.841791,0.813576,0.0,,,,,,,0.8870811760425568,0.7237313359975814,0.9067879617214203,,,,,
59,3,generator,generate_answer|generate_with_strict_citations|generate_short_answer,generate_answer,-0.07,0,verifier,-0.164418,-1.0,0.439084,0.795099,-0.164418,-1.0,0.439084,0.795099,,,,,,,,,,0.41779083758592606,0.0,384,0.8975494801998138,
59,4,verifier,verify_answer,verify_answer,0.8116,1,,-0.249929,,,,-0.249929,0.0,0.0,0.0,,,,,,,,,,,,,,0.37503550201654434
60,1,retriever,dense_retrieve|sparse_retrieve|hybrid_retrieve|hybrid_rerank,hybrid_rerank,-0.02,0,grader,-0.688356,-0.49499,0.533973,-1.0,-0.688356,-0.49499,0.533973,-1.0,0.15582209825515747,8,0.7669866681098938,0.0,,,,,,,,,,
60,2,grader,keep_all|loose_filter|medium_filter|strict_filter|rerank_only,strict_filter,-0.07,0,generator,0.767463,-0.939329,0.901519,,0.767463,-0.939329,0.901519,0.0,,,,,,,0.8837316930294037,0.709100592136383,0.9507595300674438,,,,,
60,3,generator,generate_answer|generate_with_strict_citations|generate_short_answer,generate_answer,-0.07,0,verifier,0.372642,-0.979197,0.627553,0.928686,0.372642,-0.979197,0.627553,0.928686,,,,,,,,,,0.6863211095333099,0.010401308536529541,384,0.9643429815769196,
60,4,verifier,verify_answer,verify_answer,0.5525,1,,-0.60775,,,,-0.60775,0.0,0.0,0.0,,,,,,,,,,,,,,0.1961250603199005
61,1,retriever,dense_retrieve|sparse_retrieve|hybrid_retrieve|hybrid_rerank,hybrid_retrieve,-0.02,0,grader,-0.093137,-1.0,-0.238657,-0.880903,-0.093137,-1.0,-0.238657,-0.880903,0.45343155413866043,5,0.3806716427206993,0.05954867601394653,,,,,,,,,,
61,2,grader,keep_all|loose_filter|medium_filter|strict_filter|rerank_only,rerank_only,-0.07,0,generator,0.99854,-1.0,0.064616,,0.99854,-1.0,0.064616,0.0,,,,,,,0.9992698132991791,0.7,0.5323080569505692,,,,,
61,3,generator,generate_answer|generate_with_strict_citations|generate_short_answer,generate_answer,-0.07,0,verifier,0.461603,-1.0,0.569664,1.0,0.461603,-1.0,0.569664,1.0,,,,,,,,,,0.7308014780282974,0.0,384,1.0,
61,4,verifier,verify_answer,verify_answer,0.5964,1,,-0.435842,,,,-0.435842,0.0,0.0,0.0,,,,,,,,,,,,,,0.28207896649837494
62,1,retriever,dense_retrieve|sparse_retrieve|hybrid_retrieve|hybrid_rerank,hybrid_rerank,-0.02,0,grader,-0.333636,-0.904609,0.450297,-0.923002,-0.333636,-0.904609,0.450297,-0.923002,0.333182156085968,5,0.7251484245061874,0.03849905729293823,,,,,,,,,,
62,2,grader,keep_all|loose_filter|medium_filter|strict_filter|rerank_only,strict_filter,-0.07,0,generator,0.988236,-0.8521,0.919587,,0.988236,-0.8521,0.919587,0.0,,,,,,,0.9941178858280182,0.7221850156784058,0.9597936272621155,,,,,
62,3,generator,generate_answer|generate_with_strict_citations|generate_short_answer,generate_answer,-0.07,0,verifier,0.730891,-1.0,0.575502,0.882632,0.730891,-1.0,0.575502,0.882632,,,,,,,,,,0.8654454350471497,0.0,384,0.9413159787654877,
62,4,verifier,verify_answer,verify_answer,0.6334,1,,-0.333929,,,,-0.333929,0.0,0.0,0.0,,,,,,,,,,,,,,0.3330354243516922
63,1,retriever,dense_retrieve|sparse_retrieve|hybrid_retrieve|hybrid_rerank,hybrid_rerank,-0.02,0,grader,-0.260618,-0.468063,0.380062,-1.0,-0.260618,-0.468063,0.380062,-1.0,0.3696911782026291,8,0.6900311857461929,0.0,,,,,,,,,,
63,2,grader,keep_all|loose_filter|medium_filter|strict_filter|rerank_only,rerank_only,-0.07,0,generator,0.865783,-1.0,0.296961,,0.865783,-1.0,0.296961,0.0,,,,,,,0.9328913688659668,0.7,0.6484802812337875,,,,,
63,3,generator,generate_answer|generate_with_strict_citations|generate_short_answer,generate_answer,-0.07,0,verifier,0.504778,-1.0,0.995757,0.830256,0.504778,-1.0,0.995757,0.830256,,,,,,,,,,0.7523891925811768,0.0,384,0.915128082036972,
63,4,verifier,verify_answer,verify_answer,0.8269,1,,0.110702,,,,0.110702,0.0,0.0,0.0,,,,,,,,,,,,,,0.5553508661687374
64,1,retriever,dense_retrieve|sparse_retrieve|hybrid_retrieve|hybrid_rerank,hybrid_rerank,-0.02,0,grader,-0.432289,0.501251,0.653996,-0.892529,-0.432289,0.501251,0.653996,-0.892529,0.2838554084300995,16,0.8269981741905212,0.05373549461364746,,,,,,,,,,
64,2,grader,keep_all|loose_filter|medium_filter|strict_filter|rerank_only,strict_filter,-0.07,0,generator,0.627928,-0.980688,1.0,,0.627928,-0.980688,1.0,0.0,,,,,,,0.8139642477035522,0.7028967678546905,1.0,,,,,
64,3,generator,generate_answer|generate_with_strict_citations|generate_short_answer,generate_answer,-0.07,0,verifier,0.761113,-0.821914,0.793569,0.954768,0.761113,-0.821914,0.793569,0.954768,,,,,,,,,,0.8805563151836395,0.08904305100440979,384,0.9773837625980377,
64,4,verifier,verify_answer,verify_answer,0.6443,1,,-0.3386,,,,-0.3386,0.0,0.0,0.0,,,,,,,,,,,,,,0.3307001143693924
65,1,retriever,dense_retrieve|sparse_retrieve|hybrid_retrieve|hybrid_rerank,hybrid_rerank,-0.02,0,grader,-0.512529,0.987919,0.878263,-1.0,-0.512529,0.987919,0.878263,-1.0,0.24373552203178406,19,0.9391315877437592,0.0,,,,,,,,,,
65,2,grader,keep_all|loose_filter|medium_filter|strict_filter|rerank_only,strict_filter,-0.07,0,generator,0.76345,-0.85299,1.0,,0.76345,-0.85299,1.0,0.0,,,,,,,0.8817252218723297,0.7220515400171279,1.0,,,,,
65,3,generator,generate_answer|generate_with_strict_citations|generate_short_answer,generate_answer,-0.07,0,verifier,0.589797,-1.0,0.876543,0.938817,0.589797,-1.0,0.876543,0.938817,,,,,,,,,,0.7948987185955048,0.0,384,0.9694083631038666,
65,4,verifier,verify_answer,verify_answer,0.5313,1,,-0.521098,,,,-0.521098,0.0,0.0,0.0,,,,,,,,,,,,,,0.23945099115371704
66,1,retriever,dense_retrieve|sparse_retrieve|hybrid_retrieve|hybrid_rerank,hybrid_rerank,-0.02,0,grader,-0.192754,0.620693,0.788661,-0.905525,-0.192754,0.620693,0.788661,-0.905525,0.40362322330474854,17,0.8943303525447845,0.047237664461135864,,,,,,,,,,
66,2,grader,keep_all|loose_filter|medium_filter|strict_filter|rerank_only,strict_filter,-0.07,0,generator,0.724295,-0.836756,1.0,,0.724295,-0.836756,1.0,0.0,,,,,,,0.8621473908424377,0.7244866192340851,1.0,,,,,
66,3,generator,generate_answer|generate_with_strict_citations|generate_short_answer,generate_answer,-0.07,0,verifier,0.942363,-1.0,0.680645,0.998295,0.942363,-1.0,0.680645,0.998295,,,,,,,,,,0.9711816906929016,0.0,384,0.9991477429866791,
66,4,verifier,verify_answer,verify_answer,0.8094,1,,-0.351721,,,,-0.351721,0.0,0.0,0.0,,,,,,,,,,,,,,0.3241392523050308
67,1,retriever,dense_retrieve|sparse_retrieve|hybrid_retrieve|hybrid_rerank,hybrid_rerank,-0.02,0,grader,-0.010759,0.676156,0.549516,-0.838933,-0.010759,0.676156,0.549516,-0.838933,0.49462051363661885,17,0.774757981300354,0.08053338527679443,,,,,,,,,,
67,2,grader,keep_all|loose_filter|medium_filter|strict_filter|rerank_only,strict_filter,-0.07,0,generator,0.59796,-0.896606,0.959466,,0.59796,-0.896606,0.959466,0.0,,,,,,,0.7989801466464996,0.7155091404914855,0.9797331094741821,,,,,
67,3,generator,generate_answer|generate_with_strict_citations|generate_short_answer,generate_answer,-0.07,0,verifier,0.892646,-0.851683,0.859415,0.93383,0.892646,-0.851683,0.859415,0.93383,,,,,,,,,,0.9463228285312653,0.07415834069252014,384,0.9669148921966553,
67,4,verifier,verify_answer,verify_answer,0.8142,1,,-0.455563,,,,-0.455563,0.0,0.0,0.0,,,,,,,,,,,,,,0.2722182869911194
68,1,retriever,dense_retrieve|sparse_retrieve|hybrid_retrieve|hybrid_rerank,hybrid_rerank,-0.02,0,grader,0.086464,0.839135,0.711708,-1.0,0.086464,0.839135,0.711708,-1.0,0.5432319045066833,18,0.8558542430400848,0.0,,,,,,,,,,
68,2,grader,keep_all|loose_filter|medium_filter|strict_filter|rerank_only,strict_filter,-0.07,0,generator,0.766474,-1.0,0.923318,,0.766474,-1.0,0.923318,0.0,,,,,,,0.883236825466156,0.7,0.9616590440273285,,,,,
68,3,generator,generate_answer|generate_with_strict_citations|generate_short_answer,generate_answer,-0.07,0,verifier,0.834329,-0.774646,0.971037,1.0,0.834329,-0.774646,0.971037,1.0,,,,,,,,,,0.9171642959117889,0.11267721652984619,384,1.0,
68,4,verifier,verify_answer,verify_answer,0.8439,1,,-0.663723,,,,-0.663723,0.0,0.0,0.0,,,,,,,,,,,,,,0.1681385338306427
69,1,retriever,dense_retrieve|sparse_retrieve|hybrid_retrieve|hybrid_rerank,hybrid_rerank,-0.02,0,grader,0.258179,1.0,0.694145,-0.836665,0.258179,1.0,0.694145,-0.836665,0.6290893107652664,20,0.8470724523067474,0.08166736364364624,,,,,,,,,,
69,2,grader,keep_all|loose_filter|medium_filter|strict_filter|rerank_only,strict_filter,-0.07,0,generator,0.406911,-0.787199,1.0,,0.406911,-0.787199,1.0,0.0,,,,,,,0.7034555971622467,0.7319201827049255,1.0,,,,,
69,3,generator,generate_answer|generate_with_strict_citations|generate_short_answer,generate_answer,-0.07,0,verifier,0.839351,-1.0,1.0,1.0,0.839351,-1.0,1.0,1.0,,,,,,,,,,0.9196755588054657,0.0,384,1.0,
69,4,verifier,verify_answer,verify_answer,0.6528,1,,-0.779319,,,,-0.779319,0.0,0.0,0.0,,,,,,,,,,,,,,0.11034062504768372
70,1,retriever,dense_retrieve|sparse_retrieve|hybrid_retrieve|hybrid_rerank,dense_retrieve,-0.02,0,grader,0.420529,0.831553,-0.634232,-1.0,0.420529,0.831553,-0.634232,-1.0,0.7102645039558411,18,0.18288421630859375,0.0,,,,,,,,,,
70,2,grader,keep_all|loose_filter|medium_filter|strict_filter|rerank_only,rerank_only,-0.07,0,generator,0.816675,-1.0,-0.702051,,0.816675,-1.0,-0.702051,0.0,,,,,,,0.9083375632762909,0.7,0.1489746868610382,,,,,
70,3,generator,generate_answer|generate_with_strict_citations|generate_short_answer,generate_answer,-0.07,0,verifier,0.940158,-0.759953,0.779095,1.0,0.940158,-0.759953,0.779095,1.0,,,,,,,,,,0.9700790047645569,0.12002331018447876,384,1.0,
70,4,verifier,verify_answer,verify_answer,0.6821,1,,-0.422335,,,,-0.422335,0.0,0.0,0.0,,,,,,,,,,,,,,0.28883248567581177
71,1,retriever,dense_retrieve|sparse_retrieve|hybrid_retrieve|hybrid_rerank,hybrid_rerank,-0.02,0,grader,0.425197,0.966253,0.480942,-0.938553,0.425197,0.966253,0.480942,-0.938553,0.7125984579324722,19,0.7404710501432419,0.03072342276573181,,,,,,,,,,
71,2,grader,keep_all|loose_filter|medium_filter|strict_filter|rerank_only,strict_filter,-0.07,0,generator,0.219672,-0.924223,1.0,,0.219672,-0.924223,1.0,0.0,,,,,,,0.6098362356424332,0.7113664954900741,1.0,,,,,
71,3,generator,generate_answer|generate_with_strict_citations|generate_short_answer,generate_answer,-0.07,0,verifier,1.0,-1.0,0.868723,0.699152,1.0,-1.0,0.868723,0.699152,,,,,,,,,,1.0,0.0,384,0.8495757877826691,
71,4,verifier,verify_answer,verify_answer,0.6329,1,,-0.655635,,,,-0.655635,0.0,0.0,0.0,,,,,,,,,,,,,,0.17218255996704102
72,1,retriever,dense_retrieve|sparse_retrieve|hybrid_retrieve|hybrid_rerank,hybrid_rerank,-0.02,0,grader,0.39606,1.0,0.853108,-1.0,0.39606,1.0,0.853108,-1.0,0.6980300545692444,20,0.9265539944171906,0.0,,,,,,,,,,
72,2,grader,keep_all|loose_filter|medium_filter|strict_filter|rerank_only,strict_filter,-0.07,0,generator,-0.107513,-0.927068,0.895986,,-0.107513,-0.927068,0.895986,0.0,,,,,,,0.4462432600557804,0.7109398543834686,0.9479929506778717,,,,,
72,3,generator,generate_answer|generate_with_strict_citations|generate_short_answer,generate_answer,-0.07,0,verifier,0.986297,-0.959045,0.722577,0.959409,0.986297,-0.959045,0.722577,0.959409,,,,,,,,,,0.9931485056877136,0.020477712154388428,384,0.9797043800354004,
72,4,verifier,verify_answer,verify_answer,0.7139,1,,-0.254716,,,,-0.254716,0.0,0.0,0.0,,,,,,,,,,,,,,0.3726420998573303
73,1,retriever,dense_retrieve|sparse_retrieve|hybrid_retrieve|hybrid_rerank,dense_retrieve,-0.02,0,grader,0.317835,0.758553,-0.290661,-0.943347,0.317835,0.758553,-0.290661,-0.943347,0.6589173972606659,18,0.35466937720775604,0.028326481580734253,,,,,,,,,,
73,2,grader,keep_all|loose_filter|medium_filter|strict_filter|rerank_only,rerank_only,-0.07,0,generator,1.0,-0.69805,-0.337782,,1.0,-0.69805,-0.337782,0.0,,,,,,,1.0,0.745292568206787,0.33110877871513367,,,,,
73,3,generator,generate_answer|generate_with_strict_citations|generate_short_answer,generate_answer,-0.07,0,verifier,0.781534,-1.0,0.828439,0.679032,0.781534,-1.0,0.828439,0.679032,,,,,,,,,,0.8907671570777893,0.0,384,0.8395162224769592,
73,4,verifier,verify_answer,verify_answer,0.8236,1,,0.061202,,,,0.061202,0.0,0.0,0.0,,,,,,,,,,,,,,0.5306011810898781
74,1,retriever,dense_retrieve|sparse_retrieve|hybrid_retrieve|hybrid_rerank,dense_retrieve,-0.02,0,grader,0.45366,0.82082,-0.496528,-0.815995,0.45366,0.82082,-0.496528,-0.815995,0.7268301397562027,18,0.25173595547676086,0.092002272605896,,,,,,,,,,
74,2,grader,keep_all|loose_filter|medium_filter|strict_filter|rerank_only,rerank_only,-0.07,0,generator,1.0,-1.0,-0.664544,,1.0,-1.0,-0.664544,0.0,,,,,,,1.0,0.7,0.16772791743278503,,,,,
74,3,generator,generate_answer|generate_with_strict_citations|generate_short_answer,generate_answer,-0.07,0,verifier,1.0,-0.888285,1.0,0.653803,1.0,-0.888285,1.0,0.653803,,,,,,,,,,1.0,0.05585750937461853,384,0.8269015550613403,
74,4,verifier,verify_answer,verify_answer,0.9081,1,,-0.34001,,,,-0.34001,0.0,0.0,0.0,,,,,,,,,,,,,,0.3299947679042816
75,1,retriever,dense_retrieve|sparse_retrieve|hybrid_retrieve|hybrid_rerank,dense_retrieve,-0.02,0,grader,0.348321,0.869011,-0.013657,-0.916624,0.348321,0.869011,-0.013657,-0.916624,0.6741605699062347,19,0.4931714837439358,0.041688233613967896,,,,,,,,,,
75,2,grader,keep_all|loose_filter|medium_filter|strict_filter|rerank_only,loose_filter,-0.07,0,generator,1.0,-0.824117,0.540941,,1.0,-0.824117,0.540941,0.0,,,,,,,1.0,0.7263823777437209,0.7704704105854034,,,,,
75,3,generator,generate_answer|generate_with_strict_citations|generate_short_answer,generate_answer,-0.07,0,verifier,0.985939,-1.0,0.954715,0.511386,0.985939,-1.0,0.954715,0.511386,,,,,,,,,,0.9929696917533875,0.0,384,0.7556929290294647,
75,4,verifier,verify_answer,verify_answer,0.7088,1,,-0.661575,,,,-0.661575,0.0,0.0,0.0,,,,,,,,,,,,,,0.16921231150627136
76,1,retriever,dense_retrieve|sparse_retrieve|hybrid_retrieve|hybrid_rerank,dense_retrieve,-0.02,0,grader,0.347182,0.564752,-0.177849,-0.801737,0.347182,0.564752,-0.177849,-0.801737,0.6735910475254059,16,0.41107530891895294,0.09913164377212524,,,,,,,,,,
76,2,grader,keep_all|loose_filter|medium_filter|strict_filter|rerank_only,rerank_only,-0.07,0,generator,0.969042,-0.992647,-0.280667,,0.969042,-0.992647,-0.280667,0.0,,,,,,,0.9845208823680878,0.7011030226945877,0.35966651141643524,,,,,
76,3,generator,generate_answer|generate_with_strict_citations|generate_short_answer,generate_short_answer,-0.07,0,verifier,1.0,-0.888411,1.0,-0.021076,1.0,-0.888411,1.0,-0.021076,,,,,,,,,,1.0,0.05579444766044617,379,0.4894618494436145,
76,4,verifier,verify_answer,verify_answer,0.4285,1,,-0.30487,,,,-0.30487,0.0,0.0,0.0,,,,,,,,,,,,,,0.34756508469581604
77,1,retriever,dense_retrieve|sparse_retrieve|hybrid_retrieve|hybrid_rerank,hybrid_rerank,-0.02,0,grader,0.12689,0.768273,0.128251,-0.952389,0.12689,0.768273,0.128251,-0.952389,0.5634451135993004,18,0.5641256049275398,0.023805677890777588,,,,,,,,,,
77,2,grader,keep_all|loose_filter|medium_filter|strict_filter|rerank_only,medium_filter,-0.07,0,generator,0.951793,-0.971498,0.657064,,0.951793,-0.971498,0.657064,0.0,,,,,,,0.9758963584899902,0.7042752802371979,0.8285320103168488,,,,,
77,3,generator,generate_answer|generate_with_strict_citations|generate_short_answer,generate_short_answer,-0.07,0,verifier,0.902485,-0.820409,0.784939,-0.291977,0.902485,-0.820409,0.784939,-0.291977,,,,,,,,,,0.9512423276901245,0.08979532122612,304,0.3540113717317581,
77,4,verifier,verify_answer,verify_answer,0.7055,1,,-0.771255,,,,-0.771255,0.0,0.0,0.0,,,,,,,,,,,,,,0.1143723726272583
78,1,retriever,dense_retrieve|sparse_retrieve|hybrid_retrieve|hybrid_rerank,hybrid_rerank,-0.02,0,grader,0.587474,-0.180242,0.716863,-0.938117,0.587474,-0.180242,0.716863,-0.938117,0.7937372028827667,11,0.8584314584732056,0.030941307544708252,,,,,,,,,,
78,2,grader,keep_all|loose_filter|medium_filter|strict_filter|rerank_only,strict_filter,-0.07,0,generator,0.081753,-1.0,0.903843,,0.081753,-1.0,0.903843,0.0,,,,,,,0.5408764705061913,0.7,0.9519215226173401,,,,,
78,3,generator,generate_answer|generate_with_strict_citations|generate_short_answer,generate_short_answer,-0.07,0,verifier,1.0,-1.0,0.623414,-0.58614,1.0,-1.0,0.623414,-0.58614,,,,,,,,,,1.0,0.0,236,0.20692986249923706,
78,4,verifier,verify_answer,verify_answer,0.6156,1,,-0.718523,,,,-0.718523,0.0,0.0,0.0,,,,,,,,,,,,,,0.1407383680343628
79,1,retriever,dense_retrieve|sparse_retrieve|hybrid_retrieve|hybrid_rerank,hybrid_rerank,-0.02,0,grader,0.194006,0.03674,0.851807,-1.0,0.194006,0.03674,0.851807,-1.0,0.5970028191804886,12,0.9259033501148224,0.0,,,,,,,,,,
79,2,grader,keep_all|loose_filter|medium_filter|strict_filter|rerank_only,strict_filter,-0.07,0,generator,-0.123725,-0.86695,1.0,,-0.123725,-0.86695,1.0,0.0,,,,,,,0.4381372928619385,0.7199574500322341,1.0,,,,,
79,3,generator,generate_answer|generate_with_strict_citations|generate_short_answer,generate_short_answer,-0.07,0,verifier,0.85903,-0.667865,0.794554,-1.0,0.85903,-0.667865,0.794554,-1.0,,,,,,,,,,0.9295151829719543,0.16606736183166504,178,0.0,
79,4,verifier,verify_answer,verify_answer,0.4525,1,,-0.646462,,,,-0.646462,0.0,0.0,0.0,,,,,,,,,,,,,,0.1767691671848297
80,1,retriever,dense_retrieve|sparse_retrieve|hybrid_retrieve|hybrid_rerank,hybrid_rerank,-0.02,0,grader,0.237484,-0.080502,0.793437,-0.942229,0.237484,-0.080502,0.793437,-0.942229,0.6187417507171631,11,0.8967183828353882,0.028885602951049805,,,,,,,,,,
80,2,grader,keep_all|loose_filter|medium_filter|strict_filter|rerank_only,strict_filter,-0.07,0,generator,0.044157,-0.781577,0.973473,,0.044157,-0.781577,0.973473,0.0,,,,,,,0.5220785867422819,0.7327633798122406,0.986736387014389,,,,,
80,3,generator,generate_answer|generate_with_strict_citations|generate_short_answer,generate_short_answer,-0.07,0,verifier,1.0,-0.866575,1.0,-0.806521,1.0,-0.866575,1.0,-0.806521,,,,,,,,,,1.0,0.06671273708343506,229,0.09673964977264404,
80,4,verifier,verify_answer,verify_answer,0.4886,1,,-0.584162,,,,-0.584162,0.0,0.0,0.0,,,,,,,,,,,,,,0.207919180393219
81,1,retriever,dense_retrieve|sparse_retrieve|hybrid_retrieve|hybrid_rerank,hybrid_rerank,-0.02,0,grader,0.290281,0.06967,0.857924,-0.888743,0.290281,0.06967,0.857924,-0.888743,0.6451406031847,13,0.9289619326591492,0.055628567934036255,,,,,,,,,,
81,2,grader,keep_all|loose_filter|medium_filter|strict_filter|rerank_only,strict_filter,-0.07,0,generator,0.466846,-0.782531,0.880674,,0.466846,-0.782531,0.880674,0.0,,,,,,,0.7334229052066803,0.7326203912496566,0.9403371214866638,,,,,
81,3,generator,generate_answer|generate_with_strict_citations|generate_short_answer,generate_short_answer,-0.07,0,verifier,1.0,-0.882811,0.741351,-0.916923,1.0,-0.882811,0.741351,-0.916923,,,,,,,,,,1.0,0.058594703674316406,189,0.041538506746292114,
81,4,verifier,verify_answer,verify_answer,0.7592,1,,-0.735212,,,,-0.735212,0.0,0.0,0.0,,,,,,,,,,,,,,0.13239413499832153
82,1,retriever,dense_retrieve|sparse_retrieve|hybrid_retrieve|hybrid_rerank,hybrid_rerank,-0.02,0,grader,0.262581,-0.194829,0.753898,-1.0,0.262581,-0.194829,0.753898,-1.0,0.6312902867794037,11,0.8769489228725433,0.0,,,,,,,,,,
82,2,grader,keep_all|loose_filter|medium_filter|strict_filter|rerank_only,medium_filter,-0.07,0,generator,0.575745,-1.0,0.741665,,0.575745,-1.0,0.741665,0.0,,,,,,,0.7878723442554474,0.7,0.8708325028419495,,,,,
82,3,generator,generate_answer|generate_with_strict_citations|generate_short_answer,generate_short_answer,-0.07,0,verifier,0.99615,-0.692615,1.0,-1.0,0.99615,-0.692615,1.0,-1.0,,,,,,,,,,0.9980748295783997,0.15369227528572083,192,0.0,
82,4,verifier,verify_answer,verify_answer,0.7654,1,,-0.493617,,,,-0.493617,0.0,0.0,0.0,,,,,,,,,,,,,,0.2531913071870804
83,1,retriever,dense_retrieve|sparse_retrieve|hybrid_retrieve|hybrid_rerank,hybrid_rerank,-0.02,0,grader,-0.02006,0.069939,0.189186,-0.862149,-0.02006,0.069939,0.189186,-0.862149,0.4899699091911316,13,0.5945932418107986,0.06892552971839905,,,,,,,,,,
83,2,grader,keep_all|loose_filter|medium_filter|strict_filter|rerank_only,rerank_only,-0.07,0,generator,0.951903,-0.995673,0.017109,,0.951903,-0.995673,0.017109,0.0,,,,,,,0.9759514331817627,0.7006490230560303,0.5085543068125844,,,,,
83,3,generator,generate_answer|generate_with_strict_citations|generate_short_answer,generate_short_answer,-0.07,0,verifier,0.58994,-0.816976,0.849941,-1.0,0.58994,-0.816976,0.849941,-1.0,,,,,,,,,,0.7949697971343994,0.09151217341423035,182,0.0,
83,4,verifier,verify_answer,verify_answer,0.8202,1,,-0.135803,,,,-0.135803,0.0,0.0,0.0,,,,,,,,,,,,,,0.4320983663201332
84,1,retriever,dense_retrieve|sparse_retrieve|hybrid_retrieve|hybrid_rerank,hybrid_rerank,-0.02,0,grader,0.245408,0.159712,0.699473,-0.909841,0.245408,0.159712,0.699473,-0.909841,0.6227041706442833,13,0.8497366011142731,0.045079439878463745,,,,,,,,,,
84,2,grader,keep_all|loose_filter|medium_filter|strict_filter|rerank_only,strict_filter,-0.07,0,generator,0.959568,-0.860105,0.989385,,0.959568,-0.860105,0.989385,0.0,,,,,,,0.9797840714454651,0.7209842354059219,0.9946925342082977,,,,,
84,3,generator,generate_answer|generate_with_strict_citations|generate_short_answer,generate_short_answer,-0.07,0,verifier,0.796868,-0.468835,1.0,-0.845921,0.796868,-0.468835,1.0,-0.845921,,,,,,,,,,0.8984342217445374,0.265582337975502,221,0.07703953981399536,
84,4,verifier,verify_answer,verify_answer,0.6422,1,,-0.624066,,,,-0.624066,0.0,0.0,0.0,,,,,,,,,,,,,,0.18796700239181519
85,1,retriever,dense_retrieve|sparse_retrieve|hybrid_retrieve|hybrid_rerank,hybrid_retrieve,-0.02,0,grader,0.298625,0.113847,-0.184814,-0.964574,0.298625,0.113847,-0.184814,-0.964574,0.649312436580658,13,0.4075932130217552,0.017713159322738647,,,,,,,,,,
85,2,grader,keep_all|loose_filter|medium_filter|strict_filter|rerank_only,rerank_only,-0.07,0,generator,1.0,-1.0,-0.196371,,1.0,-1.0,-0.196371,0.0,,,,,,,1.0,0.7,0.40181443095207214,,,,,
85,3,generator,generate_answer|generate_with_strict_citations|generate_short_answer,generate_short_answer,-0.07,0,verifier,0.940342,-0.683959,0.873035,-1.0,0.940342,-0.683959,0.873035,-1.0,,,,,,,,,,0.9701710939407349,0.15802067518234253,183,0.0,
85,4,verifier,verify_answer,verify_answer,0.595,1,,-0.199705,,,,-0.199705,0.0,0.0,0.0,,,,,,,,,,,,,,0.40014761686325073
86,1,retriever,dense_retrieve|sparse_retrieve|hybrid_retrieve|hybrid_rerank,hybrid_rerank,-0.02,0,grader,0.06619,-0.029513,0.711515,-0.674339,0.06619,-0.029513,0.711515,-0.674339,0.5330952033400536,12,0.8557574450969696,0.16283059120178223,,,,,,,,,,
86,2,grader,keep_all|loose_filter|medium_filter|strict_filter|rerank_only,strict_filter,-0.07,0,generator,1.0,-0.933435,0.984734,,1.0,-0.933435,0.984734,0.0,,,,,,,1.0,0.7099848002195358,0.9923672378063202,,,,,
86,3,generator,generate_answer|generate_with_strict_citations|generate_short_answer,generate_short_answer,-0.07,0,verifier,0.912969,-0.143647,0.815516,-1.0,0.912969,-0.143647,0.815516,-1.0,,,,,,,,,,0.9564842879772186,0.4281766787171364,180,0.0,
86,4,verifier,verify_answer,verify_answer,0.7,1,,-0.90182,,,,-0.90182,0.0,0.0,0.0,,,,,,,,,,,,,,0.04908981919288635
87,1,retriever,dense_retrieve|sparse_retrieve|hybrid_retrieve|hybrid_rerank,hybrid_rerank,-0.02,0,grader,0.076177,0.12505,0.603136,-0.759674,0.076177,0.12505,0.603136,-0.759674,0.5380884259939194,13,0.8015682399272919,0.12016299366950989,,,,,,,,,,
87,2,grader,keep_all|loose_filter|medium_filter|strict_filter|rerank_only,strict_filter,-0.07,0,generator,0.626389,-1.0,1.0,,0.626389,-1.0,1.0,0.0,,,,,,,0.8131944835186005,0.7,1.0,,,,,
87,3,generator,generate_answer|generate_with_strict_citations|generate_short_answer,generate_short_answer,-0.07,0,verifier,1.0,0.086373,0.904019,-0.829572,1.0,0.086373,0.904019,-0.829572,,,,,,,,,,1.0,0.5431864857673645,217,0.08521375060081482,
87,4,verifier,verify_answer,verify_answer,0.4841,1,,-0.710367,,,,-0.710367,0.0,0.0,0.0,,,,,,,,,,,,,,0.14481663703918457
88,1,retriever,dense_retrieve|sparse_retrieve|hybrid_retrieve|hybrid_rerank,hybrid_rerank,-0.02,0,grader,0.061608,0.11556,0.735671,-1.0,0.061608,0.11556,0.735671,-1.0,0.5308039169758558,13,0.8678356409072876,0.0,,,,,,,,,,
88,2,grader,keep_all|loose_filter|medium_filter|strict_filter|rerank_only,strict_filter,-0.07,0,generator,1.0,-0.791931,0.885028,,1.0,-0.791931,0.885028,0.0,,,,,,,1.0,0.7312103003263473,0.9425138235092163,,,,,
88,3,generator,generate_answer|generate_with_strict_citations|generate_short_answer,generate_short_answer,-0.07,0,verifier,0.938552,-0.155685,1.0,-1.0,0.938552,-0.155685,1.0,-1.0,,,,,,,,,,0.96927610039711,0.4221576303243637,192,0.0,
88,4,verifier,verify_answer,verify_answer,0.8474,1,,-0.391135,,,,-0.391135,0.0,0.0,0.0,,,,,,,,,,,,,,0.3044322729110718
89,1,retriever,dense_retrieve|sparse_retrieve|hybrid_retrieve|hybrid_rerank,hybrid_retrieve,-0.02,0,grader,-0.020101,0.356471,-0.226123,-1.0,-0.020101,0.356471,-0.226123,-1.0,0.48994938377290964,15,0.3869384527206421,0.0,,,,,,,,,,
89,2,grader,keep_all|loose_filter|medium_filter|strict_filter|rerank_only,medium_filter,-0.07,0,generator,1.0,-1.0,0.630834,,1.0,-1.0,0.630834,0.0,,,,,,,1.0,0.7,0.8154169619083405,,,,,
89,3,generator,generate_answer|generate_with_strict_citations|generate_short_answer,generate_short_answer,-0.07,0,verifier,0.606702,-0.366708,0.807514,-1.0,0.606702,-0.366708,0.807514,-1.0,,,,,,,,,,0.803351104259491,0.31664618849754333,179,0.0,
89,4,verifier,verify_answer,verify_answer,0.7485,1,,0.032802,,,,0.032802,0.0,0.0,0.0,,,,,,,,,,,,,,0.5164012163877487
90,1,retriever,dense_retrieve|sparse_retrieve|hybrid_retrieve|hybrid_rerank,hybrid_rerank,-0.02,0,grader,-0.004039,0.10358,0.605342,-0.924426,-0.004039,0.10358,0.605342,-0.924426,0.49798059510067105,13,0.8026711940765381,0.037787050008773804,,,,,,,,,,
90,2,grader,keep_all|loose_filter|medium_filter|strict_filter|rerank_only,strict_filter,-0.07,0,generator,0.819951,-1.0,1.0,,0.819951,-1.0,1.0,0.0,,,,,,,0.9099754393100739,0.7,1.0,,,,,
90,3,generator,generate_answer|generate_with_strict_citations|generate_short_answer,generate_short_answer,-0.07,0,verifier,0.747862,-0.356964,0.917684,-0.768629,0.747862,-0.356964,0.917684,-0.768629,,,,,,,,,,0.8739309310913086,0.321517750620842,229,0.11568573117256165,
90,4,verifier,verify_answer,verify_answer,0.6494,1,,-0.67536,,,,-0.67536,0.0,0.0,0.0,,,,,,,,,,,,,,0.1623198688030243
91,1,retriever,dense_retrieve|sparse_retrieve|hybrid_retrieve|hybrid_rerank,hybrid_rerank,-0.02,0,grader,-0.01293,0.013136,0.630829,-0.684562,-0.01293,0.013136,0.630829,-0.684562,0.49353515682742,12,0.8154144287109375,0.15771910548210144,,,,,,,,,,
91,2,grader,keep_all|loose_filter|medium_filter|strict_filter|rerank_only,strict_filter,-0.07,0,generator,0.853221,-0.93442,1.0,,0.853221,-0.93442,1.0,0.0,,,,,,,0.9266104698181152,0.7098370015621185,1.0,,,,,
91,3,generator,generate_answer|generate_with_strict_citations|generate_short_answer,generate_short_answer,-0.07,0,verifier,0.81217,-0.122054,0.955218,-1.0,0.81217,-0.122054,0.955218,-1.0,,,,,,,,,,0.9060849845409393,0.43897292762994766,189,0.0,
91,4,verifier,verify_answer,verify_answer,0.8643,1,,-0.097797,,,,-0.097797,0.0,0.0,0.0,,,,,,,,,,,,,,0.4511015862226486
92,1,retriever,dense_retrieve|sparse_retrieve|hybrid_retrieve|hybrid_rerank,hybrid_rerank,-0.02,0,grader,0.054434,0.146862,0.8319,-1.0,0.054434,0.146862,0.8319,-1.0,0.5272171273827553,13,0.9159497618675232,0.0,,,,,,,,,,
92,2,grader,keep_all|loose_filter|medium_filter|strict_filter|rerank_only,strict_filter,-0.07,0,generator,0.756234,-1.0,1.0,,0.756234,-1.0,1.0,0.0,,,,,,,0.8781171441078186,0.7,1.0,,,,,
92,3,generator,generate_answer|generate_with_strict_citations|generate_short_answer,generate_short_answer,-0.07,0,verifier,0.747449,0.135408,0.551504,-0.681718,0.747449,0.135408,0.551504,-0.681718,,,,,,,,,,0.8737246990203857,0.5677042081952095,214,0.15914121270179749,
92,4,verifier,verify_answer,verify_answer,0.6483,1,,-0.82038,,,,-0.82038,0.0,0.0,0.0,,,,,,,,,,,,,,0.08981016278266907
93,1,retriever,dense_retrieve|sparse_retrieve|hybrid_retrieve|hybrid_rerank,hybrid_retrieve,-0.02,0,grader,0.02122,0.006787,-0.220302,-1.0,0.02122,0.006787,-0.220302,-1.0,0.5106099732220173,12,0.38984884321689606,0.0,,,,,,,,,,
93,2,grader,keep_all|loose_filter|medium_filter|strict_filter|rerank_only,rerank_only,-0.07,0,generator,0.897007,-0.712514,-0.142862,,0.897007,-0.712514,-0.142862,0.0,,,,,,,0.9485036432743073,0.7431228399276733,0.42856913805007935,,,,,
93,3,generator,generate_answer|generate_with_strict_citations|generate_short_answer,generate_short_answer,-0.07,0,verifier,0.660522,0.003616,1.0,-0.972205,0.660522,0.003616,1.0,-0.972205,,,,,,,,,,0.8302609920501709,0.5018080364679918,197,0.013897448778152466,
93,4,verifier,verify_answer,verify_answer,0.863,1,,0.616284,,,,0.616284,0.0,0.0,0.0,,,,,,,,,,,,,,0.8081422448158264
94,1,retriever,dense_retrieve|sparse_retrieve|hybrid_retrieve|hybrid_rerank,dense_retrieve,-0.02,0,grader,0.327699,0.094179,-0.385407,-0.835742,0.327699,0.094179,-0.385407,-0.835742,0.6638496667146683,13,0.30729661881923676,0.08212912082672119,,,,,,,,,,
94,2,grader,keep_all|loose_filter|medium_filter|strict_filter|rerank_only,rerank_only,-0.07,0,generator,1.0,-0.82165,0.126431,,1.0,-0.82165,0.126431,0.0,,,,,,,1.0,0.7267525494098663,0.5632155537605286,,,,,
94,3,generator,generate_answer|generate_with_strict_citations|generate_short_answer,generate_short_answer,-0.07,0,verifier,0.275531,-0.086606,0.815215,-0.948319,0.275531,-0.086606,0.815215,-0.948319,,,,,,,,,,0.6377654373645782,0.4566967636346817,189,0.025840461254119873,
94,4,verifier,verify_answer,verify_answer,0.7896,1,,0.463671,,,,0.463671,0.0,0.0,0.0,,,,,,,,,,,,,,0.7318355590105057
95,1,retriever,dense_retrieve|sparse_retrieve|hybrid_retrieve|hybrid_rerank,hybrid_retrieve,-0.02,0,grader,-0.056975,0.08209,-0.356315,-0.930074,-0.056975,0.08209,-0.356315,-0.930074,0.4715127218514681,13,0.3218424618244171,0.03496295213699341,,,,,,,,,,
95,2,grader,keep_all|loose_filter|medium_filter|strict_filter|rerank_only,rerank_only,-0.07,0,generator,1.0,-0.931657,0.034813,,1.0,-0.931657,0.034813,0.0,,,,,,,1.0,0.7102514564990997,0.5174066666513681,,,,,
95,3,generator,generate_answer|generate_with_strict_citations|generate_short_answer,generate_short_answer,-0.07,0,verifier,0.409053,-0.155989,0.801814,-0.90472,0.409053,-0.155989,0.801814,-0.90472,,,,,,,,,,0.704526737332344,0.4220055788755417,196,0.04763990640640259,
95,4,verifier,verify_answer,verify_answer,0.73,1,,-0.242594,,,,-0.242594,0.0,0.0,0.0,,,,,,,,,,,,,,0.3787029981613159
96,1,retriever,dense_retrieve|sparse_retrieve|hybrid_retrieve|hybrid_rerank,hybrid_rerank,-0.02,0,grader,-0.088885,0.028044,0.754448,-0.977491,-0.088885,0.028044,0.754448,-0.977491,0.4555576704442501,12,0.8772237598896027,0.01125425100326538,,,,,,,,,,
96,2,grader,keep_all|loose_filter|medium_filter|strict_filter|rerank_only,strict_filter,-0.07,0,generator,0.375607,-0.995921,0.825812,,0.375607,-0.995921,0.825812,0.0,,,,,,,0.687803253531456,0.7006117850542068,0.9129061996936798,,,,,
96,3,generator,generate_answer|generate_with_strict_citations|generate_short_answer,generate_short_answer,-0.07,0,verifier,-0.324512,0.193356,0.865313,-1.0,-0.324512,0.193356,0.865313,-1.0,,,,,,,,,,0.33774419128894806,0.5966780781745911,183,0.0,
96,4,verifier,verify_answer,verify_answer,0.775,1,,-1.0,,,,-1.0,0.0,0.0,0.0,,,,,,,,,,,,,,0.0
97,1,retriever,dense_retrieve|sparse_retrieve|hybrid_retrieve|hybrid_rerank,hybrid_retrieve,-0.02,0,grader,-0.238265,-0.274278,-0.059707,-0.841608,-0.238265,-0.274278,-0.059707,-0.841608,0.3808673098683357,10,0.470146669074893,0.079196035861969,,,,,,,,,,
97,2,grader,keep_all|loose_filter|medium_filter|strict_filter|rerank_only,medium_filter,-0.07,0,generator,0.878303,-0.661789,0.63784,,0.878303,-0.661789,0.63784,0.0,,,,,,,0.9391513764858246,0.7507317125797272,0.8189198970794678,,,,,
97,3,generator,generate_answer|generate_with_strict_citations|generate_short_answer,generate_short_answer,-0.07,0,verifier,-0.305659,-0.520764,1.0,-1.0,-0.305659,-0.520764,1.0,-1.0,,,,,,,,,,0.3471706509590149,0.239618182182312,192,0.0,
97,4,verifier,verify_answer,verify_answer,0.6275,1,,-0.546856,,,,-0.546856,0.0,0.0,0.0,,,,,,,,,,,,,,0.2265722155570984
98,1,retriever,dense_retrieve|sparse_retrieve|hybrid_retrieve|hybrid_rerank,hybrid_retrieve,-0.02,0,grader,0.001504,0.277729,-0.105318,-0.908741,0.001504,0.277729,-0.105318,-0.908741,0.5007519573555328,14,0.44734081998467445,0.045629262924194336,,,,,,,,,,
98,2,grader,keep_all|loose_filter|medium_filter|strict_filter|rerank_only,loose_filter,-0.07,0,generator,1.0,-0.871629,0.497892,,1.0,-0.871629,0.497892,0.0,,,,,,,1.0,0.7192556321620941,0.7489461898803711,,,,,
98,3,generator,generate_answer|generate_with_strict_citations|generate_short_answer,generate_short_answer,-0.07,0,verifier,-0.36792,-0.048398,0.982425,-1.0,-0.36792,-0.048398,0.982425,-1.0,,,,,,,,,,0.31604011356830597,0.47580124624073505,190,0.0,
98,4,verifier,verify_answer,verify_answer,0.6028,1,,-0.345165,,,,-0.345165,0.0,0.0,0.0,,,,,,,,,,,,,,0.32741768658161163
99,1,retriever,dense_retrieve|sparse_retrieve|hybrid_retrieve|hybrid_rerank,sparse_retrieve,-0.02,0,grader,-0.410623,-0.084907,-0.472435,-1.0,-0.410623,-0.084907,-0.472435,-1.0,0.29468847811222076,11,0.26378265023231506,0.0,,,,,,,,,,
99,2,grader,keep_all|loose_filter|medium_filter|strict_filter|rerank_only,rerank_only,-0.07,0,generator,1.0,-0.789909,-0.850855,,1.0,-0.789909,-0.850855,0.0,,,,,,,1.0,0.7315136760473251,0.0745726227760315,,,,,
99,3,generator,generate_answer|generate_with_strict_citations|generate_short_answer,generate_short_answer,-0.07,0,verifier,0.153375,0.253139,0.916463,-1.0,0.153375,0.253139,0.916463,-1.0,,,,,,,,,,0.5766874775290489,0.6265697479248047,186,0.0,
99,4,verifier,verify_answer,verify_answer,0.8127,1,,0.933378,,,,0.933378,0.0,0.0,0.0,,,,,,,,,,,,,,0.9666888415813446
100,1,retriever,dense_retrieve|sparse_retrieve|hybrid_retrieve|hybrid_rerank,hybrid_rerank,-0.02,0,grader,0.099581,-0.414992,0.792109,-1.0,0.099581,-0.414992,0.792109,-1.0,0.5497903488576412,9,0.8960543870925903,0.0,,,,,,,,,,
100,2,grader,keep_all|loose_filter|medium_filter|strict_filter|rerank_only,medium_filter,-0.07,0,generator,-0.166504,-0.948858,0.752901,,-0.166504,-0.948858,0.752901,0.0,,,,,,,0.41674791276454926,0.7076713591814041,0.8764506578445435,,,,,
100,3,generator,generate_answer|generate_with_strict_citations|generate_short_answer,generate_short_answer,-0.07,0,verifier,-0.455108,0.006781,1.0,-0.961495,-0.455108,0.006781,1.0,-0.961495,,,,,,,,,,0.27244576811790466,0.5033904006704688,199,0.019252419471740723,
100,4,verifier,verify_answer,verify_answer,0.6988,1,,-0.589496,,,,-0.589496,0.0,0.0,0.0,,,,,,,,,,,,,,0.20525223016738892
101,1,retriever,dense_retrieve|sparse_retrieve|hybrid_retrieve|hybrid_rerank,hybrid_retrieve,-0.02,0,grader,0.040504,-0.177403,-0.42532,-0.911705,0.040504,-0.177403,-0.42532,-0.911705,0.5202522445470095,11,0.2873401790857315,0.04414758086204529,,,,,,,,,,
101,2,grader,keep_all|loose_filter|medium_filter|strict_filter|rerank_only,rerank_only,-0.07,0,generator,0.992833,-0.993596,-0.300885,,0.992833,-0.993596,-0.300885,0.0,,,,,,,0.9964166283607483,0.7009606063365936,0.3495575189590454,,,,,
101,3,generator,generate_answer|generate_with_strict_citations|generate_short_answer,generate_short_answer,-0.07,0,verifier,-0.479678,-0.440637,1.0,-1.0,-0.479678,-0.440637,1.0,-1.0,,,,,,,,,,0.26016081869602203,0.2796815186738968,192,0.0,
101,4,verifier,verify_answer,verify_answer,0.8084,1,,0.475291,,,,0.475291,0.0,0.0,0.0,,,,,,,,,,,,,,0.7376454174518585
102,1,retriever,dense_retrieve|sparse_retrieve|hybrid_retrieve|hybrid_rerank,hybrid_rerank,-0.02,0,grader,-0.000145,-0.105979,0.720955,-0.808814,-0.000145,-0.105979,0.720955,-0.808814,0.4999272724817274,11,0.8604775071144104,0.09559279680252075,,,,,,,,,,
102,2,grader,keep_all|loose_filter|medium_filter|strict_filter|rerank_only,strict_filter,-0.07,0,generator,0.087508,-0.955718,0.864691,,0.087508,-0.955718,0.864691,0.0,,,,,,,0.5437540523707867,0.7066423654556274,0.9323454797267914,,,,,
102,3,generator,generate_answer|generate_with_strict_citations|generate_short_answer,generate_short_answer,-0.07,0,verifier,-0.077919,-0.34403,1.0,-0.899868,-0.077919,-0.34403,1.0,-0.899868,,,,,,,,,,0.4610406905412674,0.32798513770103455,211,0.050065815448760986,
102,4,verifier,verify_answer,verify_answer,0.6827,1,,-0.652825,,,,-0.652825,0.0,0.0,0.0,,,,,,,,,,,,,,0.17358773946762085
103,1,retriever,dense_retrieve|sparse_retrieve|hybrid_retrieve|hybrid_rerank,hybrid_retrieve,-0.02,0,grader,-0.023505,-0.022218,-0.338374,-1.0,-0.023505,-0.022218,-0.338374,-1.0,0.4882472762838006,12,0.330813005566597,0.0,,,,,,,,,,
103,2,grader,keep_all|loose_filter|medium_filter|strict_filter|rerank_only,rerank_only,-0.07,0,generator,1.0,-0.668062,0.379187,,1.0,-0.668062,0.379187,0.0,,,,,,,1.0,0.7497906953096389,0.6895933896303177,,,,,
103,3,generator,generate_answer|generate_with_strict_citations|generate_short_answer,generate_short_answer,-0.07,0,verifier,-0.444969,-0.44837,1.0,-1.0,-0.444969,-0.44837,1.0,-1.0,,,,,,,,,,0.2775156944990158,0.27581480145454407,192,0.0,
103,4,verifier,verify_answer,verify_answer,-0.07,0,verifier,0.712652,,,,0.712652,0.0,0.0,0.0,,,,,,,,,,,,,,0.8563261926174164
103,5,verifier,request_regeneration|request_more_retrieval|request_rewrite,request_regeneration,-0.07,0,generator,0.854668,,,,0.854668,0.0,0.0,0.0,,,,,,,,,,,,,,0.9273339211940765
103,6,generator,generate_answer|generate_with_strict_citations|generate_short_answer|regenerate,generate_short_answer,-0.07,0,verifier,-0.507191,-0.383629,1.0,-1.0,-0.507191,-0.383629,1.0,-1.0,,,,,,,,,,0.24640455842018127,0.3081856518983841,192,0.0,
103,7,verifier,verify_answer,verify_answer,0.8503,1,,0.751901,,,,0.751901,0.0,0.0,0.0,,,,,,,,,,,,,,0.8759506046772003
104,1,retriever,dense_retrieve|sparse_retrieve|hybrid_retrieve|hybrid_rerank,hybrid_rerank,-0.02,0,grader,-0.015938,-0.312102,0.655417,-1.0,-0.015938,-0.312102,0.655417,-1.0,0.4920309167355299,10,0.8277083039283752,0.0,,,,,,,,,,
104,2,grader,keep_all|loose_filter|medium_filter|strict_filter|rerank_only,strict_filter,-0.07,0,generator,0.432878,-1.0,1.0,,0.432878,-1.0,1.0,0.0,,,,,,,0.7164392024278641,0.7,1.0,,,,,
104,3,generator,generate_answer|generate_with_strict_citations|generate_short_answer,generate_short_answer,-0.07,0,verifier,-0.536399,-0.281799,1.0,-1.0,-0.536399,-0.281799,1.0,-1.0,,,,,,,,,,0.23180025815963745,0.3591006249189377,192,0.0,
104,4,verifier,verify_answer,verify_answer,0.7836,1,,-0.702826,,,,-0.702826,0.0,0.0,0.0,,,,,,,,,,,,,,0.14858704805374146
105,1,retriever,dense_retrieve|sparse_retrieve|hybrid_retrieve|hybrid_rerank,hybrid_rerank,-0.02,0,grader,0.17564,-0.10961,0.103773,-0.931512,0.17564,-0.10961,0.103773,-0.931512,0.5878199338912964,11,0.5518864765763283,0.03424397110939026,,,,,,,,,,
105,2,grader,keep_all|loose_filter|medium_filter|strict_filter|rerank_only,medium_filter,-0.07,0,generator,0.870211,-1.0,0.74544,,0.870211,-1.0,0.74544,0.0,,,,,,,0.9351055920124054,0.7,0.872719794511795,,,,,
105,3,generator,generate_answer|generate_with_strict_citations|generate_short_answer,generate_short_answer,-0.07,0,verifier,-0.242593,-0.355384,0.855092,-0.968037,-0.242593,-0.355384,0.855092,-0.968037,,,,,,,,,,0.3787033185362816,0.3223077803850174,188,0.015981674194335938,
105,4,verifier,verify_answer,verify_answer,0.7923,1,,-0.986503,,,,-0.986503,0.0,0.0,0.0,,,,,,,,,,,,,,0.0067484378814697266
106,1,retriever,dense_retrieve|sparse_retrieve|hybrid_retrieve|hybrid_rerank,hybrid_rerank,-0.02,0,grader,0.083433,-0.338418,0.611692,-0.809894,0.083433,-0.338418,0.611692,-0.809894,0.5417164601385593,9,0.8058459460735321,0.09505310654640198,,,,,,,,,,
106,2,grader,keep_all|loose_filter|medium_filter|strict_filter|rerank_only,strict_filter,-0.07,0,generator,0.756715,-0.906971,0.817438,,0.756715,-0.906971,0.817438,0.0,,,,,,,0.8783573508262634,0.7139543712139129,0.9087188839912415,,,,,
106,3,generator,generate_answer|generate_with_strict_citations|generate_short_answer,generate_short_answer,-0.07,0,verifier,-0.376828,-0.108694,1.0,-0.64591,-0.376828,-0.108694,1.0,-0.64591,,,,,,,,,,0.31158606708049774,0.445652823895216,259,0.17704486846923828,
106,4,verifier,verify_answer,verify_answer,0.689,1,,0.018596,,,,0.018596,0.0,0.0,0.0,,,,,,,,,,,,,,0.5092979799956083
107,1,retriever,dense_retrieve|sparse_retrieve|hybrid_retrieve|hybrid_rerank,dense_retrieve,-0.02,0,grader,0.349959,-0.064052,-0.469176,-1.0,0.349959,-0.064052,-0.469176,-1.0,0.6749793142080307,12,0.2654120624065399,0.0,,,,,,,,,,
107,2,grader,keep_all|loose_filter|medium_filter|strict_filter|rerank_only,rerank_only,-0.07,0,generator,1.0,-0.856026,-0.860479,,1.0,-0.856026,-0.860479,0.0,,,,,,,1.0,0.7215961098670959,0.06976071000099182,,,,,
107,3,generator,generate_answer|generate_with_strict_citations|generate_short_answer,generate_short_answer,-0.07,0,verifier,-0.403182,-0.772219,1.0,-1.0,-0.403182,-0.772219,1.0,-1.0,,,,,,,,,,0.29840902984142303,0.11389043927192688,192,0.0,
107,4,verifier,verify_answer,verify_answer,0.8114,1,,0.527919,,,,0.527919,0.0,0.0,0.0,,,,,,,,,,,,,,0.7639595866203308
108,1,retriever,dense_retrieve|sparse_retrieve|hybrid_retrieve|hybrid_rerank,hybrid_retrieve,-0.02,0,grader,0.20317,0.415055,-0.29879,-0.866334,0.20317,0.415055,-0.29879,-0.866334,0.6015847846865654,15,0.3506048321723938,0.06683307886123657,,,,,,,,,,
108,2,grader,keep_all|loose_filter|medium_filter|strict_filter|rerank_only,rerank_only,-0.07,0,generator,1.0,-1.0,0.247937,,1.0,-1.0,0.247937,0.0,,,,,,,1.0,0.7,0.6239684671163559,,,,,
108,3,generator,generate_answer|generate_with_strict_citations|generate_short_answer,generate_short_answer,-0.07,0,verifier,-0.249863,-0.35202,1.0,-1.0,-0.249863,-0.35202,1.0,-1.0,,,,,,,,,,0.37506862729787827,0.32398997247219086,192,0.0,
108,4,verifier,verify_answer,verify_answer,-0.07,0,verifier,0.862683,,,,0.862683,0.0,0.0,0.0,,,,,,,,,,,,,,0.931341677904129
108,5,verifier,request_regeneration|request_more_retrieval|request_rewrite,request_regeneration,-0.07,0,generator,0.712291,,,,0.712291,0.0,0.0,0.0,,,,,,,,,,,,,,0.8561455011367798
108,6,generator,generate_answer|generate_with_strict_citations|generate_short_answer|regenerate,generate_short_answer,-0.07,0,verifier,-0.382057,-0.251247,0.899745,-1.0,-0.382057,-0.251247,0.899745,-1.0,,,,,,,,,,0.3089714050292969,0.3743763566017151,185,0.0,
108,7,verifier,verify_answer,verify_answer,-0.07,0,verifier,0.51617,,,,0.51617,0.0,0.0,0.0,,,,,,,,,,,,,,0.7580851316452026
108,8,verifier,request_regeneration|request_more_retrieval|request_rewrite,request_regeneration,-0.07,0,generator,0.460609,,,,0.460609,0.0,0.0,0.0,,,,,,,,,,,,,,0.7303045690059662
108,9,generator,generate_answer|generate_with_strict_citations|generate_short_answer|regenerate,generate_short_answer,-0.07,0,verifier,-0.296223,-0.242785,1.0,-0.853468,-0.296223,-0.242785,1.0,-0.853468,,,,,,,,,,0.35188843309879303,0.37860769033432007,220,0.07326585054397583,
108,10,verifier,verify_answer,verify_answer,0.7413,1,,0.203501,,,,0.203501,0.0,0.0,0.0,,,,,,,,,,,,,,0.6017506718635559
109,1,retriever,dense_retrieve|sparse_retrieve|hybrid_retrieve|hybrid_rerank,hybrid_retrieve,-0.02,0,grader,0.143665,-0.107094,-0.422349,-1.0,0.143665,-0.107094,-0.422349,-1.0,0.5718324705958366,11,0.2888254076242447,0.0,,,,,,,,,,
109,2,grader,keep_all|loose_filter|medium_filter|strict_filter|rerank_only,rerank_only,-0.07,0,generator,0.901868,-1.0,0.257449,,0.901868,-1.0,0.257449,0.0,,,,,,,0.950933963060379,0.7,0.6287246942520142,,,,,
109,3,generator,generate_answer|generate_with_strict_citations|generate_short_answer,generate_short_answer,-0.07,0,verifier,-0.085298,-0.417641,1.0,-0.98229,-0.085298,-0.417641,1.0,-0.98229,,,,,,,,,,0.4573509246110916,0.29117928445339203,195,0.008855044841766357,
109,4,verifier,verify_answer,verify_answer,0.6908,1,,0.09692,,,,0.09692,0.0,0.0,0.0,,,,,,,,,,,,,,0.5484601445496082
110,1,retriever,dense_retrieve|sparse_retrieve|hybrid_retrieve|hybrid_rerank,hybrid_rerank,-0.02,0,grader,-0.274555,-0.301613,0.610495,-0.905706,-0.274555,-0.301613,0.610495,-0.905706,0.3627227246761322,10,0.80524742603302,0.047147154808044434,,,,,,,,,,
110,2,grader,keep_all|loose_filter|medium_filter|strict_filter|rerank_only,strict_filter,-0.07,0,generator,0.999767,-0.815686,0.949884,,0.999767,-0.815686,0.949884,0.0,,,,,,,0.9998835027217865,0.727647030353546,0.9749419689178467,,,,,
110,3,generator,generate_answer|generate_with_strict_citations|generate_short_answer,generate_short_answer,-0.07,0,verifier,-0.072168,-0.172736,0.945336,-1.0,-0.072168,-0.172736,0.945336,-1.0,,,,,,,,,,0.4639160521328449,0.41363222151994705,188,0.0,
110,4,verifier,verify_answer,verify_answer,0.8045,1,,-0.471154,,,,-0.471154,0.0,0.0,0.0,,,,,,,,,,,,,,0.26442305743694305
111,1,retriever,dense_retrieve|sparse_retrieve|hybrid_retrieve|hybrid_rerank,hybrid_rerank,-0.02,0,grader,-0.258575,-0.319798,0.844618,-0.995559,-0.258575,-0.319798,0.844618,-0.995559,0.3707127273082733,10,0.9223088920116425,0.0022205114364624023,,,,,,,,,,
111,2,grader,keep_all|loose_filter|medium_filter|strict_filter|rerank_only,strict_filter,-0.07,0,generator,0.84867,-0.819883,1.0,,0.84867,-0.819883,1.0,0.0,,,,,,,0.9243350327014923,0.7270174980163574,1.0,,,,,
111,3,generator,generate_answer|generate_with_strict_citations|generate_short_answer,generate_short_answer,-0.07,0,verifier,-0.588446,-0.50483,1.0,-1.0,-0.588446,-0.50483,1.0,-1.0,,,,,,,,,,0.20577704906463623,0.24758478999137878,192,0.0,
111,4,verifier,verify_answer,verify_answer,0.7306,1,,-0.972324,,,,-0.972324,0.0,0.0,0.0,,,,,,,,,,,,,,0.0138377845287323
112,1,retriever,dense_retrieve|sparse_retrieve|hybrid_retrieve|hybrid_rerank,hybrid_retrieve,-0.02,0,grader,0.009786,-0.260319,-0.191947,-0.879188,0.009786,-0.260319,-0.191947,-0.879188,0.5048928381875157,10,0.40402646362781525,0.060405880212783813,,,,,,,,,,
112,2,grader,keep_all|loose_filter|medium_filter|strict_filter|rerank_only,rerank_only,-0.07,0,generator,0.909596,-1.0,-0.022749,,0.909596,-1.0,-0.022749,0.0,,,,,,,0.95479816198349,0.7,0.48862528894096613,,,,,
112,3,generator,generate_answer|generate_with_strict_citations|generate_short_answer,generate_short_answer,-0.07,0,verifier,-0.245196,-0.693982,1.0,-0.993065,-0.245196,-0.693982,1.0,-0.993065,,,,,,,,,,0.37740184366703033,0.15300878882408142,193,0.003467649221420288,
112,4,verifier,verify_answer,verify_answer,0.5627,1,,0.503787,,,,0.503787,0.0,0.0,0.0,,,,,,,,,,,,,,0.7518936991691589
113,1,retriever,dense_retrieve|sparse_retrieve|hybrid_retrieve|hybrid_rerank,hybrid_retrieve,-0.02,0,grader,-0.037595,-0.210918,-0.036658,-1.0,-0.037595,-0.210918,-0.036658,-1.0,0.48120243288576603,10,0.48167080618441105,0.0,,,,,,,,,,
113,2,grader,keep_all|loose_filter|medium_filter|strict_filter|rerank_only,loose_filter,-0.07,0,generator,0.990622,-1.0,0.483129,,0.990622,-1.0,0.483129,0.0,,,,,,,0.9953108131885529,0.7,0.7415642589330673,,,,,
113,3,generator,generate_answer|generate_with_strict_citations|generate_short_answer,generate_short_answer,-0.07,0,verifier,-0.518285,-0.419352,1.0,-1.0,-0.518285,-0.419352,1.0,-1.0,,,,,,,,,,0.24085760116577148,0.2903239578008652,192,0.0,
113,4,verifier,verify_answer,verify_answer,0.5927,1,,-0.862933,,,,-0.862933,0.0,0.0,0.0,,,,,,,,,,,,,,0.06853345036506653
114,1,retriever,dense_retrieve|sparse_retrieve|hybrid_retrieve|hybrid_rerank,hybrid_rerank,-0.02,0,grader,-0.163251,-0.617649,0.600105,-0.839654,-0.163251,-0.617649,0.600105,-0.839654,0.4183744117617607,7,0.8000527024269104,0.08017292618751526,,,,,,,,,,
114,2,grader,keep_all|loose_filter|medium_filter|strict_filter|rerank_only,strict_filter,-0.07,0,generator,0.788392,-0.724302,1.0,,0.788392,-0.724302,1.0,0.0,,,,,,,0.8941961526870728,0.741354700922966,1.0,,,,,
114,3,generator,generate_answer|generate_with_strict_citations|generate_short_answer,generate_short_answer,-0.07,0,verifier,-0.643834,0.175241,0.905757,-0.881325,-0.643834,0.175241,0.905757,-0.881325,,,,,,,,,,0.17808294296264648,0.5876205191016197,207,0.0593375563621521,
114,4,verifier,verify_answer,verify_answer,0.5441,1,,-0.731501,,,,-0.731501,0.0,0.0,0.0,,,,,,,,,,,,,,0.13424956798553467
115,1,retriever,dense_retrieve|sparse_retrieve|hybrid_retrieve|hybrid_rerank,hybrid_rerank,-0.02,0,grader,-0.28228,-0.404685,0.678427,-1.0,-0.28228,-0.404685,0.678427,-1.0,0.3588600307703018,9,0.8392134606838226,0.0,,,,,,,,,,
115,2,grader,keep_all|loose_filter|medium_filter|strict_filter|rerank_only,strict_filter,-0.07,0,generator,0.958037,-1.0,1.0,,0.958037,-1.0,1.0,0.0,,,,,,,0.9790182709693909,0.7,1.0,,,,,
115,3,generator,generate_answer|generate_with_strict_citations|generate_short_answer,generate_short_answer,-0.07,0,verifier,-0.535851,-0.364612,1.0,-1.0,-0.535851,-0.364612,1.0,-1.0,,,,,,,,,,0.23207461833953857,0.3176938146352768,192,0.0,
115,4,verifier,verify_answer,verify_answer,0.783,1,,-0.170501,,,,-0.170501,0.0,0.0,0.0,,,,,,,,,,,,,,0.414749450981617
116,1,retriever,dense_retrieve|sparse_retrieve|hybrid_retrieve|hybrid_rerank,hybrid_rerank,-0.02,0,grader,-0.296194,-0.777043,0.405815,-0.915054,-0.296194,-0.777043,0.405815,-0.915054,0.35190290212631226,6,0.7029077410697937,0.0424729585647583,,,,,,,,,,
116,2,grader,keep_all|loose_filter|medium_filter|strict_filter|rerank_only,strict_filter,-0.07,0,generator,1.0,-0.890092,1.0,,1.0,-0.890092,1.0,0.0,,,,,,,1.0,0.7164861530065536,1.0,,,,,
116,3,generator,generate_answer|generate_with_strict_citations|generate_short_answer,generate_short_answer,-0.07,0,verifier,-0.730912,-0.619011,1.0,-1.0,-0.730912,-0.619011,1.0,-1.0,,,,,,,,,,0.13454389572143555,0.19049471616744995,192,0.0,
116,4,verifier,verify_answer,verify_answer,0.4258,1,,-0.7337,,,,-0.7337,0.0,0.0,0.0,,,,,,,,,,,,,,0.1331499218940735
117,1,retriever,dense_retrieve|sparse_retrieve|hybrid_retrieve|hybrid_rerank,hybrid_retrieve,-0.02,0,grader,-0.036978,-0.045122,-0.467469,-0.669745,-0.036978,-0.045122,-0.467469,-0.669745,0.48151103407144547,12,0.26626548171043396,0.16512730717658997,,,,,,,,,,
117,2,grader,keep_all|loose_filter|medium_filter|strict_filter|rerank_only,rerank_only,-0.07,0,generator,0.899298,-0.860075,0.340492,,0.899298,-0.860075,0.340492,0.0,,,,,,,0.9496491849422455,0.7209887504577637,0.6702461391687393,,,,,
117,3,generator,generate_answer|generate_with_strict_citations|generate_short_answer,generate_short_answer,-0.07,0,verifier,-0.430792,-0.453275,1.0,-0.909854,-0.430792,-0.453275,1.0,-0.909854,,,,,,,,,,0.2846040725708008,0.27336229383945465,209,0.04507294297218323,
117,4,verifier,verify_answer,verify_answer,0.8023,1,,-0.643945,,,,-0.643945,0.0,0.0,0.0,,,,,,,,,,,,,,0.1780274212360382
118,1,retriever,dense_retrieve|sparse_retrieve|hybrid_retrieve|hybrid_rerank,hybrid_rerank,-0.02,0,grader,-0.502129,-0.82213,0.246887,-1.0,-0.502129,-0.82213,0.246887,-1.0,0.24893558025360107,6,0.6234433203935623,0.0,,,,,,,,,,
118,2,grader,keep_all|loose_filter|medium_filter|strict_filter|rerank_only,strict_filter,-0.07,0,generator,1.0,-1.0,0.949447,,1.0,-1.0,0.949447,0.0,,,,,,,1.0,0.7,0.9747235178947449,,,,,
118,3,generator,generate_answer|generate_with_strict_citations|generate_short_answer,generate_short_answer,-0.07,0,verifier,-0.61363,-0.592966,1.0,-0.858562,-0.61363,-0.592966,1.0,-0.858562,,,,,,,,,,0.1931850016117096,0.20351681113243103,219,0.07071894407272339,
118,4,verifier,verify_answer,verify_answer,0.7766,1,,-0.664524,,,,-0.664524,0.0,0.0,0.0,,,,,,,,,,,,,,0.16773799061775208
119,1,retriever,dense_retrieve|sparse_retrieve|hybrid_retrieve|hybrid_rerank,hybrid_retrieve,-0.02,0,grader,-0.147715,0.187462,-0.798611,-0.751203,-0.147715,0.187462,-0.798611,-0.751203,0.42614247649908066,13,0.10069474577903748,0.12439852952957153,,,,,,,,,,
119,2,grader,keep_all|loose_filter|medium_filter|strict_filter|rerank_only,rerank_only,-0.07,0,generator,1.0,-0.888789,-0.079814,,1.0,-0.888789,-0.079814,0.0,,,,,,,1.0,0.7166815966367721,0.46009309217333794,,,,,
119,3,generator,generate_answer|generate_with_strict_citations|generate_short_answer,generate_short_answer,-0.07,0,verifier,-0.208044,-0.784132,0.797695,-0.925347,-0.208044,-0.784132,0.797695,-0.925347,,,,,,,,,,0.3959779813885689,0.10793408751487732,192,0.0373263955116272,
119,4,verifier,verify_answer,verify_answer,0.8002,1,,-0.006532,,,,-0.006532,0.0,0.0,0.0,,,,,,,,,,,,,,0.49673409992828965
120,1,retriever,dense_retrieve|sparse_retrieve|hybrid_retrieve|hybrid_rerank,hybrid_rerank,-0.02,0,grader,-0.499895,-0.539046,0.286215,-0.991696,-0.499895,-0.539046,0.286215,-0.991696,0.2500524967908859,8,0.6431072950363159,0.004152178764343262,,,,,,,,,,
120,2,grader,keep_all|loose_filter|medium_filter|strict_filter|rerank_only,strict_filter,-0.07,0,generator,1.0,-0.742377,0.969753,,1.0,-0.742377,0.969753,0.0,,,,,,,1.0,0.738643479347229,0.9848766922950745,,,,,
120,3,generator,generate_answer|generate_with_strict_citations|generate_short_answer,generate_short_answer,-0.07,0,verifier,-0.115065,-0.532494,0.73156,-0.875019,-0.115065,-0.532494,0.73156,-0.875019,,,,,,,,,,0.4424675367772579,0.2337530255317688,196,0.06249046325683594,
120,4,verifier,verify_answer,verify_answer,0.7157,1,,0.143215,,,,0.143215,0.0,0.0,0.0,,,,,,,,,,,,,,0.5716075822710991
121,1,retriever,dense_retrieve|sparse_retrieve|hybrid_retrieve|hybrid_rerank,hybrid_retrieve,-0.02,0,grader,0.204057,0.518843,-0.849141,-1.0,0.204057,0.518843,-0.849141,-1.0,0.60202856361866,16,0.07542967796325684,0.0,,,,,,,,,,
121,2,grader,keep_all|loose_filter|medium_filter|strict_filter|rerank_only,rerank_only,-0.07,0,generator,0.966957,-1.0,-0.930104,,0.966957,-1.0,-0.930104,0.0,,,,,,,0.9834786653518677,0.7,0.034947872161865234,,,,,
121,3,generator,generate_answer|generate_with_strict_citations|generate_short_answer,generate_short_answer,-0.07,0,verifier,-0.239592,-0.563194,1.0,-1.0,-0.239592,-0.563194,1.0,-1.0,,,,,,,,,,0.3802039474248886,0.218403160572052,192,0.0,
121,4,verifier,verify_answer,verify_answer,0.7123,1,,0.336953,,,,0.336953,0.0,0.0,0.0,,,,,,,,,,,,,,0.6684766858816147
122,1,retriever,dense_retrieve|sparse_retrieve|hybrid_retrieve|hybrid_rerank,hybrid_rerank,-0.02,0,grader,-0.24144,-0.692428,0.022006,-0.993012,-0.24144,-0.692428,0.022006,-0.993012,0.37927984446287155,7,0.5110032372176647,0.003493756055831909,,,,,,,,,,
122,2,grader,keep_all|loose_filter|medium_filter|strict_filter|rerank_only,strict_filter,-0.07,0,generator,0.837661,-0.899641,0.93614,,0.837661,-0.899641,0.93614,0.0,,,,,,,0.918830543756485,0.7150538891553878,0.9680697619915009,,,,,
122,3,generator,generate_answer|generate_with_strict_citations|generate_short_answer,generate_short_answer,-0.07,0,verifier,-0.386996,-0.603726,0.930335,-0.880213,-0.386996,-0.603726,0.930335,-0.880213,,,,,,,,,,0.30650201439857483,0.19813686609268188,209,0.05989348888397217,
122,4,verifier,verify_answer,verify_answer,0.8081,1,,-0.120758,,,,-0.120758,0.0,0.0,0.0,,,,,,,,,,,,,,0.43962087109684944
123,1,retriever,dense_retrieve|sparse_retrieve|hybrid_retrieve|hybrid_rerank,hybrid_retrieve,-0.02,0,grader,0.087224,0.549028,-0.838056,-0.852814,0.087224,0.549028,-0.838056,-0.852814,0.5436120443046093,16,0.08097201585769653,0.07359296083450317,,,,,,,,,,
123,2,grader,keep_all|loose_filter|medium_filter|strict_filter|rerank_only,rerank_only,-0.07,0,generator,0.785553,-1.0,-0.845116,,0.785553,-1.0,-0.845116,0.0,,,,,,,0.892776370048523,0.7,0.07744216918945312,,,,,
123,3,generator,generate_answer|generate_with_strict_citations|generate_short_answer,generate_short_answer,-0.07,0,verifier,-0.012399,-0.73237,1.0,-1.0,-0.012399,-0.73237,1.0,-1.0,,,,,,,,,,0.4938004892319441,0.13381484150886536,192,0.0,
123,4,verifier,verify_answer,verify_answer,0.7381,1,,-0.556126,,,,-0.556126,0.0,0.0,0.0,,,,,,,,,,,,,,0.22193703055381775
124,1,retriever,dense_retrieve|sparse_retrieve|hybrid_retrieve|hybrid_rerank,hybrid_rerank,-0.02,0,grader,-0.1671,-0.362194,0.559672,-0.81461,-0.1671,-0.362194,0.559672,-0.81461,0.4164501801133156,9,0.779836118221283,0.09269484877586365,,,,,,,,,,
124,2,grader,keep_all|loose_filter|medium_filter|strict_filter|rerank_only,strict_filter,-0.07,0,generator,1.0,-0.907147,1.0,,1.0,-0.907147,1.0,0.0,,,,,,,1.0,0.7139280050992965,1.0,,,,,
124,3,generator,generate_answer|generate_with_strict_citations|generate_short_answer,generate_short_answer,-0.07,0,verifier,-0.485508,-0.315913,0.995834,-1.0,-0.485508,-0.315913,0.995834,-1.0,,,,,,,,,,0.25724583864212036,0.3420437276363373,191,0.0,
124,4,verifier,verify_answer,verify_answer,0.7059,1,,-0.859601,,,,-0.859601,0.0,0.0,0.0,,,,,,,,,,,,,,0.07019960880279541
125,1,retriever,dense_retrieve|sparse_retrieve|hybrid_retrieve|hybrid_rerank,hybrid_rerank,-0.02,0,grader,-0.205848,-0.512733,0.182879,-0.773888,-0.205848,-0.512733,0.182879,-0.773888,0.3970758765935898,8,0.5914396941661835,0.1130562424659729,,,,,,,,,,
125,2,grader,keep_all|loose_filter|medium_filter|strict_filter|rerank_only,strict_filter,-0.07,0,generator,0.779324,-1.0,0.862358,,0.779324,-1.0,0.862358,0.0,,,,,,,0.8896621465682983,0.7,0.931179016828537,,,,,
125,3,generator,generate_answer|generate_with_strict_citations|generate_short_answer,generate_short_answer,-0.07,0,verifier,-0.60612,-0.332898,0.977722,-0.760668,-0.60612,-0.332898,0.977722,-0.760668,,,,,,,,,,0.19693976640701294,0.33355098962783813,236,0.11966615915298462,
125,4,verifier,verify_answer,verify_answer,0.7165,1,,-0.250975,,,,-0.250975,0.0,0.0,0.0,,,,,,,,,,,,,,0.37451235949993134
126,1,retriever,dense_retrieve|sparse_retrieve|hybrid_retrieve|hybrid_rerank,hybrid_rerank,-0.02,0,grader,-0.502203,-0.490295,0.5274,-0.908673,-0.502203,-0.490295,0.5274,-0.908673,0.24889853596687317,8,0.7637002468109131,0.0456637442111969,,,,,,,,,,
126,2,grader,keep_all|loose_filter|medium_filter|strict_filter|rerank_only,strict_filter,-0.07,0,generator,0.864279,-1.0,0.930919,,0.864279,-1.0,0.930919,0.0,,,,,,,0.9321396946907043,0.7,0.9654593765735626,,,,,
126,3,generator,generate_answer|generate_with_strict_citations|generate_short_answer,generate_short_answer,-0.07,0,verifier,-0.209262,0.130207,1.0,-1.0,-0.209262,0.130207,1.0,-1.0,,,,,,,,,,0.39536912739276886,0.5651032850146294,192,0.0,
126,4,verifier,verify_answer,verify_answer,0.6541,1,,-1.0,,,,-1.0,0.0,0.0,0.0,,,,,,,,,,,,,,0.0
127,1,retriever,dense_retrieve|sparse_retrieve|hybrid_retrieve|hybrid_rerank,hybrid_retrieve,-0.02,0,grader,-0.026104,0.537636,-0.85539,-1.0,-0.026104,0.537636,-0.85539,-1.0,0.4869479862973094,16,0.07230502367019653,0.0,,,,,,,,,,
127,2,grader,keep_all|loose_filter|medium_filter|strict_filter|rerank_only,rerank_only,-0.07,0,generator,0.928756,-1.0,-0.835789,,0.928756,-1.0,-0.835789,0.0,,,,,,,0.9643779397010803,0.7,0.0821053683757782,,,,,
127,3,generator,generate_answer|generate_with_strict_citations|generate_short_answer,generate_short_answer,-0.07,0,verifier,-0.23375,-0.730951,0.562094,-0.990151,-0.23375,-0.730951,0.562094,-0.990151,,,,,,,,,,0.38312476873397827,0.13452455401420593,165,0.004924684762954712,
127,4,verifier,verify_answer,verify_answer,0.8426,1,,0.690054,,,,0.690054,0.0,0.0,0.0,,,,,,,,,,,,,,0.8450269401073456
128,1,retriever,dense_retrieve|sparse_retrieve|hybrid_retrieve|hybrid_rerank,hybrid_rerank,-0.02,0,grader,-0.072519,-0.89292,0.093218,-0.925425,-0.072519,-0.89292,0.093218,-0.925425,0.4637405350804329,5,0.5466090068221092,0.03728756308555603,,,,,,,,,,
128,2,grader,keep_all|loose_filter|medium_filter|strict_filter|rerank_only,strict_filter,-0.07,0,generator,0.769962,-0.94621,1.0,,0.769962,-0.94621,1.0,0.0,,,,,,,0.8849809765815735,0.7080685049295425,1.0,,,,,
128,3,generator,generate_answer|generate_with_strict_citations|generate_short_answer,generate_short_answer,-0.07,0,verifier,-0.17633,-0.312178,0.965453,-1.0,-0.17633,-0.312178,0.965453,-1.0,,,,,,,,,,0.41183504462242126,0.3439108431339264,189,0.0,
128,4,verifier,verify_answer,verify_answer,0.7508,1,,-0.504993,,,,-0.504993,0.0,0.0,0.0,,,,,,,,,,,,,,0.2475033700466156
129,1,retriever,dense_retrieve|sparse_retrieve|hybrid_retrieve|hybrid_rerank,hybrid_rerank,-0.02,0,grader,-0.399546,-0.824409,0.406657,-1.0,-0.399546,-0.824409,0.406657,-1.0,0.3002270311117172,6,0.7033284902572632,0.0,,,,,,,,,,
129,2,grader,keep_all|loose_filter|medium_filter|strict_filter|rerank_only,strict_filter,-0.07,0,generator,1.0,-1.0,0.98565,,1.0,-1.0,0.98565,0.0,,,,,,,1.0,0.7,0.9928250312805176,,,,,
129,3,generator,generate_answer|generate_with_strict_citations|generate_short_answer,generate_short_answer,-0.07,0,verifier,-0.493828,-0.589765,1.0,-0.877585,-0.493828,-0.589765,1.0,-0.877585,,,,,,,,,,0.2530861496925354,0.2051173448562622,215,0.06120744347572327,
129,4,verifier,verify_answer,verify_answer,0.7339,1,,-0.708985,,,,-0.708985,0.0,0.0,0.0,,,,,,,,,,,,,,0.14550745487213135
130,1,retriever,dense_retrieve|sparse_retrieve|hybrid_retrieve|hybrid_rerank,hybrid_retrieve,-0.02,0,grader,-0.287471,-0.774909,-0.230086,-1.0,-0.287471,-0.774909,-0.230086,-1.0,0.3562644273042679,6,0.384956955909729,0.0,,,,,,,,,,
130,2,grader,keep_all|loose_filter|medium_filter|strict_filter|rerank_only,strict_filter,-0.07,0,generator,1.0,-1.0,1.0,,1.0,-1.0,1.0,0.0,,,,,,,1.0,0.7,1.0,,,,,
130,3,generator,generate_answer|generate_with_strict_citations|generate_short_answer,generate_short_answer,-0.07,0,verifier,-0.560161,-0.272707,0.990624,-1.0,-0.560161,-0.272707,0.990624,-1.0,,,,,,,,,,0.2199196219444275,0.3636464923620224,191,0.0,
130,4,verifier,verify_answer,verify_answer,0.6085,1,,-0.152475,,,,-0.152475,0.0,0.0,0.0,,,,,,,,,,,,,,0.42376263439655304
131,1,retriever,dense_retrieve|sparse_retrieve|hybrid_retrieve|hybrid_rerank,hybrid_rerank,-0.02,0,grader,-0.492439,-1.0,0.221242,-0.823169,-0.492439,-1.0,0.221242,-0.823169,0.2537805885076523,5,0.610620990395546,0.08841574192047119,,,,,,,,,,
131,2,grader,keep_all|loose_filter|medium_filter|strict_filter|rerank_only,strict_filter,-0.07,0,generator,0.782764,-0.977282,1.0,,0.782764,-0.977282,1.0,0.0,,,,,,,0.8913818895816803,0.7034077018499374,1.0,,,,,
131,3,generator,generate_answer|generate_with_strict_citations|generate_short_answer,generate_short_answer,-0.07,0,verifier,-0.379927,-0.23761,0.941459,-1.0,-0.379927,-0.23761,0.941459,-1.0,,,,,,,,,,0.31003646552562714,0.3811947777867317,188,0.0,
131,4,verifier,verify_answer,verify_answer,0.7176,1,,-0.537716,,,,-0.537716,0.0,0.0,0.0,,,,,,,,,,,,,,0.23114198446273804
132,1,retriever,dense_retrieve|sparse_retrieve|hybrid_retrieve|hybrid_rerank,sparse_retrieve,-0.02,0,grader,-0.325469,0.503962,-0.899473,-0.859536,-0.325469,0.503962,-0.899473,-0.859536,0.337265282869339,16,0.05026373267173767,0.07023200392723083,,,,,,,,,,
132,2,grader,keep_all|loose_filter|medium_filter|strict_filter|rerank_only,rerank_only,-0.07,0,generator,0.641986,-0.813713,-0.90321,,0.641986,-0.813713,-0.90321,0.0,,,,,,,0.8209928870201111,0.7279429763555526,0.048395127058029175,,,,,
132,3,generator,generate_answer|generate_with_strict_citations|generate_short_answer,generate_with_strict_citations,-0.07,0,verifier,1.0,0.832017,-1.0,-1.0,1.0,0.832017,-1.0,-1.0,,,,,,,,,,1.0,0.9160087406635284,128,0.0,
132,4,verifier,verify_answer,verify_answer,0.8049,1,,1.0,,,,1.0,0.0,0.0,0.0,,,,,,,,,,,,,,1.0
133,1,retriever,dense_retrieve|sparse_retrieve|hybrid_retrieve|hybrid_rerank,hybrid_rerank,-0.02,0,grader,-0.690203,-1.0,0.438597,-1.0,-0.690203,-1.0,0.438597,-1.0,0.1548982858657837,5,0.7192987203598022,0.0,,,,,,,,,,
133,2,grader,keep_all|loose_filter|medium_filter|strict_filter|rerank_only,strict_filter,-0.07,0,generator,0.867052,-0.736279,1.0,,0.867052,-0.736279,1.0,0.0,,,,,,,0.933525800704956,0.739558219909668,1.0,,,,,
133,3,generator,generate_answer|generate_with_strict_citations|generate_short_answer,generate_short_answer,-0.07,0,verifier,-0.612595,-0.322622,0.762181,-0.848436,-0.612595,-0.322622,0.762181,-0.848436,,,,,,,,,,0.19370242953300476,0.3386889100074768,203,0.07578197121620178,
133,4,verifier,verify_answer,verify_answer,0.7384,1,,-0.573997,,,,-0.573997,0.0,0.0,0.0,,,,,,,,,,,,,,0.21300172805786133
134,1,retriever,dense_retrieve|sparse_retrieve|hybrid_retrieve|hybrid_rerank,sparse_retrieve,-0.02,0,grader,-0.641254,1.0,-0.936386,-1.0,-0.641254,1.0,-0.936386,-1.0,0.17937293648719788,20,0.03180685639381409,0.0,,,,,,,,,,
134,2,grader,keep_all|loose_filter|medium_filter|strict_filter|rerank_only,rerank_only,-0.07,0,generator,0.932592,0.005233,-0.978233,,0.932592,0.005233,-0.978233,0.0,,,,,,,0.9662962257862091,0.8507849597139283,0.010883569717407227,,,,,
134,3,generator,generate_answer|generate_with_strict_citations|generate_short_answer,generate_with_strict_citations,-0.07,0,verifier,0.731506,1.0,-1.0,-0.716861,0.731506,1.0,-1.0,-0.716861,,,,,,,,,,0.8657529354095459,1.0,128,0.14156943559646606,
134,4,verifier,verify_answer,verify_answer,-0.07,0,verifier,1.0,,,,1.0,0.0,0.0,0.0,,,,,,,,,,,,,,1.0
134,5,verifier,request_regeneration|request_more_retrieval|request_rewrite,request_regeneration,-0.07,0,generator,1.0,,,,1.0,0.0,0.0,0.0,,,,,,,,,,,,,,1.0
134,6,generator,generate_answer|generate_with_strict_citations|generate_short_answer|regenerate,generate_with_strict_citations,-0.07,0,verifier,0.964447,1.0,-0.898981,-0.68627,0.964447,1.0,-0.898981,-0.68627,,,,,,,,,,0.9822237491607666,1.0,128,0.15686485171318054,
134,7,verifier,verify_answer,verify_answer,-0.07,0,verifier,0.916732,,,,0.916732,0.0,0.0,0.0,,,,,,,,,,,,,,0.9583661556243896
134,8,verifier,request_regeneration|request_more_retrieval|request_rewrite,request_regeneration,-0.07,0,generator,0.827804,,,,0.827804,0.0,0.0,0.0,,,,,,,,,,,,,,0.9139017760753632
134,9,generator,generate_answer|generate_with_strict_citations|generate_short_answer|regenerate,generate_with_strict_citations,-0.07,0,verifier,1.0,0.977537,-0.969213,-0.876258,1.0,0.977537,-0.969213,-0.876258,,,,,,,,,,1.0,0.9887686371803284,128,0.06187120079994202,
134,10,verifier,verify_answer,verify_answer,0.2449,1,,0.908306,,,,0.908306,0.0,0.0,0.0,,,,,,,,,,,,,,0.9541528820991516
135,1,retriever,dense_retrieve|sparse_retrieve|hybrid_retrieve|hybrid_rerank,hybrid_retrieve,-0.02,0,grader,-0.175511,0.823651,-0.978612,-0.784076,-0.175511,0.823651,-0.978612,-0.784076,0.41224467754364014,18,0.010694116353988647,0.10796219110488892,,,,,,,,,,
135,2,grader,keep_all|loose_filter|medium_filter|strict_filter|rerank_only,rerank_only,-0.07,0,generator,0.98727,-0.84452,-0.838584,,0.98727,-0.84452,-0.838584,0.0,,,,,,,0.9936350286006927,0.7233219325542449,0.08070790767669678,,,,,
135,3,generator,generate_answer|generate_with_strict_citations|generate_short_answer,generate_short_answer,-0.07,0,verifier,-0.169727,-0.670834,1.0,-0.791435,-0.169727,-0.670834,1.0,-0.791435,,,,,,,,,,0.41513652354478836,0.16458281874656677,232,0.10428246855735779,
135,4,verifier,verify_answer,verify_answer,0.535,1,,0.148493,,,,0.148493,0.0,0.0,0.0,,,,,,,,,,,,,,0.57424645870924
136,1,retriever,dense_retrieve|sparse_retrieve|hybrid_retrieve|hybrid_rerank,hybrid_rerank,-0.02,0,grader,-0.422685,-0.887083,0.37965,-1.0,-0.422685,-0.887083,0.37965,-1.0,0.28865768015384674,5,0.6898251324892044,0.0,,,,,,,,,,
136,2,grader,keep_all|loose_filter|medium_filter|strict_filter|rerank_only,strict_filter,-0.07,0,generator,1.0,-0.93604,1.0,,1.0,-0.93604,1.0,0.0,,,,,,,1.0,0.7095939755439757,1.0,,,,,
136,3,generator,generate_answer|generate_with_strict_citations|generate_short_answer,generate_short_answer,-0.07,0,verifier,-0.049685,0.00081,1.0,-0.783674,-0.049685,0.00081,1.0,-0.783674,,,,,,,,,,0.4751574769616127,0.5004050193820149,233,0.10816290974617004,
136,4,verifier,verify_answer,verify_answer,0.7742,1,,-0.581866,,,,-0.581866,0.0,0.0,0.0,,,,,,,,,,,,,,0.20906686782836914
137,1,retriever,dense_retrieve|sparse_retrieve|hybrid_retrieve|hybrid_rerank,hybrid_rerank,-0.02,0,grader,-0.785128,-1.0,0.336063,-0.998192,-0.785128,-1.0,0.336063,-0.998192,0.1074361801147461,5,0.6680314987897873,0.0009041726589202881,,,,,,,,,,
137,2,grader,keep_all|loose_filter|medium_filter|strict_filter|rerank_only,strict_filter,-0.07,0,generator,0.819217,-0.894034,1.0,,0.819217,-0.894034,1.0,0.0,,,,,,,0.9096084237098694,0.715894940495491,1.0,,,,,
137,3,generator,generate_answer|generate_with_strict_citations|generate_short_answer,generate_short_answer,-0.07,0,verifier,-0.159793,0.201923,0.941565,-1.0,-0.159793,0.201923,0.941565,-1.0,,,,,,,,,,0.42010341584682465,0.6009615436196327,188,0.0,
137,4,verifier,verify_answer,verify_answer,0.7261,1,,-0.757166,,,,-0.757166,0.0,0.0,0.0,,,,,,,,,,,,,,0.121416836977005
138,1,retriever,dense_retrieve|sparse_retrieve|hybrid_retrieve|hybrid_rerank,hybrid_rerank,-0.02,0,grader,-0.26706,-0.999992,0.570857,-0.766502,-0.26706,-0.999992,0.570857,-0.766502,0.3664701282978058,5,0.7854285836219788,0.11674904823303223,,,,,,,,,,
138,2,grader,keep_all|loose_filter|medium_filter|strict_filter|rerank_only,strict_filter,-0.07,0,generator,1.0,-0.770175,1.0,,1.0,-0.770175,1.0,0.0,,,,,,,1.0,0.7344737261533737,1.0,,,,,
138,3,generator,generate_answer|generate_with_strict_citations|generate_short_answer,generate_short_answer,-0.07,0,verifier,-0.285076,0.054173,1.0,-1.0,-0.285076,0.054173,1.0,-1.0,,,,,,,,,,0.3574618101119995,0.527086453512311,192,0.0,
138,4,verifier,verify_answer,verify_answer,0.7159,1,,-0.297032,,,,-0.297032,0.0,0.0,0.0,,,,,,,,,,,,,,0.35148410499095917
139,1,retriever,dense_retrieve|sparse_retrieve|hybrid_retrieve|hybrid_rerank,hybrid_rerank,-0.02,0,grader,-0.509018,-0.921937,0.36441,-1.0,-0.509018,-0.921937,0.36441,-1.0,0.24549099802970886,5,0.6822048425674438,0.0,,,,,,,,,,
139,2,grader,keep_all|loose_filter|medium_filter|strict_filter|rerank_only,strict_filter,-0.07,0,generator,1.0,-0.481051,1.0,,1.0,-0.481051,1.0,0.0,,,,,,,1.0,0.7778422877192497,1.0,,,,,
139,3,generator,generate_answer|generate_with_strict_citations|generate_short_answer,generate_short_answer,-0.07,0,verifier,-0.510604,0.136793,1.0,-1.0,-0.510604,0.136793,1.0,-1.0,,,,,,,,,,0.244698166847229,0.5683966279029846,192,0.0,
139,4,verifier,verify_answer,verify_answer,0.6241,1,,-0.874095,,,,-0.874095,0.0,0.0,0.0,,,,,,,,,,,,,,0.06295245885848999
140,1,retriever,dense_retrieve|sparse_retrieve|hybrid_retrieve|hybrid_rerank,sparse_retrieve,-0.02,0,grader,-0.856312,1.0,-0.938083,-0.92087,-0.856312,1.0,-0.938083,-0.92087,0.07184424996376038,20,0.030958473682403564,0.03956496715545654,,,,,,,,,,
140,2,grader,keep_all|loose_filter|medium_filter|strict_filter|rerank_only,keep_all,-0.07,0,generator,1.0,1.0,-0.918551,,1.0,1.0,-0.918551,0.0,,,,,,,1.0,1.0,0.04072466492652893,,,,,
140,3,generator,generate_answer|generate_with_strict_citations|generate_short_answer,generate_with_strict_citations,-0.07,0,verifier,0.939393,1.0,-0.684543,-1.0,0.939393,1.0,-0.684543,-1.0,,,,,,,,,,0.9696963429450989,1.0,128,0.0,
140,4,verifier,verify_answer,verify_answer,0.9124,1,,0.84754,,,,0.84754,0.0,0.0,0.0,,,,,,,,,,,,,,0.923770010471344
141,1,retriever,dense_retrieve|sparse_retrieve|hybrid_retrieve|hybrid_rerank,sparse_retrieve,-0.02,0,grader,-0.766279,0.973244,-1.0,-0.867551,-0.766279,0.973244,-1.0,-0.867551,0.1168603003025055,19,0.0,0.06622454524040222,,,,,,,,,,
141,2,grader,keep_all|loose_filter|medium_filter|strict_filter|rerank_only,keep_all,-0.07,0,generator,0.916709,0.984648,-0.924346,,0.916709,0.984648,-0.924346,0.0,,,,,,,0.9583547413349152,0.997697153687477,0.03782689571380615,,,,,
141,3,generator,generate_answer|generate_with_strict_citations|generate_short_answer,generate_with_strict_citations,-0.07,0,verifier,1.0,1.0,-1.0,-0.919836,1.0,1.0,-1.0,-0.919836,,,,,,,,,,1.0,1.0,128,0.040082186460494995,
141,4,verifier,verify_answer,verify_answer,0.91,1,,0.956098,,,,0.956098,0.0,0.0,0.0,,,,,,,,,,,,,,0.9780489206314087
142,1,retriever,dense_retrieve|sparse_retrieve|hybrid_retrieve|hybrid_rerank,hybrid_rerank,-0.02,0,grader,-0.245959,-0.870036,0.17237,-0.828942,-0.245959,-0.870036,0.17237,-0.828942,0.3770205080509186,5,0.5861849784851074,0.08552899956703186,,,,,,,,,,
142,2,grader,keep_all|loose_filter|medium_filter|strict_filter|rerank_only,strict_filter,-0.07,0,generator,0.901906,0.931933,1.0,,0.901906,0.931933,1.0,0.0,,,,,,,0.9509530067443848,0.9897899746894836,1.0,,,,,
142,3,generator,generate_answer|generate_with_strict_citations|generate_short_answer,generate_short_answer,-0.07,0,verifier,0.039944,0.049159,0.944775,-0.969028,0.039944,0.049159,0.944775,-0.969028,,,,,,,,,,0.5199721436947584,0.5245792549103498,193,0.015485972166061401,
142,4,verifier,verify_answer,verify_answer,0.4533,1,,-0.796792,,,,-0.796792,0.0,0.0,0.0,,,,,,,,,,,,,,0.10160422325134277
143,1,retriever,dense_retrieve|sparse_retrieve|hybrid_retrieve|hybrid_rerank,hybrid_retrieve,-0.02,0,grader,-0.262041,0.745287,-1.0,-1.0,-0.262041,0.745287,-1.0,-1.0,0.3689793050289154,18,0.0,0.0,,,,,,,,,,
143,2,grader,keep_all|loose_filter|medium_filter|strict_filter|rerank_only,keep_all,-0.07,0,generator,1.0,1.0,-0.373315,,1.0,1.0,-0.373315,0.0,,,,,,,1.0,1.0,0.3133423626422882,,,,,
143,3,generator,generate_answer|generate_with_strict_citations|generate_short_answer,generate_short_answer,-0.07,0,verifier,0.399864,0.08451,1.0,-1.0,0.399864,0.08451,1.0,-1.0,,,,,,,,,,0.6999319344758987,0.5422548204660416,192,0.0,
143,4,verifier,verify_answer,verify_answer,0.7838,1,,-0.261095,,,,-0.261095,0.0,0.0,0.0,,,,,,,,,,,,,,0.36945271492004395
144,1,retriever,dense_retrieve|sparse_retrieve|hybrid_retrieve|hybrid_rerank,hybrid_rerank,-0.02,0,grader,-0.187108,-0.881375,0.31295,-0.840069,-0.187108,-0.881375,0.31295,-0.840069,0.40644579380750656,5,0.6564748138189316,0.07996565103530884,,,,,,,,,,
144,2,grader,keep_all|loose_filter|medium_filter|strict_filter|rerank_only,strict_filter,-0.07,0,generator,0.585105,1.0,0.896495,,0.585105,1.0,0.896495,0.0,,,,,,,0.7925526201725006,1.0,0.9482474625110626,,,,,
144,3,generator,generate_answer|generate_with_strict_citations|generate_short_answer,generate_short_answer,-0.07,0,verifier,-0.410766,0.292056,1.0,-0.980256,-0.410766,0.292056,1.0,-0.980256,,,,,,,,,,0.29461707174777985,0.6460277587175369,195,0.009871900081634521,
144,4,verifier,verify_answer,verify_answer,0.7609,1,,-0.356985,,,,-0.356985,0.0,0.0,0.0,,,,,,,,,,,,,,0.3215073198080063
145,1,retriever,dense_retrieve|sparse_retrieve|hybrid_retrieve|hybrid_rerank,hybrid_rerank,-0.02,0,grader,-0.029005,-0.745324,0.441356,-0.87803,-0.029005,-0.745324,0.441356,-0.87803,0.48549755197018385,6,0.720678061246872,0.06098487973213196,,,,,,,,,,
145,2,grader,keep_all|loose_filter|medium_filter|strict_filter|rerank_only,strict_filter,-0.07,0,generator,1.0,0.733326,0.939879,,1.0,0.733326,0.939879,0.0,,,,,,,1.0,0.9599988490343093,0.9699395000934601,,,,,
145,3,generator,generate_answer|generate_with_strict_citations|generate_short_answer,generate_short_answer,-0.07,0,verifier,-0.233752,0.309405,0.970673,-0.92509,-0.233752,0.309405,0.970673,-0.92509,,,,,,,,,,0.38312386721372604,0.6547026932239532,204,0.03745517134666443,
145,4,verifier,verify_answer,verify_answer,0.5648,1,,0.133133,,,,0.133133,0.0,0.0,0.0,,,,,,,,,,,,,,0.5665662884712219
146,1,retriever,dense_retrieve|sparse_retrieve|hybrid_retrieve|hybrid_rerank,hybrid_rerank,-0.02,0,grader,-0.480462,-0.707652,0.438973,-0.959482,-0.480462,-0.707652,0.438973,-0.959482,0.2597690373659134,7,0.719486340880394,0.02025875449180603,,,,,,,,,,
146,2,grader,keep_all|loose_filter|medium_filter|strict_filter|rerank_only,strict_filter,-0.07,0,generator,0.884005,0.777539,0.875039,,0.884005,0.777539,0.875039,0.0,,,,,,,0.9420025646686554,0.9666307896375655,0.9375194013118744,,,,,
146,3,generator,generate_answer|generate_with_strict_citations|generate_short_answer,generate_short_answer,-0.07,0,verifier,-0.052269,0.093793,0.893039,-1.0,-0.052269,0.093793,0.893039,-1.0,,,,,,,,,,0.47386533580720425,0.5468963123857975,185,0.0,
146,4,verifier,verify_answer,verify_answer,0.4711,1,,-0.639394,,,,-0.639394,0.0,0.0,0.0,,,,,,,,,,,,,,0.1803029477596283
147,1,retriever,dense_retrieve|sparse_retrieve|hybrid_retrieve|hybrid_rerank,hybrid_rerank,-0.02,0,grader,-0.709523,-0.841037,0.454273,-1.0,-0.709523,-0.841037,0.454273,-1.0,0.14523854851722717,6,0.7271365225315094,0.0,,,,,,,,,,
147,2,grader,keep_all|loose_filter|medium_filter|strict_filter|rerank_only,strict_filter,-0.07,0,generator,0.950135,0.869193,0.967069,,0.950135,0.869193,0.967069,0.0,,,,,,,0.9750676155090332,0.9803789347410201,0.9835343360900879,,,,,
147,3,generator,generate_answer|generate_with_strict_citations|generate_short_answer,generate_short_answer,-0.07,0,verifier,0.197631,-0.416542,1.0,-0.938456,0.197631,-0.416542,1.0,-0.938456,,,,,,,,,,0.5988152995705605,0.2917288541793823,203,0.03077182173728943,
147,4,verifier,verify_answer,verify_answer,0.8786,1,,0.190787,,,,0.190787,0.0,0.0,0.0,,,,,,,,,,,,,,0.5953934714198112
148,1,retriever,dense_retrieve|sparse_retrieve|hybrid_retrieve|hybrid_rerank,hybrid_rerank,-0.02,0,grader,-0.51349,-1.0,0.387392,-1.0,-0.51349,-1.0,0.387392,-1.0,0.24325522780418396,5,0.6936959475278854,0.0,,,,,,,,,,
148,2,grader,keep_all|loose_filter|medium_filter|strict_filter|rerank_only,strict_filter,-0.07,0,generator,1.0,0.985198,1.0,,1.0,0.985198,1.0,0.0,,,,,,,1.0,0.9977797657251357,1.0,,,,,
148,3,generator,generate_answer|generate_with_strict_citations|generate_short_answer,generate_short_answer,-0.07,0,verifier,-0.054221,-0.017448,0.769937,-1.0,-0.054221,-0.017448,0.769937,-1.0,,,,,,,,,,0.4728896450251341,0.49127623066306114,177,0.0,
148,4,verifier,verify_answer,verify_answer,0.7166,1,,-0.419355,,,,-0.419355,0.0,0.0,0.0,,,,,,,,,,,,,,0.2903224229812622
149,1,retriever,dense_retrieve|sparse_retrieve|hybrid_retrieve|hybrid_rerank,hybrid_rerank,-0.02,0,grader,-0.615546,-0.887711,0.38391,-0.849631,-0.615546,-0.887711,0.38391,-0.849631,0.19222694635391235,5,0.6919548958539963,0.07518428564071655,,,,,,,,,,
149,2,grader,keep_all|loose_filter|medium_filter|strict_filter|rerank_only,strict_filter,-0.07,0,generator,0.921534,0.996309,1.0,,0.921534,0.996309,1.0,0.0,,,,,,,0.9607671499252319,0.9994463920593262,1.0,,,,,
149,3,generator,generate_answer|generate_with_strict_citations|generate_short_answer,generate_short_answer,-0.07,0,verifier,0.062936,-0.209389,0.86308,-1.0,0.062936,-0.209389,0.86308,-1.0,,,,,,,,,,0.5314682312309742,0.39530565589666367,183,0.0,
149,4,verifier,verify_answer,verify_answer,0.768,1,,-0.317829,,,,-0.317829,0.0,0.0,0.0,,,,,,,,,,,,,,0.3410852700471878
150,1,retriever,dense_retrieve|sparse_retrieve|hybrid_retrieve|hybrid_rerank,hybrid_rerank,-0.02,0,grader,-0.605129,-1.0,0.404138,-0.968151,-0.605129,-1.0,0.404138,-0.968151,0.19743546843528748,5,0.7020692378282547,0.015924721956253052,,,,,,,,,,
150,2,grader,keep_all|loose_filter|medium_filter|strict_filter|rerank_only,strict_filter,-0.07,0,generator,0.962227,0.878586,0.956498,,0.962227,0.878586,0.956498,0.0,,,,,,,0.9811135828495026,0.9817878812551497,0.9782491028308868,,,,,
150,3,generator,generate_answer|generate_with_strict_citations|generate_short_answer,generate_short_answer,-0.07,0,verifier,-0.136466,-0.47428,1.0,-0.738643,-0.136466,-0.47428,1.0,-0.738643,,,,,,,,,,0.4317668378353119,0.26286014914512634,242,0.1306787133216858,
150,4,verifier,verify_answer,verify_answer,0.6514,1,,-0.31754,,,,-0.31754,0.0,0.0,0.0,,,,,,,,,,,,,,0.3412299007177353
151,1,retriever,dense_retrieve|sparse_retrieve|hybrid_retrieve|hybrid_rerank,hybrid_rerank,-0.02,0,grader,-0.46147,-0.923606,0.547117,-0.936018,-0.46147,-0.923606,0.547117,-0.936018,0.2692647874355316,5,0.7735585570335388,0.03199079632759094,,,,,,,,,,
151,2,grader,keep_all|loose_filter|medium_filter|strict_filter|rerank_only,strict_filter,-0.07,0,generator,0.901205,1.0,0.806138,,0.901205,1.0,0.806138,0.0,,,,,,,0.9506027102470398,1.0,0.9030687808990479,,,,,
151,3,generator,generate_answer|generate_with_strict_citations|generate_short_answer,generate_short_answer,-0.07,0,verifier,-0.141669,-0.169407,0.965466,-0.664471,-0.141669,-0.169407,0.965466,-0.664471,,,,,,,,,,0.42916543781757355,0.41529668867588043,253,0.16776427626609802,
151,4,verifier,verify_answer,verify_answer,0.7086,1,,-0.942248,,,,-0.942248,0.0,0.0,0.0,,,,,,,,,,,,,,0.02887621521949768
152,1,retriever,dense_retrieve|sparse_retrieve|hybrid_retrieve|hybrid_rerank,sparse_retrieve,-0.02,0,grader,-1.0,1.0,-0.970635,-1.0,-1.0,1.0,-0.970635,-1.0,0.0,20,0.014682620763778687,0.0,,,,,,,,,,
152,2,grader,keep_all|loose_filter|medium_filter|strict_filter|rerank_only,keep_all,-0.07,0,generator,1.0,0.868965,-0.853465,,1.0,0.868965,-0.853465,0.0,,,,,,,1.0,0.9803447008132934,0.07326769828796387,,,,,
152,3,generator,generate_answer|generate_with_strict_citations|generate_short_answer,generate_with_strict_citations,-0.07,0,verifier,1.0,0.864905,-0.724057,-1.0,1.0,0.864905,-0.724057,-1.0,,,,,,,,,,1.0,0.9324524104595184,128,0.0,
152,4,verifier,verify_answer,verify_answer,0.6074,1,,1.0,,,,1.0,0.0,0.0,0.0,,,,,,,,,,,,,,1.0
153,1,retriever,dense_retrieve|sparse_retrieve|hybrid_retrieve|hybrid_rerank,hybrid_rerank,-0.02,0,grader,0.072257,-1.0,0.141941,-1.0,0.072257,-1.0,0.141941,-1.0,0.5361283160746098,5,0.570970706641674,0.0,,,,,,,,,,
153,2,grader,keep_all|loose_filter|medium_filter|strict_filter|rerank_only,strict_filter,-0.07,0,generator,1.0,0.995264,0.946153,,1.0,0.995264,0.946153,0.0,,,,,,,1.0,0.9992896527051924,0.9730763137340546,,,,,
153,3,generator,generate_answer|generate_with_strict_citations|generate_short_answer,generate_short_answer,-0.07,0,verifier,0.01195,-0.211139,0.733351,-0.064158,0.01195,-0.211139,0.733351,-0.064158,,,,,,,,,,0.5059749619103968,0.3944306746125221,337,0.4679211750626564,
153,4,verifier,verify_answer,verify_answer,0.6016,1,,-0.20969,,,,-0.20969,0.0,0.0,0.0,,,,,,,,,,,,,,0.39515507966279984
154,1,retriever,dense_retrieve|sparse_retrieve|hybrid_retrieve|hybrid_rerank,sparse_retrieve,-0.02,0,grader,-0.728485,1.0,-1.0,-1.0,-0.728485,1.0,-1.0,-1.0,0.13575753569602966,20,0.0,0.0,,,,,,,,,,
154,2,grader,keep_all|loose_filter|medium_filter|strict_filter|rerank_only,keep_all,-0.07,0,generator,0.832698,0.966289,-1.0,,0.832698,0.966289,-1.0,0.0,,,,,,,0.9163488149642944,0.9949434012174605,0.0,,,,,
154,3,generator,generate_answer|generate_with_strict_citations|generate_short_answer,generate_with_strict_citations,-0.07,0,verifier,1.0,1.0,-0.783902,-1.0,1.0,1.0,-0.783902,-1.0,,,,,,,,,,1.0,1.0,128,0.0,
154,4,verifier,verify_answer,verify_answer,0.7224,1,,0.96449,,,,0.96449,0.0,0.0,0.0,,,,,,,,,,,,,,0.9822447896003723
155,1,retriever,dense_retrieve|sparse_retrieve|hybrid_retrieve|hybrid_rerank,sparse_retrieve,-0.02,0,grader,-0.604143,0.868306,-0.843403,-0.738673,-0.604143,0.868306,-0.843403,-0.738673,0.19792863726615906,19,0.0782986581325531,0.13066339492797852,,,,,,,,,,
155,2,grader,keep_all|loose_filter|medium_filter|strict_filter|rerank_only,keep_all,-0.07,0,generator,0.81347,0.909403,-1.0,,0.81347,0.909403,-1.0,0.0,,,,,,,0.906734973192215,0.9864104092121124,0.0,,,,,
155,3,generator,generate_answer|generate_with_strict_citations|generate_short_answer,generate_with_strict_citations,-0.07,0,verifier,1.0,0.858437,-0.930411,-1.0,1.0,0.858437,-0.930411,-1.0,,,,,,,,,,1.0,0.9292183816432953,128,0.0,
155,4,verifier,verify_answer,verify_answer,0.873,1,,0.993358,,,,0.993358,0.0,0.0,0.0,,,,,,,,,,,,,,0.9966788291931152
156,1,retriever,dense_retrieve|sparse_retrieve|hybrid_retrieve|hybrid_rerank,hybrid_retrieve,-0.02,0,grader,-0.276908,0.98984,-1.0,-0.994917,-0.276908,0.98984,-1.0,-0.994917,0.36154624819755554,19,0.0,0.002541452646255493,,,,,,,,,,
156,2,grader,keep_all|loose_filter|medium_filter|strict_filter|rerank_only,keep_all,-0.07,0,generator,0.986475,0.921354,-1.0,,0.986475,0.921354,-1.0,0.0,,,,,,,0.9932374358177185,0.9882031440734862,0.0,,,,,
156,3,generator,generate_answer|generate_with_strict_citations|generate_short_answer,generate_answer,-0.07,0,verifier,0.099231,-0.765869,0.939887,0.43402,0.099231,-0.765869,0.939887,0.43402,,,,,,,,,,0.5496155358850956,0.11706554889678955,384,0.717009887099266,
156,4,verifier,verify_answer,verify_answer,0.6539,1,,0.280407,,,,0.280407,0.0,0.0,0.0,,,,,,,,,,,,,,0.6402034014463425
157,1,retriever,dense_retrieve|sparse_retrieve|hybrid_retrieve|hybrid_rerank,hybrid_rerank,-0.02,0,grader,-0.125227,-0.918555,0.072153,-0.853774,-0.125227,-0.918555,0.072153,-0.853774,0.43738632649183273,5,0.5360765345394611,0.07311299443244934,,,,,,,,,,
157,2,grader,keep_all|loose_filter|medium_filter|strict_filter|rerank_only,strict_filter,-0.07,0,generator,0.751444,0.270871,0.811414,,0.751444,0.270871,0.811414,0.0,,,,,,,0.8757219612598419,0.8906306162476539,0.9057068824768066,,,,,
157,3,generator,generate_answer|generate_with_strict_citations|generate_short_answer,generate_short_answer,-0.07,0,verifier,0.370456,0.030648,1.0,-0.300611,0.370456,0.030648,1.0,-0.300611,,,,,,,,,,0.6852281540632248,0.5153237953782082,326,0.34969431161880493,
157,4,verifier,verify_answer,verify_answer,0.8163,1,,0.025904,,,,0.025904,0.0,0.0,0.0,,,,,,,,,,,,,,0.5129522169008851
158,1,retriever,dense_retrieve|sparse_retrieve|hybrid_retrieve|hybrid_rerank,sparse_retrieve,-0.02,0,grader,-1.0,0.914125,-1.0,-1.0,-1.0,0.914125,-1.0,-1.0,0.0,19,0.0,0.0,,,,,,,,,,
158,2,grader,keep_all|loose_filter|medium_filter|strict_filter|rerank_only,keep_all,-0.07,0,generator,0.973748,0.924793,-1.0,,0.973748,0.924793,-1.0,0.0,,,,,,,0.9868738949298859,0.9887189239263534,0.0,,,,,
158,3,generator,generate_answer|generate_with_strict_citations|generate_short_answer,generate_with_strict_citations,-0.07,0,verifier,1.0,0.806572,-0.958402,-0.671355,1.0,0.806572,-0.958402,-0.671355,,,,,,,,,,1.0,0.9032859206199646,128,0.16432273387908936,
158,4,verifier,verify_answer,verify_answer,0.7802,1,,0.857118,,,,0.857118,0.0,0.0,0.0,,,,,,,,,,,,,,0.9285592436790466
159,1,retriever,dense_retrieve|sparse_retrieve|hybrid_retrieve|hybrid_rerank,sparse_retrieve,-0.02,0,grader,-1.0,0.950955,-0.830967,-0.59052,-1.0,0.950955,-0.830967,-0.59052,0.0,19,0.08451664447784424,0.20473995804786682,,,,,,,,,,
159,2,grader,keep_all|loose_filter|medium_filter|strict_filter|rerank_only,keep_all,-0.07,0,generator,0.814603,1.0,-1.0,,0.814603,1.0,-1.0,0.0,,,,,,,0.9073016047477722,1.0,0.0,,,,,
159,3,generator,generate_answer|generate_with_strict_citations|generate_short_answer,generate_with_strict_citations,-0.07,0,verifier,0.979537,1.0,-1.0,-0.946716,0.979537,1.0,-1.0,-0.946716,,,,,,,,,,0.9897684156894684,1.0,128,0.026642024517059326,
159,4,verifier,verify_answer,verify_answer,0.7797,1,,1.0,,,,1.0,0.0,0.0,0.0,,,,,,,,,,,,,,1.0
160,1,retriever,dense_retrieve|sparse_retrieve|hybrid_retrieve|hybrid_rerank,hybrid_retrieve,-0.02,0,grader,-0.189309,1.0,-0.942059,-1.0,-0.189309,1.0,-0.942059,-1.0,0.40534526854753494,20,0.028970539569854736,0.0,,,,,,,,,,
160,2,grader,keep_all|loose_filter|medium_filter|strict_filter|rerank_only,keep_all,-0.07,0,generator,1.0,0.896535,-0.900174,,1.0,0.896535,-0.900174,0.0,,,,,,,1.0,0.9844802379608153,0.04991275072097778,,,,,
160,3,generator,generate_answer|generate_with_strict_citations|generate_short_answer,generate_short_answer,-0.07,0,verifier,0.557967,-0.751494,0.926262,-0.3695,0.557967,-0.751494,0.926262,-0.3695,,,,,,,,,,0.7789833843708038,0.12425291538238525,304,0.315250039100647,
160,4,verifier,verify_answer,verify_answer,0.6031,1,,-0.317506,,,,-0.317506,0.0,0.0,0.0,,,,,,,,,,,,,,0.3412468433380127
161,1,retriever,dense_retrieve|sparse_retrieve|hybrid_retrieve|hybrid_rerank,hybrid_rerank,-0.02,0,grader,-0.896548,-0.795878,0.31143,-0.679508,-0.896548,-0.795878,0.31143,-0.679508,0.05172604322433472,6,0.6557151973247528,0.16024592518806458,,,,,,,,,,
161,2,grader,keep_all|loose_filter|medium_filter|strict_filter|rerank_only,medium_filter,-0.07,0,generator,0.896812,0.037691,0.671265,,0.896812,0.037691,0.671265,0.0,,,,,,,0.9484060108661652,0.8556537048891186,0.8356323838233948,,,,,
161,3,generator,generate_answer|generate_with_strict_citations|generate_short_answer,generate_short_answer,-0.07,0,verifier,0.564885,-0.149961,1.0,-0.155146,0.564885,-0.149961,1.0,-0.155146,,,,,,,,,,0.7824424803256989,0.42501935362815857,354,0.4224267899990082,
161,4,verifier,verify_answer,verify_answer,0.7833,1,,-0.617099,,,,-0.617099,0.0,0.0,0.0,,,,,,,,,,,,,,0.1914503276348114
162,1,retriever,dense_retrieve|sparse_retrieve|hybrid_retrieve|hybrid_rerank,hybrid_rerank,-0.02,0,grader,-0.577101,-0.882925,0.27363,-0.342319,-0.577101,-0.882925,0.27363,-0.342319,0.21144941449165344,5,0.6368150860071182,0.3288402557373047,,,,,,,,,,
162,2,grader,keep_all|loose_filter|medium_filter|strict_filter|rerank_only,strict_filter,-0.07,0,generator,0.961828,0.21816,0.960167,,0.961828,0.21816,0.960167,0.0,,,,,,,0.9809140861034393,0.8827240139245986,0.9800834655761719,,,,,
162,3,generator,generate_answer|generate_with_strict_citations|generate_short_answer,generate_short_answer,-0.07,0,verifier,0.189292,-0.283088,0.554735,-0.010802,0.189292,-0.283088,0.554735,-0.010802,,,,,,,,,,0.5946461111307144,0.35845592617988586,325,0.4945991700515151,
162,4,verifier,verify_answer,verify_answer,0.7798,1,,-0.261009,,,,-0.261009,0.0,0.0,0.0,,,,,,,,,,,,,,0.3694952726364136
163,1,retriever,dense_retrieve|sparse_retrieve|hybrid_retrieve|hybrid_rerank,sparse_retrieve,-0.02,0,grader,-0.950458,0.937506,-0.828258,-0.315918,-0.950458,0.937506,-0.828258,-0.315918,0.024771004915237427,19,0.08587104082107544,0.34204116463661194,,,,,,,,,,
163,2,grader,keep_all|loose_filter|medium_filter|strict_filter|rerank_only,keep_all,-0.07,0,generator,0.88356,1.0,-1.0,,0.88356,1.0,-1.0,0.0,,,,,,,0.9417802095413208,1.0,0.0,,,,,
163,3,generator,generate_answer|generate_with_strict_citations|generate_short_answer,generate_with_strict_citations,-0.07,0,verifier,0.785643,0.870443,-0.864873,-0.846362,0.785643,0.870443,-0.864873,-0.846362,,,,,,,,,,0.8928216695785522,0.9352214932441711,128,0.07681906223297119,
163,4,verifier,verify_answer,verify_answer,0.5746,1,,1.0,,,,1.0,0.0,0.0,0.0,,,,,,,,,,,,,,1.0
164,1,retriever,dense_retrieve|sparse_retrieve|hybrid_retrieve|hybrid_rerank,sparse_retrieve,-0.02,0,grader,-0.873333,1.0,-1.0,-0.133034,-0.873333,1.0,-1.0,-0.133034,0.06333374977111816,20,0.0,0.43348321318626404,,,,,,,,,,
164,2,grader,keep_all|loose_filter|medium_filter|strict_filter|rerank_only,keep_all,-0.07,0,generator,1.0,1.0,-0.821072,,1.0,1.0,-0.821072,0.0,,,,,,,1.0,1.0,0.08946377038955688,,,,,
164,3,generator,generate_answer|generate_with_strict_citations|generate_short_answer,generate_with_strict_citations,-0.07,0,verifier,1.0,1.0,-0.83433,-0.99742,1.0,1.0,-0.83433,-0.99742,,,,,,,,,,1.0,1.0,128,0.0012900233268737793,
164,4,verifier,verify_answer,verify_answer,0.7374,1,,0.864038,,,,0.864038,0.0,0.0,0.0,,,,,,,,,,,,,,0.9320189952850342
165,1,retriever,dense_retrieve|sparse_retrieve|hybrid_retrieve|hybrid_rerank,hybrid_rerank,-0.02,0,grader,-0.615097,-1.0,0.092186,-0.764982,-0.615097,-1.0,0.092186,-0.764982,0.19245174527168274,5,0.5460929721593857,0.1175091564655304,,,,,,,,,,
165,2,grader,keep_all|loose_filter|medium_filter|strict_filter|rerank_only,medium_filter,-0.07,0,generator,0.874546,0.57523,0.70738,,0.874546,0.57523,0.70738,0.0,,,,,,,0.9372727572917938,0.9362844377756119,0.8536897897720337,,,,,
165,3,generator,generate_answer|generate_with_strict_citations|generate_short_answer,generate_short_answer,-0.07,0,verifier,-0.0155,-0.229368,0.873079,-0.323532,-0.0155,-0.229368,0.873079,-0.323532,,,,,,,,,,0.4922499842941761,0.38531606644392014,307,0.3382341265678406,
165,4,verifier,verify_answer,verify_answer,-0.07,0,verifier,0.181024,,,,0.181024,0.0,0.0,0.0,,,,,,,,,,,,,,0.5905121713876724
165,5,verifier,request_regeneration|request_more_retrieval|request_rewrite,request_regeneration,-0.07,0,generator,0.495707,,,,0.495707,0.0,0.0,0.0,,,,,,,,,,,,,,0.7478535771369934
165,6,generator,generate_answer|generate_with_strict_citations|generate_short_answer|regenerate,generate_short_answer,-0.07,0,verifier,-0.233556,-0.418768,0.750096,-0.273821,-0.233556,-0.418768,0.750096,-0.273821,,,,,,,,,,0.38322223722934723,0.2906159311532974,303,0.363089382648468,
165,7,verifier,verify_answer,verify_answer,0.6195,1,,-0.067344,,,,-0.067344,0.0,0.0,0.0,,,,,,,,,,,,,,0.4663281850516796
166,1,retriever,dense_retrieve|sparse_retrieve|hybrid_retrieve|hybrid_rerank,sparse_retrieve,-0.02,0,grader,-1.0,0.692156,-0.900342,-0.754773,-1.0,0.692156,-0.900342,-0.754773,0.0,17,0.04982882738113403,0.12261360883712769,,,,,,,,,,
166,2,grader,keep_all|loose_filter|medium_filter|strict_filter|rerank_only,keep_all,-0.07,0,generator,1.0,1.0,-0.795291,,1.0,1.0,-0.795291,0.0,,,,,,,1.0,1.0,0.102354496717453,,,,,
166,3,generator,generate_answer|generate_with_strict_citations|generate_short_answer,generate_short_answer,-0.07,0,verifier,0.796827,0.531069,-0.966715,-0.726775,0.796827,0.531069,-0.966715,-0.726775,,,,,,,,,,0.8984133899211884,0.7655343413352966,128,0.13661259412765503,
166,4,verifier,verify_answer,verify_answer,0.7578,1,,1.0,,,,1.0,0.0,0.0,0.0,,,,,,,,,,,,,,1.0
167,1,retriever,dense_retrieve|sparse_retrieve|hybrid_retrieve|hybrid_rerank,sparse_retrieve,-0.02,0,grader,-0.943069,0.918031,-0.875497,-0.698658,-0.943069,0.918031,-0.875497,-0.698658,0.02846527099609375,19,0.06225162744522095,0.1506710648536682,,,,,,,,,,
167,2,grader,keep_all|loose_filter|medium_filter|strict_filter|rerank_only,keep_all,-0.07,0,generator,1.0,1.0,-0.840345,,1.0,1.0,-0.840345,0.0,,,,,,,1.0,1.0,0.07982754707336426,,,,,
167,3,generator,generate_answer|generate_with_strict_citations|generate_short_answer,generate_with_strict_citations,-0.07,0,verifier,1.0,1.0,-1.0,-1.0,1.0,1.0,-1.0,-1.0,,,,,,,,,,1.0,1.0,128,0.0,
167,4,verifier,verify_answer,verify_answer,0.81,1,,0.730161,,,,0.730161,0.0,0.0,0.0,,,,,,,,,,,,,,0.8650806844234467
168,1,retriever,dense_retrieve|sparse_retrieve|hybrid_retrieve|hybrid_rerank,hybrid_rerank,-0.02,0,grader,-0.723964,-1.0,0.489986,-0.751819,-0.723964,-1.0,0.489986,-0.751819,0.13801822066307068,5,0.7449930757284164,0.12409055233001709,,,,,,,,,,
168,2,grader,keep_all|loose_filter|medium_filter|strict_filter|rerank_only,strict_filter,-0.07,0,generator,0.866021,0.254623,0.994852,,0.866021,0.254623,0.994852,0.0,,,,,,,0.9330107271671295,0.8881935119628905,0.9974261820316315,,,,,
168,3,generator,generate_answer|generate_with_strict_citations|generate_short_answer,generate_short_answer,-0.07,0,verifier,-0.120342,-0.108969,1.0,-0.402397,-0.120342,-0.108969,1.0,-0.402397,,,,,,,,,,0.43982895091176033,0.44551533460617065,306,0.298801451921463,
168,4,verifier,verify_answer,verify_answer,0.6555,1,,-0.739682,,,,-0.739682,0.0,0.0,0.0,,,,,,,,,,,,,,0.13015896081924438
169,1,retriever,dense_retrieve|sparse_retrieve|hybrid_retrieve|hybrid_rerank,sparse_retrieve,-0.02,0,grader,-1.0,0.948882,-1.0,-0.720689,-1.0,0.948882,-1.0,-0.720689,0.0,19,0.0,0.13965553045272827,,,,,,,,,,
169,2,grader,keep_all|loose_filter|medium_filter|strict_filter|rerank_only,keep_all,-0.07,0,generator,0.928251,1.0,-0.959935,,0.928251,1.0,-0.959935,0.0,,,,,,,0.9641255438327789,1.0,0.020032554864883423,,,,,
169,3,generator,generate_answer|generate_with_strict_citations|generate_short_answer,generate_with_strict_citations,-0.07,0,verifier,1.0,1.0,-1.0,-0.937327,1.0,1.0,-1.0,-0.937327,,,,,,,,,,1.0,1.0,128,0.03133666515350342,
169,4,verifier,verify_answer,verify_answer,0.6364,1,,0.980967,,,,0.980967,0.0,0.0,0.0,,,,,,,,,,,,,,0.9904836416244507
170,1,retriever,dense_retrieve|sparse_retrieve|hybrid_retrieve|hybrid_rerank,sparse_retrieve,-0.02,0,grader,-0.899127,0.906795,-1.0,-0.482347,-0.899127,0.906795,-1.0,-0.482347,0.05043628811836243,19,0.0,0.25882628560066223,,,,,,,,,,
170,2,grader,keep_all|loose_filter|medium_filter|strict_filter|rerank_only,keep_all,-0.07,0,generator,1.0,1.0,-0.854412,,1.0,1.0,-0.854412,0.0,,,,,,,1.0,1.0,0.07279404997825623,,,,,
170,3,generator,generate_answer|generate_with_strict_citations|generate_short_answer,generate_with_strict_citations,-0.07,0,verifier,1.0,0.985748,-0.965684,-1.0,1.0,0.985748,-0.965684,-1.0,,,,,,,,,,1.0,0.992874026298523,128,0.0,
170,4,verifier,verify_answer,verify_answer,-0.07,0,verifier,0.948303,,,,0.948303,0.0,0.0,0.0,,,,,,,,,,,,,,0.9741512537002563
170,5,verifier,request_regeneration|request_more_retrieval|request_rewrite,request_regeneration,-0.07,0,generator,1.0,,,,1.0,0.0,0.0,0.0,,,,,,,,,,,,,,1.0
170,6,generator,generate_answer|generate_with_strict_citations|generate_short_answer|regenerate,generate_with_strict_citations,-0.07,0,verifier,1.0,0.964071,-1.0,-1.0,1.0,0.964071,-1.0,-1.0,,,,,,,,,,1.0,0.9820353090763092,128,0.0,
170,7,verifier,verify_answer,verify_answer,-0.07,0,verifier,1.0,,,,1.0,0.0,0.0,0.0,,,,,,,,,,,,,,1.0
170,8,verifier,request_regeneration|request_more_retrieval|request_rewrite,request_regeneration,-0.07,0,generator,0.893145,,,,0.893145,0.0,0.0,0.0,,,,,,,,,,,,,,0.946572333574295
170,9,generator,generate_answer|generate_with_strict_citations|generate_short_answer|regenerate,generate_with_strict_citations,-0.07,0,verifier,0.93514,0.884086,-1.0,-1.0,0.93514,0.884086,-1.0,-1.0,,,,,,,,,,0.967569887638092,0.9420430362224579,128,0.0,
170,10,verifier,verify_answer,verify_answer,0.0488,1,,0.884077,,,,0.884077,0.0,0.0,0.0,,,,,,,,,,,,,,0.9420385360717773
171,1,retriever,dense_retrieve|sparse_retrieve|hybrid_retrieve|hybrid_rerank,sparse_retrieve,-0.02,0,grader,-1.0,1.0,-0.946585,0.046342,-1.0,1.0,-0.946585,0.046342,0.0,20,0.026707381010055542,0.5231709592044353,,,,,,,,,,
171,2,grader,keep_all|loose_filter|medium_filter|strict_filter|rerank_only,keep_all,-0.07,0,generator,1.0,0.828539,-0.843151,,1.0,0.828539,-0.843151,0.0,,,,,,,1.0,0.9742808699607848,0.07842457294464111,,,,,
171,3,generator,generate_answer|generate_with_strict_citations|generate_short_answer,generate_with_strict_citations,-0.07,0,verifier,0.98204,1.0,-1.0,-1.0,0.98204,1.0,-1.0,-1.0,,,,,,,,,,0.9910198748111725,1.0,128,0.0,
171,4,verifier,verify_answer,verify_answer,0.7669,1,,1.0,,,,1.0,0.0,0.0,0.0,,,,,,,,,,,,,,1.0
172,1,retriever,dense_retrieve|sparse_retrieve|hybrid_retrieve|hybrid_rerank,sparse_retrieve,-0.02,0,grader,-0.428308,-1.0,-0.45937,-0.236399,-0.428308,-1.0,-0.45937,-0.236399,0.28584587574005127,5,0.2703152000904083,0.3818003460764885,,,,,,,,,,
172,2,grader,keep_all|loose_filter|medium_filter|strict_filter|rerank_only,keep_all,-0.07,0,generator,0.821346,1.0,-1.0,,0.821346,1.0,-1.0,0.0,,,,,,,0.9106730222702026,1.0,0.0,,,,,
172,3,generator,generate_answer|generate_with_strict_citations|generate_short_answer,generate_with_strict_citations,-0.07,0,verifier,1.0,0.934561,-0.906091,-1.0,1.0,0.934561,-0.906091,-1.0,,,,,,,,,,1.0,0.9672802984714508,128,0.0,
172,4,verifier,verify_answer,verify_answer,0.8632,1,,0.970935,,,,0.970935,0.0,0.0,0.0,,,,,,,,,,,,,,0.985467255115509
173,1,retriever,dense_retrieve|sparse_retrieve|hybrid_retrieve|hybrid_rerank,sparse_retrieve,-0.02,0,grader,-0.975463,0.841994,-0.885631,-0.518415,-0.975463,0.841994,-0.885631,-0.518415,0.012268394231796265,18,0.057184696197509766,0.2407924234867096,,,,,,,,,,
173,2,grader,keep_all|loose_filter|medium_filter|strict_filter|rerank_only,keep_all,-0.07,0,generator,0.965498,0.850089,-1.0,,0.965498,0.850089,-1.0,0.0,,,,,,,0.9827488362789154,0.9775133162736892,0.0,,,,,
173,3,generator,generate_answer|generate_with_strict_citations|generate_short_answer,generate_with_strict_citations,-0.07,0,verifier,0.96462,1.0,-0.878926,-0.996628,0.96462,1.0,-0.878926,-0.996628,,,,,,,,,,0.982310026884079,1.0,128,0.0016858875751495361,
173,4,verifier,verify_answer,verify_answer,0.76,1,,0.955301,,,,0.955301,0.0,0.0,0.0,,,,,,,,,,,,,,0.9776505827903748
174,1,retriever,dense_retrieve|sparse_retrieve|hybrid_retrieve|hybrid_rerank,sparse_retrieve,-0.02,0,grader,-0.689162,-0.896906,-0.256832,-0.225121,-0.689162,-0.896906,-0.256832,-0.225121,0.15541908144950867,5,0.3715841472148895,0.3874394968152046,,,,,,,,,,
174,2,grader,keep_all|loose_filter|medium_filter|strict_filter|rerank_only,keep_all,-0.07,0,generator,1.0,1.0,-0.932553,,1.0,1.0,-0.932553,0.0,,,,,,,1.0,1.0,0.03372356295585632,,,,,
174,3,generator,generate_answer|generate_with_strict_citations|generate_short_answer,generate_with_strict_citations,-0.07,0,verifier,0.996311,1.0,-0.907656,-1.0,0.996311,1.0,-0.907656,-1.0,,,,,,,,,,0.9981553256511688,1.0,128,0.0,
174,4,verifier,verify_answer,verify_answer,-0.07,0,verifier,0.909064,,,,0.909064,0.0,0.0,0.0,,,,,,,,,,,,,,0.9545318186283112
174,5,verifier,request_regeneration|request_more_retrieval|request_rewrite,request_regeneration,-0.07,0,generator,0.937642,,,,0.937642,0.0,0.0,0.0,,,,,,,,,,,,,,0.9688210189342499
174,6,generator,generate_answer|generate_with_strict_citations|generate_short_answer|regenerate,generate_with_strict_citations,-0.07,0,verifier,1.0,0.88505,-1.0,-1.0,1.0,0.88505,-1.0,-1.0,,,,,,,,,,1.0,0.9425252079963684,128,0.0,
174,7,verifier,verify_answer,verify_answer,0.73,1,,0.953885,,,,0.953885,0.0,0.0,0.0,,,,,,,,,,,,,,0.9769425988197327
175,1,retriever,dense_retrieve|sparse_retrieve|hybrid_retrieve|hybrid_rerank,hybrid_rerank,-0.02,0,grader,-0.775693,-0.946463,0.16273,-0.154831,-0.775693,-0.946463,0.16273,-0.154831,0.11215341091156006,5,0.5813650041818619,0.42258426547050476,,,,,,,,,,
175,2,grader,keep_all|loose_filter|medium_filter|strict_filter|rerank_only,strict_filter,-0.07,0,generator,0.75203,-0.270892,0.981731,,0.75203,-0.270892,0.981731,0.0,,,,,,,0.8760152161121368,0.809366200864315,0.9908656477928162,,,,,
175,3,generator,generate_answer|generate_with_strict_citations|generate_short_answer,generate_short_answer,-0.07,0,verifier,-0.123988,-0.323681,1.0,-0.255079,-0.123988,-0.323681,1.0,-0.255079,,,,,,,,,,0.43800585344433784,0.33815939724445343,335,0.37246063351631165,
175,4,verifier,verify_answer,verify_answer,0.716,1,,-0.503097,,,,-0.503097,0.0,0.0,0.0,,,,,,,,,,,,,,0.24845156073570251
176,1,retriever,dense_retrieve|sparse_retrieve|hybrid_retrieve|hybrid_rerank,sparse_retrieve,-0.02,0,grader,-1.0,0.901224,-1.0,-0.83897,-1.0,0.901224,-1.0,-0.83897,0.0,19,0.0,0.08051502704620361,,,,,,,,,,
176,2,grader,keep_all|loose_filter|medium_filter|strict_filter|rerank_only,keep_all,-0.07,0,generator,1.0,1.0,-1.0,,1.0,1.0,-1.0,0.0,,,,,,,1.0,1.0,0.0,,,,,
176,3,generator,generate_answer|generate_with_strict_citations|generate_short_answer,generate_with_strict_citations,-0.07,0,verifier,1.0,1.0,-0.824471,-0.759474,1.0,1.0,-0.824471,-0.759474,,,,,,,,,,1.0,1.0,128,0.12026306986808777,
176,4,verifier,verify_answer,verify_answer,0.828,1,,0.843942,,,,0.843942,0.0,0.0,0.0,,,,,,,,,,,,,,0.9219711124897003
177,1,retriever,dense_retrieve|sparse_retrieve|hybrid_retrieve|hybrid_rerank,sparse_retrieve,-0.02,0,grader,-1.0,0.800374,-1.0,-0.33933,-1.0,0.800374,-1.0,-0.33933,0.0,18,0.0,0.3303348124027252,,,,,,,,,,
177,2,grader,keep_all|loose_filter|medium_filter|strict_filter|rerank_only,keep_all,-0.07,0,generator,1.0,0.986672,-1.0,,1.0,0.986672,-1.0,0.0,,,,,,,1.0,0.9980008155107498,0.0,,,,,
177,3,generator,generate_answer|generate_with_strict_citations|generate_short_answer,generate_with_strict_citations,-0.07,0,verifier,1.0,0.864413,-0.681437,-1.0,1.0,0.864413,-0.681437,-1.0,,,,,,,,,,1.0,0.9322066903114319,128,0.0,
177,4,verifier,verify_answer,verify_answer,0.9281,1,,1.0,,,,1.0,0.0,0.0,0.0,,,,,,,,,,,,,,1.0
178,1,retriever,dense_retrieve|sparse_retrieve|hybrid_retrieve|hybrid_rerank,hybrid_retrieve,-0.02,0,grader,-0.167417,0.977066,-1.0,-1.0,-0.167417,0.977066,-1.0,-1.0,0.41629164665937424,19,0.0,0.0,,,,,,,,,,
178,2,grader,keep_all|loose_filter|medium_filter|strict_filter|rerank_only,keep_all,-0.07,0,generator,0.972896,1.0,-1.0,,0.972896,1.0,-1.0,0.0,,,,,,,0.9864480197429657,1.0,0.0,,,,,
178,3,generator,generate_answer|generate_with_strict_citations|generate_short_answer,generate_short_answer,-0.07,0,verifier,-0.267073,-1.0,0.945597,0.318479,-0.267073,-1.0,0.945597,0.318479,,,,,,,,,,0.36646366119384766,0.0,384,0.6592395901679993,
178,4,verifier,verify_answer,verify_answer,0.8082,1,,0.61495,,,,0.61495,0.0,0.0,0.0,,,,,,,,,,,,,,0.807475209236145
179,1,retriever,dense_retrieve|sparse_retrieve|hybrid_retrieve|hybrid_rerank,hybrid_rerank,-0.02,0,grader,-1.0,-0.905603,0.002686,-0.548581,-1.0,-0.905603,0.002686,-0.548581,0.0,5,0.501342891715467,0.22570928931236267,,,,,,,,,,
179,2,grader,keep_all|loose_filter|medium_filter|strict_filter|rerank_only,strict_filter,-0.07,0,generator,1.0,0.260927,1.0,,1.0,0.260927,1.0,0.0,,,,,,,1.0,0.8891390666365623,1.0,,,,,
179,3,generator,generate_answer|generate_with_strict_citations|generate_short_answer,generate_short_answer,-0.07,0,verifier,0.152668,0.098009,1.0,-0.370882,0.152668,0.098009,1.0,-0.370882,,,,,,,,,,0.5763339474797249,0.5490045361220837,312,0.3145590275526047,
179,4,verifier,verify_answer,verify_answer,0.7933,1,,-0.167572,,,,-0.167572,0.0,0.0,0.0,,,,,,,,,,,,,,0.41621412336826324
180,1,retriever,dense_retrieve|sparse_retrieve|hybrid_retrieve|hybrid_rerank,sparse_retrieve,-0.02,0,grader,-0.72323,-1.0,-0.368591,-0.287535,-0.72323,-1.0,-0.368591,-0.287535,0.13838496804237366,5,0.3157046139240265,0.3562324196100235,,,,,,,,,,
180,2,grader,keep_all|loose_filter|medium_filter|strict_filter|rerank_only,keep_all,-0.07,0,generator,1.0,1.0,-1.0,,1.0,1.0,-1.0,0.0,,,,,,,1.0,1.0,0.0,,,,,
180,3,generator,generate_answer|generate_with_strict_citations|generate_short_answer,generate_with_strict_citations,-0.07,0,verifier,0.993833,0.805997,-0.902652,-0.866065,0.993833,0.805997,-0.902652,-0.866065,,,,,,,,,,0.9969163239002228,0.9029987156391144,128,0.06696772575378418,
180,4,verifier,verify_answer,verify_answer,-0.07,0,verifier,0.929035,,,,0.929035,0.0,0.0,0.0,,,,,,,,,,,,,,0.9645177125930786
180,5,verifier,request_regeneration|request_more_retrieval|request_rewrite,request_regeneration,-0.07,0,generator,0.868821,,,,0.868821,0.0,0.0,0.0,,,,,,,,,,,,,,0.9344102740287781
180,6,generator,generate_answer|generate_with_strict_citations|generate_short_answer|regenerate,generate_with_strict_citations,-0.07,0,verifier,1.0,0.768553,-0.925828,-0.571147,1.0,0.768553,-0.925828,-0.571147,,,,,,,,,,1.0,0.8842766880989075,128,0.21442657709121704,
180,7,verifier,verify_answer,verify_answer,-0.07,0,verifier,0.850838,,,,0.850838,0.0,0.0,0.0,,,,,,,,,,,,,,0.9254189431667328
180,8,verifier,request_regeneration|request_more_retrieval|request_rewrite,request_regeneration,-0.07,0,generator,0.819144,,,,0.819144,0.0,0.0,0.0,,,,,,,,,,,,,,0.9095721244812012
180,9,generator,generate_answer|generate_with_strict_citations|generate_short_answer|regenerate,generate_with_strict_citations,-0.07,0,verifier,0.931541,0.914012,-0.963075,-0.732718,0.931541,0.914012,-0.963075,-0.732718,,,,,,,,,,0.9657703638076782,0.9570060074329376,128,0.13364100456237793,
180,10,verifier,verify_answer,verify_answer,0.31,1,,1.0,,,,1.0,0.0,0.0,0.0,,,,,,,,,,,,,,1.0
181,1,retriever,dense_retrieve|sparse_retrieve|hybrid_retrieve|hybrid_rerank,sparse_retrieve,-0.02,0,grader,-0.308465,-1.0,-0.492506,-0.410466,-0.308465,-1.0,-0.492506,-0.410466,0.3457675576210022,5,0.25374695658683777,0.29476702213287354,,,,,,,,,,
181,2,grader,keep_all|loose_filter|medium_filter|strict_filter|rerank_only,keep_all,-0.07,0,generator,0.897243,1.0,-1.0,,0.897243,1.0,-1.0,0.0,,,,,,,0.9486216902732849,1.0,0.0,,,,,
181,3,generator,generate_answer|generate_with_strict_citations|generate_short_answer,generate_with_strict_citations,-0.07,0,verifier,1.0,0.811846,-0.883511,-0.996594,1.0,0.811846,-0.883511,-0.996594,,,,,,,,,,1.0,0.9059230387210846,128,0.001703113317489624,
181,4,verifier,verify_answer,verify_answer,-0.07,0,verifier,0.853729,,,,0.853729,0.0,0.0,0.0,,,,,,,,,,,,,,0.9268645346164703
181,5,verifier,request_regeneration|request_more_retrieval|request_rewrite,request_regeneration,-0.07,0,generator,0.814276,,,,0.814276,0.0,0.0,0.0,,,,,,,,,,,,,,0.9071377515792847
181,6,generator,generate_answer|generate_with_strict_citations|generate_short_answer|regenerate,generate_with_strict_citations,-0.07,0,verifier,1.0,0.85476,-0.812072,-0.70042,1.0,0.85476,-0.812072,-0.70042,,,,,,,,,,1.0,0.9273801743984222,128,0.14978986978530884,
181,7,verifier,verify_answer,verify_answer,0.7063,1,,0.606776,,,,0.606776,0.0,0.0,0.0,,,,,,,,,,,,,,0.8033878207206726
182,1,retriever,dense_retrieve|sparse_retrieve|hybrid_retrieve|hybrid_rerank,hybrid_rerank,-0.02,0,grader,-0.387382,-0.976572,0.396592,-0.617656,-0.387382,-0.976572,0.396592,-0.617656,0.3063090592622757,5,0.6982957720756531,0.1911720335483551,,,,,,,,,,
182,2,grader,keep_all|loose_filter|medium_filter|strict_filter|rerank_only,strict_filter,-0.07,0,generator,0.967931,0.926069,0.978623,,0.967931,0.926069,0.978623,0.0,,,,,,,0.9839653670787811,0.9889103174209595,0.9893114864826202,,,,,
182,3,generator,generate_answer|generate_with_strict_citations|generate_short_answer,generate_short_answer,-0.07,0,verifier,0.56355,-0.179498,0.992515,-0.989184,0.56355,-0.179498,0.992515,-0.989184,,,,,,,,,,0.781775176525116,0.41025107353925705,193,0.005408048629760742,
182,4,verifier,verify_answer,verify_answer,0.6483,1,,-0.469469,,,,-0.469469,0.0,0.0,0.0,,,,,,,,,,,,,,0.2652655094861984
183,1,retriever,dense_retrieve|sparse_retrieve|hybrid_retrieve|hybrid_rerank,hybrid_rerank,-0.02,0,grader,-0.441216,-1.0,0.003414,-0.41687,-0.441216,-1.0,0.003414,-0.41687,0.2793922424316406,5,0.5017067862208933,0.29156504571437836,,,,,,,,,,
183,2,grader,keep_all|loose_filter|medium_filter|strict_filter|rerank_only,strict_filter,-0.07,0,generator,1.0,0.812839,1.0,,1.0,0.812839,1.0,0.0,,,,,,,1.0,0.9719258368015289,1.0,,,,,
183,3,generator,generate_answer|generate_with_strict_citations|generate_short_answer,generate_short_answer,-0.07,0,verifier,0.158821,0.103244,1.0,-1.0,0.158821,0.103244,1.0,-1.0,,,,,,,,,,0.5794106796383858,0.5516219846904278,192,0.0,
183,4,verifier,verify_answer,verify_answer,0.699,1,,-0.534885,,,,-0.534885,0.0,0.0,0.0,,,,,,,,,,,,,,0.23255744576454163
184,1,retriever,dense_retrieve|sparse_retrieve|hybrid_retrieve|hybrid_rerank,hybrid_rerank,-0.02,0,grader,-0.613167,-0.998511,0.143095,-0.549217,-0.613167,-0.998511,0.143095,-0.549217,0.19341635704040527,5,0.5715474039316177,0.22539150714874268,,,,,,,,,,
184,2,grader,keep_all|loose_filter|medium_filter|strict_filter|rerank_only,strict_filter,-0.07,0,generator,0.896747,0.699194,0.832005,,0.896747,0.699194,0.832005,0.0,,,,,,,0.9483733475208282,0.9548791736364364,0.9160026013851166,,,,,
184,3,generator,generate_answer|generate_with_strict_citations|generate_short_answer,generate_short_answer,-0.07,0,verifier,0.116934,0.080835,0.822568,-0.607805,0.116934,0.080835,0.822568,-0.607805,,,,,,,,,,0.5584669597446918,0.540417455136776,251,0.19609758257865906,
184,4,verifier,verify_answer,verify_answer,0.2955,1,,-0.228175,,,,-0.228175,0.0,0.0,0.0,,,,,,,,,,,,,,0.3859124034643173
185,1,retriever,dense_retrieve|sparse_retrieve|hybrid_retrieve|hybrid_rerank,hybrid_rerank,-0.02,0,grader,-0.881233,-1.0,0.173034,-0.593277,-0.881233,-1.0,0.173034,-0.593277,0.05938374996185303,5,0.5865168198943138,0.20336127281188965,,,,,,,,,,
185,2,grader,keep_all|loose_filter|medium_filter|strict_filter|rerank_only,strict_filter,-0.07,0,generator,0.928786,0.658581,1.0,,0.928786,0.658581,1.0,0.0,,,,,,,0.9643932282924652,0.9487871170043944,1.0,,,,,
185,3,generator,generate_answer|generate_with_strict_citations|generate_short_answer,generate_short_answer,-0.07,0,verifier,0.085351,-0.067879,1.0,-0.274216,0.085351,-0.067879,1.0,-0.274216,,,,,,,,,,0.5426755920052528,0.4660606272518635,331,0.36289219558238983,
185,4,verifier,verify_answer,verify_answer,0.7842,1,,-0.186544,,,,-0.186544,0.0,0.0,0.0,,,,,,,,,,,,,,0.40672823786735535
186,1,retriever,dense_retrieve|sparse_retrieve|hybrid_retrieve|hybrid_rerank,sparse_retrieve,-0.02,0,grader,-0.967398,0.867342,-1.0,-0.313913,-0.967398,0.867342,-1.0,-0.313913,0.016301125288009644,19,0.0,0.3430435061454773,,,,,,,,,,
186,2,grader,keep_all|loose_filter|medium_filter|strict_filter|rerank_only,keep_all,-0.07,0,generator,1.0,1.0,-0.567216,,1.0,1.0,-0.567216,0.0,,,,,,,1.0,1.0,0.21639177203178406,,,,,
186,3,generator,generate_answer|generate_with_strict_citations|generate_short_answer,generate_with_strict_citations,-0.07,0,verifier,0.769685,1.0,-1.0,-1.0,0.769685,1.0,-1.0,-1.0,,,,,,,,,,0.884842723608017,1.0,128,0.0,
186,4,verifier,verify_answer,verify_answer,0.8096,1,,1.0,,,,1.0,0.0,0.0,0.0,,,,,,,,,,,,,,1.0
187,1,retriever,dense_retrieve|sparse_retrieve|hybrid_retrieve|hybrid_rerank,sparse_retrieve,-0.02,0,grader,-0.684932,1.0,-0.905913,-0.53615,-0.684932,1.0,-0.905913,-0.53615,0.15753388404846191,20,0.047043293714523315,0.2319251000881195,,,,,,,,,,
187,2,grader,keep_all|loose_filter|medium_filter|strict_filter|rerank_only,keep_all,-0.07,0,generator,1.0,0.99167,-0.310857,,1.0,0.99167,-0.310857,0.0,,,,,,,1.0,0.9987505555152892,0.3445714861154556,,,,,
187,3,generator,generate_answer|generate_with_strict_citations|generate_short_answer,generate_with_strict_citations,-0.07,0,verifier,1.0,1.0,-0.919996,-0.897726,1.0,1.0,-0.919996,-0.897726,,,,,,,,,,1.0,1.0,128,0.05113708972930908,
187,4,verifier,verify_answer,verify_answer,-0.07,0,verifier,1.0,,,,1.0,0.0,0.0,0.0,,,,,,,,,,,,,,1.0
187,5,verifier,request_regeneration|request_more_retrieval|request_rewrite,request_regeneration,-0.07,0,generator,1.0,,,,1.0,0.0,0.0,0.0,,,,,,,,,,,,,,1.0
187,6,generator,generate_answer|generate_with_strict_citations|generate_short_answer|regenerate,generate_with_strict_citations,-0.07,0,verifier,1.0,0.936282,-1.0,-0.846663,1.0,0.936282,-1.0,-0.846663,,,,,,,,,,1.0,0.9681410491466522,128,0.07666841149330139,
187,7,verifier,verify_answer,verify_answer,-0.07,0,verifier,1.0,,,,1.0,0.0,0.0,0.0,,,,,,,,,,,,,,1.0
187,8,verifier,request_regeneration|request_more_retrieval|request_rewrite,request_regeneration,-0.07,0,generator,1.0,,,,1.0,0.0,0.0,0.0,,,,,,,,,,,,,,1.0
187,9,generator,generate_answer|generate_with_strict_citations|generate_short_answer|regenerate,generate_with_strict_citations,-0.07,0,verifier,1.0,0.943554,-0.980848,-1.0,1.0,0.943554,-0.980848,-1.0,,,,,,,,,,1.0,0.9717771410942078,128,0.0,
187,10,verifier,verify_answer,verify_answer,0.7126,1,,1.0,,,,1.0,0.0,0.0,0.0,,,,,,,,,,,,,,1.0
188,1,retriever,dense_retrieve|sparse_retrieve|hybrid_retrieve|hybrid_rerank,sparse_retrieve,-0.02,0,grader,-0.874282,1.0,-1.0,-0.677243,-0.874282,1.0,-1.0,-0.677243,0.0628589391708374,20,0.0,0.16137829422950745,,,,,,,,,,
188,2,grader,keep_all|loose_filter|medium_filter|strict_filter|rerank_only,strict_filter,-0.07,0,generator,0.772272,0.522768,0.953201,,0.772272,0.522768,0.953201,0.0,,,,,,,0.886135995388031,0.9284152388572693,0.9766003489494324,,,,,
188,3,generator,generate_answer|generate_with_strict_citations|generate_short_answer,generate_with_strict_citations,-0.07,0,verifier,1.0,1.0,-0.987033,-0.996537,1.0,1.0,-0.987033,-0.996537,,,,,,,,,,1.0,1.0,128,0.0017313361167907715,
188,4,verifier,verify_answer,verify_answer,0.6097,1,,0.898101,,,,0.898101,0.0,0.0,0.0,,,,,,,,,,,,,,0.9490503966808319
189,1,retriever,dense_retrieve|sparse_retrieve|hybrid_retrieve|hybrid_rerank,hybrid_retrieve,-0.02,0,grader,-0.162928,1.0,-0.911241,-1.0,-0.162928,1.0,-0.911241,-1.0,0.41853591054677963,20,0.044379472732543945,0.0,,,,,,,,,,
189,2,grader,keep_all|loose_filter|medium_filter|strict_filter|rerank_only,loose_filter,-0.07,0,generator,0.676917,-0.475341,0.443205,,0.676917,-0.475341,0.443205,0.0,,,,,,,0.8384584188461304,0.7786988556385039,0.7216023802757263,,,,,
189,3,generator,generate_answer|generate_with_strict_citations|generate_short_answer,generate_short_answer,-0.07,0,verifier,0.785167,-0.072054,0.146468,-0.800162,0.785167,-0.072054,0.146468,-0.800162,,,,,,,,,,0.8925837278366089,0.4639728479087353,164,0.09991896152496338,
189,4,verifier,verify_answer,verify_answer,0.7745,1,,-0.215035,,,,-0.215035,0.0,0.0,0.0,,,,,,,,,,,,,,0.3924826756119728
190,1,retriever,dense_retrieve|sparse_retrieve|hybrid_retrieve|hybrid_rerank,sparse_retrieve,-0.02,0,grader,-0.880934,0.783771,-0.814006,-0.562828,-0.880934,0.783771,-0.814006,-0.562828,0.05953297019004822,18,0.09299686551094055,0.21858611702919006,,,,,,,,,,
190,2,grader,keep_all|loose_filter|medium_filter|strict_filter|rerank_only,medium_filter,-0.07,0,generator,0.944528,0.012393,0.69205,,0.944528,0.012393,0.69205,0.0,,,,,,,0.9722642004489899,0.851858938485384,0.8460251986980438,,,,,
190,3,generator,generate_answer|generate_with_strict_citations|generate_short_answer,generate_with_strict_citations,-0.07,0,verifier,1.0,0.837288,-1.0,-1.0,1.0,0.837288,-1.0,-1.0,,,,,,,,,,1.0,0.9186441600322723,128,0.0,
190,4,verifier,verify_answer,verify_answer,0.8154,1,,1.0,,,,1.0,0.0,0.0,0.0,,,,,,,,,,,,,,1.0
191,1,retriever,dense_retrieve|sparse_retrieve|hybrid_retrieve|hybrid_rerank,hybrid_rerank,-0.02,0,grader,-0.79796,-0.763177,0.375708,-0.770501,-0.79796,-0.763177,0.375708,-0.770501,0.101019948720932,6,0.6878542453050613,0.11474961042404175,,,,,,,,,,
191,2,grader,keep_all|loose_filter|medium_filter|strict_filter|rerank_only,strict_filter,-0.07,0,generator,0.830371,0.1589,0.975116,,0.830371,0.1589,0.975116,0.0,,,,,,,0.9151853322982788,0.8738349318504333,0.9875581860542297,,,,,
191,3,generator,generate_answer|generate_with_strict_citations|generate_short_answer,generate_short_answer,-0.07,0,verifier,0.109094,-0.14428,1.0,-0.500714,0.109094,-0.14428,1.0,-0.500714,,,,,,,,,,0.5545469112694263,0.4278598725795746,287,0.2496429681777954,
191,4,verifier,verify_answer,verify_answer,0.6839,1,,-0.321799,,,,-0.321799,0.0,0.0,0.0,,,,,,,,,,,,,,0.33910034596920013
192,1,retriever,dense_retrieve|sparse_retrieve|hybrid_retrieve|hybrid_rerank,hybrid_rerank,-0.02,0,grader,-0.647931,-1.0,0.204237,-0.529296,-0.647931,-1.0,0.204237,-0.529296,0.17603451013565063,5,0.6021184250712395,0.23535186052322388,,,,,,,,,,
192,2,grader,keep_all|loose_filter|medium_filter|strict_filter|rerank_only,strict_filter,-0.07,0,generator,0.853472,-0.251434,1.0,,0.853472,-0.251434,1.0,0.0,,,,,,,0.9267359673976898,0.8122849225997925,1.0,,,,,
192,3,generator,generate_answer|generate_with_strict_citations|generate_short_answer,generate_short_answer,-0.07,0,verifier,-0.159367,-0.376167,0.883588,-0.411486,-0.159367,-0.376167,0.883588,-0.411486,,,,,,,,,,0.42031627148389816,0.3119165450334549,293,0.29425686597824097,
192,4,verifier,verify_answer,verify_answer,0.8087,1,,-0.223885,,,,-0.223885,0.0,0.0,0.0,,,,,,,,,,,,,,0.38805729150772095
193,1,retriever,dense_retrieve|sparse_retrieve|hybrid_retrieve|hybrid_rerank,sparse_retrieve,-0.02,0,grader,-0.353051,-0.835504,-0.097793,-0.737401,-0.353051,-0.835504,-0.097793,-0.737401,0.32347437739372253,6,0.4511033333837986,0.13129937648773193,,,,,,,,,,
193,2,grader,keep_all|loose_filter|medium_filter|strict_filter|rerank_only,strict_filter,-0.07,0,generator,0.775428,-0.741384,0.974122,,0.775428,-0.741384,0.974122,0.0,,,,,,,0.8877139389514923,0.738792359828949,0.987060934305191,,,,,
193,3,generator,generate_answer|generate_with_strict_citations|generate_short_answer,generate_with_strict_citations,-0.07,0,verifier,0.777749,0.854137,-1.0,-0.966747,0.777749,0.854137,-1.0,-0.966747,,,,,,,,,,0.888874351978302,0.9270685017108917,128,0.0166262686252594,
193,4,verifier,verify_answer,verify_answer,0.6434,1,,1.0,,,,1.0,0.0,0.0,0.0,,,,,,,,,,,,,,1.0
194,1,retriever,dense_retrieve|sparse_retrieve|hybrid_retrieve|hybrid_rerank,hybrid_rerank,-0.02,0,grader,-0.939304,-0.96723,0.26599,-0.329549,-0.939304,-0.96723,0.26599,-0.329549,0.03034818172454834,5,0.6329948604106903,0.3352256715297699,,,,,,,,,,
194,2,grader,keep_all|loose_filter|medium_filter|strict_filter|rerank_only,strict_filter,-0.07,0,generator,1.0,0.276959,0.804199,,1.0,0.276959,0.804199,0.0,,,,,,,1.0,0.8915437787771224,0.9020996987819672,,,,,
194,3,generator,generate_answer|generate_with_strict_citations|generate_short_answer,generate_short_answer,-0.07,0,verifier,0.152111,0.094712,0.824782,-0.389838,0.152111,0.094712,0.824782,-0.389838,,,,,,,,,,0.5760556682944298,0.5473561249673367,290,0.30508120357990265,
194,4,verifier,verify_answer,verify_answer,0.7379,1,,-0.284182,,,,-0.284182,0.0,0.0,0.0,,,,,,,,,,,,,,0.3579091280698776
195,1,retriever,dense_retrieve|sparse_retrieve|hybrid_retrieve|hybrid_rerank,hybrid_rerank,-0.02,0,grader,-0.975934,-1.0,0.326516,-0.178475,-0.975934,-1.0,0.326516,-0.178475,0.012033194303512573,5,0.6632580012083054,0.4107625186443329,,,,,,,,,,
195,2,grader,keep_all|loose_filter|medium_filter|strict_filter|rerank_only,strict_filter,-0.07,0,generator,1.0,0.184021,1.0,,1.0,0.184021,1.0,0.0,,,,,,,1.0,0.8776031874120235,1.0,,,,,
195,3,generator,generate_answer|generate_with_strict_citations|generate_short_answer,generate_short_answer,-0.07,0,verifier,-0.001602,0.168286,1.0,-0.627668,-0.001602,0.168286,1.0,-0.627668,,,,,,,,,,0.49919922166736796,0.5841427892446518,263,0.18616613745689392,
195,4,verifier,verify_answer,verify_answer,0.4936,1,,-0.425864,,,,-0.425864,0.0,0.0,0.0,,,,,,,,,,,,,,0.28706806898117065
196,1,retriever,dense_retrieve|sparse_retrieve|hybrid_retrieve|hybrid_rerank,hybrid_rerank,-0.02,0,grader,-1.0,-0.915892,0.034205,-0.184448,-1.0,-0.915892,0.034205,-0.184448,0.0,5,0.5171023905277252,0.4077758118510246,,,,,,,,,,
196,2,grader,keep_all|loose_filter|medium_filter|strict_filter|rerank_only,strict_filter,-0.07,0,generator,1.0,0.198887,1.0,,1.0,0.198887,1.0,0.0,,,,,,,1.0,0.8798330888152122,1.0,,,,,
196,3,generator,generate_answer|generate_with_strict_citations|generate_short_answer,generate_short_answer,-0.07,0,verifier,-0.130965,-0.127583,0.971137,-0.242157,-0.130965,-0.127583,0.971137,-0.242157,,,,,,,,,,0.43451736122369766,0.43620844930410385,333,0.37892167270183563,
196,4,verifier,verify_answer,verify_answer,0.8128,1,,-0.315887,,,,-0.315887,0.0,0.0,0.0,,,,,,,,,,,,,,0.3420565575361252
197,1,retriever,dense_retrieve|sparse_retrieve|hybrid_retrieve|hybrid_rerank,sparse_retrieve,-0.02,0,grader,-0.969255,1.0,-1.0,-1.0,-0.969255,1.0,-1.0,-1.0,0.01537272334098816,20,0.0,0.0,,,,,,,,,,
197,2,grader,keep_all|loose_filter|medium_filter|strict_filter|rerank_only,strict_filter,-0.07,0,generator,1.0,-0.648458,0.800128,,1.0,-0.648458,0.800128,0.0,,,,,,,1.0,0.7527313441038131,0.9000639319419861,,,,,
197,3,generator,generate_answer|generate_with_strict_citations|generate_short_answer,generate_with_strict_citations,-0.07,0,verifier,1.0,0.917362,-0.948156,-0.953419,1.0,0.917362,-0.948156,-0.953419,,,,,,,,,,1.0,0.958681046962738,128,0.023290514945983887,
197,4,verifier,verify_answer,verify_answer,0.7271,1,,0.962405,,,,0.962405,0.0,0.0,0.0,,,,,,,,,,,,,,0.9812022745609283
198,1,retriever,dense_retrieve|sparse_retrieve|hybrid_retrieve|hybrid_rerank,sparse_retrieve,-0.02,0,grader,-1.0,0.880098,-1.0,-0.98187,-1.0,0.880098,-1.0,-0.98187,0.0,19,0.0,0.009065240621566772,,,,,,,,,,
198,2,grader,keep_all|loose_filter|medium_filter|strict_filter|rerank_only,strict_filter,-0.07,0,generator,0.989814,-0.997338,1.0,,0.989814,-0.997338,1.0,0.0,,,,,,,0.9949071109294891,0.700399363040924,1.0,,,,,
198,3,generator,generate_answer|generate_with_strict_citations|generate_short_answer,generate_with_strict_citations,-0.07,0,verifier,1.0,0.905513,-0.949849,-0.92263,1.0,0.905513,-0.949849,-0.92263,,,,,,,,,,1.0,0.952756404876709,128,0.038685113191604614,
198,4,verifier,verify_answer,verify_answer,0.7227,1,,1.0,,,,1.0,0.0,0.0,0.0,,,,,,,,,,,,,,1.0
199,1,retriever,dense_retrieve|sparse_retrieve|hybrid_retrieve|hybrid_rerank,sparse_retrieve,-0.02,0,grader,-0.739683,-0.881386,-0.297542,-0.235844,-0.739683,-0.881386,-0.297542,-0.235844,0.13015848398208618,5,0.3512289971113205,0.3820779323577881,,,,,,,,,,
199,2,grader,keep_all|loose_filter|medium_filter|strict_filter|rerank_only,strict_filter,-0.07,0,generator,1.0,-0.79282,0.881628,,1.0,-0.79282,0.881628,0.0,,,,,,,1.0,0.7310769319534302,0.9408141672611237,,,,,
199,3,generator,generate_answer|generate_with_strict_citations|generate_short_answer,generate_with_strict_citations,-0.07,0,verifier,1.0,1.0,-1.0,-0.836548,1.0,1.0,-1.0,-0.836548,,,,,,,,,,1.0,1.0,128,0.08172586560249329,
199,4,verifier,verify_answer,verify_answer,-0.07,0,verifier,1.0,,,,1.0,0.0,0.0,0.0,,,,,,,,,,,,,,1.0
199,5,verifier,request_regeneration|request_more_retrieval|request_rewrite,request_regeneration,-0.07,0,generator,1.0,,,,1.0,0.0,0.0,0.0,,,,,,,,,,,,,,1.0
199,6,generator,generate_answer|generate_with_strict_citations|generate_short_answer|regenerate,generate_with_strict_citations,-0.07,0,verifier,0.793436,1.0,-0.900565,-0.895286,0.793436,1.0,-0.900565,-0.895286,,,,,,,,,,0.8967179954051971,1.0,128,0.05235719680786133,
199,7,verifier,verify_answer,verify_answer,0.7986,1,,1.0,,,,1.0,0.0,0.0,0.0,,,,,,,,,,,,,,1.0
200,1,retriever,dense_retrieve|sparse_retrieve|hybrid_retrieve|hybrid_rerank,hybrid_retrieve,-0.02,0,grader,-0.183759,0.999298,-1.0,-0.707159,-0.183759,0.999298,-1.0,-0.707159,0.40812036395072937,19,0.0,0.14642074704170227,,,,,,,,,,
200,2,grader,keep_all|loose_filter|medium_filter|strict_filter|rerank_only,strict_filter,-0.07,0,generator,1.0,-1.0,0.898807,,1.0,-1.0,0.898807,0.0,,,,,,,1.0,0.7,0.9494033455848694,,,,,
200,3,generator,generate_answer|generate_with_strict_citations|generate_short_answer,generate_short_answer,-0.07,0,verifier,1.0,-0.04374,-0.157186,-0.957501,1.0,-0.04374,-0.157186,-0.957501,,,,,,,,,,1.0,0.47812993079423904,128,0.021249383687973022,
200,4,verifier,verify_answer,verify_answer,0.7802,1,,-0.285555,,,,-0.285555,0.0,0.0,0.0,,,,,,,,,,,,,,0.35722246766090393
201,1,retriever,dense_retrieve|sparse_retrieve|hybrid_retrieve|hybrid_rerank,sparse_retrieve,-0.02,0,grader,-0.535321,-1.0,-0.636475,-0.022551,-0.535321,-1.0,-0.636475,-0.022551,0.23233941197395325,5,0.18176233768463135,0.4887247206643224,,,,,,,,,,
201,2,grader,keep_all|loose_filter|medium_filter|strict_filter|rerank_only,strict_filter,-0.07,0,generator,0.811374,-0.833914,0.955388,,0.811374,-0.833914,0.955388,0.0,,,,,,,0.905687004327774,0.7249129563570023,0.9776942133903503,,,,,
201,3,generator,generate_answer|generate_with_strict_citations|generate_short_answer,generate_with_strict_citations,-0.07,0,verifier,0.95358,1.0,-0.925656,-0.911763,0.95358,1.0,-0.925656,-0.911763,,,,,,,,,,0.9767902195453644,1.0,128,0.04411837458610535,
201,4,verifier,verify_answer,verify_answer,0.7483,1,,1.0,,,,1.0,0.0,0.0,0.0,,,,,,,,,,,,,,1.0
202,1,retriever,dense_retrieve|sparse_retrieve|hybrid_retrieve|hybrid_rerank,sparse_retrieve,-0.02,0,grader,-0.962283,0.891424,-1.0,-0.984789,-0.962283,0.891424,-1.0,-0.984789,0.01885843276977539,19,0.0,0.007605493068695068,,,,,,,,,,
202,2,grader,keep_all|loose_filter|medium_filter|strict_filter|rerank_only,medium_filter,-0.07,0,generator,1.0,-0.758116,0.794446,,1.0,-0.758116,0.794446,0.0,,,,,,,1.0,0.7362825274467468,0.8972228765487671,,,,,
202,3,generator,generate_answer|generate_with_strict_citations|generate_short_answer,generate_with_strict_citations,-0.07,0,verifier,0.797103,1.0,-0.892752,-0.915117,0.797103,1.0,-0.892752,-0.915117,,,,,,,,,,0.898551732301712,1.0,128,0.04244157671928406,
202,4,verifier,verify_answer,verify_answer,0.6013,1,,0.959399,,,,0.959399,0.0,0.0,0.0,,,,,,,,,,,,,,0.9796995520591736
203,1,retriever,dense_retrieve|sparse_retrieve|hybrid_retrieve|hybrid_rerank,sparse_retrieve,-0.02,0,grader,-0.838492,-0.944492,-0.199613,-0.245393,-0.838492,-0.944492,-0.199613,-0.245393,0.08075401186943054,5,0.4001934751868248,0.37730351835489273,,,,,,,,,,
203,2,grader,keep_all|loose_filter|medium_filter|strict_filter|rerank_only,strict_filter,-0.07,0,generator,0.965383,-1.0,1.0,,0.965383,-1.0,1.0,0.0,,,,,,,0.9826914370059967,0.7,1.0,,,,,
203,3,generator,generate_answer|generate_with_strict_citations|generate_short_answer,generate_with_strict_citations,-0.07,0,verifier,1.0,1.0,-1.0,-0.858798,1.0,1.0,-1.0,-0.858798,,,,,,,,,,1.0,1.0,128,0.07060098648071289,
203,4,verifier,verify_answer,verify_answer,0.7124,1,,1.0,,,,1.0,0.0,0.0,0.0,,,,,,,,,,,,,,1.0
204,1,retriever,dense_retrieve|sparse_retrieve|hybrid_retrieve|hybrid_rerank,sparse_retrieve,-0.02,0,grader,-0.921032,1.0,-0.688784,-0.820393,-0.921032,1.0,-0.688784,-0.820393,0.0394841730594635,20,0.15560775995254517,0.08980348706245422,,,,,,,,,,
204,2,grader,keep_all|loose_filter|medium_filter|strict_filter|rerank_only,strict_filter,-0.07,0,generator,1.0,-1.0,1.0,,1.0,-1.0,1.0,0.0,,,,,,,1.0,0.7,1.0,,,,,
204,3,generator,generate_answer|generate_with_strict_citations|generate_short_answer,generate_with_strict_citations,-0.07,0,verifier,0.857398,0.932032,-1.0,-0.850771,0.857398,0.932032,-1.0,-0.850771,,,,,,,,,,0.9286990761756897,0.9660159945487976,128,0.07461461424827576,
204,4,verifier,verify_answer,verify_answer,0.5544,1,,1.0,,,,1.0,0.0,0.0,0.0,,,,,,,,,,,,,,1.0
205,1,retriever,dense_retrieve|sparse_retrieve|hybrid_retrieve|hybrid_rerank,sparse_retrieve,-0.02,0,grader,-1.0,-0.985255,-0.14503,-0.259932,-1.0,-0.985255,-0.14503,-0.259932,0.0,5,0.4274851083755493,0.370033860206604,,,,,,,,,,
205,2,grader,keep_all|loose_filter|medium_filter|strict_filter|rerank_only,strict_filter,-0.07,0,generator,0.967299,-1.0,1.0,,0.967299,-1.0,1.0,0.0,,,,,,,0.9836495816707611,0.7,1.0,,,,,
205,3,generator,generate_answer|generate_with_strict_citations|generate_short_answer,generate_with_strict_citations,-0.07,0,verifier,1.0,0.788213,-1.0,-0.843674,1.0,0.788213,-1.0,-0.843674,,,,,,,,,,1.0,0.8941064774990082,128,0.0781630277633667,
205,4,verifier,verify_answer,verify_answer,-0.07,0,verifier,1.0,,,,1.0,0.0,0.0,0.0,,,,,,,,,,,,,,1.0
205,5,verifier,request_regeneration|request_more_retrieval|request_rewrite,request_regeneration,-0.07,0,generator,1.0,,,,1.0,0.0,0.0,0.0,,,,,,,,,,,,,,1.0
205,6,generator,generate_answer|generate_with_strict_citations|generate_short_answer|regenerate,generate_with_strict_citations,-0.07,0,verifier,0.767996,1.0,-0.979511,-0.996965,0.767996,1.0,-0.979511,-0.996965,,,,,,,,,,0.8839981257915497,1.0,128,0.00151747465133667,
205,7,verifier,verify_answer,verify_answer,-0.07,0,verifier,1.0,,,,1.0,0.0,0.0,0.0,,,,,,,,,,,,,,1.0
205,8,verifier,request_regeneration|request_more_retrieval|request_rewrite,request_regeneration,-0.07,0,generator,0.691185,,,,0.691185,0.0,0.0,0.0,,,,,,,,,,,,,,0.8455923795700073
205,9,generator,generate_answer|generate_with_strict_citations|generate_short_answer|regenerate,generate_with_strict_citations,-0.07,0,verifier,0.802373,1.0,-0.835094,-1.0,0.802373,1.0,-0.835094,-1.0,,,,,,,,,,0.9011866748332977,1.0,128,0.0,
205,10,verifier,verify_answer,verify_answer,0.2411,1,,0.750026,,,,0.750026,0.0,0.0,0.0,,,,,,,,,,,,,,0.8750130832195282
206,1,retriever,dense_retrieve|sparse_retrieve|hybrid_retrieve|hybrid_rerank,sparse_retrieve,-0.02,0,grader,-1.0,1.0,-1.0,-0.973144,-1.0,1.0,-1.0,-0.973144,0.0,20,0.0,0.013427823781967163,,,,,,,,,,
206,2,grader,keep_all|loose_filter|medium_filter|strict_filter|rerank_only,strict_filter,-0.07,0,generator,0.850486,-0.879389,1.0,,0.850486,-0.879389,1.0,0.0,,,,,,,0.9252427816390991,0.7180915981531143,1.0,,,,,
206,3,generator,generate_answer|generate_with_strict_citations|generate_short_answer,generate_with_strict_citations,-0.07,0,verifier,0.959339,1.0,-1.0,-1.0,0.959339,1.0,-1.0,-1.0,,,,,,,,,,0.979669600725174,1.0,128,0.0,
206,4,verifier,verify_answer,verify_answer,0.8287,1,,0.990279,,,,0.990279,0.0,0.0,0.0,,,,,,,,,,,,,,0.9951393306255341
207,1,retriever,dense_retrieve|sparse_retrieve|hybrid_retrieve|hybrid_rerank,sparse_retrieve,-0.02,0,grader,-0.59282,0.823048,-0.776798,-0.497433,-0.59282,0.823048,-0.776798,-0.497433,0.2035900354385376,18,0.11160105466842651,0.2512836456298828,,,,,,,,,,
207,2,grader,keep_all|loose_filter|medium_filter|strict_filter|rerank_only,strict_filter,-0.07,0,generator,1.0,-0.717961,1.0,,1.0,-0.717961,1.0,0.0,,,,,,,1.0,0.7423058927059173,1.0,,,,,
207,3,generator,generate_answer|generate_with_strict_citations|generate_short_answer,generate_with_strict_citations,-0.07,0,verifier,1.0,0.986397,-0.750016,-0.832691,1.0,0.986397,-0.750016,-0.832691,,,,,,,,,,1.0,0.9931983649730682,128,0.08365440368652344,
207,4,verifier,verify_answer,verify_answer,-0.07,0,verifier,0.903884,,,,0.903884,0.0,0.0,0.0,,,,,,,,,,,,,,0.9519420564174652
207,5,verifier,request_regeneration|request_more_retrieval|request_rewrite,request_regeneration,-0.07,0,generator,0.720095,,,,0.720095,0.0,0.0,0.0,,,,,,,,,,,,,,0.860047310590744
207,6,generator,generate_answer|generate_with_strict_citations|generate_short_answer|regenerate,generate_with_strict_citations,-0.07,0,verifier,1.0,0.867424,-0.752466,-0.671634,1.0,0.867424,-0.752466,-0.671634,,,,,,,,,,1.0,0.9337117969989777,128,0.16418296098709106,
207,7,verifier,verify_answer,verify_answer,0.8238,1,,0.693083,,,,0.693083,0.0,0.0,0.0,,,,,,,,,,,,,,0.8465414643287659
208,1,retriever,dense_retrieve|sparse_retrieve|hybrid_retrieve|hybrid_rerank,sparse_retrieve,-0.02,0,grader,-0.934432,0.992237,-0.868593,-1.0,-0.934432,0.992237,-0.868593,-1.0,0.032784223556518555,19,0.06570327281951904,0.0,,,,,,,,,,
208,2,grader,keep_all|loose_filter|medium_filter|strict_filter|rerank_only,strict_filter,-0.07,0,generator,0.908855,-0.955264,1.0,,0.908855,-0.955264,1.0,0.0,,,,,,,0.9544275104999542,0.7067103415727615,1.0,,,,,
208,3,generator,generate_answer|generate_with_strict_citations|generate_short_answer,generate_with_strict_citations,-0.07,0,verifier,0.918815,0.712612,-0.747539,-1.0,0.918815,0.712612,-0.747539,-1.0,,,,,,,,,,0.9594074189662933,0.8563059270381927,128,0.0,
208,4,verifier,verify_answer,verify_answer,0.7259,1,,0.81918,,,,0.81918,0.0,0.0,0.0,,,,,,,,,,,,,,0.9095897674560547
209,1,retriever,dense_retrieve|sparse_retrieve|hybrid_retrieve|hybrid_rerank,sparse_retrieve,-0.02,0,grader,-1.0,0.962281,-1.0,-0.924094,-1.0,0.962281,-1.0,-0.924094,0.0,19,0.0,0.03795287013053894,,,,,,,,,,
209,2,grader,keep_all|loose_filter|medium_filter|strict_filter|rerank_only,strict_filter,-0.07,0,generator,1.0,-0.797593,1.0,,1.0,-0.797593,1.0,0.0,,,,,,,1.0,0.7303610146045685,1.0,,,,,
209,3,generator,generate_answer|generate_with_strict_citations|generate_short_answer,generate_with_strict_citations,-0.07,0,verifier,0.820341,0.963746,-0.667429,-0.906923,0.820341,0.963746,-0.667429,-0.906923,,,,,,,,,,0.9101706445217133,0.9818729758262634,128,0.046538710594177246,
209,4,verifier,verify_answer,verify_answer,0.6728,1,,1.0,,,,1.0,0.0,0.0,0.0,,,,,,,,,,,,,,1.0
210,1,retriever,dense_retrieve|sparse_retrieve|hybrid_retrieve|hybrid_rerank,hybrid_rerank,-0.02,0,grader,-0.807239,-0.979647,0.280154,-0.303605,-0.807239,-0.979647,0.280154,-0.303605,0.09638029336929321,5,0.6400772333145142,0.3481976091861725,,,,,,,,,,
210,2,grader,keep_all|loose_filter|medium_filter|strict_filter|rerank_only,strict_filter,-0.07,0,generator,1.0,0.46058,1.0,,1.0,0.46058,1.0,0.0,,,,,,,1.0,0.9190870121121406,1.0,,,,,
210,3,generator,generate_answer|generate_with_strict_citations|generate_short_answer,generate_short_answer,-0.07,0,verifier,-0.150862,-0.12718,0.868677,-0.384005,-0.150862,-0.12718,0.868677,-0.384005,,,,,,,,,,0.42456885427236557,0.43641000986099243,296,0.30799755454063416,
210,4,verifier,verify_answer,verify_answer,0.6864,1,,-0.257276,,,,-0.257276,0.0,0.0,0.0,,,,,,,,,,,,,,0.3713618963956833
211,1,retriever,dense_retrieve|sparse_retrieve|hybrid_retrieve|hybrid_rerank,sparse_retrieve,-0.02,0,grader,-1.0,0.918334,-0.951772,-0.606015,-1.0,0.918334,-0.951772,-0.606015,0.0,19,0.024113893508911133,0.1969926357269287,,,,,,,,,,
211,2,grader,keep_all|loose_filter|medium_filter|strict_filter|rerank_only,strict_filter,-0.07,0,generator,1.0,-0.943114,1.0,,1.0,-0.943114,1.0,0.0,,,,,,,1.0,0.7085329741239548,1.0,,,,,
211,3,generator,generate_answer|generate_with_strict_citations|generate_short_answer,generate_with_strict_citations,-0.07,0,verifier,1.0,1.0,0.302551,-1.0,1.0,1.0,0.302551,-1.0,,,,,,,,,,1.0,1.0,147,0.0,
211,4,verifier,verify_answer,verify_answer,-0.07,0,verifier,1.0,,,,1.0,0.0,0.0,0.0,,,,,,,,,,,,,,1.0
211,5,verifier,request_regeneration|request_more_retrieval|request_rewrite,request_regeneration,-0.07,0,generator,1.0,,,,1.0,0.0,0.0,0.0,,,,,,,,,,,,,,1.0
211,6,generator,generate_answer|generate_with_strict_citations|generate_short_answer|regenerate,generate_with_strict_citations,-0.07,0,verifier,1.0,0.890384,0.442255,-1.0,1.0,0.890384,0.442255,-1.0,,,,,,,,,,1.0,0.9451920688152313,156,0.0,
211,7,verifier,verify_answer,verify_answer,-0.07,0,verifier,1.0,,,,1.0,0.0,0.0,0.0,,,,,,,,,,,,,,1.0
211,8,verifier,request_regeneration|request_more_retrieval|request_rewrite,request_regeneration,-0.07,0,generator,1.0,,,,1.0,0.0,0.0,0.0,,,,,,,,,,,,,,1.0
211,9,generator,generate_answer|generate_with_strict_citations|generate_short_answer|regenerate,generate_with_strict_citations,-0.07,0,verifier,0.863017,0.907489,0.906186,-1.0,0.863017,0.907489,0.906186,-1.0,,,,,,,,,,0.9315082728862762,0.9537444114685059,185,0.0,
211,10,verifier,verify_answer,verify_answer,0.1658,1,,1.0,,,,1.0,0.0,0.0,0.0,,,,,,,,,,,,,,1.0
212,1,retriever,dense_retrieve|sparse_retrieve|hybrid_retrieve|hybrid_rerank,hybrid_rerank,-0.02,0,grader,-0.440314,-0.838273,0.298811,-0.510081,-0.440314,-0.838273,0.298811,-0.510081,0.2798429876565933,6,0.6494055539369583,0.24495962262153625,,,,,,,,,,
212,2,grader,keep_all|loose_filter|medium_filter|strict_filter|rerank_only,strict_filter,-0.07,0,generator,0.83351,0.569142,1.0,,0.83351,0.569142,1.0,0.0,,,,,,,0.916755199432373,0.9353713333606719,1.0,,,,,
212,3,generator,generate_answer|generate_with_strict_citations|generate_short_answer,generate_short_answer,-0.07,0,verifier,-0.183188,-0.190618,0.864124,-0.452021,-0.183188,-0.190618,0.864124,-0.452021,,,,,,,,,,0.4084058925509453,0.40469080954790115,283,0.27398937940597534,
212,4,verifier,verify_answer,verify_answer,0.3237,1,,-0.238991,,,,-0.238991,0.0,0.0,0.0,,,,,,,,,,,,,,0.3805045858025551
213,1,retriever,dense_retrieve|sparse_retrieve|hybrid_retrieve|hybrid_rerank,hybrid_rerank,-0.02,0,grader,-0.654009,-1.0,0.696202,-0.753937,-0.654009,-1.0,0.696202,-0.753937,0.17299556732177734,5,0.8481007814407349,0.12303164601325989,,,,,,,,,,
213,2,grader,keep_all|loose_filter|medium_filter|strict_filter|rerank_only,strict_filter,-0.07,0,generator,1.0,0.445199,0.895267,,1.0,0.445199,0.895267,0.0,,,,,,,1.0,0.9167798653244972,0.9476335644721985,,,,,
213,3,generator,generate_answer|generate_with_strict_citations|generate_short_answer,generate_short_answer,-0.07,0,verifier,-0.135056,0.149418,0.917583,-0.867638,-0.135056,0.149418,0.917583,-0.867638,,,,,,,,,,0.43247219920158386,0.5747091621160507,211,0.06618109345436096,
213,4,verifier,verify_answer,verify_answer,0.7261,1,,-0.869105,,,,-0.869105,0.0,0.0,0.0,,,,,,,,,,,,,,0.0654473602771759
214,1,retriever,dense_retrieve|sparse_retrieve|hybrid_retrieve|hybrid_rerank,sparse_retrieve,-0.02,0,grader,-0.86805,0.745206,-0.981086,-0.888813,-0.86805,0.745206,-0.981086,-0.888813,0.06597524881362915,18,0.009457141160964966,0.05559346079826355,,,,,,,,,,
214,2,grader,keep_all|loose_filter|medium_filter|strict_filter|rerank_only,strict_filter,-0.07,0,generator,1.0,-1.0,0.949318,,1.0,-1.0,0.949318,0.0,,,,,,,1.0,0.7,0.9746589660644531,,,,,
214,3,generator,generate_answer|generate_with_strict_citations|generate_short_answer,generate_with_strict_citations,-0.07,0,verifier,1.0,1.0,1.0,-0.922367,1.0,1.0,1.0,-0.922367,,,,,,,,,,1.0,1.0,206,0.03881657123565674,
214,4,verifier,verify_answer,verify_answer,0.7297,1,,0.767507,,,,0.767507,0.0,0.0,0.0,,,,,,,,,,,,,,0.8837534189224243
215,1,retriever,dense_retrieve|sparse_retrieve|hybrid_retrieve|hybrid_rerank,hybrid_rerank,-0.02,0,grader,-0.708362,-0.902272,0.38782,-0.639149,-0.708362,-0.902272,0.38782,-0.639149,0.145818829536438,5,0.6939100921154022,0.18042540550231934,,,,,,,,,,
215,2,grader,keep_all|loose_filter|medium_filter|strict_filter|rerank_only,strict_filter,-0.07,0,generator,0.990874,0.13608,1.0,,0.990874,0.13608,1.0,0.0,,,,,,,0.9954370856285095,0.8704119347035885,1.0,,,,,
215,3,generator,generate_answer|generate_with_strict_citations|generate_short_answer,generate_short_answer,-0.07,0,verifier,-0.043415,0.281171,0.801648,-0.553742,-0.043415,0.281171,0.801648,-0.553742,,,,,,,,,,0.4782924633473158,0.6405852884054184,258,0.2231292426586151,
215,4,verifier,verify_answer,verify_answer,0.6506,1,,-0.686869,,,,-0.686869,0.0,0.0,0.0,,,,,,,,,,,,,,0.15656527876853943
216,1,retriever,dense_retrieve|sparse_retrieve|hybrid_retrieve|hybrid_rerank,hybrid_rerank,-0.02,0,grader,-0.677927,-0.829438,0.707999,-0.539929,-0.677927,-0.829438,0.707999,-0.539929,0.16103637218475342,6,0.8539994657039642,0.23003554344177246,,,,,,,,,,
216,2,grader,keep_all|loose_filter|medium_filter|strict_filter|rerank_only,strict_filter,-0.07,0,generator,1.0,0.31644,1.0,,1.0,0.31644,1.0,0.0,,,,,,,1.0,0.8974660515785217,1.0,,,,,
216,3,generator,generate_answer|generate_with_strict_citations|generate_short_answer,generate_short_answer,-0.07,0,verifier,-0.183419,0.071704,1.0,-0.739618,-0.183419,0.071704,1.0,-0.739618,,,,,,,,,,0.4082905575633049,0.5358519963920116,241,0.13019108772277832,
216,4,verifier,verify_answer,verify_answer,0.6357,1,,-0.647107,,,,-0.647107,0.0,0.0,0.0,,,,,,,,,,,,,,0.17644649744033813
217,1,retriever,dense_retrieve|sparse_retrieve|hybrid_retrieve|hybrid_rerank,sparse_retrieve,-0.02,0,grader,-0.869913,0.773141,-0.940669,-1.0,-0.869913,0.773141,-0.940669,-1.0,0.06504374742507935,18,0.02966567873954773,0.0,,,,,,,,,,
217,2,grader,keep_all|loose_filter|medium_filter|strict_filter|rerank_only,strict_filter,-0.07,0,generator,1.0,-0.862017,0.910001,,1.0,-0.862017,0.910001,0.0,,,,,,,1.0,0.7206973820924758,0.9550005197525024,,,,,
217,3,generator,generate_answer|generate_with_strict_citations|generate_short_answer,generate_with_strict_citations,-0.07,0,verifier,1.0,1.0,0.919076,-1.0,1.0,1.0,0.919076,-1.0,,,,,,,,,,1.0,1.0,186,0.0,
217,4,verifier,verify_answer,verify_answer,0.6622,1,,1.0,,,,1.0,0.0,0.0,0.0,,,,,,,,,,,,,,1.0
218,1,retriever,dense_retrieve|sparse_retrieve|hybrid_retrieve|hybrid_rerank,sparse_retrieve,-0.02,0,grader,-0.632071,0.981647,-0.844018,-0.737474,-0.632071,0.981647,-0.844018,-0.737474,0.18396466970443726,19,0.07799124717712402,0.13126283884048462,,,,,,,,,,
218,2,grader,keep_all|loose_filter|medium_filter|strict_filter|rerank_only,strict_filter,-0.07,0,generator,0.888505,-1.0,1.0,,0.888505,-1.0,1.0,0.0,,,,,,,0.9442526698112488,0.7,1.0,,,,,
218,3,generator,generate_answer|generate_with_strict_citations|generate_short_answer,generate_with_strict_citations,-0.07,0,verifier,1.0,1.0,0.864095,-0.694051,1.0,1.0,0.864095,-0.694051,,,,,,,,,,1.0,1.0,238,0.15297463536262512,
218,4,verifier,verify_answer,verify_answer,0.8217,1,,0.918273,,,,0.918273,0.0,0.0,0.0,,,,,,,,,,,,,,0.9591364860534668
219,1,retriever,dense_retrieve|sparse_retrieve|hybrid_retrieve|hybrid_rerank,hybrid_retrieve,-0.02,0,grader,-0.083725,0.94793,-0.736118,-0.859583,-0.083725,0.94793,-0.736118,-0.859583,0.4581373929977417,19,0.1319407820701599,0.07020837068557739,,,,,,,,,,
219,2,grader,keep_all|loose_filter|medium_filter|strict_filter|rerank_only,strict_filter,-0.07,0,generator,1.0,-0.925107,1.0,,1.0,-0.925107,1.0,0.0,,,,,,,1.0,0.711233913898468,1.0,,,,,
219,3,generator,generate_answer|generate_with_strict_citations|generate_short_answer,generate_short_answer,-0.07,0,verifier,0.872991,-0.760386,0.793764,-0.675687,0.872991,-0.760386,0.793764,-0.675687,,,,,,,,,,0.9364953339099884,0.11980700492858887,236,0.16215652227401733,
219,4,verifier,verify_answer,verify_answer,0.7678,1,,-0.011962,,,,-0.011962,0.0,0.0,0.0,,,,,,,,,,,,,,0.49401897843927145
220,1,retriever,dense_retrieve|sparse_retrieve|hybrid_retrieve|hybrid_rerank,hybrid_rerank,-0.02,0,grader,-0.370753,-1.0,0.630898,-0.512612,-0.370753,-1.0,0.630898,-0.512612,0.3146236091852188,5,0.8154488205909729,0.2436939775943756,,,,,,,,,,
220,2,grader,keep_all|loose_filter|medium_filter|strict_filter|rerank_only,strict_filter,-0.07,0,generator,0.92853,0.215787,0.988686,,0.92853,0.215787,0.988686,0.0,,,,,,,0.964264988899231,0.8823681116104125,0.9943428039550781,,,,,
220,3,generator,generate_answer|generate_with_strict_citations|generate_short_answer,generate_short_answer,-0.07,0,verifier,-0.134363,-0.210016,0.884769,-0.459206,-0.134363,-0.210016,0.884769,-0.459206,,,,,,,,,,0.43281831592321396,0.3949919193983078,284,0.2703971266746521,
220,4,verifier,verify_answer,verify_answer,0.404,1,,-0.288788,,,,-0.288788,0.0,0.0,0.0,,,,,,,,,,,,,,0.35560600459575653
221,1,retriever,dense_retrieve|sparse_retrieve|hybrid_retrieve|hybrid_rerank,sparse_retrieve,-0.02,0,grader,-0.837534,0.847111,-0.859145,-1.0,-0.837534,0.847111,-0.859145,-1.0,0.08123308420181274,18,0.07042771577835083,0.0,,,,,,,,,,
221,2,grader,keep_all|loose_filter|medium_filter|strict_filter|rerank_only,strict_filter,-0.07,0,generator,1.0,-0.87329,0.993967,,1.0,-0.87329,0.993967,0.0,,,,,,,1.0,0.7190065264701843,0.9969837367534637,,,,,
221,3,generator,generate_answer|generate_with_strict_citations|generate_short_answer,generate_with_strict_citations,-0.07,0,verifier,1.0,0.907848,0.968147,-1.0,1.0,0.907848,0.968147,-1.0,,,,,,,,,,1.0,0.953923761844635,189,0.0,
221,4,verifier,verify_answer,verify_answer,0.728,1,,0.885898,,,,0.885898,0.0,0.0,0.0,,,,,,,,,,,,,,0.9429488182067871
222,1,retriever,dense_retrieve|sparse_retrieve|hybrid_retrieve|hybrid_rerank,hybrid_rerank,-0.02,0,grader,-0.785151,-1.0,0.37699,-0.642585,-0.785151,-1.0,0.37699,-0.642585,0.1074245274066925,5,0.6884950399398804,0.17870762944221497,,,,,,,,,,
222,2,grader,keep_all|loose_filter|medium_filter|strict_filter|rerank_only,strict_filter,-0.07,0,generator,0.958844,0.22557,0.990543,,0.958844,0.22557,0.990543,0.0,,,,,,,0.9794221222400665,0.8838354475796222,0.9952714145183563,,,,,
222,3,generator,generate_answer|generate_with_strict_citations|generate_short_answer,generate_short_answer,-0.07,0,verifier,-0.095946,-0.080943,0.901285,-0.43009,-0.095946,-0.080943,0.901285,-0.43009,,,,,,,,,,0.45202693715691566,0.4595285430550575,291,0.2849549800157547,
222,4,verifier,verify_answer,verify_answer,0.7667,1,,-0.586955,,,,-0.586955,0.0,0.0,0.0,,,,,,,,,,,,,,0.20652243494987488
223,1,retriever,dense_retrieve|sparse_retrieve|hybrid_retrieve|hybrid_rerank,sparse_retrieve,-0.02,0,grader,-1.0,0.915814,-1.0,-0.908475,-1.0,0.915814,-1.0,-0.908475,0.0,19,0.0,0.045762449502944946,,,,,,,,,,
223,2,grader,keep_all|loose_filter|medium_filter|strict_filter|rerank_only,strict_filter,-0.07,0,generator,0.93146,-0.969984,1.0,,0.93146,-0.969984,1.0,0.0,,,,,,,0.965730220079422,0.7045024633407593,1.0,,,,,
223,3,generator,generate_answer|generate_with_strict_citations|generate_short_answer,generate_with_strict_citations,-0.07,0,verifier,0.901813,0.92296,0.859068,-0.997535,0.901813,0.92296,0.859068,-0.997535,,,,,,,,,,0.9509066939353943,0.9614797830581665,182,0.0012325048446655273,
223,4,verifier,verify_answer,verify_answer,0.8129,1,,0.870561,,,,0.870561,0.0,0.0,0.0,,,,,,,,,,,,,,0.9352806508541107
224,1,retriever,dense_retrieve|sparse_retrieve|hybrid_retrieve|hybrid_rerank,hybrid_retrieve,-0.02,0,grader,0.126898,0.399223,-1.0,-0.948546,0.126898,0.399223,-1.0,-0.948546,0.5634489804506302,15,0.0,0.025726914405822754,,,,,,,,,,
224,2,grader,keep_all|loose_filter|medium_filter|strict_filter|rerank_only,strict_filter,-0.07,0,generator,1.0,-0.594172,1.0,,1.0,-0.594172,1.0,0.0,,,,,,,1.0,0.7608741462230681,1.0,,,,,
224,3,generator,generate_answer|generate_with_strict_citations|generate_short_answer,generate_answer,-0.07,0,verifier,-0.298665,-1.0,0.687391,0.632885,-0.298665,-1.0,0.687391,0.632885,,,,,,,,,,0.35066738724708557,0.0,384,0.816442459821701,
224,4,verifier,verify_answer,verify_answer,0.7081,1,,-0.21457,,,,-0.21457,0.0,0.0,0.0,,,,,,,,,,,,,,0.39271504431962967
225,1,retriever,dense_retrieve|sparse_retrieve|hybrid_retrieve|hybrid_rerank,sparse_retrieve,-0.02,0,grader,-0.849723,0.897688,-1.0,-0.964827,-0.849723,0.897688,-1.0,-0.964827,0.07513844966888428,19,0.0,0.017586439847946167,,,,,,,,,,
225,2,grader,keep_all|loose_filter|medium_filter|strict_filter|rerank_only,strict_filter,-0.07,0,generator,1.0,-1.0,1.0,,1.0,-1.0,1.0,0.0,,,,,,,1.0,0.7,1.0,,,,,
225,3,generator,generate_answer|generate_with_strict_citations|generate_short_answer,generate_with_strict_citations,-0.07,0,verifier,1.0,1.0,1.0,-0.934672,1.0,1.0,1.0,-0.934672,,,,,,,,,,1.0,1.0,204,0.032663822174072266,
225,4,verifier,verify_answer,verify_answer,0.7046,1,,0.708673,,,,0.708673,0.0,0.0,0.0,,,,,,,,,,,,,,0.8543367385864258
226,1,retriever,dense_retrieve|sparse_retrieve|hybrid_retrieve|hybrid_rerank,hybrid_rerank,-0.02,0,grader,-0.843003,-0.868789,0.292412,-0.738894,-0.843003,-0.868789,0.292412,-0.738894,0.07849866151809692,5,0.6462061107158661,0.13055294752120972,,,,,,,,,,
226,2,grader,keep_all|loose_filter|medium_filter|strict_filter|rerank_only,strict_filter,-0.07,0,generator,0.989478,0.5497,1.0,,0.989478,0.5497,1.0,0.0,,,,,,,0.9947389364242554,0.932454976439476,1.0,,,,,
226,3,generator,generate_answer|generate_with_strict_citations|generate_short_answer,generate_short_answer,-0.07,0,verifier,-0.365775,-0.049979,0.943796,-0.655214,-0.365775,-0.049979,0.943796,-0.655214,,,,,,,,,,0.3171127438545227,0.4750102534890175,252,0.17239311337471008,
226,4,verifier,verify_answer,verify_answer,0.6211,1,,-0.492721,,,,-0.492721,0.0,0.0,0.0,,,,,,,,,,,,,,0.25363945960998535
227,1,retriever,dense_retrieve|sparse_retrieve|hybrid_retrieve|hybrid_rerank,sparse_retrieve,-0.02,0,grader,-0.754293,0.930702,-1.0,-0.89562,-0.754293,0.930702,-1.0,-0.89562,0.12285339832305908,19,0.0,0.052189797163009644,,,,,,,,,,
227,2,grader,keep_all|loose_filter|medium_filter|strict_filter|rerank_only,strict_filter,-0.07,0,generator,1.0,-0.753229,1.0,,1.0,-0.753229,1.0,0.0,,,,,,,1.0,0.7370156377553939,1.0,,,,,
227,3,generator,generate_answer|generate_with_strict_citations|generate_short_answer,generate_with_strict_citations,-0.07,0,verifier,0.962136,1.0,0.770742,-0.772886,0.962136,1.0,0.770742,-0.772886,,,,,,,,,,0.9810681939125061,1.0,217,0.11355677247047424,
227,4,verifier,verify_answer,verify_answer,0.5756,1,,0.822797,,,,0.822797,0.0,0.0,0.0,,,,,,,,,,,,,,0.9113982617855072
228,1,retriever,dense_retrieve|sparse_retrieve|hybrid_retrieve|hybrid_rerank,hybrid_rerank,-0.02,0,grader,-0.714168,-1.0,0.341566,-0.663324,-0.714168,-1.0,0.341566,-0.663324,0.14291620254516602,5,0.6707829684019089,0.16833779215812683,,,,,,,,,,
228,2,grader,keep_all|loose_filter|medium_filter|strict_filter|rerank_only,strict_filter,-0.07,0,generator,0.906524,0.155391,0.917594,,0.906524,0.155391,0.917594,0.0,,,,,,,0.9532620906829834,0.8733086355030536,0.9587969481945038,,,,,
228,3,generator,generate_answer|generate_with_strict_citations|generate_short_answer,generate_short_answer,-0.07,0,verifier,-0.134552,-0.252161,1.0,-0.256921,-0.134552,-0.252161,1.0,-0.256921,,,,,,,,,,0.4327241778373718,0.3739194869995117,334,0.3715393394231796,
228,4,verifier,verify_answer,verify_answer,0.7448,1,,-0.523533,,,,-0.523533,0.0,0.0,0.0,,,,,,,,,,,,,,0.23823341727256775
229,1,retriever,dense_retrieve|sparse_retrieve|hybrid_retrieve|hybrid_rerank,hybrid_rerank,-0.02,0,grader,-0.692141,-1.0,0.439464,-0.551973,-0.692141,-1.0,0.439464,-0.551973,0.15392953157424927,5,0.7197319716215134,0.2240135371685028,,,,,,,,,,
229,2,grader,keep_all|loose_filter|medium_filter|strict_filter|rerank_only,strict_filter,-0.07,0,generator,0.918155,0.246581,0.83448,,0.918155,0.246581,0.83448,0.0,,,,,,,0.9590774774551392,0.8869871951639652,0.9172400236129761,,,,,
229,3,generator,generate_answer|generate_with_strict_citations|generate_short_answer,generate_short_answer,-0.07,0,verifier,0.052672,0.229062,0.952071,-0.54314,0.052672,0.229062,0.952071,-0.54314,,,,,,,,,,0.5263359509408474,0.6145312115550041,274,0.22843003273010254,
229,4,verifier,verify_answer,verify_answer,0.7037,1,,-0.78273,,,,-0.78273,0.0,0.0,0.0,,,,,,,,,,,,,,0.10863479971885681
230,1,retriever,dense_retrieve|sparse_retrieve|hybrid_retrieve|hybrid_rerank,sparse_retrieve,-0.02,0,grader,-0.912756,1.0,-1.0,-0.69099,-0.912756,1.0,-1.0,-0.69099,0.043621987104415894,20,0.0,0.15450501441955566,,,,,,,,,,
230,2,grader,keep_all|loose_filter|medium_filter|strict_filter|rerank_only,strict_filter,-0.07,0,generator,0.686854,-1.0,0.994645,,0.686854,-1.0,0.994645,0.0,,,,,,,0.8434270620346069,0.7,0.9973224103450775,,,,,
230,3,generator,generate_answer|generate_with_strict_citations|generate_short_answer,generate_with_strict_citations,-0.07,0,verifier,0.852268,0.844058,0.898212,-0.951353,0.852268,0.844058,0.898212,-0.951353,,,,,,,,,,0.9261341094970703,0.9220287501811981,193,0.024323612451553345,
230,4,verifier,verify_answer,verify_answer,0.7154,1,,0.9698,,,,0.9698,0.0,0.0,0.0,,,,,,,,,,,,,,0.984900027513504
231,1,retriever,dense_retrieve|sparse_retrieve|hybrid_retrieve|hybrid_rerank,sparse_retrieve,-0.02,0,grader,-1.0,0.637212,-1.0,-0.798572,-1.0,0.637212,-1.0,-0.798572,0.0,17,0.0,0.10071411728858948,,,,,,,,,,
231,2,grader,keep_all|loose_filter|medium_filter|strict_filter|rerank_only,strict_filter,-0.07,0,generator,0.58779,-1.0,0.920375,,0.58779,-1.0,0.920375,0.0,,,,,,,0.7938952445983887,0.7,0.9601874947547913,,,,,
231,3,generator,generate_answer|generate_with_strict_citations|generate_short_answer,generate_with_strict_citations,-0.07,0,verifier,1.0,0.92691,1.0,-0.974384,1.0,0.92691,1.0,-0.974384,,,,,,,,,,1.0,0.9634549021720886,196,0.012808084487915039,
231,4,verifier,verify_answer,verify_answer,0.8695,1,,0.678217,,,,0.678217,0.0,0.0,0.0,,,,,,,,,,,,,,0.8391082882881165
232,1,retriever,dense_retrieve|sparse_retrieve|hybrid_retrieve|hybrid_rerank,sparse_retrieve,-0.02,0,grader,-0.869116,0.981794,-0.919247,-0.331605,-0.869116,0.981794,-0.919247,-0.331605,0.0654417872428894,19,0.040376633405685425,0.33419741690158844,,,,,,,,,,
232,2,grader,keep_all|loose_filter|medium_filter|strict_filter|rerank_only,strict_filter,-0.07,0,generator,0.687304,-0.739074,0.956203,,0.687304,-0.739074,0.956203,0.0,,,,,,,0.8436520397663116,0.7391388297080993,0.9781017005443573,,,,,
232,3,generator,generate_answer|generate_with_strict_citations|generate_short_answer,generate_with_strict_citations,-0.07,0,verifier,1.0,0.977184,0.934987,-1.0,1.0,0.977184,0.934987,-1.0,,,,,,,,,,1.0,0.9885922372341156,187,0.0,
232,4,verifier,verify_answer,verify_answer,-0.07,0,verifier,1.0,,,,1.0,0.0,0.0,0.0,,,,,,,,,,,,,,1.0
232,5,verifier,request_regeneration|request_more_retrieval|request_rewrite,request_regeneration,-0.07,0,generator,0.812281,,,,0.812281,0.0,0.0,0.0,,,,,,,,,,,,,,0.9061406254768372
232,6,generator,generate_answer|generate_with_strict_citations|generate_short_answer|regenerate,generate_with_strict_citations,-0.07,0,verifier,1.0,0.915254,0.775093,-1.0,1.0,0.915254,0.775093,-1.0,,,,,,,,,,1.0,0.9576267898082733,177,0.0,
232,7,verifier,verify_answer,verify_answer,-0.07,0,verifier,1.0,,,,1.0,0.0,0.0,0.0,,,,,,,,,,,,,,1.0
232,8,verifier,request_regeneration|request_more_retrieval|request_rewrite,request_regeneration,-0.07,0,generator,0.943727,,,,0.943727,0.0,0.0,0.0,,,,,,,,,,,,,,0.9718634486198425
232,9,generator,generate_answer|generate_with_strict_citations|generate_short_answer|regenerate,generate_with_strict_citations,-0.07,0,verifier,1.0,0.81479,0.922454,-1.0,1.0,0.81479,0.922454,-1.0,,,,,,,,,,1.0,0.907395213842392,187,0.0,
232,10,verifier,verify_answer,verify_answer,0.262,1,,1.0,,,,1.0,0.0,0.0,0.0,,,,,,,,,,,,,,1.0
233,1,retriever,dense_retrieve|sparse_retrieve|hybrid_retrieve|hybrid_rerank,sparse_retrieve,-0.02,0,grader,-1.0,1.0,-0.980526,-0.688247,-1.0,1.0,-0.980526,-0.688247,0.0,20,0.00973692536354065,0.1558765470981598,,,,,,,,,,
233,2,grader,keep_all|loose_filter|medium_filter|strict_filter|rerank_only,strict_filter,-0.07,0,generator,0.892112,-0.88607,0.970127,,0.892112,-0.88607,0.970127,0.0,,,,,,,0.9460558593273163,0.7170894980430602,0.9850633144378662,,,,,
233,3,generator,generate_answer|generate_with_strict_citations|generate_short_answer,generate_with_strict_citations,-0.07,0,verifier,0.981012,0.995443,1.0,-1.0,0.981012,0.995443,1.0,-1.0,,,,,,,,,,0.9905058741569519,0.9977213442325592,192,0.0,
233,4,verifier,verify_answer,verify_answer,0.5558,1,,1.0,,,,1.0,0.0,0.0,0.0,,,,,,,,,,,,,,1.0
234,1,retriever,dense_retrieve|sparse_retrieve|hybrid_retrieve|hybrid_rerank,hybrid_rerank,-0.02,0,grader,-0.487948,-0.849071,0.552176,-0.64726,-0.487948,-0.849071,0.552176,-0.64726,0.25602588057518005,6,0.7760881781578064,0.1763700246810913,,,,,,,,,,
234,2,grader,keep_all|loose_filter|medium_filter|strict_filter|rerank_only,strict_filter,-0.07,0,generator,0.8654,0.123429,1.0,,0.8654,0.123429,1.0,0.0,,,,,,,0.9327001571655273,0.8685143411159515,1.0,,,,,
234,3,generator,generate_answer|generate_with_strict_citations|generate_short_answer,generate_short_answer,-0.07,0,verifier,0.455753,-0.254873,0.963986,-0.9119,0.455753,-0.254873,0.963986,-0.9119,,,,,,,,,,0.7278762757778168,0.3725637346506119,206,0.04405021667480469,
234,4,verifier,verify_answer,verify_answer,-0.07,0,verifier,-0.832812,,,,-0.832812,0.0,0.0,0.0,,,,,,,,,,,,,,0.08359423279762268
234,5,verifier,request_regeneration|request_more_retrieval|request_rewrite,request_regeneration,-0.07,0,generator,0.158884,,,,0.158884,0.0,0.0,0.0,,,,,,,,,,,,,,0.5794422253966331
234,6,generator,generate_answer|generate_with_strict_citations|generate_short_answer|regenerate,generate_short_answer,-0.07,0,verifier,0.247903,-0.443744,0.939865,-0.743388,0.247903,-0.443744,0.939865,-0.743388,,,,,,,,,,0.6239515393972397,0.2781277596950531,236,0.12830600142478943,
234,7,verifier,verify_answer,verify_answer,-0.07,0,verifier,-0.743054,,,,-0.743054,0.0,0.0,0.0,,,,,,,,,,,,,,0.12847286462783813
234,8,verifier,request_regeneration|request_more_retrieval|request_rewrite,request_regeneration,-0.07,0,generator,0.239796,,,,0.239796,0.0,0.0,0.0,,,,,,,,,,,,,,0.6198980435729027
234,9,generator,generate_answer|generate_with_strict_citations|generate_short_answer|regenerate,generate_short_answer,-0.07,0,verifier,0.039117,-0.695017,0.698832,-0.578289,0.039117,-0.695017,0.698832,-0.578289,,,,,,,,,,0.5195582676678896,0.1524915099143982,245,0.210855633020401,
234,10,verifier,verify_answer,verify_answer,0.1363,1,,-0.481501,,,,-0.481501,0.0,0.0,0.0,,,,,,,,,,,,,,0.259249672293663
235,1,retriever,dense_retrieve|sparse_retrieve|hybrid_retrieve|hybrid_rerank,hybrid_rerank,-0.02,0,grader,-0.733011,-0.768915,0.380867,-0.165451,-0.733011,-0.768915,0.380867,-0.165451,0.1334942877292633,6,0.6904334276914597,0.41727471351623535,,,,,,,,,,
235,2,grader,keep_all|loose_filter|medium_filter|strict_filter|rerank_only,strict_filter,-0.07,0,generator,1.0,-0.259963,1.0,,1.0,-0.259963,1.0,0.0,,,,,,,1.0,0.8110055223107338,1.0,,,,,
235,3,generator,generate_answer|generate_with_strict_citations|generate_short_answer,generate_short_answer,-0.07,0,verifier,0.28191,-0.236484,0.906745,-0.71267,0.28191,-0.236484,0.906745,-0.71267,,,,,,,,,,0.6409551203250885,0.38175806403160095,239,0.14366492629051208,
235,4,verifier,verify_answer,verify_answer,0.4886,1,,-0.928374,,,,-0.928374,0.0,0.0,0.0,,,,,,,,,,,,,,0.035812973976135254
236,1,retriever,dense_retrieve|sparse_retrieve|hybrid_retrieve|hybrid_rerank,hybrid_rerank,-0.02,0,grader,-0.475002,-1.0,0.441528,-0.647488,-0.475002,-1.0,0.441528,-0.647488,0.26249919831752777,5,0.7207638025283813,0.1762559413909912,,,,,,,,,,
236,2,grader,keep_all|loose_filter|medium_filter|strict_filter|rerank_only,medium_filter,-0.07,0,generator,0.726013,-0.190684,0.712959,,0.726013,-0.190684,0.712959,0.0,,,,,,,0.8630066215991974,0.8213974349200726,0.856479674577713,,,,,
236,3,generator,generate_answer|generate_with_strict_citations|generate_short_answer,generate_short_answer,-0.07,0,verifier,0.482207,-0.417556,1.0,-0.169044,0.482207,-0.417556,1.0,-0.169044,,,,,,,,,,0.7411036044359207,0.2912217974662781,351,0.4154781550168991,
236,4,verifier,verify_answer,verify_answer,0.7612,1,,-0.245967,,,,-0.245967,0.0,0.0,0.0,,,,,,,,,,,,,,0.3770164027810097
237,1,retriever,dense_retrieve|sparse_retrieve|hybrid_retrieve|hybrid_rerank,hybrid_rerank,-0.02,0,grader,-0.469704,-1.0,0.649974,-0.508922,-0.469704,-1.0,0.649974,-0.508922,0.26514795422554016,5,0.8249867856502533,0.2455390989780426,,,,,,,,,,
237,2,grader,keep_all|loose_filter|medium_filter|strict_filter|rerank_only,strict_filter,-0.07,0,generator,1.0,-0.290946,1.0,,1.0,-0.290946,1.0,0.0,,,,,,,1.0,0.8063581615686416,1.0,,,,,
237,3,generator,generate_answer|generate_with_strict_citations|generate_short_answer,generate_short_answer,-0.07,0,verifier,0.437239,-0.809649,0.853988,-0.59632,0.437239,-0.809649,0.853988,-0.59632,,,,,,,,,,0.7186194807291031,0.09517538547515869,256,0.20183992385864258,
237,4,verifier,verify_answer,verify_answer,0.6112,1,,-0.177803,,,,-0.177803,0.0,0.0,0.0,,,,,,,,,,,,,,0.4110984429717064
238,1,retriever,dense_retrieve|sparse_retrieve|hybrid_retrieve|hybrid_rerank,hybrid_rerank,-0.02,0,grader,-0.998701,-0.635745,0.904146,-0.374842,-0.998701,-0.635745,0.904146,-0.374842,0.0006493628025054932,7,0.9520731270313263,0.31257881224155426,,,,,,,,,,
238,2,grader,keep_all|loose_filter|medium_filter|strict_filter|rerank_only,strict_filter,-0.07,0,generator,1.0,-0.341335,0.857016,,1.0,-0.341335,0.857016,0.0,,,,,,,1.0,0.7987996965646743,0.9285079538822174,,,,,
238,3,generator,generate_answer|generate_with_strict_citations|generate_short_answer,generate_short_answer,-0.07,0,verifier,0.484648,0.032396,0.812605,0.008899,0.484648,0.032396,0.812605,0.008899,,,,,,,,,,0.7423242479562759,0.516198243945837,361,0.5044496762566268,
238,4,verifier,verify_answer,verify_answer,-0.07,0,verifier,-0.430167,,,,-0.430167,0.0,0.0,0.0,,,,,,,,,,,,,,0.2849167436361313
238,5,verifier,request_regeneration|request_more_retrieval|request_rewrite,request_more_retrieval,-0.07,0,retriever,-0.155381,,,,-0.155381,0.0,0.0,0.0,,,,,,,,,,,,,,0.4223092570900917
238,6,retriever,retrieve_more,retrieve_more,-0.02,0,grader,-1.0,-0.747304,0.985645,-0.500932,-1.0,-0.747304,0.985645,-0.500932,0.0,6,0.9928223192691803,0.24953415989875793,,,,,,,,,,
238,7,grader,keep_all|loose_filter|medium_filter|strict_filter|rerank_only,medium_filter,-0.07,0,generator,0.808394,-0.541864,0.646296,,0.808394,-0.541864,0.646296,0.0,,,,,,,0.9041970670223236,0.768720331788063,0.8231481313705444,,,,,
238,8,generator,generate_answer|generate_with_strict_citations|generate_short_answer,generate_answer,-0.07,0,verifier,0.874962,-0.443767,0.824575,0.585089,0.874962,-0.443767,0.824575,0.585089,,,,,,,,,,0.9374811053276062,0.27811630070209503,384,0.7925443053245544,
238,9,verifier,verify_answer,verify_answer,0.6709,1,,-0.745139,,,,-0.745139,0.0,0.0,0.0,,,,,,,,,,,,,,0.12743034958839417
239,1,retriever,dense_retrieve|sparse_retrieve|hybrid_retrieve|hybrid_rerank,hybrid_rerank,-0.02,0,grader,-1.0,-1.0,0.916011,-0.818058,-1.0,-1.0,0.916011,-0.818058,0.0,5,0.958005428314209,0.09097111225128174,,,,,,,,,,
239,2,grader,keep_all|loose_filter|medium_filter|strict_filter|rerank_only,strict_filter,-0.07,0,generator,0.574186,-0.601952,1.0,,0.574186,-0.601952,1.0,0.0,,,,,,,0.7870928347110748,0.7597072422504425,1.0,,,,,
239,3,generator,generate_answer|generate_with_strict_citations|generate_short_answer,generate_short_answer,-0.07,0,verifier,0.519959,-0.269703,0.936768,-0.426582,0.519959,-0.269703,0.936768,-0.426582,,,,,,,,,,0.7599795162677765,0.365148589015007,295,0.2867090255022049,
239,4,verifier,verify_answer,verify_answer,0.6171,1,,-1.0,,,,-1.0,0.0,0.0,0.0,,,,,,,,,,,,,,0.0
240,1,retriever,dense_retrieve|sparse_retrieve|hybrid_retrieve|hybrid_rerank,sparse_retrieve,-0.02,0,grader,-0.980016,-0.533066,-0.828968,-1.0,-0.980016,-0.533066,-0.828968,-1.0,0.00999218225479126,8,0.08551618456840515,0.0,,,,,,,,,,
240,2,grader,keep_all|loose_filter|medium_filter|strict_filter|rerank_only,strict_filter,-0.07,0,generator,1.0,-1.0,0.900724,,1.0,-1.0,0.900724,0.0,,,,,,,1.0,0.7,0.950361967086792,,,,,
240,3,generator,generate_answer|generate_with_strict_citations|generate_short_answer,generate_with_strict_citations,-0.07,0,verifier,1.0,0.836687,1.0,-0.930166,1.0,0.836687,1.0,-0.930166,,,,,,,,,,1.0,0.9183432757854462,205,0.034917086362838745,
240,4,verifier,verify_answer,verify_answer,0.7968,1,,0.946439,,,,0.946439,0.0,0.0,0.0,,,,,,,,,,,,,,0.9732193946838379
241,1,retriever,dense_retrieve|sparse_retrieve|hybrid_retrieve|hybrid_rerank,hybrid_retrieve,-0.02,0,grader,-0.187167,-0.813148,-0.69584,-0.901929,-0.187167,-0.813148,-0.69584,-0.901929,0.40641629695892334,6,0.15208008885383606,0.04903528094291687,,,,,,,,,,
241,2,grader,keep_all|loose_filter|medium_filter|strict_filter|rerank_only,strict_filter,-0.07,0,generator,1.0,-1.0,1.0,,1.0,-1.0,1.0,0.0,,,,,,,1.0,0.7,1.0,,,,,
241,3,generator,generate_answer|generate_with_strict_citations|generate_short_answer,generate_answer,-0.07,0,verifier,-0.16755,-1.0,1.0,0.405271,-0.16755,-1.0,1.0,0.405271,,,,,,,,,,0.416224867105484,0.0,384,0.7026353776454926,
241,4,verifier,verify_answer,verify_answer,0.6634,1,,-0.618035,,,,-0.618035,0.0,0.0,0.0,,,,,,,,,,,,,,0.19098225235939026
242,1,retriever,dense_retrieve|sparse_retrieve|hybrid_retrieve|hybrid_rerank,sparse_retrieve,-0.02,0,grader,-0.809615,-1.0,-0.970516,-0.961408,-0.809615,-1.0,-0.970516,-0.961408,0.09519234299659729,5,0.01474219560623169,0.01929578185081482,,,,,,,,,,
242,2,grader,keep_all|loose_filter|medium_filter|strict_filter|rerank_only,strict_filter,-0.07,0,generator,0.882389,-0.737952,0.870991,,0.882389,-0.737952,0.870991,0.0,,,,,,,0.9411944150924683,0.7393072366714477,0.9354954361915588,,,,,
242,3,generator,generate_answer|generate_with_strict_citations|generate_short_answer,generate_with_strict_citations,-0.07,0,verifier,0.90888,1.0,0.818857,-1.0,0.90888,1.0,0.818857,-1.0,,,,,,,,,,0.9544400572776794,1.0,180,0.0,
242,4,verifier,verify_answer,verify_answer,0.6259,1,,1.0,,,,1.0,0.0,0.0,0.0,,,,,,,,,,,,,,1.0
243,1,retriever,dense_retrieve|sparse_retrieve|hybrid_retrieve|hybrid_rerank,hybrid_rerank,-0.02,0,grader,-0.919435,-1.0,0.73637,-0.95838,-0.919435,-1.0,0.73637,-0.95838,0.040282368659973145,5,0.8681849241256714,0.020809799432754517,,,,,,,,,,
243,2,grader,keep_all|loose_filter|medium_filter|strict_filter|rerank_only,strict_filter,-0.07,0,generator,1.0,0.390508,1.0,,1.0,0.390508,1.0,0.0,,,,,,,1.0,0.9085761949419975,1.0,,,,,
243,3,generator,generate_answer|generate_with_strict_citations|generate_short_answer,generate_short_answer,-0.07,0,verifier,-0.054142,-0.097252,0.80881,-0.477594,-0.054142,-0.097252,0.80881,-0.477594,,,,,,,,,,0.4729288835078478,0.45137397572398186,273,0.2612028568983078,
243,4,verifier,verify_answer,verify_answer,0.6256,1,,-0.595622,,,,-0.595622,0.0,0.0,0.0,,,,,,,,,,,,,,0.20218923687934875
244,1,retriever,dense_retrieve|sparse_retrieve|hybrid_retrieve|hybrid_rerank,sparse_retrieve,-0.02,0,grader,-0.674971,-1.0,-0.236759,-0.861253,-0.674971,-1.0,-0.236759,-0.861253,0.1625143587589264,5,0.3816203102469444,0.06937333941459656,,,,,,,,,,
244,2,grader,keep_all|loose_filter|medium_filter|strict_filter|rerank_only,strict_filter,-0.07,0,generator,1.0,-0.962388,0.96225,,1.0,-0.962388,0.96225,0.0,,,,,,,1.0,0.7056417942047118,0.981124758720398,,,,,
244,3,generator,generate_answer|generate_with_strict_citations|generate_short_answer,generate_with_strict_citations,-0.07,0,verifier,1.0,1.0,0.70407,-1.0,1.0,1.0,0.70407,-1.0,,,,,,,,,,1.0,1.0,173,0.0,
244,4,verifier,verify_answer,verify_answer,0.7159,1,,0.969955,,,,0.969955,0.0,0.0,0.0,,,,,,,,,,,,,,0.9849777221679688
245,1,retriever,dense_retrieve|sparse_retrieve|hybrid_retrieve|hybrid_rerank,hybrid_rerank,-0.02,0,grader,-0.843726,-1.0,1.0,-1.0,-0.843726,-1.0,1.0,-1.0,0.07813712954521179,5,1.0,0.0,,,,,,,,,,
245,2,grader,keep_all|loose_filter|medium_filter|strict_filter|rerank_only,strict_filter,-0.07,0,generator,1.0,0.243015,1.0,,1.0,0.243015,1.0,0.0,,,,,,,1.0,0.8864521995186805,1.0,,,,,
245,3,generator,generate_answer|generate_with_strict_citations|generate_short_answer,generate_short_answer,-0.07,0,verifier,0.046502,-0.044871,0.869182,-0.672021,0.046502,-0.044871,0.869182,-0.672021,,,,,,,,,,0.5232510324567556,0.4775646757334471,243,0.16398945450782776,
245,4,verifier,verify_answer,verify_answer,0.548,1,,-0.547961,,,,-0.547961,0.0,0.0,0.0,,,,,,,,,,,,,,0.2260197103023529
246,1,retriever,dense_retrieve|sparse_retrieve|hybrid_retrieve|hybrid_rerank,sparse_retrieve,-0.02,0,grader,-0.901053,-1.0,-0.472216,-1.0,-0.901053,-1.0,-0.472216,-1.0,0.04947337508201599,5,0.2638920992612839,0.0,,,,,,,,,,
246,2,grader,keep_all|loose_filter|medium_filter|strict_filter|rerank_only,strict_filter,-0.07,0,generator,1.0,-0.749645,1.0,,1.0,-0.749645,1.0,0.0,,,,,,,1.0,0.7375532865524291,1.0,,,,,
246,3,generator,generate_answer|generate_with_strict_citations|generate_short_answer,generate_with_strict_citations,-0.07,0,verifier,0.88231,1.0,0.805155,-0.912268,0.88231,1.0,0.805155,-0.912268,,,,,,,,,,0.9411550164222717,1.0,195,0.04386579990386963,
246,4,verifier,verify_answer,verify_answer,0.7143,1,,1.0,,,,1.0,0.0,0.0,0.0,,,,,,,,,,,,,,1.0
247,1,retriever,dense_retrieve|sparse_retrieve|hybrid_retrieve|hybrid_rerank,sparse_retrieve,-0.02,0,grader,-0.86338,-1.0,-0.019313,-1.0,-0.86338,-1.0,-0.019313,-1.0,0.06831008195877075,5,0.4903435055166483,0.0,,,,,,,,,,
247,2,grader,keep_all|loose_filter|medium_filter|strict_filter|rerank_only,strict_filter,-0.07,0,generator,0.818536,-0.939007,1.0,,0.818536,-0.939007,1.0,0.0,,,,,,,0.90926793217659,0.7091489523649215,1.0,,,,,
247,3,generator,generate_answer|generate_with_strict_citations|generate_short_answer,generate_with_strict_citations,-0.07,0,verifier,0.962861,0.872983,1.0,-0.749834,0.962861,0.872983,1.0,-0.749834,,,,,,,,,,0.9814304113388062,0.936491459608078,240,0.12508302927017212,
247,4,verifier,verify_answer,verify_answer,-0.07,0,verifier,0.925317,,,,0.925317,0.0,0.0,0.0,,,,,,,,,,,,,,0.9626585841178894
247,5,verifier,request_regeneration|request_more_retrieval|request_rewrite,request_regeneration,-0.07,0,generator,0.844347,,,,0.844347,0.0,0.0,0.0,,,,,,,,,,,,,,0.9221736788749695
247,6,generator,generate_answer|generate_with_strict_citations|generate_short_answer|regenerate,generate_with_strict_citations,-0.07,0,verifier,1.0,0.836747,1.0,-0.676176,1.0,0.836747,1.0,-0.676176,,,,,,,,,,1.0,0.9183734953403473,254,0.16191208362579346,
247,7,verifier,verify_answer,verify_answer,-0.07,0,verifier,0.581022,,,,0.581022,0.0,0.0,0.0,,,,,,,,,,,,,,0.7905107736587524
247,8,verifier,request_regeneration|request_more_retrieval|request_rewrite,request_regeneration,-0.07,0,generator,0.841339,,,,0.841339,0.0,0.0,0.0,,,,,,,,,,,,,,0.9206694662570953
247,9,generator,generate_answer|generate_with_strict_citations|generate_short_answer|regenerate,generate_with_strict_citations,-0.07,0,verifier,1.0,0.797811,1.0,-0.730117,1.0,0.797811,1.0,-0.730117,,,,,,,,,,1.0,0.8989054262638092,243,0.13494127988815308,
247,10,verifier,verify_answer,verify_answer,0.788,1,,0.605175,,,,0.605175,0.0,0.0,0.0,,,,,,,,,,,,,,0.8025873303413391
248,1,retriever,dense_retrieve|sparse_retrieve|hybrid_retrieve|hybrid_rerank,hybrid_rerank,-0.02,0,grader,-0.747866,-0.993445,0.949246,-0.231416,-0.747866,-0.993445,0.949246,-0.231416,0.1260668933391571,5,0.9746228456497192,0.3842921257019043,,,,,,,,,,
248,2,grader,keep_all|loose_filter|medium_filter|strict_filter|rerank_only,strict_filter,-0.07,0,generator,0.845547,0.218583,0.959685,,0.845547,0.218583,0.959685,0.0,,,,,,,0.9227733910083771,0.8827874280512332,0.9798425137996674,,,,,
248,3,generator,generate_answer|generate_with_strict_citations|generate_short_answer,generate_short_answer,-0.07,0,verifier,0.208919,-0.428157,0.983769,-0.981872,0.208919,-0.428157,0.983769,-0.981872,,,,,,,,,,0.604459285736084,0.2859213948249817,193,0.009064137935638428,
248,4,verifier,verify_answer,verify_answer,0.6668,1,,-0.915393,,,,-0.915393,0.0,0.0,0.0,,,,,,,,,,,,,,0.04230332374572754
249,1,retriever,dense_retrieve|sparse_retrieve|hybrid_retrieve|hybrid_rerank,sparse_retrieve,-0.02,0,grader,-0.924673,-1.0,-0.146547,-0.721188,-0.924673,-1.0,-0.146547,-0.721188,0.03766363859176636,5,0.4267266020178795,0.1394060254096985,,,,,,,,,,
249,2,grader,keep_all|loose_filter|medium_filter|strict_filter|rerank_only,strict_filter,-0.07,0,generator,0.865467,-0.871357,0.944189,,0.865467,-0.871357,0.944189,0.0,,,,,,,0.9327334463596344,0.7192964732646941,0.9720944464206696,,,,,
249,3,generator,generate_answer|generate_with_strict_citations|generate_short_answer,generate_with_strict_citations,-0.07,0,verifier,0.557214,0.932952,0.843287,-1.0,0.557214,0.932952,0.843287,-1.0,,,,,,,,,,0.7786069810390472,0.9664757549762726,181,0.0,
249,4,verifier,verify_answer,verify_answer,-0.07,0,verifier,0.81273,,,,0.81273,0.0,0.0,0.0,,,,,,,,,,,,,,0.9063652455806732
249,5,verifier,request_regeneration|request_more_retrieval|request_rewrite,request_regeneration,-0.07,0,generator,0.856987,,,,0.856987,0.0,0.0,0.0,,,,,,,,,,,,,,0.9284932911396027
249,6,generator,generate_answer|generate_with_strict_citations|generate_short_answer|regenerate,generate_with_strict_citations,-0.07,0,verifier,0.822436,0.989326,0.775658,-1.0,0.822436,0.989326,0.775658,-1.0,,,,,,,,,,0.9112178683280945,0.9946632087230682,177,0.0,
249,7,verifier,verify_answer,verify_answer,0.796,1,,0.809485,,,,0.809485,0.0,0.0,0.0,,,,,,,,,,,,,,0.9047423899173737
250,1,retriever,dense_retrieve|sparse_retrieve|hybrid_retrieve|hybrid_rerank,hybrid_rerank,-0.02,0,grader,-1.0,-1.0,0.616058,-0.540906,-1.0,-1.0,0.616058,-0.540906,0.0,5,0.8080289959907532,0.22954696416854858,,,,,,,,,,
250,2,grader,keep_all|loose_filter|medium_filter|strict_filter|rerank_only,strict_filter,-0.07,0,generator,1.0,-0.444276,0.93742,,1.0,-0.444276,0.93742,0.0,,,,,,,1.0,0.7833585634827613,0.9687098264694214,,,,,
250,3,generator,generate_answer|generate_with_strict_citations|generate_short_answer,generate_short_answer,-0.07,0,verifier,0.453827,0.419891,0.799681,-0.84045,0.453827,0.419891,0.799681,-0.84045,,,,,,,,,,0.7269134223461151,0.7099457383155823,207,0.07977497577667236,
250,4,verifier,verify_answer,verify_answer,0.6867,1,,-1.0,,,,-1.0,0.0,0.0,0.0,,,,,,,,,,,,,,0.0
251,1,retriever,dense_retrieve|sparse_retrieve|hybrid_retrieve|hybrid_rerank,sparse_retrieve,-0.02,0,grader,-1.0,-1.0,-0.802997,-0.784602,-1.0,-1.0,-0.802997,-0.784602,0.0,5,0.09850171208381653,0.10769882798194885,,,,,,,,,,
251,2,grader,keep_all|loose_filter|medium_filter|strict_filter|rerank_only,strict_filter,-0.07,0,generator,1.0,-0.851084,1.0,,1.0,-0.851084,1.0,0.0,,,,,,,1.0,0.7223374277353286,1.0,,,,,
251,3,generator,generate_answer|generate_with_strict_citations|generate_short_answer,generate_with_strict_citations,-0.07,0,verifier,0.829021,0.942369,0.881965,-0.798854,0.829021,0.942369,0.881965,-0.798854,,,,,,,,,,0.9145103394985199,0.9711846709251404,221,0.10057288408279419,
251,4,verifier,verify_answer,verify_answer,0.7178,1,,0.819486,,,,0.819486,0.0,0.0,0.0,,,,,,,,,,,,,,0.9097431004047394
252,1,retriever,dense_retrieve|sparse_retrieve|hybrid_retrieve|hybrid_rerank,hybrid_rerank,-0.02,0,grader,-0.843132,-0.865724,1.0,-0.752038,-0.843132,-0.865724,1.0,-0.752038,0.07843396067619324,6,1.0,0.12398090958595276,,,,,,,,,,
252,2,grader,keep_all|loose_filter|medium_filter|strict_filter|rerank_only,strict_filter,-0.07,0,generator,1.0,0.036518,0.907154,,1.0,0.036518,0.907154,0.0,,,,,,,1.0,0.8554777313023805,0.9535770118236542,,,,,
252,3,generator,generate_answer|generate_with_strict_citations|generate_short_answer,generate_short_answer,-0.07,0,verifier,0.591205,0.391659,1.0,-1.0,0.591205,0.391659,1.0,-1.0,,,,,,,,,,0.7956026792526245,0.6958296000957489,192,0.0,
252,4,verifier,verify_answer,verify_answer,0.6897,1,,-1.0,,,,-1.0,0.0,0.0,0.0,,,,,,,,,,,,,,0.0
253,1,retriever,dense_retrieve|sparse_retrieve|hybrid_retrieve|hybrid_rerank,sparse_retrieve,-0.02,0,grader,-0.856697,-0.965696,-0.284975,-0.958296,-0.856697,-0.965696,-0.284975,-0.958296,0.07165172696113586,5,0.3575124591588974,0.020852088928222656,,,,,,,,,,
253,2,grader,keep_all|loose_filter|medium_filter|strict_filter|rerank_only,strict_filter,-0.07,0,generator,1.0,-1.0,0.898011,,1.0,-1.0,0.898011,0.0,,,,,,,1.0,0.7,0.949005663394928,,,,,
253,3,generator,generate_answer|generate_with_strict_citations|generate_short_answer,generate_with_strict_citations,-0.07,0,verifier,0.879086,1.0,1.0,-0.930848,0.879086,1.0,1.0,-0.930848,,,,,,,,,,0.9395430684089661,1.0,205,0.03457611799240112,
253,4,verifier,verify_answer,verify_answer,0.5653,1,,1.0,,,,1.0,0.0,0.0,0.0,,,,,,,,,,,,,,1.0
254,1,retriever,dense_retrieve|sparse_retrieve|hybrid_retrieve|hybrid_rerank,sparse_retrieve,-0.02,0,grader,-1.0,-0.745703,-0.551158,-0.84282,-1.0,-0.745703,-0.551158,-0.84282,0.0,6,0.22442084550857544,0.07859018445014954,,,,,,,,,,
254,2,grader,keep_all|loose_filter|medium_filter|strict_filter|rerank_only,strict_filter,-0.07,0,generator,1.0,-1.0,0.920912,,1.0,-1.0,0.920912,0.0,,,,,,,1.0,0.7,0.960455983877182,,,,,
254,3,generator,generate_answer|generate_with_strict_citations|generate_short_answer,generate_with_strict_citations,-0.07,0,verifier,0.884727,1.0,0.841458,-0.884994,0.884727,1.0,0.841458,-0.884994,,,,,,,,,,0.9423633813858032,1.0,202,0.05750313401222229,
254,4,verifier,verify_answer,verify_answer,0.8246,1,,1.0,,,,1.0,0.0,0.0,0.0,,,,,,,,,,,,,,1.0
255,1,retriever,dense_retrieve|sparse_retrieve|hybrid_retrieve|hybrid_rerank,sparse_retrieve,-0.02,0,grader,-0.888734,-0.954769,-0.732113,-1.0,-0.888734,-0.954769,-0.732113,-1.0,0.05563300848007202,5,0.13394346833229065,0.0,,,,,,,,,,
255,2,grader,keep_all|loose_filter|medium_filter|strict_filter|rerank_only,strict_filter,-0.07,0,generator,1.0,-0.879526,0.993729,,1.0,-0.879526,0.993729,0.0,,,,,,,1.0,0.7180711328983307,0.9968642890453339,,,,,
255,3,generator,generate_answer|generate_with_strict_citations|generate_short_answer,generate_short_answer,-0.07,0,verifier,0.932364,0.689933,0.838343,-0.711973,0.932364,0.689933,0.838343,-0.711973,,,,,,,,,,0.966181755065918,0.8449666202068329,233,0.14401337504386902,
255,4,verifier,verify_answer,verify_answer,0.6598,1,,0.807492,,,,0.807492,0.0,0.0,0.0,,,,,,,,,,,,,,0.9037459790706635
256,1,retriever,dense_retrieve|sparse_retrieve|hybrid_retrieve|hybrid_rerank,hybrid_rerank,-0.02,0,grader,-0.947315,-0.848538,0.705702,-0.807184,-0.947315,-0.848538,0.705702,-0.807184,0.026342302560806274,6,0.8528509736061096,0.09640789031982422,,,,,,,,,,
256,2,grader,keep_all|loose_filter|medium_filter|strict_filter|rerank_only,strict_filter,-0.07,0,generator,1.0,0.246776,1.0,,1.0,0.246776,1.0,0.0,,,,,,,1.0,0.8870164357125758,1.0,,,,,
256,3,generator,generate_answer|generate_with_strict_citations|generate_short_answer,generate_with_strict_citations,-0.07,0,verifier,0.587903,0.847692,0.96863,-0.860371,0.587903,0.847692,0.96863,-0.860371,,,,,,,,,,0.7939515709877014,0.9238460958003998,215,0.06981462240219116,
256,4,verifier,verify_answer,verify_answer,-0.07,0,verifier,-0.889702,,,,-0.889702,0.0,0.0,0.0,,,,,,,,,,,,,,0.05514901876449585
256,5,verifier,request_regeneration|request_more_retrieval|request_rewrite,request_regeneration,-0.07,0,generator,0.467206,,,,0.467206,0.0,0.0,0.0,,,,,,,,,,,,,,0.7336032390594482
256,6,generator,generate_answer|generate_with_strict_citations|generate_short_answer|regenerate,generate_short_answer,-0.07,0,verifier,0.721847,0.1206,1.0,-0.849535,0.721847,0.1206,1.0,-0.849535,,,,,,,,,,0.8609235286712646,0.5603000037372112,220,0.07523256540298462,
256,7,verifier,verify_answer,verify_answer,-0.07,0,verifier,-0.87957,,,,-0.87957,0.0,0.0,0.0,,,,,,,,,,,,,,0.06021475791931152
256,8,verifier,request_regeneration|request_more_retrieval|request_rewrite,request_regeneration,-0.07,0,generator,0.780538,,,,0.780538,0.0,0.0,0.0,,,,,,,,,,,,,,0.8902691602706909
256,9,generator,generate_answer|generate_with_strict_citations|generate_short_answer|regenerate,generate_short_answer,-0.07,0,verifier,0.74559,-0.869927,0.835073,-0.976702,0.74559,-0.869927,0.835073,-0.976702,,,,,,,,,,0.8727949857711792,0.06503647565841675,185,0.011649012565612793,
256,10,verifier,verify_answer,verify_answer,0.1751,1,,-0.536098,,,,-0.536098,0.0,0.0,0.0,,,,,,,,,,,,,,0.23195123672485352
257,1,retriever,dense_retrieve|sparse_retrieve|hybrid_retrieve|hybrid_rerank,hybrid_rerank,-0.02,0,grader,-0.737007,-1.0,0.92429,-1.0,-0.737007,-1.0,0.92429,-1.0,0.1314966380596161,5,0.9621447920799255,0.0,,,,,,,,,,
257,2,grader,keep_all|loose_filter|medium_filter|strict_filter|rerank_only,strict_filter,-0.07,0,generator,1.0,-0.201654,1.0,,1.0,-0.201654,1.0,0.0,,,,,,,1.0,0.8197518683969974,1.0,,,,,
257,3,generator,generate_answer|generate_with_strict_citations|generate_short_answer,generate_short_answer,-0.07,0,verifier,0.143711,0.043006,1.0,-0.538116,0.143711,0.043006,1.0,-0.538116,,,,,,,,,,0.5718553066253662,0.5215032361447811,280,0.23094192147254944,
257,4,verifier,verify_answer,verify_answer,0.5696,1,,-0.149519,,,,-0.149519,0.0,0.0,0.0,,,,,,,,,,,,,,0.4252406507730484
258,1,retriever,dense_retrieve|sparse_retrieve|hybrid_retrieve|hybrid_rerank,hybrid_rerank,-0.02,0,grader,-1.0,-0.867456,1.0,-0.964912,-1.0,-0.867456,1.0,-0.964912,0.0,5,1.0,0.017544090747833252,,,,,,,,,,
258,2,grader,keep_all|loose_filter|medium_filter|strict_filter|rerank_only,strict_filter,-0.07,0,generator,1.0,-0.346985,1.0,,1.0,-0.346985,1.0,0.0,,,,,,,1.0,0.7979522034525871,1.0,,,,,
258,3,generator,generate_answer|generate_with_strict_citations|generate_short_answer,generate_short_answer,-0.07,0,verifier,0.739133,0.413862,0.86731,-0.966833,0.739133,0.413862,0.86731,-0.966833,,,,,,,,,,0.8695665597915649,0.7069307863712311,189,0.01658347249031067,
258,4,verifier,verify_answer,verify_answer,0.7447,1,,-1.0,,,,-1.0,0.0,0.0,0.0,,,,,,,,,,,,,,0.0
259,1,retriever,dense_retrieve|sparse_retrieve|hybrid_retrieve|hybrid_rerank,sparse_retrieve,-0.02,0,grader,-0.866192,-1.0,-0.476916,-1.0,-0.866192,-1.0,-0.476916,-1.0,0.066904217004776,5,0.26154205203056335,0.0,,,,,,,,,,
259,2,grader,keep_all|loose_filter|medium_filter|strict_filter|rerank_only,strict_filter,-0.07,0,generator,0.968229,-1.0,0.956367,,0.968229,-1.0,0.956367,0.0,,,,,,,0.9841142892837524,0.7,0.9781836867332458,,,,,
259,3,generator,generate_answer|generate_with_strict_citations|generate_short_answer,generate_short_answer,-0.07,0,verifier,1.0,0.620434,1.0,-0.948259,1.0,0.620434,1.0,-0.948259,,,,,,,,,,1.0,0.8102169632911682,201,0.02587062120437622,
259,4,verifier,verify_answer,verify_answer,0.6823,1,,0.818788,,,,0.818788,0.0,0.0,0.0,,,,,,,,,,,,,,0.9093938171863556
260,1,retriever,dense_retrieve|sparse_retrieve|hybrid_retrieve|hybrid_rerank,sparse_retrieve,-0.02,0,grader,-1.0,-0.744458,-0.824153,-1.0,-1.0,-0.744458,-0.824153,-1.0,0.0,6,0.08792334794998169,0.0,,,,,,,,,,
260,2,grader,keep_all|loose_filter|medium_filter|strict_filter|rerank_only,strict_filter,-0.07,0,generator,1.0,-0.946872,0.858883,,1.0,-0.946872,0.858883,0.0,,,,,,,1.0,0.707969182729721,0.9294416308403015,,,,,
260,3,generator,generate_answer|generate_with_strict_citations|generate_short_answer,generate_with_strict_citations,-0.07,0,verifier,1.0,0.840043,1.0,-0.839788,1.0,0.840043,1.0,-0.839788,,,,,,,,,,1.0,0.9200212955474854,222,0.0801059901714325,
260,4,verifier,verify_answer,verify_answer,0.5462,1,,1.0,,,,1.0,0.0,0.0,0.0,,,,,,,,,,,,,,1.0
261,1,retriever,dense_retrieve|sparse_retrieve|hybrid_retrieve|hybrid_rerank,sparse_retrieve,-0.02,0,grader,-0.938954,-0.73298,-0.53603,-1.0,-0.938954,-0.73298,-0.53603,-1.0,0.03052288293838501,7,0.23198482394218445,0.0,,,,,,,,,,
261,2,grader,keep_all|loose_filter|medium_filter|strict_filter|rerank_only,strict_filter,-0.07,0,generator,1.0,-0.685073,0.847367,,1.0,-0.685073,0.847367,0.0,,,,,,,1.0,0.7472389847040176,0.9236837327480316,,,,,
261,3,generator,generate_answer|generate_with_strict_citations|generate_short_answer,generate_with_strict_citations,-0.07,0,verifier,0.940575,1.0,0.99096,-1.0,0.940575,1.0,0.99096,-1.0,,,,,,,,,,0.9702877402305603,1.0,191,0.0,
261,4,verifier,verify_answer,verify_answer,0.849,1,,1.0,,,,1.0,0.0,0.0,0.0,,,,,,,,,,,,,,1.0
262,1,retriever,dense_retrieve|sparse_retrieve|hybrid_retrieve|hybrid_rerank,hybrid_rerank,-0.02,0,grader,-0.633765,-0.97025,0.837662,-0.953897,-0.633765,-0.97025,0.837662,-0.953897,0.18311771750450134,5,0.9188310503959656,0.023051679134368896,,,,,,,,,,
262,2,grader,keep_all|loose_filter|medium_filter|strict_filter|rerank_only,strict_filter,-0.07,0,generator,1.0,-0.516206,1.0,,1.0,-0.516206,1.0,0.0,,,,,,,1.0,0.7725691139698028,1.0,,,,,
262,3,generator,generate_answer|generate_with_strict_citations|generate_short_answer,generate_short_answer,-0.07,0,verifier,0.53872,0.320728,0.83458,-0.832989,0.53872,0.320728,0.83458,-0.832989,,,,,,,,,,0.7693599760532379,0.6603642404079437,211,0.08350560069084167,
262,4,verifier,verify_answer,verify_answer,0.6682,1,,-0.770776,,,,-0.770776,0.0,0.0,0.0,,,,,,,,,,,,,,0.1146119236946106
263,1,retriever,dense_retrieve|sparse_retrieve|hybrid_retrieve|hybrid_rerank,hybrid_rerank,-0.02,0,grader,-1.0,-0.761206,1.0,-0.560308,-1.0,-0.761206,1.0,-0.560308,0.0,6,1.0,0.21984592080116272,,,,,,,,,,
263,2,grader,keep_all|loose_filter|medium_filter|strict_filter|rerank_only,strict_filter,-0.07,0,generator,0.798079,-0.805292,0.977426,,0.798079,-0.805292,0.977426,0.0,,,,,,,0.8990394175052643,0.7292062520980834,0.9887128174304962,,,,,
263,3,generator,generate_answer|generate_with_strict_citations|generate_short_answer,generate_with_strict_citations,-0.07,0,verifier,0.792031,0.70214,1.0,-1.0,0.792031,0.70214,1.0,-1.0,,,,,,,,,,0.8960153460502625,0.8510700166225433,192,0.0,
263,4,verifier,verify_answer,verify_answer,-0.07,0,verifier,-1.0,,,,-1.0,0.0,0.0,0.0,,,,,,,,,,,,,,0.0
263,5,verifier,request_regeneration|request_more_retrieval|request_rewrite,request_regeneration,-0.07,0,generator,0.629197,,,,0.629197,0.0,0.0,0.0,,,,,,,,,,,,,,0.814598560333252
263,6,generator,generate_answer|generate_with_strict_citations|generate_short_answer|regenerate,generate_short_answer,-0.07,0,verifier,0.691648,-0.01575,1.0,-0.783174,0.691648,-0.01575,1.0,-0.783174,,,,,,,,,,0.8458238840103149,0.49212516378611326,233,0.10841286182403564,
263,7,verifier,verify_answer,verify_answer,-0.07,0,verifier,-0.730434,,,,-0.730434,0.0,0.0,0.0,,,,,,,,,,,,,,0.13478320837020874
263,8,verifier,request_regeneration|request_more_retrieval|request_rewrite,request_regeneration,-0.07,0,generator,0.65772,,,,0.65772,0.0,0.0,0.0,,,,,,,,,,,,,,0.8288602232933044
263,9,generator,generate_answer|generate_with_strict_citations|generate_short_answer|regenerate,generate_short_answer,-0.07,0,verifier,0.558246,-0.59409,1.0,-0.797438,0.558246,-0.59409,1.0,-0.797438,,,,,,,,,,0.7791230082511902,0.2029549777507782,230,0.10128092765808105,
263,10,verifier,verify_answer,verify_answer,0.1778,1,,-0.873311,,,,-0.873311,0.0,0.0,0.0,,,,,,,,,,,,,,0.06334459781646729
264,1,retriever,dense_retrieve|sparse_retrieve|hybrid_retrieve|hybrid_rerank,hybrid_rerank,-0.02,0,grader,-0.99581,-0.987897,0.660118,-0.727225,-0.99581,-0.987897,0.660118,-0.727225,0.002094954252243042,5,0.8300591111183167,0.13638755679130554,,,,,,,,,,
264,2,grader,keep_all|loose_filter|medium_filter|strict_filter|rerank_only,medium_filter,-0.07,0,generator,0.852357,-0.769741,0.746683,,0.852357,-0.769741,0.746683,0.0,,,,,,,0.9261786937713623,0.7345389127731323,0.8733414709568024,,,,,
264,3,generator,generate_answer|generate_with_strict_citations|generate_short_answer,generate_short_answer,-0.07,0,verifier,0.110939,-0.255269,0.892811,-0.570715,0.110939,-0.255269,0.892811,-0.570715,,,,,,,,,,0.5554695352911949,0.3723655194044113,264,0.21464261412620544,
264,4,verifier,verify_answer,verify_answer,0.6848,1,,-0.235754,,,,-0.235754,0.0,0.0,0.0,,,,,,,,,,,,,,0.38212286680936813
265,1,retriever,dense_retrieve|sparse_retrieve|hybrid_retrieve|hybrid_rerank,hybrid_rerank,-0.02,0,grader,-0.949683,-0.93961,1.0,-0.789495,-0.949683,-0.93961,1.0,-0.789495,0.02515837550163269,5,1.0,0.10525256395339966,,,,,,,,,,
265,2,grader,keep_all|loose_filter|medium_filter|strict_filter|rerank_only,strict_filter,-0.07,0,generator,0.820004,-0.126921,1.0,,0.820004,-0.126921,1.0,0.0,,,,,,,0.9100018441677094,0.8309619151055813,1.0,,,,,
265,3,generator,generate_answer|generate_with_strict_citations|generate_short_answer,generate_short_answer,-0.07,0,verifier,0.477861,0.239182,0.955502,-1.0,0.477861,0.239182,0.955502,-1.0,,,,,,,,,,0.7389303892850876,0.6195911094546318,189,0.0,
265,4,verifier,verify_answer,verify_answer,0.5724,1,,-0.66613,,,,-0.66613,0.0,0.0,0.0,,,,,,,,,,,,,,0.1669348180294037
266,1,retriever,dense_retrieve|sparse_retrieve|hybrid_retrieve|hybrid_rerank,sparse_retrieve,-0.02,0,grader,-1.0,-0.669581,-0.053306,-0.965018,-1.0,-0.669581,-0.053306,-0.965018,0.0,7,0.47334713116288185,0.017490863800048828,,,,,,,,,,
266,2,grader,keep_all|loose_filter|medium_filter|strict_filter|rerank_only,strict_filter,-0.07,0,generator,1.0,-0.831843,0.915077,,1.0,-0.831843,0.915077,0.0,,,,,,,1.0,0.7252235293388366,0.9575386047363281,,,,,
266,3,generator,generate_answer|generate_with_strict_citations|generate_short_answer,generate_with_strict_citations,-0.07,0,verifier,0.873276,1.0,1.0,-0.97826,0.873276,1.0,1.0,-0.97826,,,,,,,,,,0.9366378784179688,1.0,196,0.010869771242141724,
266,4,verifier,verify_answer,verify_answer,0.7466,1,,0.763388,,,,0.763388,0.0,0.0,0.0,,,,,,,,,,,,,,0.8816941678524017
267,1,retriever,dense_retrieve|sparse_retrieve|hybrid_retrieve|hybrid_rerank,sparse_retrieve,-0.02,0,grader,-1.0,-1.0,-0.273482,-0.701161,-1.0,-1.0,-0.273482,-0.701161,0.0,5,0.36325909197330475,0.14941930770874023,,,,,,,,,,
267,2,grader,keep_all|loose_filter|medium_filter|strict_filter|rerank_only,strict_filter,-0.07,0,generator,0.792081,-0.921891,1.0,,0.792081,-0.921891,1.0,0.0,,,,,,,0.8960404694080353,0.7117163360118866,1.0,,,,,
267,3,generator,generate_answer|generate_with_strict_citations|generate_short_answer,generate_with_strict_citations,-0.07,0,verifier,1.0,0.935728,1.0,-0.913671,1.0,0.935728,1.0,-0.913671,,,,,,,,,,1.0,0.9678638577461243,208,0.04316428303718567,
267,4,verifier,verify_answer,verify_answer,-0.07,0,verifier,1.0,,,,1.0,0.0,0.0,0.0,,,,,,,,,,,,,,1.0
267,5,verifier,request_regeneration|request_more_retrieval|request_rewrite,request_regeneration,-0.07,0,generator,1.0,,,,1.0,0.0,0.0,0.0,,,,,,,,,,,,,,1.0
267,6,generator,generate_answer|generate_with_strict_citations|generate_short_answer|regenerate,generate_short_answer,-0.07,0,verifier,1.0,0.565067,1.0,-0.907556,1.0,0.565067,1.0,-0.907556,,,,,,,,,,1.0,0.7825334370136261,209,0.046222180128097534,
267,7,verifier,verify_answer,verify_answer,-0.07,0,verifier,0.975144,,,,0.975144,0.0,0.0,0.0,,,,,,,,,,,,,,0.9875719845294952
267,8,verifier,request_regeneration|request_more_retrieval|request_rewrite,request_regeneration,-0.07,0,generator,1.0,,,,1.0,0.0,0.0,0.0,,,,,,,,,,,,,,1.0
267,9,generator,generate_answer|generate_with_strict_citations|generate_short_answer|regenerate,generate_short_answer,-0.07,0,verifier,1.0,0.569501,1.0,-1.0,1.0,0.569501,1.0,-1.0,,,,,,,,,,1.0,0.7847505509853363,192,0.0,
267,10,verifier,verify_answer,verify_answer,0.157,1,,1.0,,,,1.0,0.0,0.0,0.0,,,,,,,,,,,,,,1.0
268,1,retriever,dense_retrieve|sparse_retrieve|hybrid_retrieve|hybrid_rerank,hybrid_rerank,-0.02,0,grader,-0.967707,-0.873558,1.0,-1.0,-0.967707,-0.873558,1.0,-1.0,0.016146600246429443,5,1.0,0.0,,,,,,,,,,
268,2,grader,keep_all|loose_filter|medium_filter|strict_filter|rerank_only,strict_filter,-0.07,0,generator,0.919539,0.415373,0.98822,,0.919539,0.415373,0.98822,0.0,,,,,,,0.9597693383693695,0.9123059585690498,0.9941101372241974,,,,,
268,3,generator,generate_answer|generate_with_strict_citations|generate_short_answer,generate_short_answer,-0.07,0,verifier,0.111977,-0.108423,0.733188,-0.399485,0.111977,-0.108423,0.733188,-0.399485,,,,,,,,,,0.5559884794056416,0.44578834623098373,279,0.3002575933933258,
268,4,verifier,verify_answer,verify_answer,0.6593,1,,-0.094206,,,,-0.094206,0.0,0.0,0.0,,,,,,,,,,,,,,0.4528968222439289
269,1,retriever,dense_retrieve|sparse_retrieve|hybrid_retrieve|hybrid_rerank,sparse_retrieve,-0.02,0,grader,-0.790228,-0.928399,-0.6643,-0.915914,-0.790228,-0.928399,-0.6643,-0.915914,0.10488611459732056,5,0.16785022616386414,0.042043060064315796,,,,,,,,,,
269,2,grader,keep_all|loose_filter|medium_filter|strict_filter|rerank_only,strict_filter,-0.07,0,generator,1.0,-0.91925,0.985039,,1.0,-0.91925,0.985039,0.0,,,,,,,1.0,0.7121125429868698,0.992519348859787,,,,,
269,3,generator,generate_answer|generate_with_strict_citations|generate_short_answer,generate_with_strict_citations,-0.07,0,verifier,1.0,1.0,1.0,-1.0,1.0,1.0,1.0,-1.0,,,,,,,,,,1.0,1.0,192,0.0,
269,4,verifier,verify_answer,verify_answer,0.7292,1,,0.806689,,,,0.806689,0.0,0.0,0.0,,,,,,,,,,,,,,0.9033443629741669
270,1,retriever,dense_retrieve|sparse_retrieve|hybrid_retrieve|hybrid_rerank,hybrid_rerank,-0.02,0,grader,-0.915768,-0.977914,0.882843,-0.767481,-0.915768,-0.977914,0.882843,-0.767481,0.04211607575416565,5,0.9414215087890625,0.11625954508781433,,,,,,,,,,
270,2,grader,keep_all|loose_filter|medium_filter|strict_filter|rerank_only,strict_filter,-0.07,0,generator,1.0,0.452236,0.828671,,1.0,0.452236,0.828671,0.0,,,,,,,1.0,0.9178354308009147,0.9143356084823608,,,,,
270,3,generator,generate_answer|generate_with_strict_citations|generate_short_answer,generate_short_answer,-0.07,0,verifier,0.495028,-0.227691,0.940848,-1.0,0.495028,-0.227691,0.940848,-1.0,,,,,,,,,,0.7475142180919647,0.386154405772686,188,0.0,
270,4,verifier,verify_answer,verify_answer,0.6248,1,,-0.374221,,,,-0.374221,0.0,0.0,0.0,,,,,,,,,,,,,,0.31288938224315643
271,1,retriever,dense_retrieve|sparse_retrieve|hybrid_retrieve|hybrid_rerank,hybrid_rerank,-0.02,0,grader,-1.0,-1.0,0.892674,-1.0,-1.0,-1.0,0.892674,-1.0,0.0,5,0.9463368356227875,0.0,,,,,,,,,,
271,2,grader,keep_all|loose_filter|medium_filter|strict_filter|rerank_only,strict_filter,-0.07,0,generator,1.0,0.547394,0.943375,,1.0,0.547394,0.943375,0.0,,,,,,,1.0,0.9321091502904891,0.9716872870922089,,,,,
271,3,generator,generate_answer|generate_with_strict_citations|generate_short_answer,generate_short_answer,-0.07,0,verifier,0.827437,0.181633,1.0,-0.703692,0.827437,0.181633,1.0,-0.703692,,,,,,,,,,0.9137184321880341,0.5908166989684105,248,0.14815416932106018,
271,4,verifier,verify_answer,verify_answer,0.4336,1,,-0.374559,,,,-0.374559,0.0,0.0,0.0,,,,,,,,,,,,,,0.3127207010984421
272,1,retriever,dense_retrieve|sparse_retrieve|hybrid_retrieve|hybrid_rerank,sparse_retrieve,-0.02,0,grader,-0.844742,-0.970178,-0.991035,-1.0,-0.844742,-0.970178,-0.991035,-1.0,0.0776289701461792,5,0.0044824182987213135,0.0,,,,,,,,,,
272,2,grader,keep_all|loose_filter|medium_filter|strict_filter|rerank_only,strict_filter,-0.07,0,generator,1.0,-1.0,0.966932,,1.0,-1.0,0.966932,0.0,,,,,,,1.0,0.7,0.983466237783432,,,,,
272,3,generator,generate_answer|generate_with_strict_citations|generate_short_answer,generate_with_strict_citations,-0.07,0,verifier,0.982581,0.98532,1.0,-1.0,0.982581,0.98532,1.0,-1.0,,,,,,,,,,0.9912903010845184,0.992659866809845,192,0.0,
272,4,verifier,verify_answer,verify_answer,0.7804,1,,0.892402,,,,0.892402,0.0,0.0,0.0,,,,,,,,,,,,,,0.9462009370326996
273,1,retriever,dense_retrieve|sparse_retrieve|hybrid_retrieve|hybrid_rerank,sparse_retrieve,-0.02,0,grader,-1.0,-0.84872,-1.0,-0.821876,-1.0,-0.84872,-1.0,-0.821876,0.0,6,0.0,0.08906221389770508,,,,,,,,,,
273,2,grader,keep_all|loose_filter|medium_filter|strict_filter|rerank_only,medium_filter,-0.07,0,generator,1.0,-1.0,0.609254,,1.0,-1.0,0.609254,0.0,,,,,,,1.0,0.7,0.8046269118785858,,,,,
273,3,generator,generate_answer|generate_with_strict_citations|generate_short_answer,generate_with_strict_citations,-0.07,0,verifier,0.942129,0.98782,0.847518,-1.0,0.942129,0.98782,0.847518,-1.0,,,,,,,,,,0.9710642993450165,0.9939100742340088,182,0.0,
273,4,verifier,verify_answer,verify_answer,0.7121,1,,1.0,,,,1.0,0.0,0.0,0.0,,,,,,,,,,,,,,1.0
274,1,retriever,dense_retrieve|sparse_retrieve|hybrid_retrieve|hybrid_rerank,sparse_retrieve,-0.02,0,grader,-0.898441,-1.0,-1.0,-1.0,-0.898441,-1.0,-1.0,-1.0,0.050779521465301514,5,0.0,0.0,,,,,,,,,,
274,2,grader,keep_all|loose_filter|medium_filter|strict_filter|rerank_only,strict_filter,-0.07,0,generator,0.967961,-0.923942,0.919431,,0.967961,-0.923942,0.919431,0.0,,,,,,,0.9839805364608765,0.7114086866378784,0.9597153961658478,,,,,
274,3,generator,generate_answer|generate_with_strict_citations|generate_short_answer,generate_with_strict_citations,-0.07,0,verifier,1.0,1.0,1.0,-1.0,1.0,1.0,1.0,-1.0,,,,,,,,,,1.0,1.0,192,0.0,
274,4,verifier,verify_answer,verify_answer,0.5526,1,,0.972466,,,,0.972466,0.0,0.0,0.0,,,,,,,,,,,,,,0.9862331748008728
275,1,retriever,dense_retrieve|sparse_retrieve|hybrid_retrieve|hybrid_rerank,sparse_retrieve,-0.02,0,grader,-1.0,-0.814397,-1.0,-0.983306,-1.0,-0.814397,-1.0,-0.983306,0.0,6,0.0,0.008347004652023315,,,,,,,,,,
275,2,grader,keep_all|loose_filter|medium_filter|strict_filter|rerank_only,medium_filter,-0.07,0,generator,1.0,-1.0,0.793852,,1.0,-1.0,0.793852,0.0,,,,,,,1.0,0.7,0.8969261348247528,,,,,
275,3,generator,generate_answer|generate_with_strict_citations|generate_short_answer,generate_with_strict_citations,-0.07,0,verifier,1.0,0.988301,1.0,-1.0,1.0,0.988301,1.0,-1.0,,,,,,,,,,1.0,0.994150310754776,192,0.0,
275,4,verifier,verify_answer,verify_answer,-0.07,0,verifier,1.0,,,,1.0,0.0,0.0,0.0,,,,,,,,,,,,,,1.0
275,5,verifier,request_regeneration|request_more_retrieval|request_rewrite,request_regeneration,-0.07,0,generator,1.0,,,,1.0,0.0,0.0,0.0,,,,,,,,,,,,,,1.0
275,6,generator,generate_answer|generate_with_strict_citations|generate_short_answer|regenerate,generate_with_strict_citations,-0.07,0,verifier,1.0,0.727545,1.0,-0.995987,1.0,0.727545,1.0,-0.995987,,,,,,,,,,1.0,0.8637724220752716,192,0.0020064711570739746,
275,7,verifier,verify_answer,verify_answer,-0.07,0,verifier,0.901016,,,,0.901016,0.0,0.0,0.0,,,,,,,,,,,,,,0.9505081474781036
275,8,verifier,request_regeneration|request_more_retrieval|request_rewrite,request_regeneration,-0.07,0,generator,0.979584,,,,0.979584,0.0,0.0,0.0,,,,,,,,,,,,,,0.9897918105125427
275,9,generator,generate_answer|generate_with_strict_citations|generate_short_answer|regenerate,generate_short_answer,-0.07,0,verifier,1.0,0.435585,1.0,-1.0,1.0,0.435585,1.0,-1.0,,,,,,,,,,1.0,0.7177923023700714,192,0.0,
275,10,verifier,verify_answer,verify_answer,-0.074,1,,0.83769,,,,0.83769,0.0,0.0,0.0,,,,,,,,,,,,,,0.9188447892665863
276,1,retriever,dense_retrieve|sparse_retrieve|hybrid_retrieve|hybrid_rerank,sparse_retrieve,-0.02,0,grader,-0.753308,-1.0,-1.0,-1.0,-0.753308,-1.0,-1.0,-1.0,0.12334594130516052,5,0.0,0.0,,,,,,,,,,
276,2,grader,keep_all|loose_filter|medium_filter|strict_filter|rerank_only,strict_filter,-0.07,0,generator,1.0,-1.0,0.842033,,1.0,-1.0,0.842033,0.0,,,,,,,1.0,0.7,0.9210164546966553,,,,,
276,3,generator,generate_answer|generate_with_strict_citations|generate_short_answer,generate_with_strict_citations,-0.07,0,verifier,1.0,1.0,0.983727,-1.0,1.0,1.0,0.983727,-1.0,,,,,,,,,,1.0,1.0,190,0.0,
276,4,verifier,verify_answer,verify_answer,0.6706,1,,1.0,,,,1.0,0.0,0.0,0.0,,,,,,,,,,,,,,1.0
277,1,retriever,dense_retrieve|sparse_retrieve|hybrid_retrieve|hybrid_rerank,hybrid_rerank,-0.02,0,grader,-0.726068,-0.897938,0.85441,-0.742399,-0.726068,-0.897938,0.85441,-0.742399,0.13696607947349548,5,0.9272049069404602,0.12880027294158936,,,,,,,,,,
277,2,grader,keep_all|loose_filter|medium_filter|strict_filter|rerank_only,strict_filter,-0.07,0,generator,0.975572,0.344231,1.0,,0.975572,0.344231,1.0,0.0,,,,,,,0.9877862334251404,0.9016346111893654,1.0,,,,,
277,3,generator,generate_answer|generate_with_strict_citations|generate_short_answer,generate_short_answer,-0.07,0,verifier,0.147415,0.215591,1.0,-0.898187,0.147415,0.215591,1.0,-0.898187,,,,,,,,,,0.5737076997756958,0.6077955588698387,211,0.050906747579574585,
277,4,verifier,verify_answer,verify_answer,-0.07,0,verifier,-0.682652,,,,-0.682652,0.0,0.0,0.0,,,,,,,,,,,,,,0.15867382287979126
277,5,verifier,request_regeneration|request_more_retrieval|request_rewrite,request_regeneration,-0.07,0,generator,1.0,,,,1.0,0.0,0.0,0.0,,,,,,,,,,,,,,1.0
277,6,generator,generate_answer|generate_with_strict_citations|generate_short_answer|regenerate,generate_short_answer,-0.07,0,verifier,-0.030793,-0.917217,1.0,-1.0,-0.030793,-0.917217,1.0,-1.0,,,,,,,,,,0.48460332304239273,0.04139137268066406,192,0.0,
277,7,verifier,verify_answer,verify_answer,-0.07,0,verifier,-0.492086,,,,-0.492086,0.0,0.0,0.0,,,,,,,,,,,,,,0.2539571672677994
277,8,verifier,request_regeneration|request_more_retrieval|request_rewrite,request_regeneration,-0.07,0,generator,1.0,,,,1.0,0.0,0.0,0.0,,,,,,,,,,,,,,1.0
277,9,generator,generate_answer|generate_with_strict_citations|generate_short_answer|regenerate,generate_short_answer,-0.07,0,verifier,-0.09022,-1.0,1.0,-1.0,-0.09022,-1.0,1.0,-1.0,,,,,,,,,,0.4548901133239269,0.0,192,0.0,
277,10,verifier,verify_answer,verify_answer,0.1831,1,,-0.309225,,,,-0.309225,0.0,0.0,0.0,,,,,,,,,,,,,,0.34538760781288147
278,1,retriever,dense_retrieve|sparse_retrieve|hybrid_retrieve|hybrid_rerank,sparse_retrieve,-0.02,0,grader,-1.0,-0.959229,-1.0,-1.0,-1.0,-0.959229,-1.0,-1.0,0.0,5,0.0,0.0,,,,,,,,,,
278,2,grader,keep_all|loose_filter|medium_filter|strict_filter|rerank_only,strict_filter,-0.07,0,generator,1.0,-0.85407,1.0,,1.0,-0.85407,1.0,0.0,,,,,,,1.0,0.7218894273042679,1.0,,,,,
278,3,generator,generate_answer|generate_with_strict_citations|generate_short_answer,generate_with_strict_citations,-0.07,0,verifier,1.0,1.0,1.0,-0.863753,1.0,1.0,1.0,-0.863753,,,,,,,,,,1.0,1.0,218,0.06812360882759094,
278,4,verifier,verify_answer,verify_answer,0.6842,1,,0.955345,,,,0.955345,0.0,0.0,0.0,,,,,,,,,,,,,,0.9776723980903625
279,1,retriever,dense_retrieve|sparse_retrieve|hybrid_retrieve|hybrid_rerank,hybrid_rerank,-0.02,0,grader,-0.726618,-0.951575,1.0,-1.0,-0.726618,-0.951575,1.0,-1.0,0.13669106364250183,5,1.0,0.0,,,,,,,,,,
279,2,grader,keep_all|loose_filter|medium_filter|strict_filter|rerank_only,strict_filter,-0.07,0,generator,1.0,0.581602,0.90405,,1.0,0.581602,0.90405,0.0,,,,,,,1.0,0.937240269780159,0.9520247876644135,,,,,
279,3,generator,generate_answer|generate_with_strict_citations|generate_short_answer,generate_short_answer,-0.07,0,verifier,-0.748292,-0.004037,1.0,-0.004631,-0.748292,-0.004037,1.0,-0.004631,,,,,,,,,,0.12585392594337463,0.49798165820539,383,0.49768426874652505,
279,4,verifier,verify_answer,verify_answer,0.5743,1,,-0.111143,,,,-0.111143,0.0,0.0,0.0,,,,,,,,,,,,,,0.4444282650947571
280,1,retriever,dense_retrieve|sparse_retrieve|hybrid_retrieve|hybrid_rerank,hybrid_rerank,-0.02,0,grader,-1.0,-0.989078,0.786901,-0.832683,-1.0,-0.989078,0.786901,-0.832683,0.0,5,0.8934507071971893,0.08365830779075623,,,,,,,,,,
280,2,grader,keep_all|loose_filter|medium_filter|strict_filter|rerank_only,strict_filter,-0.07,0,generator,0.861547,0.929343,0.940388,,0.861547,0.929343,0.940388,0.0,,,,,,,0.9307737052440643,0.98940150141716,0.9701937735080719,,,,,
280,3,generator,generate_answer|generate_with_strict_citations|generate_short_answer,generate_with_strict_citations,-0.07,0,verifier,0.464266,0.893502,1.0,-1.0,0.464266,0.893502,1.0,-1.0,,,,,,,,,,0.7321329265832901,0.9467509090900421,192,0.0,
280,4,verifier,verify_answer,verify_answer,0.7139,1,,-0.227873,,,,-0.227873,0.0,0.0,0.0,,,,,,,,,,,,,,0.38606352359056473
281,1,retriever,dense_retrieve|sparse_retrieve|hybrid_retrieve|hybrid_rerank,sparse_retrieve,-0.02,0,grader,-0.825448,-1.0,-0.79019,-0.94347,-0.825448,-1.0,-0.79019,-0.94347,0.08727589249610901,5,0.10490500926971436,0.028264999389648438,,,,,,,,,,
281,2,grader,keep_all|loose_filter|medium_filter|strict_filter|rerank_only,strict_filter,-0.07,0,generator,0.965865,-1.0,0.891884,,0.965865,-1.0,0.891884,0.0,,,,,,,0.9829322695732117,0.7,0.9459417760372162,,,,,
281,3,generator,generate_answer|generate_with_strict_citations|generate_short_answer,generate_with_strict_citations,-0.07,0,verifier,1.0,0.998285,1.0,-1.0,1.0,0.998285,1.0,-1.0,,,,,,,,,,1.0,0.9991425573825836,192,0.0,
281,4,verifier,verify_answer,verify_answer,-0.07,0,verifier,0.882948,,,,0.882948,0.0,0.0,0.0,,,,,,,,,,,,,,0.9414740204811096
281,5,verifier,request_regeneration|request_more_retrieval|request_rewrite,request_regeneration,-0.07,0,generator,1.0,,,,1.0,0.0,0.0,0.0,,,,,,,,,,,,,,1.0
281,6,generator,generate_answer|generate_with_strict_citations|generate_short_answer|regenerate,generate_with_strict_citations,-0.07,0,verifier,1.0,0.935976,1.0,-1.0,1.0,0.935976,1.0,-1.0,,,,,,,,,,1.0,0.9679877758026123,192,0.0,
281,7,verifier,verify_answer,verify_answer,-0.07,0,verifier,1.0,,,,1.0,0.0,0.0,0.0,,,,,,,,,,,,,,1.0
281,8,verifier,request_regeneration|request_more_retrieval|request_rewrite,request_regeneration,-0.07,0,generator,1.0,,,,1.0,0.0,0.0,0.0,,,,,,,,,,,,,,1.0
281,9,generator,generate_answer|generate_with_strict_citations|generate_short_answer|regenerate,generate_with_strict_citations,-0.07,0,verifier,1.0,1.0,0.940541,-1.0,1.0,1.0,0.940541,-1.0,,,,,,,,,,1.0,1.0,188,0.0,
281,10,verifier,verify_answer,verify_answer,0.0537,1,,1.0,,,,1.0,0.0,0.0,0.0,,,,,,,,,,,,,,1.0
282,1,retriever,dense_retrieve|sparse_retrieve|hybrid_retrieve|hybrid_rerank,hybrid_rerank,-0.02,0,grader,-0.837757,-1.0,1.0,-0.843449,-0.837757,-1.0,1.0,-0.843449,0.08112132549285889,5,1.0,0.07827559113502502,,,,,,,,,,
282,2,grader,keep_all|loose_filter|medium_filter|strict_filter|rerank_only,strict_filter,-0.07,0,generator,1.0,1.0,0.857634,,1.0,1.0,0.857634,0.0,,,,,,,1.0,1.0,0.9288171529769897,,,,,
282,3,generator,generate_answer|generate_with_strict_citations|generate_short_answer,generate_short_answer,-0.07,0,verifier,-0.647263,0.612693,0.768481,-0.39998,-0.647263,0.612693,0.768481,-0.39998,,,,,,,,,,0.1763685643672943,0.8063462972640991,283,0.3000100404024124,
282,4,verifier,verify_answer,verify_answer,0.8104,1,,-0.491361,,,,-0.491361,0.0,0.0,0.0,,,,,,,,,,,,,,0.2543193846940994
283,1,retriever,dense_retrieve|sparse_retrieve|hybrid_retrieve|hybrid_rerank,hybrid_rerank,-0.02,0,grader,-1.0,-1.0,1.0,-0.538764,-1.0,-1.0,1.0,-0.538764,0.0,5,1.0,0.23061782121658325,,,,,,,,,,
283,2,grader,keep_all|loose_filter|medium_filter|strict_filter|rerank_only,strict_filter,-0.07,0,generator,1.0,0.733289,1.0,,1.0,0.733289,1.0,0.0,,,,,,,1.0,0.9599933505058288,1.0,,,,,
283,3,generator,generate_answer|generate_with_strict_citations|generate_short_answer,generate_with_strict_citations,-0.07,0,verifier,0.657741,0.873735,0.924766,-1.0,0.657741,0.873735,0.924766,-1.0,,,,,,,,,,0.8288706839084625,0.9368672668933868,187,0.0,
283,4,verifier,verify_answer,verify_answer,0.6134,1,,-0.907242,,,,-0.907242,0.0,0.0,0.0,,,,,,,,,,,,,,0.04637905955314636
284,1,retriever,dense_retrieve|sparse_retrieve|hybrid_retrieve|hybrid_rerank,sparse_retrieve,-0.02,0,grader,-0.981038,-1.0,-0.078497,-0.95948,-0.981038,-1.0,-0.078497,-0.95948,0.009480863809585571,5,0.46075133606791496,0.020259976387023926,,,,,,,,,,
284,2,grader,keep_all|loose_filter|medium_filter|strict_filter|rerank_only,strict_filter,-0.07,0,generator,1.0,-0.879058,0.935059,,1.0,-0.879058,0.935059,0.0,,,,,,,1.0,0.7181412458419799,0.9675297439098358,,,,,
284,3,generator,generate_answer|generate_with_strict_citations|generate_short_answer,generate_with_strict_citations,-0.07,0,verifier,1.0,1.0,1.0,-1.0,1.0,1.0,1.0,-1.0,,,,,,,,,,1.0,1.0,192,0.0,
284,4,verifier,verify_answer,verify_answer,0.7818,1,,1.0,,,,1.0,0.0,0.0,0.0,,,,,,,,,,,,,,1.0
285,1,retriever,dense_retrieve|sparse_retrieve|hybrid_retrieve|hybrid_rerank,hybrid_rerank,-0.02,0,grader,-0.889003,-0.998706,0.672056,-0.709597,-0.889003,-0.998706,0.672056,-0.709597,0.05549845099449158,5,0.8360282480716705,0.14520150423049927,,,,,,,,,,
285,2,grader,keep_all|loose_filter|medium_filter|strict_filter|rerank_only,strict_filter,-0.07,0,generator,1.0,0.731067,0.890593,,1.0,0.731067,0.890593,0.0,,,,,,,1.0,0.9596600770950316,0.9452966451644897,,,,,
285,3,generator,generate_answer|generate_with_strict_citations|generate_short_answer,generate_short_answer,-0.07,0,verifier,-0.57356,-0.229155,1.0,-0.098612,-0.57356,-0.229155,1.0,-0.098612,,,,,,,,,,0.21322017908096313,0.385422483086586,365,0.45069388300180435,
285,4,verifier,verify_answer,verify_answer,0.7798,1,,-0.334669,,,,-0.334669,0.0,0.0,0.0,,,,,,,,,,,,,,0.33266544342041016
286,1,retriever,dense_retrieve|sparse_retrieve|hybrid_retrieve|hybrid_rerank,hybrid_rerank,-0.02,0,grader,-0.864737,-1.0,1.0,-0.463422,-0.864737,-1.0,1.0,-0.463422,0.06763145327568054,5,1.0,0.26828910410404205,,,,,,,,,,
286,2,grader,keep_all|loose_filter|medium_filter|strict_filter|rerank_only,strict_filter,-0.07,0,generator,1.0,0.554343,1.0,,1.0,0.554343,1.0,0.0,,,,,,,1.0,0.9331514835357666,1.0,,,,,
286,3,generator,generate_answer|generate_with_strict_citations|generate_short_answer,generate_short_answer,-0.07,0,verifier,-0.072283,-0.424909,1.0,-0.740056,-0.072283,-0.424909,1.0,-0.740056,,,,,,,,,,0.46385862678289413,0.28754541277885437,241,0.12997177243232727,
286,4,verifier,verify_answer,verify_answer,0.5858,1,,-0.234908,,,,-0.234908,0.0,0.0,0.0,,,,,,,,,,,,,,0.38254593312740326
287,1,retriever,dense_retrieve|sparse_retrieve|hybrid_retrieve|hybrid_rerank,hybrid_rerank,-0.02,0,grader,-0.92156,-1.0,0.925625,-0.713324,-0.92156,-1.0,0.925625,-0.713324,0.03921991586685181,5,0.9628125429153442,0.14333775639533997,,,,,,,,,,
287,2,grader,keep_all|loose_filter|medium_filter|strict_filter|rerank_only,strict_filter,-0.07,0,generator,1.0,0.710343,0.872211,,1.0,0.710343,0.872211,0.0,,,,,,,1.0,0.9565514415502547,0.9361055791378021,,,,,
287,3,generator,generate_answer|generate_with_strict_citations|generate_short_answer,generate_short_answer,-0.07,0,verifier,-0.254749,-0.708468,1.0,0.104809,-0.254749,-0.708468,1.0,0.104809,,,,,,,,,,0.37262552976608276,0.1457657516002655,384,0.5524043552577496,
287,4,verifier,verify_answer,verify_answer,0.7584,1,,-0.352188,,,,-0.352188,0.0,0.0,0.0,,,,,,,,,,,,,,0.3239060491323471
288,1,retriever,dense_retrieve|sparse_retrieve|hybrid_retrieve|hybrid_rerank,hybrid_rerank,-0.02,0,grader,-0.872148,-0.816284,0.035002,-0.846094,-0.872148,-0.816284,0.035002,-0.846094,0.06392577290534973,6,0.5175010394304991,0.0769529640674591,,,,,,,,,,
288,2,grader,keep_all|loose_filter|medium_filter|strict_filter|rerank_only,strict_filter,-0.07,0,generator,0.952659,0.332278,1.0,,0.952659,0.332278,1.0,0.0,,,,,,,0.9763294458389282,0.8998417064547538,1.0,,,,,
288,3,generator,generate_answer|generate_with_strict_citations|generate_short_answer,generate_answer,-0.07,0,verifier,-0.713931,-1.0,1.0,0.845292,-0.713931,-1.0,1.0,0.845292,,,,,,,,,,0.14303451776504517,0.0,384,0.9226460754871368,
288,4,verifier,verify_answer,verify_answer,0.722,1,,-0.576838,,,,-0.576838,0.0,0.0,0.0,,,,,,,,,,,,,,0.2115807831287384
289,1,retriever,dense_retrieve|sparse_retrieve|hybrid_retrieve|hybrid_rerank,sparse_retrieve,-0.02,0,grader,-1.0,-1.0,-0.410368,-1.0,-1.0,-1.0,-0.410368,-1.0,0.0,5,0.2948162257671356,0.0,,,,,,,,,,
289,2,grader,keep_all|loose_filter|medium_filter|strict_filter|rerank_only,strict_filter,-0.07,0,generator,1.0,-0.934945,1.0,,1.0,-0.934945,1.0,0.0,,,,,,,1.0,0.7097582697868347,1.0,,,,,
289,3,generator,generate_answer|generate_with_strict_citations|generate_short_answer,generate_with_strict_citations,-0.07,0,verifier,0.782337,0.80039,1.0,-1.0,0.782337,0.80039,1.0,-1.0,,,,,,,,,,0.8911684155464172,0.9001952111721039,192,0.0,
289,4,verifier,verify_answer,verify_answer,0.6814,1,,1.0,,,,1.0,0.0,0.0,0.0,,,,,,,,,,,,,,1.0
290,1,retriever,dense_retrieve|sparse_retrieve|hybrid_retrieve|hybrid_rerank,hybrid_rerank,-0.02,0,grader,-0.946271,-0.51335,1.0,-0.657995,-0.946271,-0.51335,1.0,-0.657995,0.026864707469940186,8,1.0,0.17100229859352112,,,,,,,,,,
290,2,grader,keep_all|loose_filter|medium_filter|strict_filter|rerank_only,strict_filter,-0.07,0,generator,0.983812,0.694891,1.0,,0.983812,0.694891,1.0,0.0,,,,,,,0.9919057786464691,0.9542336553335189,1.0,,,,,
290,3,generator,generate_answer|generate_with_strict_citations|generate_short_answer,generate_answer,-0.07,0,verifier,-1.0,-0.809969,0.906587,0.560659,-1.0,-0.809969,0.906587,0.560659,,,,,,,,,,0.0,0.09501528739929199,384,0.7803292572498322,
290,4,verifier,verify_answer,verify_answer,0.666,1,,-0.548962,,,,-0.548962,0.0,0.0,0.0,,,,,,,,,,,,,,0.22551879286766052
291,1,retriever,dense_retrieve|sparse_retrieve|hybrid_retrieve|hybrid_rerank,hybrid_rerank,-0.02,0,grader,-0.766526,-1.0,0.646581,-0.524445,-0.766526,-1.0,0.646581,-0.524445,0.1167372465133667,5,0.8232905268669128,0.2377777397632599,,,,,,,,,,
291,2,grader,keep_all|loose_filter|medium_filter|strict_filter|rerank_only,strict_filter,-0.07,0,generator,0.875478,-0.188776,1.0,,0.875478,-0.188776,1.0,0.0,,,,,,,0.9377391636371613,0.8216835841536522,1.0,,,,,
291,3,generator,generate_answer|generate_with_strict_citations|generate_short_answer,generate_short_answer,-0.07,0,verifier,-0.585867,-0.622879,0.931127,-0.2091,-0.585867,-0.622879,0.931127,-0.2091,,,,,,,,,,0.20706665515899658,0.18856042623519897,335,0.39544977247714996,
291,4,verifier,verify_answer,verify_answer,0.5847,1,,-0.523945,,,,-0.523945,0.0,0.0,0.0,,,,,,,,,,,,,,0.23802772164344788
292,1,retriever,dense_retrieve|sparse_retrieve|hybrid_retrieve|hybrid_rerank,hybrid_rerank,-0.02,0,grader,-1.0,-1.0,1.0,-0.654284,-1.0,-1.0,1.0,-0.654284,0.0,5,1.0,0.17285820841789246,,,,,,,,,,
292,2,grader,keep_all|loose_filter|medium_filter|strict_filter|rerank_only,strict_filter,-0.07,0,generator,1.0,0.023179,0.972589,,1.0,0.023179,0.972589,0.0,,,,,,,1.0,0.8534769036807119,0.9862943589687347,,,,,
292,3,generator,generate_answer|generate_with_strict_citations|generate_short_answer,generate_short_answer,-0.07,0,verifier,-0.831391,-0.025973,1.0,-0.851745,-0.831391,-0.025973,1.0,-0.851745,,,,,,,,,,0.08430451154708862,0.48701350670307875,220,0.07412752509117126,
292,4,verifier,verify_answer,verify_answer,0.743,1,,-0.829384,,,,-0.829384,0.0,0.0,0.0,,,,,,,,,,,,,,0.08530822396278381
293,1,retriever,dense_retrieve|sparse_retrieve|hybrid_retrieve|hybrid_rerank,sparse_retrieve,-0.02,0,grader,-0.946567,-0.810665,-0.099567,-1.0,-0.946567,-0.810665,-0.099567,-1.0,0.026716381311416626,6,0.4502163305878639,0.0,,,,,,,,,,
293,2,grader,keep_all|loose_filter|medium_filter|strict_filter|rerank_only,strict_filter,-0.07,0,generator,0.704641,-0.983431,1.0,,0.704641,-0.983431,1.0,0.0,,,,,,,0.8523205518722534,0.7024853616952895,1.0,,,,,
293,3,generator,generate_answer|generate_with_strict_citations|generate_short_answer,generate_with_strict_citations,-0.07,0,verifier,1.0,0.99496,1.0,-1.0,1.0,0.99496,1.0,-1.0,,,,,,,,,,1.0,0.9974800646305084,192,0.0,
293,4,verifier,verify_answer,verify_answer,0.8245,1,,0.878034,,,,0.878034,0.0,0.0,0.0,,,,,,,,,,,,,,0.9390170276165009
294,1,retriever,dense_retrieve|sparse_retrieve|hybrid_retrieve|hybrid_rerank,hybrid_rerank,-0.02,0,grader,-0.866092,-0.965163,0.286598,-1.0,-0.866092,-0.965163,0.286598,-1.0,0.06695398688316345,5,0.6432990282773972,0.0,,,,,,,,,,
294,2,grader,keep_all|loose_filter|medium_filter|strict_filter|rerank_only,strict_filter,-0.07,0,generator,1.0,-0.176469,0.915452,,1.0,-0.176469,0.915452,0.0,,,,,,,1.0,0.823529652506113,0.9577257633209229,,,,,
294,3,generator,generate_answer|generate_with_strict_citations|generate_short_answer,generate_short_answer,-0.07,0,verifier,-0.741103,-1.0,0.876255,0.073497,-0.741103,-1.0,0.876255,0.073497,,,,,,,,,,0.12944871187210083,0.0,381,0.5367484167218208,
294,4,verifier,verify_answer,verify_answer,0.7583,1,,-0.760196,,,,-0.760196,0.0,0.0,0.0,,,,,,,,,,,,,,0.11990222334861755
295,1,retriever,dense_retrieve|sparse_retrieve|hybrid_retrieve|hybrid_rerank,hybrid_rerank,-0.02,0,grader,-0.831352,-1.0,0.810731,-1.0,-0.831352,-1.0,0.810731,-1.0,0.08432400226593018,5,0.9053657352924347,0.0,,,,,,,,,,
295,2,grader,keep_all|loose_filter|medium_filter|strict_filter|rerank_only,strict_filter,-0.07,0,generator,0.986767,0.441043,0.95081,,0.986767,0.441043,0.95081,0.0,,,,,,,0.9933836460113525,0.9161564528942108,0.9754050374031067,,,,,
295,3,generator,generate_answer|generate_with_strict_citations|generate_short_answer,generate_short_answer,-0.07,0,verifier,-0.268368,0.105025,1.0,-0.944226,-0.268368,0.105025,1.0,-0.944226,,,,,,,,,,0.3658158779144287,0.5525124408304691,202,0.027887195348739624,
295,4,verifier,verify_answer,verify_answer,0.7388,1,,-0.490892,,,,-0.490892,0.0,0.0,0.0,,,,,,,,,,,,,,0.25455379486083984
296,1,retriever,dense_retrieve|sparse_retrieve|hybrid_retrieve|hybrid_rerank,hybrid_rerank,-0.02,0,grader,-0.962449,-0.972578,1.0,-0.808255,-0.962449,-0.972578,1.0,-0.808255,0.01877543330192566,5,1.0,0.09587252140045166,,,,,,,,,,
296,2,grader,keep_all|loose_filter|medium_filter|strict_filter|rerank_only,strict_filter,-0.07,0,generator,0.937875,0.586743,0.963696,,0.937875,0.586743,0.963696,0.0,,,,,,,0.9689376056194305,0.9380114495754241,0.9818480908870697,,,,,
296,3,generator,generate_answer|generate_with_strict_citations|generate_short_answer,generate_short_answer,-0.07,0,verifier,0.508082,0.372264,0.974485,-0.918823,0.508082,0.372264,0.974485,-0.918823,,,,,,,,,,0.7540410161018372,0.6861318200826645,205,0.04058840870857239,
296,4,verifier,verify_answer,verify_answer,0.7335,1,,-0.348491,,,,-0.348491,0.0,0.0,0.0,,,,,,,,,,,,,,0.3257543444633484
297,1,retriever,dense_retrieve|sparse_retrieve|hybrid_retrieve|hybrid_rerank,hybrid_rerank,-0.02,0,grader,-1.0,-1.0,0.755633,-1.0,-1.0,-1.0,0.755633,-1.0,0.0,5,0.8778165280818939,0.0,,,,,,,,,,
297,2,grader,keep_all|loose_filter|medium_filter|strict_filter|rerank_only,strict_filter,-0.07,0,generator,1.0,0.617657,1.0,,1.0,0.617657,1.0,0.0,,,,,,,1.0,0.9426485240459441,1.0,,,,,
297,3,generator,generate_answer|generate_with_strict_citations|generate_short_answer,generate_short_answer,-0.07,0,verifier,0.338097,0.18419,1.0,-0.810839,0.338097,0.18419,1.0,-0.810839,,,,,,,,,,0.6690484285354614,0.5920950323343277,228,0.09458062052726746,
297,4,verifier,verify_answer,verify_answer,0.719,1,,-0.63374,,,,-0.63374,0.0,0.0,0.0,,,,,,,,,,,,,,0.18313008546829224
298,1,retriever,dense_retrieve|sparse_retrieve|hybrid_retrieve|hybrid_rerank,hybrid_rerank,-0.02,0,grader,-0.735964,-1.0,1.0,-1.0,-0.735964,-1.0,1.0,-1.0,0.13201799988746643,5,1.0,0.0,,,,,,,,,,
298,2,grader,keep_all|loose_filter|medium_filter|strict_filter|rerank_only,strict_filter,-0.07,0,generator,0.73062,0.730561,0.981234,,0.73062,0.730561,0.981234,0.0,,,,,,,0.8653100728988647,0.9595841884613037,0.9906171262264252,,,,,
298,3,generator,generate_answer|generate_with_strict_citations|generate_short_answer,generate_short_answer,-0.07,0,verifier,-0.424054,0.170273,0.939843,-0.308946,-0.424054,0.170273,0.939843,-0.308946,,,,,,,,,,0.2879728823900223,0.5851365327835083,317,0.34552721679210663,
298,4,verifier,verify_answer,verify_answer,0.5103,1,,-0.344584,,,,-0.344584,0.0,0.0,0.0,,,,,,,,,,,,,,0.32770778238773346
299,1,retriever,dense_retrieve|sparse_retrieve|hybrid_retrieve|hybrid_rerank,hybrid_rerank,-0.02,0,grader,-0.778307,-1.0,1.0,-1.0,-0.778307,-1.0,1.0,-1.0,0.11084666848182678,5,1.0,0.0,,,,,,,,,,
299,2,grader,keep_all|loose_filter|medium_filter|strict_filter|rerank_only,strict_filter,-0.07,0,generator,1.0,1.0,1.0,,1.0,1.0,1.0,0.0,,,,,,,1.0,1.0,1.0,,,,,
299,3,generator,generate_answer|generate_with_strict_citations|generate_short_answer,generate_short_answer,-0.07,0,verifier,0.430912,0.453008,1.0,-1.0,0.430912,0.453008,1.0,-1.0,,,,,,,,,,0.7154562175273895,0.7265040278434753,192,0.0,
299,4,verifier,verify_answer,verify_answer,0.7138,1,,-0.57959,,,,-0.57959,0.0,0.0,0.0,,,,,,,,,,,,,,0.210205078125
300,1,retriever,dense_retrieve|sparse_retrieve|hybrid_retrieve|hybrid_rerank,hybrid_rerank,-0.02,0,grader,-1.0,-0.813563,0.847511,-1.0,-1.0,-0.813563,0.847511,-1.0,0.0,6,0.9237555265426636,0.0,,,,,,,,,,
300,2,grader,keep_all|loose_filter|medium_filter|strict_filter|rerank_only,strict_filter,-0.07,0,generator,0.953354,0.723453,0.892628,,0.953354,0.723453,0.892628,0.0,,,,,,,0.9766767919063568,0.9585179209709167,0.9463141560554504,,,,,
300,3,generator,generate_answer|generate_with_strict_citations|generate_short_answer,generate_short_answer,-0.07,0,verifier,-0.567865,-1.0,1.0,-0.593443,-0.567865,-1.0,1.0,-0.593443,,,,,,,,,,0.21606740355491638,0.0,270,0.20327827334403992,
300,4,verifier,verify_answer,verify_answer,0.7807,1,,-0.7232,,,,-0.7232,0.0,0.0,0.0,,,,,,,,,,,,,,0.138400137424469
301,1,retriever,dense_retrieve|sparse_retrieve|hybrid_retrieve|hybrid_rerank,hybrid_rerank,-0.02,0,grader,-1.0,-1.0,0.720703,-1.0,-1.0,-1.0,0.720703,-1.0,0.0,5,0.8603514432907104,0.0,,,,,,,,,,
301,2,grader,keep_all|loose_filter|medium_filter|strict_filter|rerank_only,strict_filter,-0.07,0,generator,1.0,0.960842,0.832621,,1.0,0.960842,0.832621,0.0,,,,,,,1.0,0.9941262751817703,0.9163105189800262,,,,,
301,3,generator,generate_answer|generate_with_strict_citations|generate_short_answer,generate_answer,-0.07,0,verifier,-0.266053,-1.0,0.787918,0.412099,-0.266053,-1.0,0.787918,0.412099,,,,,,,,,,0.3669734001159668,0.0,384,0.7060493975877762,
301,4,verifier,verify_answer,verify_answer,0.7124,1,,-0.339277,,,,-0.339277,0.0,0.0,0.0,,,,,,,,,,,,,,0.3303614854812622
302,1,retriever,dense_retrieve|sparse_retrieve|hybrid_retrieve|hybrid_rerank,hybrid_rerank,-0.02,0,grader,-0.845058,-1.0,0.880273,-0.73239,-0.845058,-1.0,0.880273,-0.73239,0.07747089862823486,5,0.9401365220546722,0.13380500674247742,,,,,,,,,,
302,2,grader,keep_all|loose_filter|medium_filter|strict_filter|rerank_only,strict_filter,-0.07,0,generator,0.966727,0.870927,0.890527,,0.966727,0.870927,0.890527,0.0,,,,,,,0.9833633303642273,0.9806390464305876,0.9452636241912842,,,,,
302,3,generator,generate_answer|generate_with_strict_citations|generate_short_answer,generate_with_strict_citations,-0.07,0,verifier,0.922022,0.901688,1.0,-0.837756,0.922022,0.901688,1.0,-0.837756,,,,,,,,,,0.9610108733177185,0.9508438408374786,223,0.08112192153930664,
302,4,verifier,verify_answer,verify_answer,0.7222,1,,-0.667616,,,,-0.667616,0.0,0.0,0.0,,,,,,,,,,,,,,0.16619223356246948
303,1,retriever,dense_retrieve|sparse_retrieve|hybrid_retrieve|hybrid_rerank,hybrid_rerank,-0.02,0,grader,-0.969046,-1.0,0.768946,-0.931461,-0.969046,-1.0,0.768946,-0.931461,0.015476763248443604,5,0.8844729363918304,0.03426960110664368,,,,,,,,,,
303,2,grader,keep_all|loose_filter|medium_filter|strict_filter|rerank_only,strict_filter,-0.07,0,generator,1.0,1.0,1.0,,1.0,1.0,1.0,0.0,,,,,,,1.0,1.0,1.0,,,,,
303,3,generator,generate_answer|generate_with_strict_citations|generate_short_answer,generate_short_answer,-0.07,0,verifier,-0.677998,-0.81325,1.0,-0.802977,-0.677998,-0.81325,1.0,-0.802977,,,,,,,,,,0.16100090742111206,0.09337484836578369,229,0.09851139783859253,
303,4,verifier,verify_answer,verify_answer,0.7933,1,,-1.0,,,,-1.0,0.0,0.0,0.0,,,,,,,,,,,,,,0.0
304,1,retriever,dense_retrieve|sparse_retrieve|hybrid_retrieve|hybrid_rerank,hybrid_rerank,-0.02,0,grader,-1.0,-1.0,1.0,-1.0,-1.0,-1.0,1.0,-1.0,0.0,5,1.0,0.0,,,,,,,,,,
304,2,grader,keep_all|loose_filter|medium_filter|strict_filter|rerank_only,strict_filter,-0.07,0,generator,0.97559,0.842838,1.0,,0.97559,0.842838,1.0,0.0,,,,,,,0.9877948462963104,0.9764257699251174,1.0,,,,,
304,3,generator,generate_answer|generate_with_strict_citations|generate_short_answer,generate_short_answer,-0.07,0,verifier,0.052903,-0.659015,0.878301,0.118033,0.052903,-0.659015,0.878301,0.118033,,,,,,,,,,0.526451526209712,0.17049232125282288,384,0.5590163879096508,
304,4,verifier,verify_answer,verify_answer,0.7825,1,,-0.42259,,,,-0.42259,0.0,0.0,0.0,,,,,,,,,,,,,,0.2887048125267029
305,1,retriever,dense_retrieve|sparse_retrieve|hybrid_retrieve|hybrid_rerank,hybrid_rerank,-0.02,0,grader,-0.841821,-0.790529,1.0,-0.755901,-0.841821,-0.790529,1.0,-0.755901,0.0790894627571106,6,1.0,0.122049480676651,,,,,,,,,,
305,2,grader,keep_all|loose_filter|medium_filter|strict_filter|rerank_only,strict_filter,-0.07,0,generator,1.0,0.739701,0.979197,,1.0,0.739701,0.979197,0.0,,,,,,,1.0,0.9609551012516021,0.9895983934402466,,,,,
305,3,generator,generate_answer|generate_with_strict_citations|generate_short_answer,generate_short_answer,-0.07,0,verifier,0.159068,-0.997253,1.0,-0.784312,0.159068,-0.997253,1.0,-0.784312,,,,,,,,,,0.5795339569449425,0.001373380422592163,233,0.10784375667572021,
305,4,verifier,verify_answer,verify_answer,0.6941,1,,-0.642259,,,,-0.642259,0.0,0.0,0.0,,,,,,,,,,,,,,0.1788703203201294
306,1,retriever,dense_retrieve|sparse_retrieve|hybrid_retrieve|hybrid_rerank,hybrid_rerank,-0.02,0,grader,-1.0,-0.911685,0.88614,-0.832929,-1.0,-0.911685,0.88614,-0.832929,0.0,5,0.943070113658905,0.08353570103645325,,,,,,,,,,
306,2,grader,keep_all|loose_filter|medium_filter|strict_filter|rerank_only,strict_filter,-0.07,0,generator,1.0,0.877922,0.872346,,1.0,0.877922,0.872346,0.0,,,,,,,1.0,0.9816883534193038,0.9361732006072998,,,,,
306,3,generator,generate_answer|generate_with_strict_citations|generate_short_answer,generate_answer,-0.07,0,verifier,-0.573836,-0.942806,0.983302,0.579335,-0.573836,-0.942806,0.983302,0.579335,,,,,,,,,,0.21308210492134094,0.028597086668014526,384,0.7896676063537598,
306,4,verifier,verify_answer,verify_answer,0.6525,1,,-0.171311,,,,-0.171311,0.0,0.0,0.0,,,,,,,,,,,,,,0.4143444001674652
307,1,retriever,dense_retrieve|sparse_retrieve|hybrid_retrieve|hybrid_rerank,hybrid_rerank,-0.02,0,grader,-0.854644,-0.721441,1.0,-0.844169,-0.854644,-0.721441,1.0,-0.844169,0.07267776131629944,7,1.0,0.07791528105735779,,,,,,,,,,
307,2,grader,keep_all|loose_filter|medium_filter|strict_filter|rerank_only,strict_filter,-0.07,0,generator,0.757647,0.918608,0.949222,,0.757647,0.918608,0.949222,0.0,,,,,,,0.8788233995437622,0.9877911388874053,0.9746110439300537,,,,,
307,3,generator,generate_answer|generate_with_strict_citations|generate_short_answer,generate_with_strict_citations,-0.07,0,verifier,0.313226,0.84501,0.822825,0.283124,0.313226,0.84501,0.822825,0.283124,,,,,,,,,,0.6566130667924881,0.9225049018859863,384,0.6415621638298035,
307,4,verifier,verify_answer,verify_answer,0.7017,1,,-0.150544,,,,-0.150544,0.0,0.0,0.0,,,,,,,,,,,,,,0.4247279167175293
308,1,retriever,dense_retrieve|sparse_retrieve|hybrid_retrieve|hybrid_rerank,hybrid_rerank,-0.02,0,grader,-0.761801,-0.866504,1.0,-0.099271,-0.761801,-0.866504,1.0,-0.099271,0.1190997064113617,6,1.0,0.4503646455705166,,,,,,,,,,
308,2,grader,keep_all|loose_filter|medium_filter|strict_filter|rerank_only,medium_filter,-0.07,0,generator,1.0,0.824376,0.798764,,1.0,0.824376,0.798764,0.0,,,,,,,1.0,0.9736564606428146,0.8993821144104004,,,,,
308,3,generator,generate_answer|generate_with_strict_citations|generate_short_answer,generate_short_answer,-0.07,0,verifier,-0.197929,-1.0,1.0,-0.610198,-0.197929,-1.0,1.0,-0.610198,,,,,,,,,,0.40103527158498764,0.0,266,0.19490107893943787,
308,4,verifier,verify_answer,verify_answer,0.6852,1,,-0.88294,,,,-0.88294,0.0,0.0,0.0,,,,,,,,,,,,,,0.05853015184402466
309,1,retriever,dense_retrieve|sparse_retrieve|hybrid_retrieve|hybrid_rerank,hybrid_rerank,-0.02,0,grader,-1.0,-1.0,1.0,-0.731763,-1.0,-1.0,1.0,-0.731763,0.0,5,1.0,0.13411837816238403,,,,,,,,,,
309,2,grader,keep_all|loose_filter|medium_filter|strict_filter|rerank_only,strict_filter,-0.07,0,generator,1.0,0.896009,0.807897,,1.0,0.896009,0.807897,0.0,,,,,,,1.0,0.9844013184309005,0.9039483964443207,,,,,
309,3,generator,generate_answer|generate_with_strict_citations|generate_short_answer,generate_short_answer,-0.07,0,verifier,-0.047043,0.548296,1.0,-0.18735,-0.047043,0.548296,1.0,-0.18735,,,,,,,,,,0.4764784425497055,0.7741478979587555,348,0.4063248187303543,
309,4,verifier,verify_answer,verify_answer,0.85,1,,-0.361638,,,,-0.361638,0.0,0.0,0.0,,,,,,,,,,,,,,0.31918124854564667
310,1,retriever,dense_retrieve|sparse_retrieve|hybrid_retrieve|hybrid_rerank,hybrid_rerank,-0.02,0,grader,-1.0,-1.0,0.963658,-0.283266,-1.0,-1.0,0.963658,-0.283266,0.0,5,0.9818288385868073,0.35836708545684814,,,,,,,,,,
310,2,grader,keep_all|loose_filter|medium_filter|strict_filter|rerank_only,strict_filter,-0.07,0,generator,1.0,0.239533,1.0,,1.0,0.239533,1.0,0.0,,,,,,,1.0,0.8859298974275589,1.0,,,,,
310,3,generator,generate_answer|generate_with_strict_citations|generate_short_answer,generate_short_answer,-0.07,0,verifier,-0.614097,-0.881067,0.895534,0.124393,-0.614097,-0.881067,0.895534,0.124393,,,,,,,,,,0.1929517388343811,0.05946668982505798,384,0.5621962994337082,
310,4,verifier,verify_answer,verify_answer,0.7197,1,,0.173617,,,,0.173617,0.0,0.0,0.0,,,,,,,,,,,,,,0.5868086963891983
311,1,retriever,dense_retrieve|sparse_retrieve|hybrid_retrieve|hybrid_rerank,hybrid_rerank,-0.02,0,grader,-1.0,-0.697426,1.0,-0.943651,-1.0,-0.697426,1.0,-0.943651,0.0,7,1.0,0.028174519538879395,,,,,,,,,,
311,2,grader,keep_all|loose_filter|medium_filter|strict_filter|rerank_only,strict_filter,-0.07,0,generator,0.834337,0.926267,1.0,,0.834337,0.926267,1.0,0.0,,,,,,,0.917168378829956,0.988940018415451,1.0,,,,,
311,3,generator,generate_answer|generate_with_strict_citations|generate_short_answer,generate_short_answer,-0.07,0,verifier,1.0,0.293226,1.0,-0.780103,1.0,0.293226,1.0,-0.780103,,,,,,,,,,1.0,0.6466130018234253,234,0.10994839668273926,
311,4,verifier,verify_answer,verify_answer,0.5962,1,,-0.392226,,,,-0.392226,0.0,0.0,0.0,,,,,,,,,,,,,,0.30388717353343964
312,1,retriever,dense_retrieve|sparse_retrieve|hybrid_retrieve|hybrid_rerank,hybrid_rerank,-0.02,0,grader,-1.0,-0.795292,1.0,1.0,-1.0,-0.795292,1.0,1.0,0.0,6,1.0,1.0,,,,,,,,,,
312,2,grader,keep_all|loose_filter|medium_filter|strict_filter|rerank_only,medium_filter,-0.07,0,generator,0.831403,0.220319,0.687021,,0.831403,0.220319,0.687021,0.0,,,,,,,0.9157014191150665,0.883047866076231,0.8435104191303253,,,,,
312,3,generator,generate_answer|generate_with_strict_citations|generate_short_answer,generate_short_answer,-0.07,0,verifier,-0.822628,-1.0,1.0,-0.604498,-0.822628,-1.0,1.0,-0.604498,,,,,,,,,,0.08868619799613953,0.0,267,0.1977510154247284,
312,4,verifier,verify_answer,verify_answer,0.7087,1,,-0.88566,,,,-0.88566,0.0,0.0,0.0,,,,,,,,,,,,,,0.05717015266418457
313,1,retriever,dense_retrieve|sparse_retrieve|hybrid_retrieve|hybrid_rerank,hybrid_rerank,-0.02,0,grader,-0.84564,-1.0,1.0,-1.0,-0.84564,-1.0,1.0,-1.0,0.07718014717102051,5,1.0,0.0,,,,,,,,,,
313,2,grader,keep_all|loose_filter|medium_filter|strict_filter|rerank_only,strict_filter,-0.07,0,generator,1.0,0.586483,0.951712,,1.0,0.586483,0.951712,0.0,,,,,,,1.0,0.9379725039005279,0.975856214761734,,,,,
313,3,generator,generate_answer|generate_with_strict_citations|generate_short_answer,generate_with_strict_citations,-0.07,0,verifier,0.453495,0.733491,0.870109,-0.59886,0.453495,0.733491,0.870109,-0.59886,,,,,,,,,,0.7267475575208664,0.8667455315589905,257,0.2005699872970581,
313,4,verifier,verify_answer,verify_answer,0.7724,1,,-0.195452,,,,-0.195452,0.0,0.0,0.0,,,,,,,,,,,,,,0.40227391570806503
314,1,retriever,dense_retrieve|sparse_retrieve|hybrid_retrieve|hybrid_rerank,hybrid_rerank,-0.02,0,grader,-0.604279,-1.0,1.0,-1.0,-0.604279,-1.0,1.0,-1.0,0.19786059856414795,5,1.0,0.0,,,,,,,,,,
314,2,grader,keep_all|loose_filter|medium_filter|strict_filter|rerank_only,strict_filter,-0.07,0,generator,0.905264,0.638599,1.0,,0.905264,0.638599,1.0,0.0,,,,,,,0.9526320099830627,0.9457898557186126,1.0,,,,,
314,3,generator,generate_answer|generate_with_strict_citations|generate_short_answer,generate_short_answer,-0.07,0,verifier,0.992157,-0.336704,0.836165,-0.967986,0.992157,-0.336704,0.836165,-0.967986,,,,,,,,,,0.9960784912109375,0.3316477984189987,187,0.016007214784622192,
314,4,verifier,verify_answer,verify_answer,0.5957,1,,-0.270362,,,,-0.270362,0.0,0.0,0.0,,,,,,,,,,,,,,0.36481887102127075
315,1,retriever,dense_retrieve|sparse_retrieve|hybrid_retrieve|hybrid_rerank,hybrid_rerank,-0.02,0,grader,-0.865339,-1.0,1.0,-0.985476,-0.865339,-1.0,1.0,-0.985476,0.06733053922653198,5,1.0,0.007261782884597778,,,,,,,,,,
315,2,grader,keep_all|loose_filter|medium_filter|strict_filter|rerank_only,medium_filter,-0.07,0,generator,0.986277,1.0,0.786247,,0.986277,1.0,0.786247,0.0,,,,,,,0.9931383430957794,1.0,0.89312344789505,,,,,
315,3,generator,generate_answer|generate_with_strict_citations|generate_short_answer,generate_short_answer,-0.07,0,verifier,-0.19281,0.672081,0.89792,-0.849998,-0.19281,0.672081,0.89792,-0.849998,,,,,,,,,,0.40359486639499664,0.8360404968261719,212,0.07500085234642029,
315,4,verifier,verify_answer,verify_answer,0.5912,1,,-0.318895,,,,-0.318895,0.0,0.0,0.0,,,,,,,,,,,,,,0.34055250883102417
316,1,retriever,dense_retrieve|sparse_retrieve|hybrid_retrieve|hybrid_rerank,hybrid_rerank,-0.02,0,grader,-0.963681,-0.760013,1.0,-0.253951,-0.963681,-0.760013,1.0,-0.253951,0.018159538507461548,6,1.0,0.37302444875240326,,,,,,,,,,
316,2,grader,keep_all|loose_filter|medium_filter|strict_filter|rerank_only,loose_filter,-0.07,0,generator,0.787529,-0.133471,0.572873,,0.787529,-0.133471,0.572873,0.0,,,,,,,0.8937645554542542,0.8299794152379035,0.7864367067813873,,,,,
316,3,generator,generate_answer|generate_with_strict_citations|generate_short_answer,generate_short_answer,-0.07,0,verifier,-0.986862,-0.83602,1.0,-0.60626,-0.986862,-0.83602,1.0,-0.60626,,,,,,,,,,0.0065691471099853516,0.08199018239974976,267,0.19687014818191528,
316,4,verifier,verify_answer,verify_answer,0.7844,1,,-0.813817,,,,-0.813817,0.0,0.0,0.0,,,,,,,,,,,,,,0.09309148788452148
317,1,retriever,dense_retrieve|sparse_retrieve|hybrid_retrieve|hybrid_rerank,hybrid_rerank,-0.02,0,grader,-1.0,-0.969039,1.0,-0.451538,-1.0,-0.969039,1.0,-0.451538,0.0,5,1.0,0.27423110604286194,,,,,,,,,,
317,2,grader,keep_all|loose_filter|medium_filter|strict_filter|rerank_only,strict_filter,-0.07,0,generator,1.0,0.438265,0.937083,,1.0,0.438265,0.937083,0.0,,,,,,,1.0,0.9157397493720054,0.9685413241386414,,,,,
317,3,generator,generate_answer|generate_with_strict_citations|generate_short_answer,generate_short_answer,-0.07,0,verifier,-0.721065,-0.508112,0.976351,-0.592562,-0.721065,-0.508112,0.976351,-0.592562,,,,,,,,,,0.13946738839149475,0.24594390392303467,267,0.20371875166893005,
317,4,verifier,verify_answer,verify_answer,0.7935,1,,-0.873352,,,,-0.873352,0.0,0.0,0.0,,,,,,,,,,,,,,0.06332385540008545
318,1,retriever,dense_retrieve|sparse_retrieve|hybrid_retrieve|hybrid_rerank,hybrid_rerank,-0.02,0,grader,-0.540865,-0.930782,1.0,-0.891076,-0.540865,-0.930782,1.0,-0.891076,0.22956761717796326,5,1.0,0.05446222424507141,,,,,,,,,,
318,2,grader,keep_all|loose_filter|medium_filter|strict_filter|rerank_only,strict_filter,-0.07,0,generator,1.0,-0.002271,1.0,,1.0,-0.002271,1.0,0.0,,,,,,,1.0,0.8496592929936013,1.0,,,,,
318,3,generator,generate_answer|generate_with_strict_citations|generate_short_answer,generate_short_answer,-0.07,0,verifier,-0.621892,-1.0,1.0,0.369381,-0.621892,-1.0,1.0,0.369381,,,,,,,,,,0.1890541911125183,0.0,384,0.6846903860569,
318,4,verifier,verify_answer,verify_answer,0.6265,1,,0.163147,,,,0.163147,0.0,0.0,0.0,,,,,,,,,,,,,,0.5815735533833504
319,1,retriever,dense_retrieve|sparse_retrieve|hybrid_retrieve|hybrid_rerank,hybrid_rerank,-0.02,0,grader,-0.79129,-1.0,0.904884,-0.087977,-0.79129,-1.0,0.904884,-0.087977,0.10435512661933899,5,0.952441930770874,0.4560115374624729,,,,,,,,,,
319,2,grader,keep_all|loose_filter|medium_filter|strict_filter|rerank_only,strict_filter,-0.07,0,generator,1.0,-0.163116,1.0,,1.0,-0.163116,1.0,0.0,,,,,,,1.0,0.8255325719714164,1.0,,,,,
319,3,generator,generate_answer|generate_with_strict_citations|generate_short_answer,generate_short_answer,-0.07,0,verifier,-0.837798,-1.0,0.767307,0.300872,-0.837798,-1.0,0.767307,0.300872,,,,,,,,,,0.08110097050666809,0.0,384,0.6504357755184174,
319,4,verifier,verify_answer,verify_answer,0.8403,1,,-0.118651,,,,-0.118651,0.0,0.0,0.0,,,,,,,,,,,,,,0.4406742602586746
320,1,retriever,dense_retrieve|sparse_retrieve|hybrid_retrieve|hybrid_rerank,hybrid_rerank,-0.02,0,grader,-0.649922,-1.0,0.698555,-0.888094,-0.649922,-1.0,0.698555,-0.888094,0.17503881454467773,5,0.8492774069309235,0.05595296621322632,,,,,,,,,,
320,2,grader,keep_all|loose_filter|medium_filter|strict_filter|rerank_only,strict_filter,-0.07,0,generator,0.95392,0.629617,0.895097,,0.95392,0.629617,0.895097,0.0,,,,,,,0.9769600629806519,0.9444425642490386,0.9475484490394592,,,,,
320,3,generator,generate_answer|generate_with_strict_citations|generate_short_answer,generate_short_answer,-0.07,0,verifier,0.839909,-0.205578,1.0,-0.994126,0.839909,-0.205578,1.0,-0.994126,,,,,,,,,,0.9199545383453369,0.39721106737852097,193,0.002936840057373047,
320,4,verifier,verify_answer,verify_answer,0.6253,1,,0.071943,,,,0.071943,0.0,0.0,0.0,,,,,,,,,,,,,,0.5359715521335602
321,1,retriever,dense_retrieve|sparse_retrieve|hybrid_retrieve|hybrid_rerank,hybrid_rerank,-0.02,0,grader,-0.709657,-0.828884,0.941758,0.123814,-0.709657,-0.828884,0.941758,0.123814,0.14517134428024292,6,0.9708788096904755,0.5619068779051304,,,,,,,,,,
321,2,grader,keep_all|loose_filter|medium_filter|strict_filter|rerank_only,strict_filter,-0.07,0,generator,1.0,0.238802,1.0,,1.0,0.238802,1.0,0.0,,,,,,,1.0,0.8858203515410423,1.0,,,,,
321,3,generator,generate_answer|generate_with_strict_citations|generate_short_answer,generate_short_answer,-0.07,0,verifier,-0.626686,-1.0,1.0,-0.5554,-0.626686,-1.0,1.0,-0.5554,,,,,,,,,,0.18665724992752075,0.0,277,0.22230014204978943,
321,4,verifier,verify_answer,verify_answer,0.473,1,,-0.095904,,,,-0.095904,0.0,0.0,0.0,,,,,,,,,,,,,,0.4520481564104557
322,1,retriever,dense_retrieve|sparse_retrieve|hybrid_retrieve|hybrid_rerank,hybrid_rerank,-0.02,0,grader,-0.360148,-1.0,0.882985,0.382516,-0.360148,-1.0,0.882985,0.382516,0.3199259638786316,5,0.9414922893047333,0.6912580132484436,,,,,,,,,,
322,2,grader,keep_all|loose_filter|medium_filter|strict_filter|rerank_only,strict_filter,-0.07,0,generator,1.0,-0.030723,1.0,,1.0,-0.030723,1.0,0.0,,,,,,,1.0,0.8453916047699749,1.0,,,,,
322,3,generator,generate_answer|generate_with_strict_citations|generate_short_answer,generate_short_answer,-0.07,0,verifier,-0.930379,-0.78753,0.963286,0.377519,-0.930379,-0.78753,0.963286,0.377519,,,,,,,,,,0.0348106324672699,0.10623517632484436,384,0.6887594908475876,
322,4,verifier,verify_answer,verify_answer,0.7545,1,,0.049439,,,,0.049439,0.0,0.0,0.0,,,,,,,,,,,,,,0.5247197207063437
323,1,retriever,dense_retrieve|sparse_retrieve|hybrid_retrieve|hybrid_rerank,hybrid_rerank,-0.02,0,grader,0.590549,-0.765846,0.769927,-0.362159,0.590549,-0.765846,0.769927,-0.362159,0.7952746152877808,6,0.8849636316299438,0.31892068684101105,,,,,,,,,,
323,2,grader,keep_all|loose_filter|medium_filter|strict_filter|rerank_only,medium_filter,-0.07,0,generator,0.944094,-0.902433,0.715603,,0.944094,-0.902433,0.715603,0.0,,,,,,,0.9720471501350403,0.7146351069211959,0.8578015267848969,,,,,
323,3,generator,generate_answer|generate_with_strict_citations|generate_short_answer,generate_short_answer,-0.07,0,verifier,-0.811083,-1.0,0.726372,-0.506077,-0.811083,-1.0,0.726372,-0.506077,,,,,,,,,,0.09445863962173462,0.0,259,0.2469615936279297,
323,4,verifier,verify_answer,verify_answer,0.5688,1,,0.287092,,,,0.287092,0.0,0.0,0.0,,,,,,,,,,,,,,0.6435460448265076
324,1,retriever,dense_retrieve|sparse_retrieve|hybrid_retrieve|hybrid_rerank,hybrid_rerank,-0.02,0,grader,-0.486139,-0.953583,0.835348,-0.942417,-0.486139,-0.953583,0.835348,-0.942417,0.2569306194782257,5,0.9176742434501648,0.028791308403015137,,,,,,,,,,
324,2,grader,keep_all|loose_filter|medium_filter|strict_filter|rerank_only,strict_filter,-0.07,0,generator,1.0,0.257385,1.0,,1.0,0.257385,1.0,0.0,,,,,,,1.0,0.888607694208622,1.0,,,,,
324,3,generator,generate_answer|generate_with_strict_citations|generate_short_answer,generate_short_answer,-0.07,0,verifier,0.944672,0.638888,1.0,-0.804581,0.944672,0.638888,1.0,-0.804581,,,,,,,,,,0.9723358750343323,0.8194441199302673,229,0.09770971536636353,
324,4,verifier,verify_answer,verify_answer,0.4359,1,,0.153417,,,,0.153417,0.0,0.0,0.0,,,,,,,,,,,,,,0.5767082720994949
325,1,retriever,dense_retrieve|sparse_retrieve|hybrid_retrieve|hybrid_rerank,hybrid_rerank,-0.02,0,grader,0.768268,-1.0,1.0,0.240823,0.768268,-1.0,1.0,0.240823,0.8841339647769928,5,1.0,0.6204115748405457,,,,,,,,,,
325,2,grader,keep_all|loose_filter|medium_filter|strict_filter|rerank_only,strict_filter,-0.07,0,generator,1.0,-0.01659,1.0,,1.0,-0.01659,1.0,0.0,,,,,,,1.0,0.8475115559995174,1.0,,,,,
325,3,generator,generate_answer|generate_with_strict_citations|generate_short_answer,generate_short_answer,-0.07,0,verifier,-0.815547,-0.947673,0.691159,-1.0,-0.815547,-0.947673,0.691159,-1.0,,,,,,,,,,0.09222662448883057,0.02616351842880249,172,0.0,
325,4,verifier,verify_answer,verify_answer,0.8054,1,,-0.485211,,,,-0.485211,0.0,0.0,0.0,,,,,,,,,,,,,,0.25739453732967377
326,1,retriever,dense_retrieve|sparse_retrieve|hybrid_retrieve|hybrid_rerank,hybrid_rerank,-0.02,0,grader,0.870354,-1.0,1.0,0.255958,0.870354,-1.0,1.0,0.255958,0.9351768791675568,5,1.0,0.6279791444540024,,,,,,,,,,
326,2,grader,keep_all|loose_filter|medium_filter|strict_filter|rerank_only,strict_filter,-0.07,0,generator,1.0,-0.088305,0.886192,,1.0,-0.088305,0.886192,0.0,,,,,,,1.0,0.8367541924118995,0.9430961906909943,,,,,
326,3,generator,generate_answer|generate_with_strict_citations|generate_short_answer,generate_short_answer,-0.07,0,verifier,-0.702992,-1.0,0.983683,-0.927855,-0.702992,-1.0,0.983683,-0.927855,,,,,,,,,,0.1485041081905365,0.0,204,0.03607252240180969,
326,4,verifier,verify_answer,verify_answer,0.8052,1,,-0.579013,,,,-0.579013,0.0,0.0,0.0,,,,,,,,,,,,,,0.21049347519874573
327,1,retriever,dense_retrieve|sparse_retrieve|hybrid_retrieve|hybrid_rerank,hybrid_rerank,-0.02,0,grader,-0.654112,-0.997766,1.0,-0.909228,-0.654112,-0.997766,1.0,-0.909228,0.17294389009475708,5,1.0,0.04538613557815552,,,,,,,,,,
327,2,grader,keep_all|loose_filter|medium_filter|strict_filter|rerank_only,strict_filter,-0.07,0,generator,0.724347,0.391869,1.0,,0.724347,0.391869,1.0,0.0,,,,,,,0.8621736764907837,0.9087804228067398,1.0,,,,,
327,3,generator,generate_answer|generate_with_strict_citations|generate_short_answer,generate_short_answer,-0.07,0,verifier,-0.456341,0.077035,1.0,-0.537516,-0.456341,0.077035,1.0,-0.537516,,,,,,,,,,0.27182938158512115,0.538517314940691,280,0.23124217987060547,
327,4,verifier,verify_answer,verify_answer,0.5259,1,,-0.416661,,,,-0.416661,0.0,0.0,0.0,,,,,,,,,,,,,,0.2916695326566696
328,1,retriever,dense_retrieve|sparse_retrieve|hybrid_retrieve|hybrid_rerank,hybrid_rerank,-0.02,0,grader,-0.81338,-1.0,0.85471,-0.8377,-0.81338,-1.0,0.85471,-0.8377,0.09331005811691284,5,0.9273547530174255,0.08115002512931824,,,,,,,,,,
328,2,grader,keep_all|loose_filter|medium_filter|strict_filter|rerank_only,strict_filter,-0.07,0,generator,1.0,0.564009,1.0,,1.0,0.564009,1.0,0.0,,,,,,,1.0,0.9346013516187668,1.0,,,,,
328,3,generator,generate_answer|generate_with_strict_citations|generate_short_answer,generate_with_strict_citations,-0.07,0,verifier,1.0,0.70489,1.0,-1.0,1.0,0.70489,1.0,-1.0,,,,,,,,,,1.0,0.8524449467658997,192,0.0,
328,4,verifier,verify_answer,verify_answer,0.7109,1,,-0.582388,,,,-0.582388,0.0,0.0,0.0,,,,,,,,,,,,,,0.20880606770515442
329,1,retriever,dense_retrieve|sparse_retrieve|hybrid_retrieve|hybrid_rerank,hybrid_rerank,-0.02,0,grader,0.782328,-1.0,1.0,1.0,0.782328,-1.0,1.0,1.0,0.891164243221283,5,1.0,1.0,,,,,,,,,,
329,2,grader,keep_all|loose_filter|medium_filter|strict_filter|rerank_only,strict_filter,-0.07,0,generator,0.892551,0.326418,0.989944,,0.892551,0.326418,0.989944,0.0,,,,,,,0.9462754726409912,0.8989626795053481,0.9949720501899719,,,,,
329,3,generator,generate_answer|generate_with_strict_citations|generate_short_answer,generate_short_answer,-0.07,0,verifier,-0.833834,-0.952701,1.0,-1.0,-0.833834,-0.952701,1.0,-1.0,,,,,,,,,,0.08308300375938416,0.023649543523788452,192,0.0,
329,4,verifier,verify_answer,verify_answer,0.8128,1,,-0.46016,,,,-0.46016,0.0,0.0,0.0,,,,,,,,,,,,,,0.26991981267929077
330,1,retriever,dense_retrieve|sparse_retrieve|hybrid_retrieve|hybrid_rerank,hybrid_rerank,-0.02,0,grader,0.854559,-0.835166,0.765099,0.482097,0.854559,-0.835166,0.765099,0.482097,0.9272797405719757,6,0.8825494945049286,0.7410484701395035,,,,,,,,,,
330,2,grader,keep_all|loose_filter|medium_filter|strict_filter|rerank_only,strict_filter,-0.07,0,generator,1.0,0.654552,0.835551,,1.0,0.654552,0.835551,0.0,,,,,,,1.0,0.948182788491249,0.9177754819393158,,,,,
330,3,generator,generate_answer|generate_with_strict_citations|generate_short_answer,generate_short_answer,-0.07,0,verifier,-0.680929,-1.0,0.938869,-1.0,-0.680929,-1.0,0.938869,-1.0,,,,,,,,,,0.15953543782234192,0.0,188,0.0,
330,4,verifier,verify_answer,verify_answer,0.7087,1,,0.08386,,,,0.08386,0.0,0.0,0.0,,,,,,,,,,,,,,0.5419299155473709
331,1,retriever,dense_retrieve|sparse_retrieve|hybrid_retrieve|hybrid_rerank,hybrid_rerank,-0.02,0,grader,0.459609,-1.0,0.831034,0.939956,0.459609,-1.0,0.831034,0.939956,0.7298045754432678,5,0.9155170023441315,0.9699782431125641,,,,,,,,,,
331,2,grader,keep_all|loose_filter|medium_filter|strict_filter|rerank_only,medium_filter,-0.07,0,generator,0.919234,0.744883,0.720576,,0.919234,0.744883,0.720576,0.0,,,,,,,0.9596171677112579,0.9617323875427246,0.8602879345417023,,,,,
331,3,generator,generate_answer|generate_with_strict_citations|generate_short_answer,generate_short_answer,-0.07,0,verifier,-0.886114,-0.898475,1.0,-0.928891,-0.886114,-0.898475,1.0,-0.928891,,,,,,,,,,0.05694311857223511,0.050762444734573364,205,0.03555426001548767,
331,4,verifier,verify_answer,verify_answer,0.4911,1,,-0.402002,,,,-0.402002,0.0,0.0,0.0,,,,,,,,,,,,,,0.29899880290031433
332,1,retriever,dense_retrieve|sparse_retrieve|hybrid_retrieve|hybrid_rerank,hybrid_rerank,-0.02,0,grader,0.711705,-1.0,1.0,0.957705,0.711705,-1.0,1.0,0.957705,0.8558525145053864,5,1.0,0.9788524806499481,,,,,,,,,,
332,2,grader,keep_all|loose_filter|medium_filter|strict_filter|rerank_only,strict_filter,-0.07,0,generator,1.0,-0.091267,1.0,,1.0,-0.091267,1.0,0.0,,,,,,,1.0,0.8363100185990333,1.0,,,,,
332,3,generator,generate_answer|generate_with_strict_citations|generate_short_answer,generate_short_answer,-0.07,0,verifier,-0.076369,-0.931003,0.573511,-0.969257,-0.076369,-0.931003,0.573511,-0.969257,,,,,,,,,,0.4618153013288975,0.034498631954193115,169,0.015371739864349365,
332,4,verifier,verify_answer,verify_answer,0.7766,1,,0.019172,,,,0.019172,0.0,0.0,0.0,,,,,,,,,,,,,,0.5095861665904522
333,1,retriever,dense_retrieve|sparse_retrieve|hybrid_retrieve|hybrid_rerank,hybrid_rerank,-0.02,0,grader,1.0,-1.0,1.0,0.636156,1.0,-1.0,1.0,0.636156,1.0,5,1.0,0.8180778622627258,,,,,,,,,,
333,2,grader,keep_all|loose_filter|medium_filter|strict_filter|rerank_only,strict_filter,-0.07,0,generator,0.823078,-0.466096,0.9463,,0.823078,-0.466096,0.9463,0.0,,,,,,,0.9115391671657562,0.7800856336951255,0.9731501340866089,,,,,
333,3,generator,generate_answer|generate_with_strict_citations|generate_short_answer,generate_short_answer,-0.07,0,verifier,0.033338,-1.0,0.343447,-0.842445,0.033338,-1.0,0.343447,-0.842445,,,,,,,,,,0.5166691243648529,0.0,173,0.07877734303474426,
333,4,verifier,verify_answer,verify_answer,-0.07,0,verifier,-0.256791,,,,-0.256791,0.0,0.0,0.0,,,,,,,,,,,,,,0.37160439789295197
333,5,verifier,request_regeneration|request_more_retrieval|request_rewrite,request_regeneration,-0.07,0,generator,1.0,,,,1.0,0.0,0.0,0.0,,,,,,,,,,,,,,1.0
333,6,generator,generate_answer|generate_with_strict_citations|generate_short_answer|regenerate,generate_short_answer,-0.07,0,verifier,1.0,-1.0,0.188367,-0.55073,1.0,-1.0,0.188367,-0.55073,,,,,,,,,,1.0,0.0,202,0.22463515400886536,
333,7,verifier,verify_answer,verify_answer,-0.07,0,verifier,0.970438,,,,0.970438,0.0,0.0,0.0,,,,,,,,,,,,,,0.9852190017700195
333,8,verifier,request_regeneration|request_more_retrieval|request_rewrite,request_regeneration,-0.07,0,generator,1.0,,,,1.0,0.0,0.0,0.0,,,,,,,,,,,,,,1.0
333,9,generator,generate_answer|generate_with_strict_citations|generate_short_answer|regenerate,generate_short_answer,-0.07,0,verifier,1.0,-1.0,0.203805,-0.781426,1.0,-1.0,0.203805,-0.781426,,,,,,,,,,1.0,0.0,171,0.10928705334663391,
333,10,verifier,verify_answer,verify_answer,0.0681,1,,1.0,,,,1.0,0.0,0.0,0.0,,,,,,,,,,,,,,1.0
334,1,retriever,dense_retrieve|sparse_retrieve|hybrid_retrieve|hybrid_rerank,hybrid_rerank,-0.02,0,grader,1.0,-1.0,1.0,0.979247,1.0,-1.0,1.0,0.979247,1.0,5,1.0,0.9896233975887299,,,,,,,,,,
334,2,grader,keep_all|loose_filter|medium_filter|strict_filter|rerank_only,strict_filter,-0.07,0,generator,0.866826,0.486676,0.955907,,0.866826,0.486676,0.955907,0.0,,,,,,,0.9334130883216858,0.9230014726519584,0.9779536426067352,,,,,
334,3,generator,generate_answer|generate_with_strict_citations|generate_short_answer,generate_short_answer,-0.07,0,verifier,-0.668174,-1.0,0.699213,-0.797302,-0.668174,-1.0,0.699213,-0.797302,,,,,,,,,,0.16591283679008484,0.0,207,0.10134893655776978,
334,4,verifier,verify_answer,verify_answer,0.7374,1,,0.230616,,,,0.230616,0.0,0.0,0.0,,,,,,,,,,,,,,0.615308128297329
335,1,retriever,dense_retrieve|sparse_retrieve|hybrid_retrieve|hybrid_rerank,hybrid_rerank,-0.02,0,grader,0.689215,-1.0,1.0,0.978517,0.689215,-1.0,1.0,0.978517,0.8446075916290283,5,1.0,0.9892585277557373,,,,,,,,,,
335,2,grader,keep_all|loose_filter|medium_filter|strict_filter|rerank_only,strict_filter,-0.07,0,generator,0.921396,0.380135,0.837281,,0.921396,0.380135,0.837281,0.0,,,,,,,0.9606977701187134,0.9070202901959419,0.9186405539512634,,,,,
335,3,generator,generate_answer|generate_with_strict_citations|generate_short_answer,generate_short_answer,-0.07,0,verifier,-1.0,-1.0,0.680547,-0.945148,-1.0,-1.0,0.680547,-0.945148,,,,,,,,,,0.0,0.0,180,0.02742612361907959,
335,4,verifier,verify_answer,verify_answer,0.7369,1,,-0.205355,,,,-0.205355,0.0,0.0,0.0,,,,,,,,,,,,,,0.39732247591018677
336,1,retriever,dense_retrieve|sparse_retrieve|hybrid_retrieve|hybrid_rerank,hybrid_rerank,-0.02,0,grader,-0.880663,-0.685447,0.772619,-0.758394,-0.880663,-0.685447,0.772619,-0.758394,0.05966874957084656,7,0.8863096833229065,0.12080308794975281,,,,,,,,,,
336,2,grader,keep_all|loose_filter|medium_filter|strict_filter|rerank_only,strict_filter,-0.07,0,generator,1.0,0.791838,1.0,,1.0,0.791838,1.0,0.0,,,,,,,1.0,0.9687757164239883,1.0,,,,,
336,3,generator,generate_answer|generate_with_strict_citations|generate_short_answer,generate_short_answer,-0.07,0,verifier,-0.535032,0.135724,1.0,-0.332519,-0.535032,0.135724,1.0,-0.332519,,,,,,,,,,0.23248416185379028,0.5678619518876076,320,0.3337405323982239,
336,4,verifier,verify_answer,verify_answer,0.8004,1,,-0.39128,,,,-0.39128,0.0,0.0,0.0,,,,,,,,,,,,,,0.3043598383665085
337,1,retriever,dense_retrieve|sparse_retrieve|hybrid_retrieve|hybrid_rerank,hybrid_rerank,-0.02,0,grader,-1.0,-1.0,0.968159,-0.737189,-1.0,-1.0,0.968159,-0.737189,0.0,5,0.9840795993804932,0.13140526413917542,,,,,,,,,,
337,2,grader,keep_all|loose_filter|medium_filter|strict_filter|rerank_only,strict_filter,-0.07,0,generator,0.770575,0.683681,1.0,,0.770575,0.683681,1.0,0.0,,,,,,,0.8852877020835876,0.9525521248579025,1.0,,,,,
337,3,generator,generate_answer|generate_with_strict_citations|generate_short_answer,generate_short_answer,-0.07,0,verifier,0.825716,0.516016,0.902453,-1.0,0.825716,0.516016,0.902453,-1.0,,,,,,,,,,0.9128580987453461,0.7580080330371857,185,0.0,
337,4,verifier,verify_answer,verify_answer,0.6993,1,,-0.925238,,,,-0.925238,0.0,0.0,0.0,,,,,,,,,,,,,,0.037381112575531006
338,1,retriever,dense_retrieve|sparse_retrieve|hybrid_retrieve|hybrid_rerank,hybrid_rerank,-0.02,0,grader,1.0,-1.0,0.760123,0.882025,1.0,-1.0,0.760123,0.882025,1.0,5,0.880061686038971,0.9410124719142914,,,,,,,,,,
338,2,grader,keep_all|loose_filter|medium_filter|strict_filter|rerank_only,strict_filter,-0.07,0,generator,1.0,-0.758459,0.92827,,1.0,-0.758459,0.92827,0.0,,,,,,,1.0,0.7362311273813247,0.9641349017620087,,,,,
338,3,generator,generate_answer|generate_with_strict_citations|generate_short_answer,generate_short_answer,-0.07,0,verifier,0.272886,-1.0,-0.280049,-0.929598,0.272886,-1.0,-0.280049,-0.929598,,,,,,,,,,0.6364428251981735,0.0,128,0.03520095348358154,
338,4,verifier,verify_answer,verify_answer,-0.07,0,verifier,-0.291547,,,,-0.291547,0.0,0.0,0.0,,,,,,,,,,,,,,0.35422664880752563
338,5,verifier,request_regeneration|request_more_retrieval|request_rewrite,request_regeneration,-0.07,0,generator,1.0,,,,1.0,0.0,0.0,0.0,,,,,,,,,,,,,,1.0
338,6,generator,generate_answer|generate_with_strict_citations|generate_short_answer|regenerate,generate_short_answer,-0.07,0,verifier,0.740797,-1.0,-0.363597,-0.995484,0.740797,-1.0,-0.363597,-0.995484,,,,,,,,,,0.8703983128070831,0.0,128,0.002258092164993286,
338,7,verifier,verify_answer,verify_answer,-0.07,0,verifier,1.0,,,,1.0,0.0,0.0,0.0,,,,,,,,,,,,,,1.0
338,8,verifier,request_regeneration|request_more_retrieval|request_rewrite,request_regeneration,-0.07,0,generator,1.0,,,,1.0,0.0,0.0,0.0,,,,,,,,,,,,,,1.0
338,9,generator,generate_answer|generate_with_strict_citations|generate_short_answer|regenerate,generate_short_answer,-0.07,0,verifier,0.999049,-1.0,-0.413176,-0.839451,0.999049,-1.0,-0.413176,-0.839451,,,,,,,,,,0.9995244741439819,0.0,128,0.08027470111846924,
338,10,verifier,verify_answer,verify_answer,0.0918,1,,0.949935,,,,0.949935,0.0,0.0,0.0,,,,,,,,,,,,,,0.9749676585197449
339,1,retriever,dense_retrieve|sparse_retrieve|hybrid_retrieve|hybrid_rerank,hybrid_rerank,-0.02,0,grader,-0.811356,-0.744474,0.939137,-0.81021,-0.811356,-0.744474,0.939137,-0.81021,0.09432178735733032,6,0.9695684611797333,0.09489500522613525,,,,,,,,,,
339,2,grader,keep_all|loose_filter|medium_filter|strict_filter|rerank_only,strict_filter,-0.07,0,generator,0.826591,0.984448,1.0,,0.826591,0.984448,1.0,0.0,,,,,,,0.913295328617096,0.9976672202348709,1.0,,,,,
339,3,generator,generate_answer|generate_with_strict_citations|generate_short_answer,generate_short_answer,-0.07,0,verifier,1.0,0.621163,0.713483,-0.92277,1.0,0.621163,0.713483,-0.92277,,,,,,,,,,1.0,0.8105816543102264,186,0.03861507773399353,
339,4,verifier,verify_answer,verify_answer,0.7044,1,,-1.0,,,,-1.0,0.0,0.0,0.0,,,,,,,,,,,,,,0.0
340,1,retriever,dense_retrieve|sparse_retrieve|hybrid_retrieve|hybrid_rerank,hybrid_rerank,-0.02,0,grader,0.949308,-0.856518,1.0,1.0,0.949308,-0.856518,1.0,1.0,0.9746539294719696,6,1.0,1.0,,,,,,,,,,
340,2,grader,keep_all|loose_filter|medium_filter|strict_filter|rerank_only,strict_filter,-0.07,0,generator,1.0,-0.311341,1.0,,1.0,-0.311341,1.0,0.0,,,,,,,1.0,0.8032989099621772,1.0,,,,,
340,3,generator,generate_answer|generate_with_strict_citations|generate_short_answer,generate_short_answer,-0.07,0,verifier,-0.546168,-1.0,-0.224373,-0.997805,-0.546168,-1.0,-0.224373,-0.997805,,,,,,,,,,0.2269158959388733,0.0,128,0.001097559928894043,
340,4,verifier,verify_answer,verify_answer,0.5662,1,,0.037065,,,,0.037065,0.0,0.0,0.0,,,,,,,,,,,,,,0.5185327026993036
341,1,retriever,dense_retrieve|sparse_retrieve|hybrid_retrieve|hybrid_rerank,hybrid_rerank,-0.02,0,grader,-0.934441,-1.0,0.748459,-0.852365,-0.934441,-1.0,0.748459,-0.852365,0.0327795147895813,5,0.8742292523384094,0.07381746172904968,,,,,,,,,,
341,2,grader,keep_all|loose_filter|medium_filter|strict_filter|rerank_only,strict_filter,-0.07,0,generator,1.0,0.881919,0.951205,,1.0,0.881919,0.951205,0.0,,,,,,,1.0,0.9822878897190093,0.9756025075912476,,,,,
341,3,generator,generate_answer|generate_with_strict_citations|generate_short_answer,generate_with_strict_citations,-0.07,0,verifier,1.0,0.802059,1.0,-1.0,1.0,0.802059,1.0,-1.0,,,,,,,,,,1.0,0.9010297060012817,192,0.0,
341,4,verifier,verify_answer,verify_answer,0.7415,1,,-0.298888,,,,-0.298888,0.0,0.0,0.0,,,,,,,,,,,,,,0.3505559712648392
342,1,retriever,dense_retrieve|sparse_retrieve|hybrid_retrieve|hybrid_rerank,hybrid_rerank,-0.02,0,grader,-0.753756,-1.0,1.0,-1.0,-0.753756,-1.0,1.0,-1.0,0.12312212586402893,5,1.0,0.0,,,,,,,,,,
342,2,grader,keep_all|loose_filter|medium_filter|strict_filter|rerank_only,strict_filter,-0.07,0,generator,1.0,0.759898,1.0,,1.0,0.759898,1.0,0.0,,,,,,,1.0,0.9639847278594971,1.0,,,,,
342,3,generator,generate_answer|generate_with_strict_citations|generate_short_answer,generate_short_answer,-0.07,0,verifier,-0.926736,-0.197439,0.835091,-0.572952,-0.926736,-0.197439,0.835091,-0.572952,,,,,,,,,,0.036632031202316284,0.4012805223464966,258,0.2135237753391266,
342,4,verifier,verify_answer,verify_answer,0.7829,1,,-0.058021,,,,-0.058021,0.0,0.0,0.0,,,,,,,,,,,,,,0.4709896817803383
343,1,retriever,dense_retrieve|sparse_retrieve|hybrid_retrieve|hybrid_rerank,hybrid_rerank,-0.02,0,grader,-0.786322,-1.0,1.0,-0.913818,-0.786322,-1.0,1.0,-0.913818,0.10683920979499817,5,1.0,0.04309117794036865,,,,,,,,,,
343,2,grader,keep_all|loose_filter|medium_filter|strict_filter|rerank_only,strict_filter,-0.07,0,generator,0.883359,0.877881,1.0,,0.883359,0.877881,1.0,0.0,,,,,,,0.9416795969009399,0.9816821217536926,1.0,,,,,
343,3,generator,generate_answer|generate_with_strict_citations|generate_short_answer,generate_short_answer,-0.07,0,verifier,-0.612256,0.077343,0.907693,-0.304759,-0.612256,0.077343,0.907693,-0.304759,,,,,,,,,,0.19387194514274597,0.5386713072657585,315,0.34762053191661835,
343,4,verifier,verify_answer,verify_answer,0.7578,1,,-0.229023,,,,-0.229023,0.0,0.0,0.0,,,,,,,,,,,,,,0.3854883164167404
344,1,retriever,dense_retrieve|sparse_retrieve|hybrid_retrieve|hybrid_rerank,hybrid_rerank,-0.02,0,grader,-1.0,-0.977601,1.0,-0.825904,-1.0,-0.977601,1.0,-0.825904,0.0,5,1.0,0.08704793453216553,,,,,,,,,,
344,2,grader,keep_all|loose_filter|medium_filter|strict_filter|rerank_only,strict_filter,-0.07,0,generator,1.0,0.970614,0.91985,,1.0,0.970614,0.91985,0.0,,,,,,,1.0,0.9955920398235321,0.9599250257015228,,,,,
344,3,generator,generate_answer|generate_with_strict_citations|generate_short_answer,generate_short_answer,-0.07,0,verifier,-0.637362,-0.411693,0.863705,-0.1993,-0.637362,-0.411693,0.863705,-0.1993,,,,,,,,,,0.1813192069530487,0.29415372014045715,329,0.4003501385450363,
344,4,verifier,verify_answer,verify_answer,0.8366,1,,-0.283384,,,,-0.283384,0.0,0.0,0.0,,,,,,,,,,,,,,0.3583080470561981
345,1,retriever,dense_retrieve|sparse_retrieve|hybrid_retrieve|hybrid_rerank,hybrid_rerank,-0.02,0,grader,-0.78844,-0.926252,1.0,-1.0,-0.78844,-0.926252,1.0,-1.0,0.10578024387359619,5,1.0,0.0,,,,,,,,,,
345,2,grader,keep_all|loose_filter|medium_filter|strict_filter|rerank_only,strict_filter,-0.07,0,generator,1.0,0.932079,1.0,,1.0,0.932079,1.0,0.0,,,,,,,1.0,0.9898118525743484,1.0,,,,,
345,3,generator,generate_answer|generate_with_strict_citations|generate_short_answer,generate_with_strict_citations,-0.07,0,verifier,0.925895,0.769525,1.0,-0.834397,0.925895,0.769525,1.0,-0.834397,,,,,,,,,,0.962947279214859,0.8847622871398926,223,0.08280125260353088,
345,4,verifier,verify_answer,verify_answer,0.721,1,,-0.666584,,,,-0.666584,0.0,0.0,0.0,,,,,,,,,,,,,,0.1667080819606781
346,1,retriever,dense_retrieve|sparse_retrieve|hybrid_retrieve|hybrid_rerank,hybrid_rerank,-0.02,0,grader,-0.946344,-1.0,0.624761,-0.842891,-0.946344,-1.0,0.624761,-0.842891,0.026827752590179443,5,0.812380462884903,0.07855445146560669,,,,,,,,,,
346,2,grader,keep_all|loose_filter|medium_filter|strict_filter|rerank_only,medium_filter,-0.07,0,generator,1.0,0.996423,0.707359,,1.0,0.996423,0.707359,0.0,,,,,,,1.0,0.9994634062051773,0.8536793887615204,,,,,
346,3,generator,generate_answer|generate_with_strict_citations|generate_short_answer,generate_short_answer,-0.07,0,verifier,0.907301,0.453304,1.0,-1.0,0.907301,0.453304,1.0,-1.0,,,,,,,,,,0.953650712966919,0.7266518175601959,192,0.0,
346,4,verifier,verify_answer,verify_answer,0.715,1,,-0.013672,,,,-0.013672,0.0,0.0,0.0,,,,,,,,,,,,,,0.49316398426890373
347,1,retriever,dense_retrieve|sparse_retrieve|hybrid_retrieve|hybrid_rerank,hybrid_rerank,-0.02,0,grader,-0.796834,-1.0,0.829564,-0.816478,-0.796834,-1.0,0.829564,-0.816478,0.10158321261405945,5,0.9147821664810181,0.09176090359687805,,,,,,,,,,
347,2,grader,keep_all|loose_filter|medium_filter|strict_filter|rerank_only,strict_filter,-0.07,0,generator,0.872773,0.984165,0.927344,,0.872773,0.984165,0.927344,0.0,,,,,,,0.9363864958286285,0.9976247519254684,0.9636721611022949,,,,,
347,3,generator,generate_answer|generate_with_strict_citations|generate_short_answer,generate_short_answer,-0.07,0,verifier,-0.929866,-0.306793,1.0,-0.572426,-0.929866,-0.306793,1.0,-0.572426,,,,,,,,,,0.035067200660705566,0.34660351276397705,274,0.21378695964813232,
347,4,verifier,verify_answer,verify_answer,0.7895,1,,-0.325139,,,,-0.325139,0.0,0.0,0.0,,,,,,,,,,,,,,0.33743035793304443
348,1,retriever,dense_retrieve|sparse_retrieve|hybrid_retrieve|hybrid_rerank,hybrid_rerank,-0.02,0,grader,1.0,-0.808201,0.959079,0.948417,1.0,-0.808201,0.959079,0.948417,1.0,6,0.9795394539833069,0.9742085635662079,,,,,,,,,,
348,2,grader,keep_all|loose_filter|medium_filter|strict_filter|rerank_only,strict_filter,-0.07,0,generator,1.0,0.434938,1.0,,1.0,0.434938,1.0,0.0,,,,,,,1.0,0.9152406573295593,1.0,,,,,
348,3,generator,generate_answer|generate_with_strict_citations|generate_short_answer,generate_short_answer,-0.07,0,verifier,-0.717601,-0.894961,-0.128483,-0.302013,-0.717601,-0.894961,-0.128483,-0.302013,,,,,,,,,,0.14119961857795715,0.05251935124397278,202,0.348993256688118,
348,4,verifier,verify_answer,verify_answer,0.6425,1,,-0.141166,,,,-0.141166,0.0,0.0,0.0,,,,,,,,,,,,,,0.429416760802269
349,1,retriever,dense_retrieve|sparse_retrieve|hybrid_retrieve|hybrid_rerank,hybrid_rerank,-0.02,0,grader,-0.878979,-0.927325,1.0,-0.993801,-0.878979,-0.927325,1.0,-0.993801,0.06051027774810791,5,1.0,0.0030995607376098633,,,,,,,,,,
349,2,grader,keep_all|loose_filter|medium_filter|strict_filter|rerank_only,strict_filter,-0.07,0,generator,0.925041,1.0,1.0,,0.925041,1.0,1.0,0.0,,,,,,,0.9625204801559448,1.0,1.0,,,,,
349,3,generator,generate_answer|generate_with_strict_citations|generate_short_answer,generate_short_answer,-0.07,0,verifier,-0.386775,-0.443271,0.822955,-0.857236,-0.386775,-0.443271,0.822955,-0.857236,,,,,,,,,,0.3066125363111496,0.278364434838295,206,0.07138222455978394,
349,4,verifier,verify_answer,verify_answer,0.5396,1,,-0.381406,,,,-0.381406,0.0,0.0,0.0,,,,,,,,,,,,,,0.30929693579673767
350,1,retriever,dense_retrieve|sparse_retrieve|hybrid_retrieve|hybrid_rerank,hybrid_rerank,-0.02,0,grader,-0.814483,-0.820975,1.0,-0.816197,-0.814483,-0.820975,1.0,-0.816197,0.09275856614112854,6,1.0,0.0919015109539032,,,,,,,,,,
350,2,grader,keep_all|loose_filter|medium_filter|strict_filter|rerank_only,strict_filter,-0.07,0,generator,1.0,0.884805,0.826271,,1.0,0.884805,0.826271,0.0,,,,,,,1.0,0.9827207446098327,0.9131355285644531,,,,,
350,3,generator,generate_answer|generate_with_strict_citations|generate_short_answer,generate_with_strict_citations,-0.07,0,verifier,1.0,0.754079,0.917504,-0.932165,1.0,0.754079,0.917504,-0.932165,,,,,,,,,,1.0,0.8770397007465363,199,0.03391730785369873,
350,4,verifier,verify_answer,verify_answer,0.434,1,,-0.254357,,,,-0.254357,0.0,0.0,0.0,,,,,,,,,,,,,,0.3728215843439102
351,1,retriever,dense_retrieve|sparse_retrieve|hybrid_retrieve|hybrid_rerank,hybrid_rerank,-0.02,0,grader,-0.741015,-0.804927,1.0,-0.741408,-0.741015,-0.804927,1.0,-0.741408,0.12949246168136597,6,1.0,0.1292959749698639,,,,,,,,,,
351,2,grader,keep_all|loose_filter|medium_filter|strict_filter|rerank_only,strict_filter,-0.07,0,generator,1.0,0.910916,1.0,,1.0,0.910916,1.0,0.0,,,,,,,1.0,0.9866373777389525,1.0,,,,,
351,3,generator,generate_answer|generate_with_strict_citations|generate_short_answer,generate_with_strict_citations,-0.07,0,verifier,0.771229,0.888639,0.801177,-0.946665,0.771229,0.888639,0.801177,-0.946665,,,,,,,,,,0.8856146037578583,0.9443196058273315,188,0.026667654514312744,
351,4,verifier,verify_answer,verify_answer,0.7294,1,,-0.810166,,,,-0.810166,0.0,0.0,0.0,,,,,,,,,,,,,,0.09491714835166931
352,1,retriever,dense_retrieve|sparse_retrieve|hybrid_retrieve|hybrid_rerank,hybrid_rerank,-0.02,0,grader,-0.856307,-1.0,0.760298,-0.774353,-0.856307,-1.0,0.760298,-0.774353,0.07184654474258423,5,0.8801492154598236,0.11282369494438171,,,,,,,,,,
352,2,grader,keep_all|loose_filter|medium_filter|strict_filter|rerank_only,strict_filter,-0.07,0,generator,0.912689,1.0,0.999968,,0.912689,1.0,0.999968,0.0,,,,,,,0.9563446044921875,1.0,0.9999838769435883,,,,,
352,3,generator,generate_answer|generate_with_strict_citations|generate_short_answer,generate_short_answer,-0.07,0,verifier,-0.061948,0.169395,0.90949,-0.963291,-0.061948,0.169395,0.90949,-0.963291,,,,,,,,,,0.469026155769825,0.5846976861357689,192,0.018354594707489014,
352,4,verifier,verify_answer,verify_answer,0.7181,1,,-0.449336,,,,-0.449336,0.0,0.0,0.0,,,,,,,,,,,,,,0.27533216774463654
353,1,retriever,dense_retrieve|sparse_retrieve|hybrid_retrieve|hybrid_rerank,hybrid_rerank,-0.02,0,grader,1.0,-0.959008,1.0,0.67383,1.0,-0.959008,1.0,0.67383,1.0,5,1.0,0.8369148373603821,,,,,,,,,,
353,2,grader,keep_all|loose_filter|medium_filter|strict_filter|rerank_only,medium_filter,-0.07,0,generator,0.820863,0.286324,0.795859,,0.820863,0.286324,0.795859,0.0,,,,,,,0.9104316234588623,0.8929485723376274,0.8979295790195465,,,,,
353,3,generator,generate_answer|generate_with_strict_citations|generate_short_answer,generate_short_answer,-0.07,0,verifier,-0.901371,-0.9369,-0.060425,-0.221586,-0.901371,-0.9369,-0.060425,-0.221586,,,,,,,,,,0.0493144690990448,0.03155013918876648,220,0.3892071098089218,
353,4,verifier,verify_answer,verify_answer,-0.07,0,verifier,0.472963,,,,0.472963,0.0,0.0,0.0,,,,,,,,,,,,,,0.7364816963672638
353,5,verifier,request_regeneration|request_more_retrieval|request_rewrite,request_regeneration,-0.07,0,generator,1.0,,,,1.0,0.0,0.0,0.0,,,,,,,,,,,,,,1.0
353,6,generator,generate_answer|generate_with_strict_citations|generate_short_answer|regenerate,generate_short_answer,-0.07,0,verifier,-0.223435,-0.956837,-0.575833,-0.502367,-0.223435,-0.956837,-0.575833,-0.502367,,,,,,,,,,0.3882824629545212,0.021581411361694336,136,0.24881640076637268,
353,7,verifier,verify_answer,verify_answer,-0.07,0,verifier,0.718961,,,,0.718961,0.0,0.0,0.0,,,,,,,,,,,,,,0.8594803214073181
353,8,verifier,request_regeneration|request_more_retrieval|request_rewrite,request_regeneration,-0.07,0,generator,0.873081,,,,0.873081,0.0,0.0,0.0,,,,,,,,,,,,,,0.9365405142307281
353,9,generator,generate_answer|generate_with_strict_citations|generate_short_answer|regenerate,generate_short_answer,-0.07,0,verifier,0.532956,-1.0,-0.409123,-0.683882,0.532956,-1.0,-0.409123,-0.683882,,,,,,,,,,0.7664782404899597,0.0,133,0.1580590307712555,
353,10,verifier,verify_answer,verify_answer,0.0872,1,,0.854649,,,,0.854649,0.0,0.0,0.0,,,,,,,,,,,,,,0.9273243248462677
354,1,retriever,dense_retrieve|sparse_retrieve|hybrid_retrieve|hybrid_rerank,hybrid_rerank,-0.02,0,grader,0.864749,0.22357,1.0,1.0,0.864749,0.22357,1.0,1.0,0.9323743283748627,14,1.0,1.0,,,,,,,,,,
354,2,grader,keep_all|loose_filter|medium_filter|strict_filter|rerank_only,strict_filter,-0.07,0,generator,1.0,0.411604,1.0,,1.0,0.411604,1.0,0.0,,,,,,,1.0,0.9117406383156776,1.0,,,,,
354,3,generator,generate_answer|generate_with_strict_citations|generate_short_answer,generate_short_answer,-0.07,0,verifier,-0.888336,-0.884634,-0.058219,-0.63796,-0.888336,-0.884634,-0.058219,-0.63796,,,,,,,,,,0.055832117795944214,0.057682812213897705,168,0.18101993203163147,
354,4,verifier,verify_answer,verify_answer,0.6354,1,,0.301436,,,,0.301436,0.0,0.0,0.0,,,,,,,,,,,,,,0.6507180333137512
355,1,retriever,dense_retrieve|sparse_retrieve|hybrid_retrieve|hybrid_rerank,hybrid_rerank,-0.02,0,grader,1.0,1.0,0.868161,1.0,1.0,1.0,0.868161,1.0,1.0,20,0.9340804517269135,1.0,,,,,,,,,,
355,2,grader,keep_all|loose_filter|medium_filter|strict_filter|rerank_only,strict_filter,-0.07,0,generator,0.904332,0.830542,0.953526,,0.904332,0.830542,0.953526,0.0,,,,,,,0.9521661400794983,0.9745812684297561,0.9767632186412811,,,,,
355,3,generator,generate_answer|generate_with_strict_citations|generate_short_answer,generate_short_answer,-0.07,0,verifier,-0.909509,-0.879172,0.551916,0.231676,-0.909509,-0.879172,0.551916,0.231676,,,,,,,,,,0.04524549841880798,0.06041383743286133,363,0.6158381849527359,
355,4,verifier,verify_answer,verify_answer,0.6088,1,,-0.675601,,,,-0.675601,0.0,0.0,0.0,,,,,,,,,,,,,,0.1621992588043213
356,1,retriever,dense_retrieve|sparse_retrieve|hybrid_retrieve|hybrid_rerank,hybrid_rerank,-0.02,0,grader,-0.986146,-0.942627,1.0,-0.966841,-0.986146,-0.942627,1.0,-0.966841,0.006927162408828735,5,1.0,0.016579627990722656,,,,,,,,,,
356,2,grader,keep_all|loose_filter|medium_filter|strict_filter|rerank_only,strict_filter,-0.07,0,generator,0.991152,0.994637,0.965152,,0.991152,0.994637,0.965152,0.0,,,,,,,0.995576024055481,0.9991955786943435,0.9825759828090668,,,,,
356,3,generator,generate_answer|generate_with_strict_citations|generate_short_answer,generate_short_answer,-0.07,0,verifier,-0.12136,-0.750475,1.0,-0.95364,-0.12136,-0.750475,1.0,-0.95364,,,,,,,,,,0.43931975588202477,0.12476256489753723,200,0.023180007934570312,
356,4,verifier,verify_answer,verify_answer,-0.07,0,verifier,0.389247,,,,0.389247,0.0,0.0,0.0,,,,,,,,,,,,,,0.6946235448122025
356,5,verifier,request_regeneration|request_more_retrieval|request_rewrite,request_regeneration,-0.07,0,generator,0.933728,,,,0.933728,0.0,0.0,0.0,,,,,,,,,,,,,,0.9668641686439514
356,6,generator,generate_answer|generate_with_strict_citations|generate_short_answer|regenerate,generate_short_answer,-0.07,0,verifier,0.889878,-0.83301,0.665402,-1.0,0.889878,-0.83301,0.665402,-1.0,,,,,,,,,,0.9449388086795807,0.0834951400756836,170,0.0,
356,7,verifier,verify_answer,verify_answer,-0.07,0,verifier,0.412109,,,,0.412109,0.0,0.0,0.0,,,,,,,,,,,,,,0.7060544192790985
356,8,verifier,request_regeneration|request_more_retrieval|request_rewrite,request_regeneration,-0.07,0,generator,1.0,,,,1.0,0.0,0.0,0.0,,,,,,,,,,,,,,1.0
356,9,generator,generate_answer|generate_with_strict_citations|generate_short_answer|regenerate,generate_short_answer,-0.07,0,verifier,0.850864,-0.823318,0.736815,-1.0,0.850864,-0.823318,0.736815,-1.0,,,,,,,,,,0.9254321157932281,0.08834117650985718,175,0.0,
356,10,verifier,verify_answer,verify_answer,-0.189,1,,1.0,,,,1.0,0.0,0.0,0.0,,,,,,,,,,,,,,1.0
357,1,retriever,dense_retrieve|sparse_retrieve|hybrid_retrieve|hybrid_rerank,hybrid_rerank,-0.02,0,grader,-1.0,-0.768044,1.0,-0.978974,-1.0,-0.768044,1.0,-0.978974,0.0,6,1.0,0.010512769222259521,,,,,,,,,,
357,2,grader,keep_all|loose_filter|medium_filter|strict_filter|rerank_only,strict_filter,-0.07,0,generator,0.954489,1.0,0.912039,,0.954489,1.0,0.912039,0.0,,,,,,,0.9772446155548096,1.0,0.9560193717479706,,,,,
357,3,generator,generate_answer|generate_with_strict_citations|generate_short_answer,generate_with_strict_citations,-0.07,0,verifier,0.669159,0.710197,0.821172,-0.708456,0.669159,0.710197,0.821172,-0.708456,,,,,,,,,,0.8345792889595032,0.8550986647605896,233,0.1457718014717102,
357,4,verifier,verify_answer,verify_answer,0.6587,1,,-0.926173,,,,-0.926173,0.0,0.0,0.0,,,,,,,,,,,,,,0.03691330552101135
358,1,retriever,dense_retrieve|sparse_retrieve|hybrid_retrieve|hybrid_rerank,hybrid_rerank,-0.02,0,grader,-0.833405,-0.964584,0.851513,-0.966747,-0.833405,-0.964584,0.851513,-0.966747,0.08329764008522034,5,0.9257563650608063,0.016626417636871338,,,,,,,,,,
358,2,grader,keep_all|loose_filter|medium_filter|strict_filter|rerank_only,strict_filter,-0.07,0,generator,1.0,0.954887,1.0,,1.0,0.954887,1.0,0.0,,,,,,,1.0,0.9932331085205077,1.0,,,,,
358,3,generator,generate_answer|generate_with_strict_citations|generate_short_answer,generate_with_strict_citations,-0.07,0,verifier,1.0,0.703501,0.920017,-1.0,1.0,0.703501,0.920017,-1.0,,,,,,,,,,1.0,0.8517506718635559,186,0.0,
358,4,verifier,verify_answer,verify_answer,0.4134,1,,-0.184165,,,,-0.184165,0.0,0.0,0.0,,,,,,,,,,,,,,0.4079173281788826
359,1,retriever,dense_retrieve|sparse_retrieve|hybrid_retrieve|hybrid_rerank,hybrid_rerank,-0.02,0,grader,1.0,-0.637485,0.674164,0.992352,1.0,-0.637485,0.674164,0.992352,1.0,7,0.8370819389820099,0.9961761832237244,,,,,,,,,,
359,2,grader,keep_all|loose_filter|medium_filter|strict_filter|rerank_only,strict_filter,-0.07,0,generator,1.0,-0.772746,1.0,,1.0,-0.772746,1.0,0.0,,,,,,,1.0,0.7340880692005157,1.0,,,,,
359,3,generator,generate_answer|generate_with_strict_citations|generate_short_answer,generate_short_answer,-0.07,0,verifier,0.987891,-0.798056,0.742285,-0.846457,0.987891,-0.798056,0.742285,-0.846457,,,,,,,,,,0.9939455687999725,0.10097202658653259,202,0.0767715573310852,
359,4,verifier,verify_answer,verify_answer,0.4593,1,,0.728947,,,,0.728947,0.0,0.0,0.0,,,,,,,,,,,,,,0.8644734621047974
360,1,retriever,dense_retrieve|sparse_retrieve|hybrid_retrieve|hybrid_rerank,hybrid_rerank,-0.02,0,grader,-0.713788,-1.0,0.961061,-1.0,-0.713788,-1.0,0.961061,-1.0,0.14310577511787415,5,0.9805305302143097,0.0,,,,,,,,,,
360,2,grader,keep_all|loose_filter|medium_filter|strict_filter|rerank_only,strict_filter,-0.07,0,generator,1.0,1.0,0.873981,,1.0,1.0,0.873981,0.0,,,,,,,1.0,1.0,0.9369905292987823,,,,,
360,3,generator,generate_answer|generate_with_strict_citations|generate_short_answer,generate_short_answer,-0.07,0,verifier,0.185999,-1.0,1.0,-0.993576,0.185999,-1.0,1.0,-0.993576,,,,,,,,,,0.5929996892809868,0.0,193,0.0032121241092681885,
360,4,verifier,verify_answer,verify_answer,0.3933,1,,0.55897,,,,0.55897,0.0,0.0,0.0,,,,,,,,,,,,,,0.7794852256774902
361,1,retriever,dense_retrieve|sparse_retrieve|hybrid_retrieve|hybrid_rerank,hybrid_rerank,-0.02,0,grader,-1.0,-0.8232,0.573553,-0.971276,-1.0,-0.8232,0.573553,-0.971276,0.0,6,0.7867762744426727,0.014362096786499023,,,,,,,,,,
361,2,grader,keep_all|loose_filter|medium_filter|strict_filter|rerank_only,strict_filter,-0.07,0,generator,0.983631,0.919501,1.0,,0.983631,0.919501,1.0,0.0,,,,,,,0.9918154180049896,0.9879252046346664,1.0,,,,,
361,3,generator,generate_answer|generate_with_strict_citations|generate_short_answer,generate_short_answer,-0.07,0,verifier,-0.64373,0.428587,1.0,-0.501958,-0.64373,0.428587,1.0,-0.501958,,,,,,,,,,0.1781349778175354,0.7142935991287231,287,0.2490210235118866,
361,4,verifier,verify_answer,verify_answer,0.7977,1,,-0.123574,,,,-0.123574,0.0,0.0,0.0,,,,,,,,,,,,,,0.438212838023901
362,1,retriever,dense_retrieve|sparse_retrieve|hybrid_retrieve|hybrid_rerank,hybrid_rerank,-0.02,0,grader,-1.0,-0.8326,1.0,-1.0,-1.0,-0.8326,1.0,-1.0,0.0,6,1.0,0.0,,,,,,,,,,
362,2,grader,keep_all|loose_filter|medium_filter|strict_filter|rerank_only,strict_filter,-0.07,0,generator,0.918856,1.0,1.0,,0.918856,1.0,1.0,0.0,,,,,,,0.9594281613826752,1.0,1.0,,,,,
362,3,generator,generate_answer|generate_with_strict_citations|generate_short_answer,generate_short_answer,-0.07,0,verifier,0.886001,0.337833,1.0,-1.0,0.886001,0.337833,1.0,-1.0,,,,,,,,,,0.9430007338523865,0.6689164787530899,192,0.0,
362,4,verifier,verify_answer,verify_answer,0.7271,1,,-0.543521,,,,-0.543521,0.0,0.0,0.0,,,,,,,,,,,,,,0.2282397449016571
363,1,retriever,dense_retrieve|sparse_retrieve|hybrid_retrieve|hybrid_rerank,hybrid_rerank,-0.02,0,grader,-1.0,-0.874871,1.0,-1.0,-1.0,-0.874871,1.0,-1.0,0.0,5,1.0,0.0,,,,,,,,,,
363,2,grader,keep_all|loose_filter|medium_filter|strict_filter|rerank_only,strict_filter,-0.07,0,generator,1.0,1.0,1.0,,1.0,1.0,1.0,0.0,,,,,,,1.0,1.0,1.0,,,,,
363,3,generator,generate_answer|generate_with_strict_citations|generate_short_answer,generate_short_answer,-0.07,0,verifier,-0.743244,0.332132,0.755936,-0.47069,-0.743244,0.332132,0.755936,-0.47069,,,,,,,,,,0.12837794423103333,0.6660661101341248,269,0.2646549791097641,
363,4,verifier,verify_answer,verify_answer,0.7974,1,,-0.148184,,,,-0.148184,0.0,0.0,0.0,,,,,,,,,,,,,,0.42590785026550293
364,1,retriever,dense_retrieve|sparse_retrieve|hybrid_retrieve|hybrid_rerank,hybrid_rerank,-0.02,0,grader,1.0,0.999919,1.0,1.0,1.0,0.999919,1.0,1.0,1.0,19,1.0,1.0,,,,,,,,,,
364,2,grader,keep_all|loose_filter|medium_filter|strict_filter|rerank_only,strict_filter,-0.07,0,generator,1.0,0.365124,0.857585,,1.0,0.365124,0.857585,0.0,,,,,,,1.0,0.9047686025500297,0.9287924468517303,,,,,
364,3,generator,generate_answer|generate_with_strict_citations|generate_short_answer,generate_short_answer,-0.07,0,verifier,-0.505669,-1.0,-0.089382,-0.368702,-0.505669,-1.0,-0.089382,-0.368702,,,,,,,,,,0.24716529250144958,0.0,199,0.3156491816043854,
364,4,verifier,verify_answer,verify_answer,-0.07,0,verifier,0.08917,,,,0.08917,0.0,0.0,0.0,,,,,,,,,,,,,,0.5445849671959877
364,5,verifier,request_regeneration|request_more_retrieval|request_rewrite,request_regeneration,-0.07,0,generator,0.855044,,,,0.855044,0.0,0.0,0.0,,,,,,,,,,,,,,0.9275218546390533
364,6,generator,generate_answer|generate_with_strict_citations|generate_short_answer|regenerate,generate_short_answer,-0.07,0,verifier,0.843165,-1.0,0.560153,-0.698215,0.843165,-1.0,0.560153,-0.698215,,,,,,,,,,0.9215823709964752,0.0,212,0.15089252591133118,
364,7,verifier,verify_answer,verify_answer,-0.07,0,verifier,0.538809,,,,0.538809,0.0,0.0,0.0,,,,,,,,,,,,,,0.7694045305252075
364,8,verifier,request_regeneration|request_more_retrieval|request_rewrite,request_regeneration,-0.07,0,generator,0.791336,,,,0.791336,0.0,0.0,0.0,,,,,,,,,,,,,,0.8956679403781891
364,9,generator,generate_answer|generate_with_strict_citations|generate_short_answer|regenerate,generate_short_answer,-0.07,0,verifier,1.0,-1.0,0.845425,-0.938546,1.0,-1.0,0.845425,-0.938546,,,,,,,,,,1.0,0.0,193,0.030726879835128784,
364,10,verifier,verify_answer,verify_answer,-0.037,1,,0.917575,,,,0.917575,0.0,0.0,0.0,,,,,,,,,,,,,,0.958787590265274
365,1,retriever,dense_retrieve|sparse_retrieve|hybrid_retrieve|hybrid_rerank,hybrid_rerank,-0.02,0,grader,0.850813,1.0,1.0,1.0,0.850813,1.0,1.0,1.0,0.9254063367843628,20,1.0,1.0,,,,,,,,,,
365,2,grader,keep_all|loose_filter|medium_filter|strict_filter|rerank_only,strict_filter,-0.07,0,generator,1.0,0.693815,0.912574,,1.0,0.693815,0.912574,0.0,,,,,,,1.0,0.954072293639183,0.9562869966030121,,,,,
365,3,generator,generate_answer|generate_with_strict_citations|generate_short_answer,generate_short_answer,-0.07,0,verifier,-0.64354,-1.0,0.203455,0.014992,-0.64354,-1.0,0.203455,0.014992,,,,,,,,,,0.17822995781898499,0.0,284,0.5074958801269531,
365,4,verifier,verify_answer,verify_answer,0.7734,1,,-0.609944,,,,-0.609944,0.0,0.0,0.0,,,,,,,,,,,,,,0.19502794742584229
366,1,retriever,dense_retrieve|sparse_retrieve|hybrid_retrieve|hybrid_rerank,hybrid_rerank,-0.02,0,grader,0.80024,-1.0,0.927337,0.786229,0.80024,-1.0,0.927337,0.786229,0.9001199901103973,5,0.9636683762073517,0.893114298582077,,,,,,,,,,
366,2,grader,keep_all|loose_filter|medium_filter|strict_filter|rerank_only,strict_filter,-0.07,0,generator,1.0,-0.739389,1.0,,1.0,-0.739389,1.0,0.0,,,,,,,1.0,0.7390917211771011,1.0,,,,,
366,3,generator,generate_answer|generate_with_strict_citations|generate_short_answer,generate_short_answer,-0.07,0,verifier,-0.263799,-1.0,0.77445,-0.428746,-0.263799,-1.0,0.77445,-0.428746,,,,,,,,,,0.3681003898382187,0.0,278,0.28562723100185394,
366,4,verifier,verify_answer,verify_answer,0.7781,1,,0.212853,,,,0.212853,0.0,0.0,0.0,,,,,,,,,,,,,,0.6064262837171555
367,1,retriever,dense_retrieve|sparse_retrieve|hybrid_retrieve|hybrid_rerank,hybrid_rerank,-0.02,0,grader,0.928923,0.826485,0.778643,1.0,0.928923,0.826485,0.778643,1.0,0.9644616544246674,18,0.8893212974071503,1.0,,,,,,,,,,
367,2,grader,keep_all|loose_filter|medium_filter|strict_filter|rerank_only,strict_filter,-0.07,0,generator,1.0,0.46752,0.979502,,1.0,0.46752,0.979502,0.0,,,,,,,1.0,0.9201279550790786,0.989751011133194,,,,,
367,3,generator,generate_answer|generate_with_strict_citations|generate_short_answer,generate_short_answer,-0.07,0,verifier,-0.226589,-1.0,0.06662,-0.47138,-0.226589,-1.0,0.06662,-0.47138,,,,,,,,,,0.3867056593298912,0.0,201,0.26431000232696533,
367,4,verifier,verify_answer,verify_answer,0.6325,1,,-0.320539,,,,-0.320539,0.0,0.0,0.0,,,,,,,,,,,,,,0.33973029255867004
368,1,retriever,dense_retrieve|sparse_retrieve|hybrid_retrieve|hybrid_rerank,hybrid_rerank,-0.02,0,grader,-0.842167,-0.93643,1.0,-0.970951,-0.842167,-0.93643,1.0,-0.970951,0.07891649007797241,5,1.0,0.014524489641189575,,,,,,,,,,
368,2,grader,keep_all|loose_filter|medium_filter|strict_filter|rerank_only,strict_filter,-0.07,0,generator,0.99417,1.0,1.0,,0.99417,1.0,1.0,0.0,,,,,,,0.9970849454402924,1.0,1.0,,,,,
368,3,generator,generate_answer|generate_with_strict_citations|generate_short_answer,generate_short_answer,-0.07,0,verifier,-0.632369,-0.172801,1.0,-0.059065,-0.632369,-0.172801,1.0,-0.059065,,,,,,,,,,0.183815598487854,0.41359930485486984,372,0.4704673234373331,
368,4,verifier,verify_answer,verify_answer,0.8952,1,,-0.536466,,,,-0.536466,0.0,0.0,0.0,,,,,,,,,,,,,,0.23176708817481995
369,1,retriever,dense_retrieve|sparse_retrieve|hybrid_retrieve|hybrid_rerank,hybrid_rerank,-0.02,0,grader,-1.0,-1.0,0.523446,-0.942124,-1.0,-1.0,0.523446,-0.942124,0.0,5,0.7617229223251343,0.028937846422195435,,,,,,,,,,
369,2,grader,keep_all|loose_filter|medium_filter|strict_filter|rerank_only,strict_filter,-0.07,0,generator,0.926143,1.0,1.0,,0.926143,1.0,1.0,0.0,,,,,,,0.9630715250968933,1.0,1.0,,,,,
369,3,generator,generate_answer|generate_with_strict_citations|generate_short_answer,generate_short_answer,-0.07,0,verifier,-0.89577,0.211137,0.841491,-0.378913,-0.89577,0.211137,0.841491,-0.378913,,,,,,,,,,0.05211487412452698,0.6055687218904495,294,0.31054337322711945,
369,4,verifier,verify_answer,verify_answer,0.7649,1,,-0.681238,,,,-0.681238,0.0,0.0,0.0,,,,,,,,,,,,,,0.15938091278076172
370,1,retriever,dense_retrieve|sparse_retrieve|hybrid_retrieve|hybrid_rerank,hybrid_rerank,-0.02,0,grader,1.0,-0.55444,1.0,0.791439,1.0,-0.55444,1.0,0.791439,1.0,8,1.0,0.8957195580005646,,,,,,,,,,
370,2,grader,keep_all|loose_filter|medium_filter|strict_filter|rerank_only,strict_filter,-0.07,0,generator,1.0,0.495688,1.0,,1.0,0.495688,1.0,0.0,,,,,,,1.0,0.9243532255291939,1.0,,,,,
370,3,generator,generate_answer|generate_with_strict_citations|generate_short_answer,generate_short_answer,-0.07,0,verifier,-0.50336,-0.930019,0.866554,-0.516078,-0.50336,-0.930019,0.866554,-0.516078,,,,,,,,,,0.24832013249397278,0.034990668296813965,271,0.24196121096611023,
370,4,verifier,verify_answer,verify_answer,0.71,1,,-0.658975,,,,-0.658975,0.0,0.0,0.0,,,,,,,,,,,,,,0.17051249742507935
371,1,retriever,dense_retrieve|sparse_retrieve|hybrid_retrieve|hybrid_rerank,hybrid_rerank,-0.02,0,grader,-1.0,-1.0,1.0,-0.814083,-1.0,-1.0,1.0,-0.814083,0.0,5,1.0,0.09295862913131714,,,,,,,,,,
371,2,grader,keep_all|loose_filter|medium_filter|strict_filter|rerank_only,strict_filter,-0.07,0,generator,0.961041,0.957958,0.938704,,0.961041,0.957958,0.938704,0.0,,,,,,,0.9805205762386322,0.9936936706304549,0.9693519771099091,,,,,
371,3,generator,generate_answer|generate_with_strict_citations|generate_short_answer,generate_short_answer,-0.07,0,verifier,-0.566108,0.578693,0.773698,-0.610101,-0.566108,0.578693,0.773698,-0.610101,,,,,,,,,,0.21694591641426086,0.7893465757369995,246,0.1949496567249298,
371,4,verifier,verify_answer,verify_answer,0.7128,1,,-0.604002,,,,-0.604002,0.0,0.0,0.0,,,,,,,,,,,,,,0.19799914956092834
372,1,retriever,dense_retrieve|sparse_retrieve|hybrid_retrieve|hybrid_rerank,hybrid_rerank,-0.02,0,grader,-0.869885,-1.0,1.0,-0.884705,-0.869885,-1.0,1.0,-0.884705,0.06505754590034485,5,1.0,0.05764728784561157,,,,,,,,,,
372,2,grader,keep_all|loose_filter|medium_filter|strict_filter|rerank_only,strict_filter,-0.07,0,generator,1.0,0.842765,1.0,,1.0,0.842765,1.0,0.0,,,,,,,1.0,0.9764147460460662,1.0,,,,,
372,3,generator,generate_answer|generate_with_strict_citations|generate_short_answer,generate_short_answer,-0.07,0,verifier,-0.718793,0.2336,1.0,-0.361949,-0.718793,0.2336,1.0,-0.361949,,,,,,,,,,0.1406034529209137,0.6168001294136047,314,0.31902557611465454,
372,4,verifier,verify_answer,verify_answer,0.606,1,,-0.137304,,,,-0.137304,0.0,0.0,0.0,,,,,,,,,,,,,,0.4313480481505394
373,1,retriever,dense_retrieve|sparse_retrieve|hybrid_retrieve|hybrid_rerank,hybrid_rerank,-0.02,0,grader,-1.0,-0.88739,1.0,-1.0,-1.0,-0.88739,1.0,-1.0,0.0,5,1.0,0.0,,,,,,,,,,
373,2,grader,keep_all|loose_filter|medium_filter|strict_filter|rerank_only,strict_filter,-0.07,0,generator,1.0,0.988121,1.0,,1.0,0.988121,1.0,0.0,,,,,,,1.0,0.9982181370258331,1.0,,,,,
373,3,generator,generate_answer|generate_with_strict_citations|generate_short_answer,generate_short_answer,-0.07,0,verifier,0.252671,0.304064,1.0,-0.91442,0.252671,0.304064,1.0,-0.91442,,,,,,,,,,0.6263354122638702,0.6520321667194366,208,0.042790234088897705,
373,4,verifier,verify_answer,verify_answer,0.7215,1,,-0.367771,,,,-0.367771,0.0,0.0,0.0,,,,,,,,,,,,,,0.31611455976963043
374,1,retriever,dense_retrieve|sparse_retrieve|hybrid_retrieve|hybrid_rerank,hybrid_rerank,-0.02,0,grader,0.853035,1.0,0.855947,1.0,0.853035,1.0,0.855947,1.0,0.926517516374588,20,0.9279737174510956,1.0,,,,,,,,,,
374,2,grader,keep_all|loose_filter|medium_filter|strict_filter|rerank_only,strict_filter,-0.07,0,generator,0.902398,-0.40197,0.971431,,0.902398,-0.40197,0.971431,0.0,,,,,,,0.95119908452034,0.7897044777870178,0.9857152700424194,,,,,
374,3,generator,generate_answer|generate_with_strict_citations|generate_short_answer,generate_short_answer,-0.07,0,verifier,-0.145162,-1.0,0.233397,-0.450984,-0.145162,-1.0,0.233397,-0.450984,,,,,,,,,,0.4274190366268158,0.0,220,0.2745078206062317,
374,4,verifier,verify_answer,verify_answer,0.7394,1,,-0.619671,,,,-0.619671,0.0,0.0,0.0,,,,,,,,,,,,,,0.1901645064353943
375,1,retriever,dense_retrieve|sparse_retrieve|hybrid_retrieve|hybrid_rerank,hybrid_rerank,-0.02,0,grader,-1.0,-0.865816,0.702506,-1.0,-1.0,-0.865816,0.702506,-1.0,0.0,6,0.851253092288971,0.0,,,,,,,,,,
375,2,grader,keep_all|loose_filter|medium_filter|strict_filter|rerank_only,strict_filter,-0.07,0,generator,1.0,1.0,0.991059,,1.0,1.0,0.991059,0.0,,,,,,,1.0,1.0,0.9955296814441681,,,,,
375,3,generator,generate_answer|generate_with_strict_citations|generate_short_answer,generate_short_answer,-0.07,0,verifier,-0.1628,0.50155,0.956088,-1.0,-0.1628,0.50155,0.956088,-1.0,,,,,,,,,,0.41859980672597885,0.7507748603820801,189,0.0,
375,4,verifier,verify_answer,verify_answer,-0.07,0,verifier,-0.978547,,,,-0.978547,0.0,0.0,0.0,,,,,,,,,,,,,,0.010726690292358398
375,5,verifier,request_regeneration|request_more_retrieval|request_rewrite,request_regeneration,-0.07,0,generator,1.0,,,,1.0,0.0,0.0,0.0,,,,,,,,,,,,,,1.0
375,6,generator,generate_answer|generate_with_strict_citations|generate_short_answer|regenerate,generate_short_answer,-0.07,0,verifier,1.0,-1.0,0.215676,-1.0,1.0,-1.0,0.215676,-1.0,,,,,,,,,,1.0,0.0,141,0.0,
375,7,verifier,verify_answer,verify_answer,-0.07,0,verifier,-0.383953,,,,-0.383953,0.0,0.0,0.0,,,,,,,,,,,,,,0.30802373588085175
375,8,verifier,request_regeneration|request_more_retrieval|request_rewrite,request_regeneration,-0.07,0,generator,0.965807,,,,0.965807,0.0,0.0,0.0,,,,,,,,,,,,,,0.9829036891460419
375,9,generator,generate_answer|generate_with_strict_citations|generate_short_answer|regenerate,generate_short_answer,-0.07,0,verifier,1.0,-1.0,-0.141102,-1.0,1.0,-1.0,-0.141102,-1.0,,,,,,,,,,1.0,0.0,128,0.0,
375,10,verifier,verify_answer,verify_answer,0.1148,1,,0.936652,,,,0.936652,0.0,0.0,0.0,,,,,,,,,,,,,,0.9683260321617126
376,1,retriever,dense_retrieve|sparse_retrieve|hybrid_retrieve|hybrid_rerank,hybrid_rerank,-0.02,0,grader,-1.0,-0.665292,0.949457,-1.0,-1.0,-0.665292,0.949457,-1.0,0.0,7,0.9747286438941956,0.0,,,,,,,,,,
376,2,grader,keep_all|loose_filter|medium_filter|strict_filter|rerank_only,strict_filter,-0.07,0,generator,0.997476,0.981907,1.0,,0.997476,0.981907,1.0,0.0,,,,,,,0.9987380802631378,0.9972861140966415,1.0,,,,,
376,3,generator,generate_answer|generate_with_strict_citations|generate_short_answer,generate_short_answer,-0.07,0,verifier,-0.531774,0.212187,1.0,-0.689584,-0.531774,0.212187,1.0,-0.689584,,,,,,,,,,0.23411321640014648,0.6060936897993088,251,0.15520811080932617,
376,4,verifier,verify_answer,verify_answer,0.7202,1,,-0.44367,,,,-0.44367,0.0,0.0,0.0,,,,,,,,,,,,,,0.27816493809223175
377,1,retriever,dense_retrieve|sparse_retrieve|hybrid_retrieve|hybrid_rerank,dense_retrieve,-0.02,0,grader,0.820728,1.0,-0.871278,0.708845,0.820728,1.0,-0.871278,0.708845,0.910364031791687,20,0.0643610954284668,0.854422390460968,,,,,,,,,,
377,2,grader,keep_all|loose_filter|medium_filter|strict_filter|rerank_only,strict_filter,-0.07,0,generator,1.0,0.549008,0.879466,,1.0,0.549008,0.879466,0.0,,,,,,,1.0,0.9323512643575668,0.9397327601909637,,,,,
377,3,generator,generate_answer|generate_with_strict_citations|generate_short_answer,generate_answer,-0.07,0,verifier,0.195512,-0.957528,0.4905,0.514714,0.195512,-0.957528,0.4905,0.514714,,,,,,,,,,0.5977562367916107,0.02123585343360901,384,0.7573568820953369,
377,4,verifier,verify_answer,verify_answer,0.7537,1,,-0.496572,,,,-0.496572,0.0,0.0,0.0,,,,,,,,,,,,,,0.2517138421535492
378,1,retriever,dense_retrieve|sparse_retrieve|hybrid_retrieve|hybrid_rerank,hybrid_rerank,-0.02,0,grader,-0.999381,0.364241,1.0,-1.0,-0.999381,0.364241,1.0,-1.0,0.0003095567226409912,15,1.0,0.0,,,,,,,,,,
378,2,grader,keep_all|loose_filter|medium_filter|strict_filter|rerank_only,strict_filter,-0.07,0,generator,0.920261,0.907492,1.0,,0.920261,0.907492,1.0,0.0,,,,,,,0.960130363702774,0.9861237615346907,1.0,,,,,
378,3,generator,generate_answer|generate_with_strict_citations|generate_short_answer,generate_short_answer,-0.07,0,verifier,-0.762932,0.287843,1.0,-0.087334,-0.762932,0.287843,1.0,-0.087334,,,,,,,,,,0.11853381991386414,0.6439214646816254,367,0.4563330039381981,
378,4,verifier,verify_answer,verify_answer,0.6698,1,,0.297719,,,,0.297719,0.0,0.0,0.0,,,,,,,,,,,,,,0.648859366774559
379,1,retriever,dense_retrieve|sparse_retrieve|hybrid_retrieve|hybrid_rerank,hybrid_rerank,-0.02,0,grader,-0.604689,0.245808,1.0,-0.973359,-0.604689,0.245808,1.0,-0.973359,0.19765529036521912,14,1.0,0.013320446014404297,,,,,,,,,,
379,2,grader,keep_all|loose_filter|medium_filter|strict_filter|rerank_only,strict_filter,-0.07,0,generator,0.978607,0.911882,0.875719,,0.978607,0.911882,0.875719,0.0,,,,,,,0.9893037378787994,0.9867822974920273,0.9378593266010284,,,,,
379,3,generator,generate_answer|generate_with_strict_citations|generate_short_answer,generate_short_answer,-0.07,0,verifier,-0.380952,-1.0,0.979261,-0.219327,-0.380952,-1.0,0.979261,-0.219327,,,,,,,,,,0.3095237910747528,0.0,339,0.39033636450767517,
379,4,verifier,verify_answer,verify_answer,-0.07,0,verifier,0.408669,,,,0.408669,0.0,0.0,0.0,,,,,,,,,,,,,,0.704334631562233
379,5,verifier,request_regeneration|request_more_retrieval|request_rewrite,request_regeneration,-0.07,0,generator,1.0,,,,1.0,0.0,0.0,0.0,,,,,,,,,,,,,,1.0
379,6,generator,generate_answer|generate_with_strict_citations|generate_short_answer|regenerate,generate_short_answer,-0.07,0,verifier,0.472565,-1.0,1.0,-0.499948,0.472565,-1.0,1.0,-0.499948,,,,,,,,,,0.7362823039293289,0.0,288,0.2500261217355728,
379,7,verifier,verify_answer,verify_answer,0.4225,1,,0.415488,,,,0.415488,0.0,0.0,0.0,,,,,,,,,,,,,,0.707743763923645
380,1,retriever,dense_retrieve|sparse_retrieve|hybrid_retrieve|hybrid_rerank,dense_retrieve,-0.02,0,grader,1.0,0.884104,-1.0,0.792697,1.0,0.884104,-1.0,0.792697,1.0,19,0.0,0.8963485360145569,,,,,,,,,,
380,2,grader,keep_all|loose_filter|medium_filter|strict_filter|rerank_only,strict_filter,-0.07,0,generator,1.0,0.362205,1.0,,1.0,0.362205,1.0,0.0,,,,,,,1.0,0.9043308034539222,1.0,,,,,
380,3,generator,generate_answer|generate_with_strict_citations|generate_short_answer,generate_short_answer,-0.07,0,verifier,-0.067993,-0.788249,0.714238,0.099391,-0.067993,-0.788249,0.714238,0.099391,,,,,,,,,,0.46600349619984627,0.10587561130523682,364,0.5496955513954163,
380,4,verifier,verify_answer,verify_answer,0.7744,1,,-0.63358,,,,-0.63358,0.0,0.0,0.0,,,,,,,,,,,,,,0.18320980668067932
381,1,retriever,dense_retrieve|sparse_retrieve|hybrid_retrieve|hybrid_rerank,dense_retrieve,-0.02,0,grader,0.928349,0.881066,-0.725151,1.0,0.928349,0.881066,-0.725151,1.0,0.9641745686531067,19,0.13742470741271973,1.0,,,,,,,,,,
381,2,grader,keep_all|loose_filter|medium_filter|strict_filter|rerank_only,strict_filter,-0.07,0,generator,1.0,0.534526,0.815617,,1.0,0.534526,0.815617,0.0,,,,,,,1.0,0.930178889632225,0.9078086018562317,,,,,
381,3,generator,generate_answer|generate_with_strict_citations|generate_short_answer,generate_short_answer,-0.07,0,verifier,0.394419,-1.0,0.544384,-0.767793,0.394419,-1.0,0.544384,-0.767793,,,,,,,,,,0.697209507226944,0.0,200,0.11610347032546997,
381,4,verifier,verify_answer,verify_answer,0.5527,1,,-0.881762,,,,-0.881762,0.0,0.0,0.0,,,,,,,,,,,,,,0.059119194746017456
382,1,retriever,dense_retrieve|sparse_retrieve|hybrid_retrieve|hybrid_rerank,dense_retrieve,-0.02,0,grader,0.831402,1.0,-0.861346,0.93428,0.831402,1.0,-0.861346,0.93428,0.9157010912895203,20,0.06932675838470459,0.9671398401260376,,,,,,,,,,
382,2,grader,keep_all|loose_filter|medium_filter|strict_filter|rerank_only,strict_filter,-0.07,0,generator,0.847323,0.595304,0.942118,,0.847323,0.595304,0.942118,0.0,,,,,,,0.9236613512039185,0.9392956018447876,0.9710591435432434,,,,,
382,3,generator,generate_answer|generate_with_strict_citations|generate_short_answer,generate_short_answer,-0.07,0,verifier,0.317093,-0.852626,0.649971,-0.126723,0.317093,-0.852626,0.649971,-0.126723,,,,,,,,,,0.6585464030504227,0.07368698716163635,317,0.43663837760686874,
382,4,verifier,verify_answer,verify_answer,0.7112,1,,-0.550078,,,,-0.550078,0.0,0.0,0.0,,,,,,,,,,,,,,0.2249608039855957
383,1,retriever,dense_retrieve|sparse_retrieve|hybrid_retrieve|hybrid_rerank,hybrid_rerank,-0.02,0,grader,0.845732,-1.0,1.0,0.599978,0.845732,-1.0,1.0,0.599978,0.922866016626358,5,1.0,0.7999887764453888,,,,,,,,,,
383,2,grader,keep_all|loose_filter|medium_filter|strict_filter|rerank_only,strict_filter,-0.07,0,generator,1.0,-1.0,1.0,,1.0,-1.0,1.0,0.0,,,,,,,1.0,0.7,1.0,,,,,
383,3,generator,generate_answer|generate_with_strict_citations|generate_short_answer,generate_short_answer,-0.07,0,verifier,0.312735,-1.0,1.0,0.386862,0.312735,-1.0,1.0,0.386862,,,,,,,,,,0.6563675403594971,0.0,384,0.6934308856725693,
383,4,verifier,verify_answer,verify_answer,0.7815,1,,-0.232265,,,,-0.232265,0.0,0.0,0.0,,,,,,,,,,,,,,0.3838675245642662
384,1,retriever,dense_retrieve|sparse_retrieve|hybrid_retrieve|hybrid_rerank,hybrid_rerank,-0.02,0,grader,-0.909642,-0.075155,1.0,-0.921703,-0.909642,-0.075155,1.0,-0.921703,0.045178771018981934,11,1.0,0.039148688316345215,,,,,,,,,,
384,2,grader,keep_all|loose_filter|medium_filter|strict_filter|rerank_only,strict_filter,-0.07,0,generator,0.92432,0.929574,1.0,,0.92432,0.929574,1.0,0.0,,,,,,,0.9621601700782776,0.989436075091362,1.0,,,,,
384,3,generator,generate_answer|generate_with_strict_citations|generate_short_answer,generate_short_answer,-0.07,0,verifier,-0.083453,0.239495,1.0,0.042182,-0.083453,0.239495,1.0,0.042182,,,,,,,,,,0.4582737386226654,0.6197476461529732,384,0.5210912264883518,
384,4,verifier,verify_answer,verify_answer,0.555,1,,-0.111785,,,,-0.111785,0.0,0.0,0.0,,,,,,,,,,,,,,0.44410744681954384
385,1,retriever,dense_retrieve|sparse_retrieve|hybrid_retrieve|hybrid_rerank,hybrid_rerank,-0.02,0,grader,-0.776337,0.153771,1.0,-0.982389,-0.776337,0.153771,1.0,-0.982389,0.11183139681816101,13,1.0,0.008805543184280396,,,,,,,,,,
385,2,grader,keep_all|loose_filter|medium_filter|strict_filter|rerank_only,medium_filter,-0.07,0,generator,1.0,1.0,0.78943,,1.0,1.0,0.78943,0.0,,,,,,,1.0,1.0,0.8947149217128754,,,,,
385,3,generator,generate_answer|generate_with_strict_citations|generate_short_answer,generate_short_answer,-0.07,0,verifier,0.106647,0.329376,1.0,0.349209,0.106647,0.329376,1.0,0.349209,,,,,,,,,,0.553323470056057,0.6646880060434341,384,0.6746047288179398,
385,4,verifier,verify_answer,verify_answer,0.8788,1,,-0.114774,,,,-0.114774,0.0,0.0,0.0,,,,,,,,,,,,,,0.4426132142543793
386,1,retriever,dense_retrieve|sparse_retrieve|hybrid_retrieve|hybrid_rerank,hybrid_rerank,-0.02,0,grader,-0.783383,-0.130959,0.79106,-1.0,-0.783383,-0.130959,0.79106,-1.0,0.10830864310264587,11,0.8955302238464355,0.0,,,,,,,,,,
386,2,grader,keep_all|loose_filter|medium_filter|strict_filter|rerank_only,strict_filter,-0.07,0,generator,1.0,1.0,1.0,,1.0,1.0,1.0,0.0,,,,,,,1.0,1.0,1.0,,,,,
386,3,generator,generate_answer|generate_with_strict_citations|generate_short_answer,generate_answer,-0.07,0,verifier,0.149999,0.465413,1.0,0.469021,0.149999,0.465413,1.0,0.469021,,,,,,,,,,0.574999526143074,0.7327063679695129,384,0.7345106452703476,
386,4,verifier,verify_answer,verify_answer,0.8344,1,,-0.212148,,,,-0.212148,0.0,0.0,0.0,,,,,,,,,,,,,,0.39392586797475815
387,1,retriever,dense_retrieve|sparse_retrieve|hybrid_retrieve|hybrid_rerank,hybrid_rerank,-0.02,0,grader,-0.778128,-0.281355,1.0,-1.0,-0.778128,-0.281355,1.0,-1.0,0.11093619465827942,10,1.0,0.0,,,,,,,,,,
387,2,grader,keep_all|loose_filter|medium_filter|strict_filter|rerank_only,strict_filter,-0.07,0,generator,0.844994,0.978198,1.0,,0.844994,0.978198,1.0,0.0,,,,,,,0.9224970638751984,0.9967296808958053,1.0,,,,,
387,3,generator,generate_answer|generate_with_strict_citations|generate_short_answer,generate_answer,-0.07,0,verifier,-0.2076,0.269679,0.854139,0.751878,-0.2076,0.269679,0.854139,0.751878,,,,,,,,,,0.3961998373270035,0.6348396837711334,384,0.8759390115737915,
387,4,verifier,verify_answer,verify_answer,0.6669,1,,-0.080795,,,,-0.080795,0.0,0.0,0.0,,,,,,,,,,,,,,0.45960238203406334
388,1,retriever,dense_retrieve|sparse_retrieve|hybrid_retrieve|hybrid_rerank,dense_retrieve,-0.02,0,grader,1.0,1.0,-0.855504,0.840257,1.0,1.0,-0.855504,0.840257,1.0,20,0.07224804162979126,0.9201284646987915,,,,,,,,,,
388,2,grader,keep_all|loose_filter|medium_filter|strict_filter|rerank_only,medium_filter,-0.07,0,generator,0.687098,0.669834,0.790782,,0.687098,0.669834,0.790782,0.0,,,,,,,0.8435488641262054,0.9504750758409499,0.8953908681869507,,,,,
388,3,generator,generate_answer|generate_with_strict_citations|generate_short_answer,generate_short_answer,-0.07,0,verifier,-0.50547,-0.951794,0.549134,-0.084595,-0.50547,-0.951794,0.549134,-0.084595,,,,,,,,,,0.2472650110721588,0.02410292625427246,312,0.4577024020254612,
388,4,verifier,verify_answer,verify_answer,0.4872,1,,-1.0,,,,-1.0,0.0,0.0,0.0,,,,,,,,,,,,,,0.0
389,1,retriever,dense_retrieve|sparse_retrieve|hybrid_retrieve|hybrid_rerank,dense_retrieve,-0.02,0,grader,1.0,1.0,-0.922837,1.0,1.0,1.0,-0.922837,1.0,1.0,20,0.03858131170272827,1.0,,,,,,,,,,
389,2,grader,keep_all|loose_filter|medium_filter|strict_filter|rerank_only,strict_filter,-0.07,0,generator,1.0,0.074276,1.0,,1.0,0.074276,1.0,0.0,,,,,,,1.0,0.8611413955688476,1.0,,,,,
389,3,generator,generate_answer|generate_with_strict_citations|generate_short_answer,generate_answer,-0.07,0,verifier,-0.709341,-0.635123,-0.108627,0.735849,-0.709341,-0.635123,-0.108627,0.735849,,,,,,,,,,0.14532968401908875,0.18243873119354248,331,0.8679245114326477,
389,4,verifier,verify_answer,verify_answer,0.6722,1,,-0.740977,,,,-0.740977,0.0,0.0,0.0,,,,,,,,,,,,,,0.12951138615608215
390,1,retriever,dense_retrieve|sparse_retrieve|hybrid_retrieve|hybrid_rerank,hybrid_rerank,-0.02,0,grader,-0.788293,-0.312117,0.984999,-0.864116,-0.788293,-0.312117,0.984999,-0.864116,0.10585343837738037,10,0.9924996197223663,0.06794202327728271,,,,,,,,,,
390,2,grader,keep_all|loose_filter|medium_filter|strict_filter|rerank_only,strict_filter,-0.07,0,generator,1.0,1.0,0.872298,,1.0,1.0,0.872298,0.0,,,,,,,1.0,1.0,0.9361488223075867,,,,,
390,3,generator,generate_answer|generate_with_strict_citations|generate_short_answer,generate_short_answer,-0.07,0,verifier,-0.395417,0.130706,0.727633,-0.505133,-0.395417,0.130706,0.727633,-0.505133,,,,,,,,,,0.3022916465997696,0.5653531327843666,260,0.24743348360061646,
390,4,verifier,verify_answer,verify_answer,0.6255,1,,-0.271211,,,,-0.271211,0.0,0.0,0.0,,,,,,,,,,,,,,0.36439429223537445
391,1,retriever,dense_retrieve|sparse_retrieve|hybrid_retrieve|hybrid_rerank,hybrid_rerank,-0.02,0,grader,0.798771,-0.834481,1.0,0.366051,0.798771,-0.834481,1.0,0.366051,0.8993856906890869,6,1.0,0.6830256283283234,,,,,,,,,,
391,2,grader,keep_all|loose_filter|medium_filter|strict_filter|rerank_only,strict_filter,-0.07,0,generator,0.978768,-0.744837,1.0,,0.978768,-0.744837,1.0,0.0,,,,,,,0.9893838465213776,0.7382744967937469,1.0,,,,,
391,3,generator,generate_answer|generate_with_strict_citations|generate_short_answer,generate_short_answer,-0.07,0,verifier,0.343447,-1.0,0.924984,0.22808,0.343447,-1.0,0.924984,0.22808,,,,,,,,,,0.6717235147953033,0.0,384,0.6140398010611534,
391,4,verifier,verify_answer,verify_answer,0.8118,1,,-0.624937,,,,-0.624937,0.0,0.0,0.0,,,,,,,,,,,,,,0.18753135204315186
392,1,retriever,dense_retrieve|sparse_retrieve|hybrid_retrieve|hybrid_rerank,hybrid_rerank,-0.02,0,grader,1.0,-0.96909,0.785457,0.807633,1.0,-0.96909,0.785457,0.807633,1.0,5,0.8927286267280579,0.9038164913654327,,,,,,,,,,
392,2,grader,keep_all|loose_filter|medium_filter|strict_filter|rerank_only,medium_filter,-0.07,0,generator,0.889731,-0.965345,0.75378,,0.889731,-0.965345,0.75378,0.0,,,,,,,0.9448652565479279,0.7051982551813125,0.876890242099762,,,,,
392,3,generator,generate_answer|generate_with_strict_citations|generate_short_answer,generate_short_answer,-0.07,0,verifier,1.0,-1.0,0.611565,-0.759238,1.0,-1.0,0.611565,-0.759238,,,,,,,,,,1.0,0.0,207,0.12038102746009827,
392,4,verifier,verify_answer,verify_answer,0.6432,1,,-0.788646,,,,-0.788646,0.0,0.0,0.0,,,,,,,,,,,,,,0.10567677021026611
393,1,retriever,dense_retrieve|sparse_retrieve|hybrid_retrieve|hybrid_rerank,hybrid_rerank,-0.02,0,grader,-0.478372,0.286663,1.0,-0.829665,-0.478372,0.286663,1.0,-0.829665,0.26081380248069763,14,1.0,0.08516770601272583,,,,,,,,,,
393,2,grader,keep_all|loose_filter|medium_filter|strict_filter|rerank_only,strict_filter,-0.07,0,generator,1.0,1.0,1.0,,1.0,1.0,1.0,0.0,,,,,,,1.0,1.0,1.0,,,,,
393,3,generator,generate_answer|generate_with_strict_citations|generate_short_answer,generate_with_strict_citations,-0.07,0,verifier,0.927554,0.704269,1.0,-0.937453,0.927554,0.704269,1.0,-0.937453,,,,,,,,,,0.9637771546840668,0.8521345853805542,204,0.031273603439331055,
393,4,verifier,verify_answer,verify_answer,0.6864,1,,-0.793158,,,,-0.793158,0.0,0.0,0.0,,,,,,,,,,,,,,0.10342088341712952
394,1,retriever,dense_retrieve|sparse_retrieve|hybrid_retrieve|hybrid_rerank,dense_retrieve,-0.02,0,grader,0.746128,0.953422,-0.853414,1.0,0.746128,0.953422,-0.853414,1.0,0.873064249753952,19,0.07329285144805908,1.0,,,,,,,,,,
394,2,grader,keep_all|loose_filter|medium_filter|strict_filter|rerank_only,strict_filter,-0.07,0,generator,1.0,-0.633786,0.992614,,1.0,-0.633786,0.992614,0.0,,,,,,,1.0,0.7549320697784423,0.9963070750236511,,,,,
394,3,generator,generate_answer|generate_with_strict_citations|generate_short_answer,generate_short_answer,-0.07,0,verifier,0.245024,-1.0,0.923941,0.352939,0.245024,-1.0,0.923941,0.352939,,,,,,,,,,0.6225118786096573,0.0,384,0.6764694899320602,
394,4,verifier,verify_answer,verify_answer,0.5264,1,,-0.359137,,,,-0.359137,0.0,0.0,0.0,,,,,,,,,,,,,,0.3204317092895508
395,1,retriever,dense_retrieve|sparse_retrieve|hybrid_retrieve|hybrid_rerank,dense_retrieve,-0.02,0,grader,0.959285,0.349328,-0.547947,1.0,0.959285,0.349328,-0.547947,1.0,0.9796422719955444,15,0.22602638602256775,1.0,,,,,,,,,,
395,2,grader,keep_all|loose_filter|medium_filter|strict_filter|rerank_only,strict_filter,-0.07,0,generator,1.0,-0.717317,0.934035,,1.0,-0.717317,0.934035,0.0,,,,,,,1.0,0.7424024611711502,0.9670172929763794,,,,,
395,3,generator,generate_answer|generate_with_strict_citations|generate_short_answer,generate_short_answer,-0.07,0,verifier,0.891872,-0.836406,0.900526,-1.0,0.891872,-0.836406,0.900526,-1.0,,,,,,,,,,0.945935994386673,0.08179685473442078,185,0.0,
395,4,verifier,verify_answer,verify_answer,0.5708,1,,-0.09541,,,,-0.09541,0.0,0.0,0.0,,,,,,,,,,,,,,0.4522951543331146
396,1,retriever,dense_retrieve|sparse_retrieve|hybrid_retrieve|hybrid_rerank,dense_retrieve,-0.02,0,grader,0.969211,0.980185,-0.266064,0.990878,0.969211,0.980185,-0.266064,0.990878,0.984605461359024,19,0.3669678121805191,0.9954387843608856,,,,,,,,,,
396,2,grader,keep_all|loose_filter|medium_filter|strict_filter|rerank_only,strict_filter,-0.07,0,generator,1.0,-0.146985,0.965288,,1.0,-0.146985,0.965288,0.0,,,,,,,1.0,0.8279522620141506,0.9826439023017883,,,,,
396,3,generator,generate_answer|generate_with_strict_citations|generate_short_answer,generate_short_answer,-0.07,0,verifier,0.845463,-1.0,0.992716,-0.894683,0.845463,-1.0,0.992716,-0.894683,,,,,,,,,,0.9227315485477448,0.0,211,0.05265837907791138,
396,4,verifier,verify_answer,verify_answer,0.542,1,,-0.15663,,,,-0.15663,0.0,0.0,0.0,,,,,,,,,,,,,,0.4216851443052292
397,1,retriever,dense_retrieve|sparse_retrieve|hybrid_retrieve|hybrid_rerank,hybrid_rerank,-0.02,0,grader,1.0,0.493635,0.134639,0.839257,1.0,0.493635,0.134639,0.839257,1.0,16,0.5673195496201515,0.9196284413337708,,,,,,,,,,
397,2,grader,keep_all|loose_filter|medium_filter|strict_filter|rerank_only,strict_filter,-0.07,0,generator,1.0,0.356006,0.834891,,1.0,0.356006,0.834891,0.0,,,,,,,1.0,0.9034009084105491,0.9174455404281616,,,,,
397,3,generator,generate_answer|generate_with_strict_citations|generate_short_answer,generate_short_answer,-0.07,0,verifier,0.769549,-0.645489,0.515117,-0.715384,0.769549,-0.645489,0.515117,-0.715384,,,,,,,,,,0.8847745358943939,0.1772555112838745,206,0.14230823516845703,
397,4,verifier,verify_answer,verify_answer,0.6509,1,,-0.554848,,,,-0.554848,0.0,0.0,0.0,,,,,,,,,,,,,,0.22257614135742188
398,1,retriever,dense_retrieve|sparse_retrieve|hybrid_retrieve|hybrid_rerank,dense_retrieve,-0.02,0,grader,0.892878,0.704571,-0.271823,0.784601,0.892878,0.704571,-0.271823,0.784601,0.9464389085769653,17,0.36408865451812744,0.8923006951808929,,,,,,,,,,
398,2,grader,keep_all|loose_filter|medium_filter|strict_filter|rerank_only,strict_filter,-0.07,0,generator,1.0,0.937438,0.940743,,1.0,0.937438,0.940743,0.0,,,,,,,1.0,0.9906157463788985,0.9703716337680817,,,,,
398,3,generator,generate_answer|generate_with_strict_citations|generate_short_answer,generate_answer,-0.07,0,verifier,1.0,-0.003639,-0.3611,0.837293,1.0,-0.003639,-0.3611,0.837293,,,,,,,,,,1.0,0.49818027520086616,296,0.9186466038227081,
398,4,verifier,verify_answer,verify_answer,0.6178,1,,-0.33469,,,,-0.33469,0.0,0.0,0.0,,,,,,,,,,,,,,0.3326551616191864
399,1,retriever,dense_retrieve|sparse_retrieve|hybrid_retrieve|hybrid_rerank,hybrid_rerank,-0.02,0,grader,1.0,0.764949,0.36881,1.0,1.0,0.764949,0.36881,1.0,1.0,18,0.6844050586223602,1.0,,,,,,,,,,
399,2,grader,keep_all|loose_filter|medium_filter|strict_filter|rerank_only,strict_filter,-0.07,0,generator,1.0,0.2617,1.0,,1.0,0.2617,1.0,0.0,,,,,,,1.0,0.8892550677061081,1.0,,,,,
399,3,generator,generate_answer|generate_with_strict_citations|generate_short_answer,generate_short_answer,-0.07,0,verifier,-0.165842,-0.980103,0.725856,0.106812,-0.165842,-0.980103,0.725856,0.106812,,,,,,,,,,0.41707876324653625,0.009948283433914185,366,0.5534061677753925,
399,4,verifier,verify_answer,verify_answer,0.7099,1,,-0.348094,,,,-0.348094,0.0,0.0,0.0,,,,,,,,,,,,,,0.32595276832580566
400,1,retriever,dense_retrieve|sparse_retrieve|hybrid_retrieve|hybrid_rerank,hybrid_rerank,-0.02,0,grader,-0.38562,0.497509,1.0,-0.665619,-0.38562,0.497509,1.0,-0.665619,0.3071901500225067,16,1.0,0.16719049215316772,,,,,,,,,,
400,2,grader,keep_all|loose_filter|medium_filter|strict_filter|rerank_only,strict_filter,-0.07,0,generator,0.911102,0.759731,1.0,,0.911102,0.759731,1.0,0.0,,,,,,,0.9555510878562927,0.9639596313238143,1.0,,,,,
400,3,generator,generate_answer|generate_with_strict_citations|generate_short_answer,generate_short_answer,-0.07,0,verifier,-0.237249,0.64274,0.958236,-0.984087,-0.237249,0.64274,0.958236,-0.984087,,,,,,,,,,0.3813755437731743,0.8213700354099274,192,0.007956355810165405,
400,4,verifier,verify_answer,verify_answer,-0.07,0,verifier,-0.824282,,,,-0.824282,0.0,0.0,0.0,,,,,,,,,,,,,,0.08785897493362427
400,5,verifier,request_regeneration|request_more_retrieval|request_rewrite,request_regeneration,-0.07,0,generator,0.985224,,,,0.985224,0.0,0.0,0.0,,,,,,,,,,,,,,0.9926121830940247
400,6,generator,generate_answer|generate_with_strict_citations|generate_short_answer|regenerate,generate_short_answer,-0.07,0,verifier,0.752044,-0.950079,-0.684981,-0.99257,0.752044,-0.950079,-0.684981,-0.99257,,,,,,,,,,0.8760222494602203,0.024960696697235107,128,0.0037150681018829346,
400,7,verifier,verify_answer,verify_answer,-0.07,0,verifier,-0.703206,,,,-0.703206,0.0,0.0,0.0,,,,,,,,,,,,,,0.14839676022529602
400,8,verifier,request_regeneration|request_more_retrieval|request_rewrite,request_regeneration,-0.07,0,generator,1.0,,,,1.0,0.0,0.0,0.0,,,,,,,,,,,,,,1.0
400,9,generator,generate_answer|generate_with_strict_citations|generate_short_answer|regenerate,generate_short_answer,-0.07,0,verifier,0.865541,-0.975227,-1.0,-0.982764,0.865541,-0.975227,-1.0,-0.982764,,,,,,,,,,0.9327702820301056,0.012386441230773926,128,0.008618175983428955,
400,10,verifier,verify_answer,verify_answer,0.1636,1,,1.0,,,,1.0,0.0,0.0,0.0,,,,,,,,,,,,,,1.0
401,1,retriever,dense_retrieve|sparse_retrieve|hybrid_retrieve|hybrid_rerank,hybrid_rerank,-0.02,0,grader,-0.011394,0.082065,0.892749,-1.0,-0.011394,0.082065,0.892749,-1.0,0.49430284881964326,13,0.9463746249675751,0.0,,,,,,,,,,
401,2,grader,keep_all|loose_filter|medium_filter|strict_filter|rerank_only,strict_filter,-0.07,0,generator,1.0,1.0,0.938139,,1.0,1.0,0.938139,0.0,,,,,,,1.0,1.0,0.969069629907608,,,,,
401,3,generator,generate_answer|generate_with_strict_citations|generate_short_answer,generate_short_answer,-0.07,0,verifier,-0.479897,-0.074341,0.980173,0.297923,-0.479897,-0.074341,0.980173,0.297923,,,,,,,,,,0.2600514888763428,0.4628293626010418,384,0.6489614695310593,
401,4,verifier,verify_answer,verify_answer,0.5091,1,,-0.126184,,,,-0.126184,0.0,0.0,0.0,,,,,,,,,,,,,,0.43690796941518784
402,1,retriever,dense_retrieve|sparse_retrieve|hybrid_retrieve|hybrid_rerank,hybrid_rerank,-0.02,0,grader,-0.118223,0.53468,0.864169,-0.854287,-0.118223,0.53468,0.864169,-0.854287,0.440888661891222,16,0.93208447098732,0.07285648584365845,,,,,,,,,,
402,2,grader,keep_all|loose_filter|medium_filter|strict_filter|rerank_only,strict_filter,-0.07,0,generator,0.919992,0.867326,0.997674,,0.919992,0.867326,0.997674,0.0,,,,,,,0.9599961042404175,0.9800988852977752,0.9988372027873993,,,,,
402,3,generator,generate_answer|generate_with_strict_citations|generate_short_answer,generate_short_answer,-0.07,0,verifier,-0.568634,0.692441,0.971206,-0.484037,-0.568634,0.692441,0.971206,-0.484037,,,,,,,,,,0.21568310260772705,0.846220463514328,288,0.257981538772583,
402,4,verifier,verify_answer,verify_answer,0.8103,1,,-0.133673,,,,-0.133673,0.0,0.0,0.0,,,,,,,,,,,,,,0.43316374719142914
403,1,retriever,dense_retrieve|sparse_retrieve|hybrid_retrieve|hybrid_rerank,hybrid_rerank,-0.02,0,grader,-0.291523,0.227083,0.993836,-0.804949,-0.291523,0.227083,0.993836,-0.804949,0.35423846542835236,14,0.9969182014465332,0.0975254476070404,,,,,,,,,,
403,2,grader,keep_all|loose_filter|medium_filter|strict_filter|rerank_only,strict_filter,-0.07,0,generator,1.0,0.922143,0.976844,,1.0,0.922143,0.976844,0.0,,,,,,,1.0,0.9883214205503463,0.9884219467639923,,,,,
403,3,generator,generate_answer|generate_with_strict_citations|generate_short_answer,generate_short_answer,-0.07,0,verifier,-0.71762,-0.424021,1.0,0.351342,-0.71762,-0.424021,1.0,0.351342,,,,,,,,,,0.14118987321853638,0.28798963129520416,384,0.6756711006164551,
403,4,verifier,verify_answer,verify_answer,0.6584,1,,0.141311,,,,0.141311,0.0,0.0,0.0,,,,,,,,,,,,,,0.5706553012132645
404,1,retriever,dense_retrieve|sparse_retrieve|hybrid_retrieve|hybrid_rerank,hybrid_rerank,-0.02,0,grader,0.016,0.494656,1.0,-1.0,0.016,0.494656,1.0,-1.0,0.5080001940950751,16,1.0,0.0,,,,,,,,,,
404,2,grader,keep_all|loose_filter|medium_filter|strict_filter|rerank_only,strict_filter,-0.07,0,generator,0.721322,0.97913,1.0,,0.721322,0.97913,1.0,0.0,,,,,,,0.8606610298156738,0.9968695670366287,1.0,,,,,
404,3,generator,generate_answer|generate_with_strict_citations|generate_short_answer,generate_short_answer,-0.07,0,verifier,-0.37651,0.455209,0.967767,-0.793329,-0.37651,0.455209,0.967767,-0.793329,,,,,,,,,,0.3117451071739197,0.7276044636964798,228,0.10333549976348877,
404,4,verifier,verify_answer,verify_answer,0.739,1,,-0.403599,,,,-0.403599,0.0,0.0,0.0,,,,,,,,,,,,,,0.29820045828819275
405,1,retriever,dense_retrieve|sparse_retrieve|hybrid_retrieve|hybrid_rerank,hybrid_rerank,-0.02,0,grader,-0.076989,0.333801,1.0,-1.0,-0.076989,0.333801,1.0,-1.0,0.4615054242312908,15,1.0,0.0,,,,,,,,,,
405,2,grader,keep_all|loose_filter|medium_filter|strict_filter|rerank_only,strict_filter,-0.07,0,generator,1.0,0.902346,0.993176,,1.0,0.902346,0.993176,0.0,,,,,,,1.0,0.9853518486022949,0.9965879321098328,,,,,
405,3,generator,generate_answer|generate_with_strict_citations|generate_short_answer,generate_short_answer,-0.07,0,verifier,-0.305507,-0.152904,0.72159,0.17545,-0.305507,-0.152904,0.72159,0.17545,,,,,,,,,,0.3472464084625244,0.4235479235649109,378,0.5877251178026199,
405,4,verifier,verify_answer,verify_answer,0.8415,1,,0.030398,,,,0.030398,0.0,0.0,0.0,,,,,,,,,,,,,,0.5151991583406925
406,1,retriever,dense_retrieve|sparse_retrieve|hybrid_retrieve|hybrid_rerank,hybrid_rerank,-0.02,0,grader,0.099379,0.329296,1.0,-0.945903,0.099379,0.329296,1.0,-0.945903,0.549689743667841,14,1.0,0.02704828977584839,,,,,,,,,,
406,2,grader,keep_all|loose_filter|medium_filter|strict_filter|rerank_only,strict_filter,-0.07,0,generator,0.922834,1.0,1.0,,0.922834,1.0,1.0,0.0,,,,,,,0.9614169299602509,1.0,1.0,,,,,
406,3,generator,generate_answer|generate_with_strict_citations|generate_short_answer,generate_with_strict_citations,-0.07,0,verifier,0.75293,0.898911,1.0,-1.0,0.75293,0.898911,1.0,-1.0,,,,,,,,,,0.8764647841453552,0.9494555294513702,192,0.0,
406,4,verifier,verify_answer,verify_answer,0.6491,1,,-0.946069,,,,-0.946069,0.0,0.0,0.0,,,,,,,,,,,,,,0.02696537971496582
407,1,retriever,dense_retrieve|sparse_retrieve|hybrid_retrieve|hybrid_rerank,hybrid_rerank,-0.02,0,grader,-0.04742,0.362786,0.827221,-0.944844,-0.04742,0.362786,0.827221,-0.944844,0.4762899950146675,15,0.913610577583313,0.027578204870224,,,,,,,,,,
407,2,grader,keep_all|loose_filter|medium_filter|strict_filter|rerank_only,strict_filter,-0.07,0,generator,1.0,1.0,1.0,,1.0,1.0,1.0,0.0,,,,,,,1.0,1.0,1.0,,,,,
407,3,generator,generate_answer|generate_with_strict_citations|generate_short_answer,generate_short_answer,-0.07,0,verifier,0.422115,0.601101,0.917832,-1.0,0.422115,0.601101,0.917832,-1.0,,,,,,,,,,0.7110573500394821,0.8005506992340088,186,0.0,
407,4,verifier,verify_answer,verify_answer,0.743,1,,-0.218135,,,,-0.218135,0.0,0.0,0.0,,,,,,,,,,,,,,0.390932559967041
408,1,retriever,dense_retrieve|sparse_retrieve|hybrid_retrieve|hybrid_rerank,dense_retrieve,-0.02,0,grader,1.0,0.570745,-0.455425,1.0,1.0,0.570745,-0.455425,1.0,1.0,16,0.2722873091697693,1.0,,,,,,,,,,
408,2,grader,keep_all|loose_filter|medium_filter|strict_filter|rerank_only,strict_filter,-0.07,0,generator,0.838998,-0.099119,1.0,,0.838998,-0.099119,1.0,0.0,,,,,,,0.9194989800453186,0.8351322058588266,1.0,,,,,
408,3,generator,generate_answer|generate_with_strict_citations|generate_short_answer,generate_short_answer,-0.07,0,verifier,0.878156,-0.848284,1.0,-0.690231,0.878156,-0.848284,1.0,-0.690231,,,,,,,,,,0.9390780627727509,0.07585784792900085,251,0.15488439798355103,
408,4,verifier,verify_answer,verify_answer,0.7404,1,,-0.694168,,,,-0.694168,0.0,0.0,0.0,,,,,,,,,,,,,,0.15291595458984375
409,1,retriever,dense_retrieve|sparse_retrieve|hybrid_retrieve|hybrid_rerank,hybrid_rerank,-0.02,0,grader,-0.432707,0.074803,1.0,-1.0,-0.432707,0.074803,1.0,-1.0,0.2836463898420334,13,1.0,0.0,,,,,,,,,,
409,2,grader,keep_all|loose_filter|medium_filter|strict_filter|rerank_only,strict_filter,-0.07,0,generator,1.0,1.0,1.0,,1.0,1.0,1.0,0.0,,,,,,,1.0,1.0,1.0,,,,,
409,3,generator,generate_answer|generate_with_strict_citations|generate_short_answer,generate_with_strict_citations,-0.07,0,verifier,0.929042,0.743478,1.0,-0.883584,0.929042,0.743478,1.0,-0.883584,,,,,,,,,,0.9645207822322845,0.8717392086982727,214,0.05820775032043457,
409,4,verifier,verify_answer,verify_answer,0.7211,1,,-0.18769,,,,-0.18769,0.0,0.0,0.0,,,,,,,,,,,,,,0.4061547517776489
410,1,retriever,dense_retrieve|sparse_retrieve|hybrid_retrieve|hybrid_rerank,hybrid_rerank,-0.02,0,grader,-0.449893,0.162444,0.752038,-0.78756,-0.449893,0.162444,0.752038,-0.78756,0.2750536948442459,13,0.8760189414024353,0.10621988773345947,,,,,,,,,,
410,2,grader,keep_all|loose_filter|medium_filter|strict_filter|rerank_only,strict_filter,-0.07,0,generator,1.0,0.852454,0.918643,,1.0,0.852454,0.918643,0.0,,,,,,,1.0,0.9778681188821792,0.9593213200569153,,,,,
410,3,generator,generate_answer|generate_with_strict_citations|generate_short_answer,generate_short_answer,-0.07,0,verifier,-0.436347,-0.118409,0.875166,-0.191432,-0.436347,-0.118409,0.875166,-0.191432,,,,,,,,,,0.28182634711265564,0.44079573079943657,332,0.40428376942873,
410,4,verifier,verify_answer,verify_answer,0.8637,1,,-0.48525,,,,-0.48525,0.0,0.0,0.0,,,,,,,,,,,,,,0.25737476348876953
411,1,retriever,dense_retrieve|sparse_retrieve|hybrid_retrieve|hybrid_rerank,hybrid_rerank,-0.02,0,grader,-0.600285,0.047453,1.0,-0.741729,-0.600285,0.047453,1.0,-0.741729,0.19985735416412354,12,1.0,0.12913548946380615,,,,,,,,,,
411,2,grader,keep_all|loose_filter|medium_filter|strict_filter|rerank_only,strict_filter,-0.07,0,generator,0.882678,1.0,1.0,,0.882678,1.0,1.0,0.0,,,,,,,0.9413391351699829,1.0,1.0,,,,,
411,3,generator,generate_answer|generate_with_strict_citations|generate_short_answer,generate_short_answer,-0.07,0,verifier,-0.23668,0.149797,1.0,-0.342598,-0.23668,0.149797,1.0,-0.342598,,,,,,,,,,0.3816600516438484,0.5748986005783081,318,0.3287011384963989,
411,4,verifier,verify_answer,verify_answer,0.6125,1,,-0.595758,,,,-0.595758,0.0,0.0,0.0,,,,,,,,,,,,,,0.20212119817733765
412,1,retriever,dense_retrieve|sparse_retrieve|hybrid_retrieve|hybrid_rerank,hybrid_rerank,-0.02,0,grader,-0.393978,0.65558,1.0,-1.0,-0.393978,0.65558,1.0,-1.0,0.3030112236738205,17,1.0,0.0,,,,,,,,,,
412,2,grader,keep_all|loose_filter|medium_filter|strict_filter|rerank_only,strict_filter,-0.07,0,generator,1.0,0.935638,1.0,,1.0,0.935638,1.0,0.0,,,,,,,1.0,0.9903456300497054,1.0,,,,,
412,3,generator,generate_answer|generate_with_strict_citations|generate_short_answer,generate_short_answer,-0.07,0,verifier,0.403433,0.690628,0.862358,-0.973537,0.403433,0.690628,0.862358,-0.973537,,,,,,,,,,0.7017166018486023,0.8453139662742615,187,0.013231486082077026,
412,4,verifier,verify_answer,verify_answer,0.5989,1,,-0.49237,,,,-0.49237,0.0,0.0,0.0,,,,,,,,,,,,,,0.253815233707428
413,1,retriever,dense_retrieve|sparse_retrieve|hybrid_retrieve|hybrid_rerank,hybrid_rerank,-0.02,0,grader,-0.378366,0.716097,1.0,-0.687922,-0.378366,0.716097,1.0,-0.687922,0.3108171224594116,17,1.0,0.15603920817375183,,,,,,,,,,
413,2,grader,keep_all|loose_filter|medium_filter|strict_filter|rerank_only,strict_filter,-0.07,0,generator,1.0,0.814461,1.0,,1.0,0.814461,1.0,0.0,,,,,,,1.0,0.9721690952777862,1.0,,,,,
413,3,generator,generate_answer|generate_with_strict_citations|generate_short_answer,generate_with_strict_citations,-0.07,0,verifier,0.692785,1.0,1.0,-0.916641,0.692785,1.0,1.0,-0.916641,,,,,,,,,,0.8463925123214722,1.0,208,0.0416792631149292,
413,4,verifier,verify_answer,verify_answer,0.6812,1,,-0.610121,,,,-0.610121,0.0,0.0,0.0,,,,,,,,,,,,,,0.19493937492370605
414,1,retriever,dense_retrieve|sparse_retrieve|hybrid_retrieve|hybrid_rerank,hybrid_rerank,-0.02,0,grader,-0.537689,0.883961,0.953678,-0.895906,-0.537689,0.883961,0.953678,-0.895906,0.2311556041240692,19,0.9768387973308563,0.05204719305038452,,,,,,,,,,
414,2,grader,keep_all|loose_filter|medium_filter|strict_filter|rerank_only,strict_filter,-0.07,0,generator,1.0,1.0,1.0,,1.0,1.0,1.0,0.0,,,,,,,1.0,1.0,1.0,,,,,
414,3,generator,generate_answer|generate_with_strict_citations|generate_short_answer,generate_with_strict_citations,-0.07,0,verifier,0.202827,0.817433,1.0,-0.875309,0.202827,0.817433,1.0,-0.875309,,,,,,,,,,0.6014136373996735,0.9087167084217072,215,0.062345683574676514,
414,4,verifier,verify_answer,verify_answer,0.6547,1,,-0.813818,,,,-0.813818,0.0,0.0,0.0,,,,,,,,,,,,,,0.09309121966362
415,1,retriever,dense_retrieve|sparse_retrieve|hybrid_retrieve|hybrid_rerank,hybrid_rerank,-0.02,0,grader,1.0,-1.0,0.774506,0.148768,1.0,-1.0,0.774506,0.148768,1.0,5,0.887253075838089,0.5743840858340263,,,,,,,,,,
415,2,grader,keep_all|loose_filter|medium_filter|strict_filter|rerank_only,strict_filter,-0.07,0,generator,0.853188,-0.689668,1.0,,0.853188,-0.689668,1.0,0.0,,,,,,,0.9265938699245453,0.7465498715639114,1.0,,,,,
415,3,generator,generate_answer|generate_with_strict_citations|generate_short_answer,generate_short_answer,-0.07,0,verifier,0.362721,-0.970042,0.673615,0.002022,0.362721,-0.970042,0.673615,0.002022,,,,,,,,,,0.6813605427742004,0.01497909426689148,342,0.5010112478630617,
415,4,verifier,verify_answer,verify_answer,0.6575,1,,-1.0,,,,-1.0,0.0,0.0,0.0,,,,,,,,,,,,,,0.0
416,1,retriever,dense_retrieve|sparse_retrieve|hybrid_retrieve|hybrid_rerank,hybrid_rerank,-0.02,0,grader,0.008292,0.758724,1.0,-0.852494,0.008292,0.758724,1.0,-0.852494,0.5041458774358034,18,1.0,0.0737529993057251,,,,,,,,,,
416,2,grader,keep_all|loose_filter|medium_filter|strict_filter|rerank_only,strict_filter,-0.07,0,generator,0.819868,1.0,1.0,,0.819868,1.0,1.0,0.0,,,,,,,0.9099338948726654,1.0,1.0,,,,,
416,3,generator,generate_answer|generate_with_strict_citations|generate_short_answer,generate_answer,-0.07,0,verifier,-0.549264,-0.103227,0.920299,0.429312,-0.549264,-0.103227,0.920299,0.429312,,,,,,,,,,0.22536823153495789,0.4483862929046154,384,0.7146559655666351,
416,4,verifier,verify_answer,verify_answer,0.815,1,,-0.270121,,,,-0.270121,0.0,0.0,0.0,,,,,,,,,,,,,,0.36493945121765137
417,1,retriever,dense_retrieve|sparse_retrieve|hybrid_retrieve|hybrid_rerank,dense_retrieve,-0.02,0,grader,0.737862,0.89434,-0.671343,0.714555,0.737862,0.89434,-0.671343,0.714555,0.8689311444759369,19,0.16432827711105347,0.8572774827480316,,,,,,,,,,
417,2,grader,keep_all|loose_filter|medium_filter|strict_filter|rerank_only,strict_filter,-0.07,0,generator,1.0,0.825958,0.915203,,1.0,0.825958,0.915203,0.0,,,,,,,1.0,0.9738937735557556,0.9576015174388885,,,,,
417,3,generator,generate_answer|generate_with_strict_citations|generate_short_answer,generate_answer,-0.07,0,verifier,0.865191,0.521307,-0.978002,0.883314,0.865191,0.521307,-0.978002,0.883314,,,,,,,,,,0.9325957000255585,0.7606534063816071,187,0.9416568875312805,
417,4,verifier,verify_answer,verify_answer,0.6146,1,,-1.0,,,,-1.0,0.0,0.0,0.0,,,,,,,,,,,,,,0.0
418,1,retriever,dense_retrieve|sparse_retrieve|hybrid_retrieve|hybrid_rerank,hybrid_rerank,-0.02,0,grader,0.372986,0.574892,0.879197,-0.929698,0.372986,0.574892,0.879197,-0.929698,0.6864930093288422,16,0.939598560333252,0.035151004791259766,,,,,,,,,,
418,2,grader,keep_all|loose_filter|medium_filter|strict_filter|rerank_only,medium_filter,-0.07,0,generator,1.0,0.956034,0.669306,,1.0,0.956034,0.669306,0.0,,,,,,,1.0,0.9934050828218459,0.8346529304981232,,,,,
418,3,generator,generate_answer|generate_with_strict_citations|generate_short_answer,generate_with_strict_citations,-0.07,0,verifier,0.489725,0.912257,0.992148,-0.930936,0.489725,0.912257,0.992148,-0.930936,,,,,,,,,,0.7448624521493912,0.9561282694339752,204,0.03453221917152405,
418,4,verifier,verify_answer,verify_answer,0.6957,1,,0.090282,,,,0.090282,0.0,0.0,0.0,,,,,,,,,,,,,,0.545140977948904
419,1,retriever,dense_retrieve|sparse_retrieve|hybrid_retrieve|hybrid_rerank,dense_retrieve,-0.02,0,grader,1.0,0.893727,-0.564408,0.27389,1.0,0.893727,-0.564408,0.27389,1.0,19,0.21779587864875793,0.6369447708129883,,,,,,,,,,
419,2,grader,keep_all|loose_filter|medium_filter|strict_filter|rerank_only,strict_filter,-0.07,0,generator,0.864241,0.666737,0.947518,,0.864241,0.666737,0.947518,0.0,,,,,,,0.9321207106113434,0.9500105530023575,0.9737589061260223,,,,,
419,3,generator,generate_answer|generate_with_strict_citations|generate_short_answer,generate_answer,-0.07,0,verifier,0.861091,-0.061319,0.509727,0.806793,0.861091,-0.061319,0.509727,0.806793,,,,,,,,,,0.9305454194545746,0.4693403746932745,384,0.9033966660499573,
419,4,verifier,verify_answer,verify_answer,0.872,1,,-0.834743,,,,-0.834743,0.0,0.0,0.0,,,,,,,,,,,,,,0.08262860774993896
420,1,retriever,dense_retrieve|sparse_retrieve|hybrid_retrieve|hybrid_rerank,hybrid_rerank,-0.02,0,grader,-0.286044,1.0,0.914092,-0.93729,-0.286044,1.0,0.914092,-0.93729,0.3569781333208084,20,0.9570462107658386,0.031355053186416626,,,,,,,,,,
420,2,grader,keep_all|loose_filter|medium_filter|strict_filter|rerank_only,strict_filter,-0.07,0,generator,1.0,0.811095,0.830598,,1.0,0.811095,0.830598,0.0,,,,,,,1.0,0.9716642856597899,0.9152989685535431,,,,,
420,3,generator,generate_answer|generate_with_strict_citations|generate_short_answer,generate_with_strict_citations,-0.07,0,verifier,0.352584,0.929064,1.0,-0.870256,0.352584,0.929064,1.0,-0.870256,,,,,,,,,,0.676292210817337,0.9645321071147919,216,0.06487196683883667,
420,4,verifier,verify_answer,verify_answer,-0.07,0,verifier,0.022941,,,,0.022941,0.0,0.0,0.0,,,,,,,,,,,,,,0.5114706801250577
420,5,verifier,request_regeneration|request_more_retrieval|request_rewrite,request_regeneration,-0.07,0,generator,0.990453,,,,0.990453,0.0,0.0,0.0,,,,,,,,,,,,,,0.9952264726161957
420,6,generator,generate_answer|generate_with_strict_citations|generate_short_answer|regenerate,generate_short_answer,-0.07,0,verifier,0.940051,-0.971939,-0.998534,-0.997524,0.940051,-0.971939,-0.998534,-0.997524,,,,,,,,,,0.9700255990028381,0.01403072476387024,128,0.0012378394603729248,
420,7,verifier,verify_answer,verify_answer,-0.07,0,verifier,0.004243,,,,0.004243,0.0,0.0,0.0,,,,,,,,,,,,,,0.5021213889122009
420,8,verifier,request_regeneration|request_more_retrieval|request_rewrite,request_regeneration,-0.07,0,generator,1.0,,,,1.0,0.0,0.0,0.0,,,,,,,,,,,,,,1.0
420,9,generator,generate_answer|generate_with_strict_citations|generate_short_answer|regenerate,generate_short_answer,-0.07,0,verifier,1.0,-1.0,-0.803904,-1.0,1.0,-1.0,-0.803904,-1.0,,,,,,,,,,1.0,0.0,128,0.0,
420,10,verifier,verify_answer,verify_answer,0.1794,1,,0.887893,,,,0.887893,0.0,0.0,0.0,,,,,,,,,,,,,,0.9439465999603271
421,1,retriever,dense_retrieve|sparse_retrieve|hybrid_retrieve|hybrid_rerank,hybrid_rerank,-0.02,0,grader,-0.64397,0.588597,0.988616,-0.835049,-0.64397,0.588597,0.988616,-0.835049,0.17801514267921448,16,0.9943080544471741,0.08247563242912292,,,,,,,,,,
421,2,grader,keep_all|loose_filter|medium_filter|strict_filter|rerank_only,strict_filter,-0.07,0,generator,1.0,0.785257,1.0,,1.0,0.785257,1.0,0.0,,,,,,,1.0,0.9677885293960571,1.0,,,,,
421,3,generator,generate_answer|generate_with_strict_citations|generate_short_answer,generate_short_answer,-0.07,0,verifier,-0.37823,0.546485,0.713969,0.10682,-0.37823,0.546485,0.713969,0.10682,,,,,,,,,,0.3108849972486496,0.7732426524162292,365,0.5534099489450455,
421,4,verifier,verify_answer,verify_answer,0.631,1,,-0.434957,,,,-0.434957,0.0,0.0,0.0,,,,,,,,,,,,,,0.28252167999744415
422,1,retriever,dense_retrieve|sparse_retrieve|hybrid_retrieve|hybrid_rerank,hybrid_rerank,-0.02,0,grader,-0.324471,0.717061,0.971721,-0.992986,-0.324471,0.717061,0.971721,-0.992986,0.33776432275772095,17,0.9858603477478027,0.0035071372985839844,,,,,,,,,,
422,2,grader,keep_all|loose_filter|medium_filter|strict_filter|rerank_only,strict_filter,-0.07,0,generator,1.0,0.765278,1.0,,1.0,0.765278,1.0,0.0,,,,,,,1.0,0.9647917240858077,1.0,,,,,
422,3,generator,generate_answer|generate_with_strict_citations|generate_short_answer,generate_answer,-0.07,0,verifier,-0.323501,-0.436046,0.91633,0.656873,-0.323501,-0.436046,0.91633,0.656873,,,,,,,,,,0.3382495045661926,0.2819770276546478,384,0.8284364640712738,
422,4,verifier,verify_answer,verify_answer,0.2577,1,,-0.401112,,,,-0.401112,0.0,0.0,0.0,,,,,,,,,,,,,,0.29944415390491486
423,1,retriever,dense_retrieve|sparse_retrieve|hybrid_retrieve|hybrid_rerank,hybrid_rerank,-0.02,0,grader,-0.48219,0.458036,1.0,-0.856356,-0.48219,0.458036,1.0,-0.856356,0.2589051425457001,15,1.0,0.0718221664428711,,,,,,,,,,
423,2,grader,keep_all|loose_filter|medium_filter|strict_filter|rerank_only,strict_filter,-0.07,0,generator,0.703249,0.911847,0.82264,,0.703249,0.911847,0.82264,0.0,,,,,,,0.8516243696212769,0.9867769777774811,0.9113200008869171,,,,,
423,3,generator,generate_answer|generate_with_strict_citations|generate_short_answer,generate_with_strict_citations,-0.07,0,verifier,0.340829,0.777681,1.0,-0.986303,0.340829,0.777681,1.0,-0.986303,,,,,,,,,,0.6704146862030029,0.8888405561447144,194,0.006848573684692383,
423,4,verifier,verify_answer,verify_answer,0.7135,1,,-0.489888,,,,-0.489888,0.0,0.0,0.0,,,,,,,,,,,,,,0.2550560534000397
424,1,retriever,dense_retrieve|sparse_retrieve|hybrid_retrieve|hybrid_rerank,hybrid_rerank,-0.02,0,grader,-0.555846,0.575409,0.935838,-0.905192,-0.555846,0.575409,0.935838,-0.905192,0.22207695245742798,16,0.9679191708564758,0.04740411043167114,,,,,,,,,,
424,2,grader,keep_all|loose_filter|medium_filter|strict_filter|rerank_only,strict_filter,-0.07,0,generator,0.733639,0.893686,0.906892,,0.733639,0.893686,0.906892,0.0,,,,,,,0.8668194115161896,0.9840528637170791,0.9534462094306946,,,,,
424,3,generator,generate_answer|generate_with_strict_citations|generate_short_answer,generate_with_strict_citations,-0.07,0,verifier,-0.55553,0.846102,1.0,-1.0,-0.55553,0.846102,1.0,-1.0,,,,,,,,,,0.22223499417304993,0.9230510592460632,192,0.0,
424,4,verifier,verify_answer,verify_answer,0.7466,1,,-0.932212,,,,-0.932212,0.0,0.0,0.0,,,,,,,,,,,,,,0.03389400243759155
425,1,retriever,dense_retrieve|sparse_retrieve|hybrid_retrieve|hybrid_rerank,dense_retrieve,-0.02,0,grader,1.0,1.0,-0.767428,0.38787,1.0,1.0,-0.767428,0.38787,1.0,20,0.11628580093383789,0.6939347982406616,,,,,,,,,,
425,2,grader,keep_all|loose_filter|medium_filter|strict_filter|rerank_only,strict_filter,-0.07,0,generator,0.905004,0.771845,0.908663,,0.905004,0.771845,0.908663,0.0,,,,,,,0.9525019824504852,0.96577670276165,0.9543315768241882,,,,,
425,3,generator,generate_answer|generate_with_strict_citations|generate_short_answer,generate_answer,-0.07,0,verifier,0.875331,-0.691055,0.461973,1.0,0.875331,-0.691055,0.461973,1.0,,,,,,,,,,0.9376654028892517,0.15447241067886353,384,1.0,
425,4,verifier,verify_answer,verify_answer,0.721,1,,-0.896338,,,,-0.896338,0.0,0.0,0.0,,,,,,,,,,,,,,0.051830798387527466
426,1,retriever,dense_retrieve|sparse_retrieve|hybrid_retrieve|hybrid_rerank,hybrid_rerank,-0.02,0,grader,-1.0,-0.21494,0.985754,-0.473046,-1.0,-0.21494,0.985754,-0.473046,0.0,10,0.9928772151470184,0.26347722113132477,,,,,,,,,,
426,2,grader,keep_all|loose_filter|medium_filter|strict_filter|rerank_only,strict_filter,-0.07,0,generator,0.833487,1.0,1.0,,0.833487,1.0,1.0,0.0,,,,,,,0.9167433381080627,1.0,1.0,,,,,
426,3,generator,generate_answer|generate_with_strict_citations|generate_short_answer,generate_short_answer,-0.07,0,verifier,-0.571012,-0.003834,0.842284,0.240906,-0.571012,-0.003834,0.842284,0.240906,,,,,,,,,,0.21449384093284607,0.4980831737630069,384,0.6204532012343407,
426,4,verifier,verify_answer,verify_answer,0.8619,1,,-0.455509,,,,-0.455509,0.0,0.0,0.0,,,,,,,,,,,,,,0.2722455859184265
427,1,retriever,dense_retrieve|sparse_retrieve|hybrid_retrieve|hybrid_rerank,dense_retrieve,-0.02,0,grader,1.0,1.0,-0.629403,-0.032887,1.0,1.0,-0.629403,-0.032887,1.0,20,0.18529865145683289,0.48355657979846,,,,,,,,,,
427,2,grader,keep_all|loose_filter|medium_filter|strict_filter|rerank_only,strict_filter,-0.07,0,generator,0.996794,0.969887,1.0,,0.996794,0.969887,1.0,0.0,,,,,,,0.9983972311019897,0.9954831242561339,1.0,,,,,
427,3,generator,generate_answer|generate_with_strict_citations|generate_short_answer,generate_answer,-0.07,0,verifier,0.182202,-0.728326,1.0,0.943349,0.182202,-0.728326,1.0,0.943349,,,,,,,,,,0.5911011919379234,0.1358371078968048,384,0.9716746807098389,
427,4,verifier,verify_answer,verify_answer,0.7537,1,,-1.0,,,,-1.0,0.0,0.0,0.0,,,,,,,,,,,,,,0.0
428,1,retriever,dense_retrieve|sparse_retrieve|hybrid_retrieve|hybrid_rerank,hybrid_rerank,-0.02,0,grader,-0.900476,-0.453295,1.0,-0.76965,-0.900476,-0.453295,1.0,-0.76965,0.04976186156272888,9,1.0,0.11517494916915894,,,,,,,,,,
428,2,grader,keep_all|loose_filter|medium_filter|strict_filter|rerank_only,strict_filter,-0.07,0,generator,0.996819,0.923823,1.0,,0.996819,0.923823,1.0,0.0,,,,,,,0.9984095394611359,0.988573396205902,1.0,,,,,
428,3,generator,generate_answer|generate_with_strict_citations|generate_short_answer,generate_with_strict_citations,-0.07,0,verifier,0.480797,0.993646,0.989675,-0.948494,0.480797,0.993646,0.989675,-0.948494,,,,,,,,,,0.7403985559940338,0.9968228042125702,200,0.025753140449523926,
428,4,verifier,verify_answer,verify_answer,0.7278,1,,-0.60669,,,,-0.60669,0.0,0.0,0.0,,,,,,,,,,,,,,0.19665497541427612
429,1,retriever,dense_retrieve|sparse_retrieve|hybrid_retrieve|hybrid_rerank,hybrid_rerank,-0.02,0,grader,-0.730353,-0.335527,1.0,-0.8155,-0.730353,-0.335527,1.0,-0.8155,0.13482367992401123,9,1.0,0.09224975109100342,,,,,,,,,,
429,2,grader,keep_all|loose_filter|medium_filter|strict_filter|rerank_only,strict_filter,-0.07,0,generator,0.942054,0.934756,1.0,,0.942054,0.934756,1.0,0.0,,,,,,,0.9710268676280975,0.9902133971452712,1.0,,,,,
429,3,generator,generate_answer|generate_with_strict_citations|generate_short_answer,generate_with_strict_citations,-0.07,0,verifier,-0.459586,1.0,1.0,-1.0,-0.459586,1.0,1.0,-1.0,,,,,,,,,,0.2702069580554962,1.0,192,0.0,
429,4,verifier,verify_answer,verify_answer,0.7073,1,,-0.872474,,,,-0.872474,0.0,0.0,0.0,,,,,,,,,,,,,,0.06376296281814575
430,1,retriever,dense_retrieve|sparse_retrieve|hybrid_retrieve|hybrid_rerank,hybrid_rerank,-0.02,0,grader,-0.92702,-0.586289,1.0,-0.590451,-0.92702,-0.586289,1.0,-0.590451,0.03649023175239563,8,1.0,0.20477452874183655,,,,,,,,,,
430,2,grader,keep_all|loose_filter|medium_filter|strict_filter|rerank_only,medium_filter,-0.07,0,generator,1.0,1.0,0.792371,,1.0,1.0,0.792371,0.0,,,,,,,1.0,1.0,0.8961853086948395,,,,,
430,3,generator,generate_answer|generate_with_strict_citations|generate_short_answer,generate_with_strict_citations,-0.07,0,verifier,-0.794056,1.0,0.834086,-1.0,-0.794056,1.0,0.834086,-1.0,,,,,,,,,,0.10297194123268127,1.0,181,0.0,
430,4,verifier,verify_answer,verify_answer,0.6888,1,,-0.838038,,,,-0.838038,0.0,0.0,0.0,,,,,,,,,,,,,,0.08098113536834717
431,1,retriever,dense_retrieve|sparse_retrieve|hybrid_retrieve|hybrid_rerank,hybrid_rerank,-0.02,0,grader,-0.817786,-0.140152,1.0,-0.60763,-0.817786,-0.140152,1.0,-0.60763,0.09110677242279053,11,1.0,0.19618523120880127,,,,,,,,,,
431,2,grader,keep_all|loose_filter|medium_filter|strict_filter|rerank_only,medium_filter,-0.07,0,generator,1.0,1.0,0.771689,,1.0,1.0,0.771689,0.0,,,,,,,1.0,1.0,0.8858442902565002,,,,,
431,3,generator,generate_answer|generate_with_strict_citations|generate_short_answer,generate_short_answer,-0.07,0,verifier,-0.484999,-0.370434,0.810301,0.14132,-0.484999,-0.370434,0.810301,0.14132,,,,,,,,,,0.2575006037950516,0.31478314101696014,384,0.5706600025296211,
431,4,verifier,verify_answer,verify_answer,0.6432,1,,-0.200497,,,,-0.200497,0.0,0.0,0.0,,,,,,,,,,,,,,0.39975156635046005
432,1,retriever,dense_retrieve|sparse_retrieve|hybrid_retrieve|hybrid_rerank,hybrid_rerank,-0.02,0,grader,-0.864249,0.114469,0.878533,-0.810146,-0.864249,0.114469,0.878533,-0.810146,0.06787541508674622,13,0.9392666816711426,0.09492722153663635,,,,,,,,,,
432,2,grader,keep_all|loose_filter|medium_filter|strict_filter|rerank_only,strict_filter,-0.07,0,generator,0.908004,1.0,1.0,,0.908004,1.0,1.0,0.0,,,,,,,0.954002171754837,1.0,1.0,,,,,
432,3,generator,generate_answer|generate_with_strict_citations|generate_short_answer,generate_short_answer,-0.07,0,verifier,-0.518085,-0.646861,1.0,0.366127,-0.518085,-0.646861,1.0,0.366127,,,,,,,,,,0.24095743894577026,0.17656958103179932,384,0.6830637454986572,
432,4,verifier,verify_answer,verify_answer,0.6675,1,,0.076827,,,,0.076827,0.0,0.0,0.0,,,,,,,,,,,,,,0.5384134575724602
433,1,retriever,dense_retrieve|sparse_retrieve|hybrid_retrieve|hybrid_rerank,dense_retrieve,-0.02,0,grader,1.0,0.952872,-0.320836,-0.146763,1.0,0.952872,-0.320836,-0.146763,1.0,19,0.3395819067955017,0.4266183376312256,,,,,,,,,,
433,2,grader,keep_all|loose_filter|medium_filter|strict_filter|rerank_only,strict_filter,-0.07,0,generator,0.946939,0.721139,1.0,,0.946939,0.721139,1.0,0.0,,,,,,,0.9734697043895721,0.9581708341836929,1.0,,,,,
433,3,generator,generate_answer|generate_with_strict_citations|generate_short_answer,generate_with_strict_citations,-0.07,0,verifier,1.0,0.964433,-0.74468,0.418239,1.0,0.964433,-0.74468,0.418239,,,,,,,,,,1.0,0.9822166860103607,193,0.7091196328401566,
433,4,verifier,verify_answer,verify_answer,0.6171,1,,-0.986865,,,,-0.986865,0.0,0.0,0.0,,,,,,,,,,,,,,0.006567537784576416
434,1,retriever,dense_retrieve|sparse_retrieve|hybrid_retrieve|hybrid_rerank,dense_retrieve,-0.02,0,grader,0.748649,1.0,-0.741585,-0.015274,0.748649,1.0,-0.741585,-0.015274,0.8743245005607605,20,0.1292075514793396,0.492362798191607,,,,,,,,,,
434,2,grader,keep_all|loose_filter|medium_filter|strict_filter|rerank_only,strict_filter,-0.07,0,generator,1.0,0.721002,1.0,,1.0,0.721002,1.0,0.0,,,,,,,1.0,0.9581502884626387,1.0,,,,,
434,3,generator,generate_answer|generate_with_strict_citations|generate_short_answer,generate_answer,-0.07,0,verifier,0.815979,-0.856073,0.526075,0.75105,0.815979,-0.856073,0.526075,0.75105,,,,,,,,,,0.907989501953125,0.07196357846260071,384,0.8755250871181488,
434,4,verifier,verify_answer,verify_answer,0.6509,1,,-0.8409,,,,-0.8409,0.0,0.0,0.0,,,,,,,,,,,,,,0.07954981923103333
435,1,retriever,dense_retrieve|sparse_retrieve|hybrid_retrieve|hybrid_rerank,hybrid_rerank,-0.02,0,grader,-0.510423,0.40038,1.0,-0.798625,-0.510423,0.40038,1.0,-0.798625,0.2447882890701294,15,1.0,0.10068750381469727,,,,,,,,,,
435,2,grader,keep_all|loose_filter|medium_filter|strict_filter|rerank_only,strict_filter,-0.07,0,generator,0.995829,0.902959,1.0,,0.995829,0.902959,1.0,0.0,,,,,,,0.997914731502533,0.9854438394308089,1.0,,,,,
435,3,generator,generate_answer|generate_with_strict_citations|generate_short_answer,generate_short_answer,-0.07,0,verifier,-0.369621,0.36874,1.0,-0.248031,-0.369621,0.36874,1.0,-0.248031,,,,,,,,,,0.3151896893978119,0.6843702048063278,336,0.3759843185544014,
435,4,verifier,verify_answer,verify_answer,0.5777,1,,0.140386,,,,0.140386,0.0,0.0,0.0,,,,,,,,,,,,,,0.5701929479837418
436,1,retriever,dense_retrieve|sparse_retrieve|hybrid_retrieve|hybrid_rerank,hybrid_rerank,-0.02,0,grader,-0.783286,0.444019,0.853982,-0.641503,-0.783286,0.444019,0.853982,-0.641503,0.10835704207420349,15,0.9269909560680389,0.17924854159355164,,,,,,,,,,
436,2,grader,keep_all|loose_filter|medium_filter|strict_filter|rerank_only,medium_filter,-0.07,0,generator,0.943551,0.850014,0.705964,,0.943551,0.850014,0.705964,0.0,,,,,,,0.9717753231525421,0.9775020331144333,0.8529819846153259,,,,,
436,3,generator,generate_answer|generate_with_strict_citations|generate_short_answer,generate_with_strict_citations,-0.07,0,verifier,-0.378642,0.854255,0.792497,-0.941859,-0.378642,0.854255,0.792497,-0.941859,,,,,,,,,,0.310679093003273,0.9271276593208313,188,0.029070675373077393,
436,4,verifier,verify_answer,verify_answer,0.5067,1,,-0.54624,,,,-0.54624,0.0,0.0,0.0,,,,,,,,,,,,,,0.22688016295433044
437,1,retriever,dense_retrieve|sparse_retrieve|hybrid_retrieve|hybrid_rerank,hybrid_rerank,-0.02,0,grader,-0.421223,0.625968,0.998641,-0.461382,-0.421223,0.625968,0.998641,-0.461382,0.2893883287906647,17,0.9993205368518829,0.2693091481924057,,,,,,,,,,
437,2,grader,keep_all|loose_filter|medium_filter|strict_filter|rerank_only,loose_filter,-0.07,0,generator,0.89117,0.900147,0.588623,,0.89117,0.900147,0.588623,0.0,,,,,,,0.9455849230289459,0.9850221157073974,0.7943113744258881,,,,,
437,3,generator,generate_answer|generate_with_strict_citations|generate_short_answer,generate_short_answer,-0.07,0,verifier,0.068572,0.146202,0.914427,-0.027595,0.068572,0.146202,0.914427,-0.027595,,,,,,,,,,0.5342860072851181,0.5731007605791092,367,0.4862026609480381,
437,4,verifier,verify_answer,verify_answer,0.876,1,,-0.330691,,,,-0.330691,0.0,0.0,0.0,,,,,,,,,,,,,,0.3346542567014694
438,1,retriever,dense_retrieve|sparse_retrieve|hybrid_retrieve|hybrid_rerank,hybrid_rerank,-0.02,0,grader,1.0,-0.813512,0.673029,-0.329333,1.0,-0.813512,0.673029,-0.329333,1.0,6,0.8365146219730377,0.33533334732055664,,,,,,,,,,
438,2,grader,keep_all|loose_filter|medium_filter|strict_filter|rerank_only,strict_filter,-0.07,0,generator,0.958498,-0.478533,1.0,,0.958498,-0.478533,1.0,0.0,,,,,,,0.9792490303516388,0.7782199963927269,1.0,,,,,
438,3,generator,generate_answer|generate_with_strict_citations|generate_short_answer,generate_short_answer,-0.07,0,verifier,0.753544,-1.0,0.351727,-0.783913,0.753544,-1.0,0.351727,-0.783913,,,,,,,,,,0.8767718076705933,0.0,183,0.10804334282875061,
438,4,verifier,verify_answer,verify_answer,-0.07,0,verifier,-0.936368,,,,-0.936368,0.0,0.0,0.0,,,,,,,,,,,,,,0.03181621432304382
438,5,verifier,request_regeneration|request_more_retrieval|request_rewrite,request_regeneration,-0.07,0,generator,1.0,,,,1.0,0.0,0.0,0.0,,,,,,,,,,,,,,1.0
438,6,generator,generate_answer|generate_with_strict_citations|generate_short_answer|regenerate,generate_short_answer,-0.07,0,verifier,0.727012,-1.0,1.0,-0.869723,0.727012,-1.0,1.0,-0.869723,,,,,,,,,,0.8635058104991913,0.0,217,0.06513860821723938,
438,7,verifier,verify_answer,verify_answer,-0.07,0,verifier,-0.826938,,,,-0.826938,0.0,0.0,0.0,,,,,,,,,,,,,,0.08653107285499573
438,8,verifier,request_regeneration|request_more_retrieval|request_rewrite,request_regeneration,-0.07,0,generator,1.0,,,,1.0,0.0,0.0,0.0,,,,,,,,,,,,,,1.0
438,9,generator,generate_answer|generate_with_strict_citations|generate_short_answer|regenerate,generate_short_answer,-0.07,0,verifier,0.929996,-0.978967,0.995617,-1.0,0.929996,-0.978967,0.995617,-1.0,,,,,,,,,,0.9649979472160339,0.010516464710235596,191,0.0,
438,10,verifier,verify_answer,verify_answer,0.0893,1,,-0.673542,,,,-0.673542,0.0,0.0,0.0,,,,,,,,,,,,,,0.16322919726371765
439,1,retriever,dense_retrieve|sparse_retrieve|hybrid_retrieve|hybrid_rerank,dense_retrieve,-0.02,0,grader,0.950828,0.750232,-0.451247,-0.74697,0.950828,0.750232,-0.451247,-0.74697,0.9754140377044678,18,0.2743767350912094,0.12651517987251282,,,,,,,,,,
439,2,grader,keep_all|loose_filter|medium_filter|strict_filter|rerank_only,strict_filter,-0.07,0,generator,0.733087,0.382313,1.0,,0.733087,0.382313,1.0,0.0,,,,,,,0.866543710231781,0.907346947491169,1.0,,,,,
439,3,generator,generate_answer|generate_with_strict_citations|generate_short_answer,generate_short_answer,-0.07,0,verifier,1.0,-0.84376,0.908674,0.265855,1.0,-0.84376,0.908674,0.265855,,,,,,,,,,1.0,0.07812002301216125,384,0.6329272538423538,
439,4,verifier,verify_answer,verify_answer,0.8182,1,,-1.0,,,,-1.0,0.0,0.0,0.0,,,,,,,,,,,,,,0.0
440,1,retriever,dense_retrieve|sparse_retrieve|hybrid_retrieve|hybrid_rerank,dense_retrieve,-0.02,0,grader,1.0,0.537781,-0.331176,-0.756369,1.0,0.537781,-0.331176,-0.756369,1.0,16,0.33441221714019775,0.12181565165519714,,,,,,,,,,
440,2,grader,keep_all|loose_filter|medium_filter|strict_filter|rerank_only,strict_filter,-0.07,0,generator,1.0,0.479613,1.0,,1.0,0.479613,1.0,0.0,,,,,,,1.0,0.9219419956207275,1.0,,,,,
440,3,generator,generate_answer|generate_with_strict_citations|generate_short_answer,generate_with_strict_citations,-0.07,0,verifier,1.0,0.757463,-0.248041,-0.944304,1.0,0.757463,-0.248041,-0.944304,,,,,,,,,,1.0,0.8787314891815186,128,0.027848035097122192,
440,4,verifier,verify_answer,verify_answer,0.7038,1,,-0.880305,,,,-0.880305,0.0,0.0,0.0,,,,,,,,,,,,,,0.05984744429588318
441,1,retriever,dense_retrieve|sparse_retrieve|hybrid_retrieve|hybrid_rerank,dense_retrieve,-0.02,0,grader,0.915495,0.554538,-0.628953,-0.400917,0.915495,0.554538,-0.628953,-0.400917,0.9577476382255554,16,0.18552330136299133,0.29954154789447784,,,,,,,,,,
441,2,grader,keep_all|loose_filter|medium_filter|strict_filter|rerank_only,strict_filter,-0.07,0,generator,0.73855,0.725614,1.0,,0.73855,0.725614,1.0,0.0,,,,,,,0.8692751526832581,0.9588421642780303,1.0,,,,,
441,3,generator,generate_answer|generate_with_strict_citations|generate_short_answer,generate_answer,-0.07,0,verifier,0.95858,0.024032,0.624127,0.478751,0.95858,0.024032,0.624127,0.478751,,,,,,,,,,0.979290246963501,0.5120161166414618,384,0.739375576376915,
441,4,verifier,verify_answer,verify_answer,0.8403,1,,-0.987742,,,,-0.987742,0.0,0.0,0.0,,,,,,,,,,,,,,0.006128758192062378
442,1,retriever,dense_retrieve|sparse_retrieve|hybrid_retrieve|hybrid_rerank,hybrid_rerank,-0.02,0,grader,1.0,-1.0,0.838556,-0.545872,1.0,-1.0,0.838556,-0.545872,1.0,5,0.9192777872085571,0.22706380486488342,,,,,,,,,,
442,2,grader,keep_all|loose_filter|medium_filter|strict_filter|rerank_only,strict_filter,-0.07,0,generator,0.993345,-0.267267,0.892469,,0.993345,-0.267267,0.892469,0.0,,,,,,,0.9966723024845123,0.8099100232124328,0.9462344944477081,,,,,
442,3,generator,generate_answer|generate_with_strict_citations|generate_short_answer,generate_short_answer,-0.07,0,verifier,-0.469763,-1.0,-0.041562,-0.667058,-0.469763,-1.0,-0.041562,-0.667058,,,,,,,,,,0.2651184946298599,0.0,166,0.1664709448814392,
442,4,verifier,verify_answer,verify_answer,0.7368,1,,-1.0,,,,-1.0,0.0,0.0,0.0,,,,,,,,,,,,,,0.0
443,1,retriever,dense_retrieve|sparse_retrieve|hybrid_retrieve|hybrid_rerank,hybrid_rerank,-0.02,0,grader,-0.643489,0.719611,1.0,-1.0,-0.643489,0.719611,1.0,-1.0,0.17825531959533691,17,1.0,0.0,,,,,,,,,,
443,2,grader,keep_all|loose_filter|medium_filter|strict_filter|rerank_only,strict_filter,-0.07,0,generator,1.0,1.0,1.0,,1.0,1.0,1.0,0.0,,,,,,,1.0,1.0,1.0,,,,,
443,3,generator,generate_answer|generate_with_strict_citations|generate_short_answer,generate_short_answer,-0.07,0,verifier,-0.536952,0.434461,0.799352,-0.635154,-0.536952,0.434461,0.799352,-0.635154,,,,,,,,,,0.23152375221252441,0.7172305136919022,244,0.1824229657649994,
443,4,verifier,verify_answer,verify_answer,0.8058,1,,-0.40066,,,,-0.40066,0.0,0.0,0.0,,,,,,,,,,,,,,0.2996698170900345
444,1,retriever,dense_retrieve|sparse_retrieve|hybrid_retrieve|hybrid_rerank,hybrid_rerank,-0.02,0,grader,-0.092689,0.799155,0.817248,-1.0,-0.092689,0.799155,0.817248,-1.0,0.45365549251437187,18,0.9086237549781799,0.0,,,,,,,,,,
444,2,grader,keep_all|loose_filter|medium_filter|strict_filter|rerank_only,strict_filter,-0.07,0,generator,0.948537,0.845605,1.0,,0.948537,0.845605,1.0,0.0,,,,,,,0.9742683172225952,0.9768407970666885,1.0,,,,,
444,3,generator,generate_answer|generate_with_strict_citations|generate_short_answer,generate_with_strict_citations,-0.07,0,verifier,-0.492323,0.701372,1.0,-1.0,-0.492323,0.701372,1.0,-1.0,,,,,,,,,,0.25383830070495605,0.8506858944892883,192,0.0,
444,4,verifier,verify_answer,verify_answer,0.6178,1,,-1.0,,,,-1.0,0.0,0.0,0.0,,,,,,,,,,,,,,0.0
445,1,retriever,dense_retrieve|sparse_retrieve|hybrid_retrieve|hybrid_rerank,hybrid_rerank,-0.02,0,grader,-0.067714,0.832855,0.606165,-0.889771,-0.067714,0.832855,0.606165,-0.889771,0.46614308282732964,18,0.8030824363231659,0.055114567279815674,,,,,,,,,,
445,2,grader,keep_all|loose_filter|medium_filter|strict_filter|rerank_only,strict_filter,-0.07,0,generator,0.842742,1.0,1.0,,0.842742,1.0,1.0,0.0,,,,,,,0.9213710725307465,1.0,1.0,,,,,
445,3,generator,generate_answer|generate_with_strict_citations|generate_short_answer,generate_short_answer,-0.07,0,verifier,-0.561393,0.167814,0.981724,-0.656508,-0.561393,0.167814,0.981724,-0.656508,,,,,,,,,,0.21930336952209473,0.5839071422815323,255,0.17174607515335083,
445,4,verifier,verify_answer,verify_answer,0.798,1,,-0.754884,,,,-0.754884,0.0,0.0,0.0,,,,,,,,,,,,,,0.12255784869194031
446,1,retriever,dense_retrieve|sparse_retrieve|hybrid_retrieve|hybrid_rerank,hybrid_rerank,-0.02,0,grader,0.165041,0.875747,0.766033,-0.996014,0.165041,0.875747,0.766033,-0.996014,0.5825203135609627,19,0.8830166161060333,0.00199282169342041,,,,,,,,,,
446,2,grader,keep_all|loose_filter|medium_filter|strict_filter|rerank_only,strict_filter,-0.07,0,generator,0.686962,1.0,1.0,,0.686962,1.0,1.0,0.0,,,,,,,0.8434808850288391,1.0,1.0,,,,,
446,3,generator,generate_answer|generate_with_strict_citations|generate_short_answer,generate_with_strict_citations,-0.07,0,verifier,-0.353949,1.0,1.0,-1.0,-0.353949,1.0,1.0,-1.0,,,,,,,,,,0.3230254054069519,1.0,192,0.0,
446,4,verifier,verify_answer,verify_answer,0.6156,1,,-0.65183,,,,-0.65183,0.0,0.0,0.0,,,,,,,,,,,,,,0.17408481240272522
447,1,retriever,dense_retrieve|sparse_retrieve|hybrid_retrieve|hybrid_rerank,hybrid_rerank,-0.02,0,grader,0.557148,0.941495,0.788295,-0.893496,0.557148,0.941495,0.788295,-0.893496,0.7785741090774536,19,0.8941475450992584,0.053252220153808594,,,,,,,,,,
447,2,grader,keep_all|loose_filter|medium_filter|strict_filter|rerank_only,medium_filter,-0.07,0,generator,0.960674,1.0,0.713873,,0.960674,1.0,0.713873,0.0,,,,,,,0.9803371727466583,1.0,0.8569364845752716,,,,,
447,3,generator,generate_answer|generate_with_strict_citations|generate_short_answer,generate_with_strict_citations,-0.07,0,verifier,0.338995,1.0,0.863409,-1.0,0.338995,1.0,0.863409,-1.0,,,,,,,,,,0.6694976836442947,1.0,183,0.0,
447,4,verifier,verify_answer,verify_answer,0.5693,1,,-0.922108,,,,-0.922108,0.0,0.0,0.0,,,,,,,,,,,,,,0.038945794105529785
448,1,retriever,dense_retrieve|sparse_retrieve|hybrid_retrieve|hybrid_rerank,dense_retrieve,-0.02,0,grader,0.817515,0.657086,-0.787113,-0.631738,0.817515,0.657086,-0.787113,-0.631738,0.9087573289871216,17,0.10644340515136719,0.18413078784942627,,,,,,,,,,
448,2,grader,keep_all|loose_filter|medium_filter|strict_filter|rerank_only,strict_filter,-0.07,0,generator,0.992119,0.660072,0.997656,,0.992119,0.660072,0.997656,0.0,,,,,,,0.9960597157478333,0.94901083111763,0.9988278746604919,,,,,
448,3,generator,generate_answer|generate_with_strict_citations|generate_short_answer,generate_answer,-0.07,0,verifier,1.0,0.201242,0.082743,0.918917,1.0,0.201242,0.082743,0.918917,,,,,,,,,,1.0,0.6006212159991264,384,0.9594587087631226,
448,4,verifier,verify_answer,verify_answer,0.7859,1,,-0.900323,,,,-0.900323,0.0,0.0,0.0,,,,,,,,,,,,,,0.049838364124298096
449,1,retriever,dense_retrieve|sparse_retrieve|hybrid_retrieve|hybrid_rerank,dense_retrieve,-0.02,0,grader,1.0,0.63748,-0.10748,-0.80646,1.0,0.63748,-0.10748,-0.80646,1.0,17,0.44626011699438095,0.09677019715309143,,,,,,,,,,
449,2,grader,keep_all|loose_filter|medium_filter|strict_filter|rerank_only,medium_filter,-0.07,0,generator,0.851111,0.374421,0.77316,,0.851111,0.374421,0.77316,0.0,,,,,,,0.9255556166172028,0.9061632171273231,0.8865797817707062,,,,,
449,3,generator,generate_answer|generate_with_strict_citations|generate_short_answer,generate_with_strict_citations,-0.07,0,verifier,0.595334,0.951147,-0.824646,-0.836476,0.595334,0.951147,-0.824646,-0.836476,,,,,,,,,,0.7976669669151306,0.9755734801292419,128,0.08176204562187195,
449,4,verifier,verify_answer,verify_answer,0.702,1,,-1.0,,,,-1.0,0.0,0.0,0.0,,,,,,,,,,,,,,0.0
450,1,retriever,dense_retrieve|sparse_retrieve|hybrid_retrieve|hybrid_rerank,dense_retrieve,-0.02,0,grader,0.853379,0.667053,-0.139426,-0.614803,0.853379,0.667053,-0.139426,-0.614803,0.9266895353794098,17,0.4302872121334076,0.19259858131408691,,,,,,,,,,
450,2,grader,keep_all|loose_filter|medium_filter|strict_filter|rerank_only,strict_filter,-0.07,0,generator,0.796603,0.202761,0.837413,,0.796603,0.202761,0.837413,0.0,,,,,,,0.898301362991333,0.880414079874754,0.9187063574790955,,,,,
450,3,generator,generate_answer|generate_with_strict_citations|generate_short_answer,generate_answer,-0.07,0,verifier,0.997169,-1.0,0.288357,1.0,0.997169,-1.0,0.288357,1.0,,,,,,,,,,0.998584657907486,0.0,384,1.0,
450,4,verifier,verify_answer,verify_answer,0.6392,1,,-0.987239,,,,-0.987239,0.0,0.0,0.0,,,,,,,,,,,,,,0.006380647420883179
451,1,retriever,dense_retrieve|sparse_retrieve|hybrid_retrieve|hybrid_rerank,hybrid_rerank,-0.02,0,grader,0.275604,0.646049,0.600134,-0.900544,0.275604,0.646049,0.600134,-0.900544,0.637802243232727,17,0.8000667691230774,0.049727946519851685,,,,,,,,,,
451,2,grader,keep_all|loose_filter|medium_filter|strict_filter|rerank_only,strict_filter,-0.07,0,generator,0.952052,1.0,0.987716,,0.952052,1.0,0.987716,0.0,,,,,,,0.9760262072086334,1.0,0.9938578903675079,,,,,
451,3,generator,generate_answer|generate_with_strict_citations|generate_short_answer,generate_answer,-0.07,0,verifier,-0.29677,-0.474167,1.0,0.47725,-0.29677,-0.474167,1.0,0.47725,,,,,,,,,,0.35161498188972473,0.2629167288541794,384,0.7386249154806137,
451,4,verifier,verify_answer,verify_answer,0.6447,1,,-0.054072,,,,-0.054072,0.0,0.0,0.0,,,,,,,,,,,,,,0.47296410985291004
452,1,retriever,dense_retrieve|sparse_retrieve|hybrid_retrieve|hybrid_rerank,hybrid_rerank,-0.02,0,grader,-0.140711,0.749631,0.570549,-0.809388,-0.140711,0.749631,0.570549,-0.809388,0.4296445921063423,18,0.7852745354175568,0.09530624747276306,,,,,,,,,,
452,2,grader,keep_all|loose_filter|medium_filter|strict_filter|rerank_only,strict_filter,-0.07,0,generator,0.946454,1.0,1.0,,0.946454,1.0,1.0,0.0,,,,,,,0.9732269644737244,1.0,1.0,,,,,
452,3,generator,generate_answer|generate_with_strict_citations|generate_short_answer,generate_with_strict_citations,-0.07,0,verifier,-0.973992,0.812898,1.0,-0.669381,-0.973992,0.812898,1.0,-0.669381,,,,,,,,,,0.01300385594367981,0.9064487814903259,255,0.16530948877334595,
452,4,verifier,verify_answer,verify_answer,0.6735,1,,-0.765463,,,,-0.765463,0.0,0.0,0.0,,,,,,,,,,,,,,0.11726835370063782
453,1,retriever,dense_retrieve|sparse_retrieve|hybrid_retrieve|hybrid_rerank,hybrid_rerank,-0.02,0,grader,-0.059261,0.562146,1.0,-1.0,-0.059261,0.562146,1.0,-1.0,0.47036925703287125,16,1.0,0.0,,,,,,,,,,
453,2,grader,keep_all|loose_filter|medium_filter|strict_filter|rerank_only,medium_filter,-0.07,0,generator,1.0,0.752208,0.62372,,1.0,0.752208,0.62372,0.0,,,,,,,1.0,0.9628311365842819,0.811860203742981,,,,,
453,3,generator,generate_answer|generate_with_strict_citations|generate_short_answer,generate_with_strict_citations,-0.07,0,verifier,-0.516334,0.972149,0.954711,-0.995952,-0.516334,0.972149,0.954711,-0.995952,,,,,,,,,,0.2418329417705536,0.9860742688179016,189,0.002024024724960327,
453,4,verifier,verify_answer,verify_answer,0.6528,1,,-0.472488,,,,-0.472488,0.0,0.0,0.0,,,,,,,,,,,,,,0.2637558579444885
454,1,retriever,dense_retrieve|sparse_retrieve|hybrid_retrieve|hybrid_rerank,hybrid_rerank,-0.02,0,grader,-0.263099,0.517099,0.613428,-0.788904,-0.263099,0.517099,0.613428,-0.788904,0.36845074594020844,16,0.8067138195037842,0.10554808378219604,,,,,,,,,,
454,2,grader,keep_all|loose_filter|medium_filter|strict_filter|rerank_only,strict_filter,-0.07,0,generator,0.964134,0.934591,1.0,,0.964134,0.934591,1.0,0.0,,,,,,,0.9820669293403625,0.9901885956525802,1.0,,,,,
454,3,generator,generate_answer|generate_with_strict_citations|generate_short_answer,generate_with_strict_citations,-0.07,0,verifier,-0.292925,0.970241,0.65186,-1.0,-0.292925,0.970241,0.65186,-1.0,,,,,,,,,,0.3535373657941818,0.985120564699173,169,0.0,
454,4,verifier,verify_answer,verify_answer,0.6999,1,,-0.499467,,,,-0.499467,0.0,0.0,0.0,,,,,,,,,,,,,,0.25026629865169525
455,1,retriever,dense_retrieve|sparse_retrieve|hybrid_retrieve|hybrid_rerank,hybrid_rerank,-0.02,0,grader,-0.305867,0.458641,0.834175,-0.761686,-0.305867,0.458641,0.834175,-0.761686,0.3470667004585266,15,0.9170876145362854,0.11915677785873413,,,,,,,,,,
455,2,grader,keep_all|loose_filter|medium_filter|strict_filter|rerank_only,strict_filter,-0.07,0,generator,0.873598,0.630702,1.0,,0.873598,0.630702,1.0,0.0,,,,,,,0.9367988109588623,0.9446052491664886,1.0,,,,,
455,3,generator,generate_answer|generate_with_strict_citations|generate_short_answer,generate_with_strict_citations,-0.07,0,verifier,-0.601065,0.986014,0.810185,-1.0,-0.601065,0.986014,0.810185,-1.0,,,,,,,,,,0.1994675099849701,0.9930067956447601,179,0.0,
455,4,verifier,verify_answer,verify_answer,0.6376,1,,-0.95605,,,,-0.95605,0.0,0.0,0.0,,,,,,,,,,,,,,0.02197524905204773
456,1,retriever,dense_retrieve|sparse_retrieve|hybrid_retrieve|hybrid_rerank,dense_retrieve,-0.02,0,grader,1.0,0.547053,-0.535088,-0.029384,1.0,0.547053,-0.535088,-0.029384,1.0,16,0.23245611786842346,0.48530800733715296,,,,,,,,,,
456,2,grader,keep_all|loose_filter|medium_filter|strict_filter|rerank_only,strict_filter,-0.07,0,generator,0.748826,0.493805,0.998171,,0.748826,0.493805,0.998171,0.0,,,,,,,0.8744130432605743,0.9240707531571388,0.999085396528244,,,,,
456,3,generator,generate_answer|generate_with_strict_citations|generate_short_answer,generate_with_strict_citations,-0.07,0,verifier,0.997348,1.0,-1.0,0.440315,0.997348,1.0,-1.0,0.440315,,,,,,,,,,0.9986737966537476,1.0,156,0.7201573848724365,
456,4,verifier,verify_answer,verify_answer,0.4874,1,,-1.0,,,,-1.0,0.0,0.0,0.0,,,,,,,,,,,,,,0.0
457,1,retriever,dense_retrieve|sparse_retrieve|hybrid_retrieve|hybrid_rerank,hybrid_rerank,-0.02,0,grader,0.24033,-0.14697,0.439611,-1.0,0.24033,-0.14697,0.439611,-1.0,0.6201651394367218,11,0.7198052555322647,0.0,,,,,,,,,,
457,2,grader,keep_all|loose_filter|medium_filter|strict_filter|rerank_only,strict_filter,-0.07,0,generator,1.0,0.800667,0.911003,,1.0,0.800667,0.911003,0.0,,,,,,,1.0,0.970100075006485,0.9555015861988068,,,,,
457,3,generator,generate_answer|generate_with_strict_citations|generate_short_answer,generate_short_answer,-0.07,0,verifier,-0.021356,0.696493,0.767237,-1.0,-0.021356,0.696493,0.767237,-1.0,,,,,,,,,,0.48932189121842384,0.8482464551925659,177,0.0,
457,4,verifier,verify_answer,verify_answer,0.5634,1,,-0.339096,,,,-0.339096,0.0,0.0,0.0,,,,,,,,,,,,,,0.3304518610239029
458,1,retriever,dense_retrieve|sparse_retrieve|hybrid_retrieve|hybrid_rerank,hybrid_retrieve,-0.02,0,grader,-0.01609,0.519327,-0.035925,-0.906532,-0.01609,0.519327,-0.035925,-0.906532,0.4919549273326993,16,0.48203773610293865,0.04673376679420471,,,,,,,,,,
458,2,grader,keep_all|loose_filter|medium_filter|strict_filter|rerank_only,strict_filter,-0.07,0,generator,0.915119,1.0,0.928991,,0.915119,1.0,0.928991,0.0,,,,,,,0.9575592875480652,1.0,0.9644953012466431,,,,,
458,3,generator,generate_answer|generate_with_strict_citations|generate_short_answer,generate_short_answer,-0.07,0,verifier,0.603768,0.454008,0.785256,-0.819484,0.603768,0.454008,0.785256,-0.819484,,,,,,,,,,0.8018837571144104,0.7270041555166245,210,0.09025794267654419,
458,4,verifier,verify_answer,verify_answer,0.7461,1,,-0.880161,,,,-0.880161,0.0,0.0,0.0,,,,,,,,,,,,,,0.05991971492767334
459,1,retriever,dense_retrieve|sparse_retrieve|hybrid_retrieve|hybrid_rerank,hybrid_retrieve,-0.02,0,grader,0.246949,0.190572,-0.219257,-0.560018,0.246949,0.190572,-0.219257,-0.560018,0.6234745681285858,13,0.39037130028009415,0.21999093890190125,,,,,,,,,,
459,2,grader,keep_all|loose_filter|medium_filter|strict_filter|rerank_only,medium_filter,-0.07,0,generator,1.0,0.943249,0.730513,,1.0,0.943249,0.730513,0.0,,,,,,,1.0,0.9914873123168945,0.8652563095092773,,,,,
459,3,generator,generate_answer|generate_with_strict_citations|generate_short_answer,generate_short_answer,-0.07,0,verifier,0.178613,0.293334,0.896894,-0.592126,0.178613,0.293334,0.896894,-0.592126,,,,,,,,,,0.5893063247203827,0.6466670036315918,260,0.20393717288970947,
459,4,verifier,verify_answer,verify_answer,0.6074,1,,-0.452634,,,,-0.452634,0.0,0.0,0.0,,,,,,,,,,,,,,0.27368277311325073
460,1,retriever,dense_retrieve|sparse_retrieve|hybrid_retrieve|hybrid_rerank,dense_retrieve,-0.02,0,grader,0.645905,0.189499,-0.272632,-0.663975,0.645905,0.189499,-0.272632,-0.663975,0.8229525685310364,13,0.3636839985847473,0.1680123507976532,,,,,,,,,,
460,2,grader,keep_all|loose_filter|medium_filter|strict_filter|rerank_only,strict_filter,-0.07,0,generator,0.863358,1.0,0.852471,,0.863358,1.0,0.852471,0.0,,,,,,,0.9316788911819458,1.0,0.9262354671955109,,,,,
460,3,generator,generate_answer|generate_with_strict_citations|generate_short_answer,generate_short_answer,-0.07,0,verifier,-0.515687,-0.127375,0.875226,0.146378,-0.515687,-0.127375,0.875226,0.146378,,,,,,,,,,0.2421562671661377,0.4363127276301384,384,0.573188953101635,
460,4,verifier,verify_answer,verify_answer,-0.07,0,verifier,-1.0,,,,-1.0,0.0,0.0,0.0,,,,,,,,,,,,,,0.0
460,5,verifier,request_regeneration|request_more_retrieval|request_rewrite,request_more_retrieval,-0.07,0,retriever,-0.764521,,,,-0.764521,0.0,0.0,0.0,,,,,,,,,,,,,,0.11773967742919922
460,6,retriever,retrieve_more,retrieve_more,-0.02,0,grader,-0.017775,-1.0,0.740461,-0.560518,-0.017775,-1.0,0.740461,-0.560518,0.49111228063702583,5,0.8702304661273956,0.21974092721939087,,,,,,,,,,
460,7,grader,keep_all|loose_filter|medium_filter|strict_filter|rerank_only,loose_filter,-0.07,0,generator,0.773276,-0.920924,0.535031,,0.773276,-0.920924,0.535031,0.0,,,,,,,0.8866378664970398,0.7118613809347152,0.7675152719020844,,,,,
460,8,generator,generate_answer|generate_with_strict_citations|generate_short_answer,generate_short_answer,-0.07,0,verifier,-1.0,-0.962498,0.725334,-1.0,-1.0,-0.962498,0.725334,-1.0,,,,,,,,,,0.0,0.01875084638595581,174,0.0,
460,9,verifier,verify_answer,verify_answer,-0.07,0,verifier,-1.0,,,,-1.0,0.0,0.0,0.0,,,,,,,,,,,,,,0.0
460,10,verifier,request_regeneration|request_more_retrieval|request_rewrite,request_regeneration,-0.07,0,generator,0.720565,,,,0.720565,0.0,0.0,0.0,,,,,,,,,,,,,,0.8602822721004486
460,11,generator,generate_answer|generate_with_strict_citations|generate_short_answer|regenerate,generate_short_answer,-0.07,0,verifier,-1.0,-1.0,-0.078397,-1.0,-1.0,-1.0,-0.078397,-1.0,,,,,,,,,,0.0,0.0,128,0.0,
460,12,verifier,verify_answer,verify_answer,0.2419,1,,-0.9957,,,,-0.9957,0.0,0.0,0.0,,,,,,,,,,,,,,0.0021498501300811768
461,1,retriever,dense_retrieve|sparse_retrieve|hybrid_retrieve|hybrid_rerank,dense_retrieve,-0.02,0,grader,0.707555,0.100467,-0.423968,-0.510779,0.707555,0.100467,-0.423968,-0.510779,0.8537774682044983,13,0.2880159616470337,0.24461036920547485,,,,,,,,,,
461,2,grader,keep_all|loose_filter|medium_filter|strict_filter|rerank_only,strict_filter,-0.07,0,generator,0.865888,0.935752,0.973223,,0.865888,0.935752,0.973223,0.0,,,,,,,0.9329439997673035,0.9903628677129745,0.9866116046905518,,,,,
461,3,generator,generate_answer|generate_with_strict_citations|generate_short_answer,generate_with_strict_citations,-0.07,0,verifier,0.262658,0.970292,0.833434,-0.783116,0.262658,0.970292,0.833434,-0.783116,,,,,,,,,,0.6313291043043137,0.985146164894104,220,0.10844188928604126,
461,4,verifier,verify_answer,verify_answer,0.5583,1,,-0.242064,,,,-0.242064,0.0,0.0,0.0,,,,,,,,,,,,,,0.3789679706096649
462,1,retriever,dense_retrieve|sparse_retrieve|hybrid_retrieve|hybrid_rerank,dense_retrieve,-0.02,0,grader,1.0,0.164638,-0.181311,-0.954681,1.0,0.164638,-0.181311,-0.954681,1.0,13,0.40934454649686813,0.02265956997871399,,,,,,,,,,
462,2,grader,keep_all|loose_filter|medium_filter|strict_filter|rerank_only,strict_filter,-0.07,0,generator,1.0,0.70866,1.0,,1.0,0.70866,1.0,0.0,,,,,,,1.0,0.9562990278005599,1.0,,,,,
462,3,generator,generate_answer|generate_with_strict_citations|generate_short_answer,generate_short_answer,-0.07,0,verifier,-0.219911,0.220288,1.0,0.356121,-0.219911,0.220288,1.0,0.356121,,,,,,,,,,0.39004435390233994,0.6101441532373428,384,0.6780605614185333,
462,4,verifier,verify_answer,verify_answer,0.9635,1,,-0.373857,,,,-0.373857,0.0,0.0,0.0,,,,,,,,,,,,,,0.313071608543396
463,1,retriever,dense_retrieve|sparse_retrieve|hybrid_retrieve|hybrid_rerank,hybrid_rerank,-0.02,0,grader,0.724063,-1.0,1.0,-0.073974,0.724063,-1.0,1.0,-0.073974,0.8620314598083496,5,1.0,0.46301302686333656,,,,,,,,,,
463,2,grader,keep_all|loose_filter|medium_filter|strict_filter|rerank_only,strict_filter,-0.07,0,generator,1.0,-0.891089,0.852816,,1.0,-0.891089,0.852816,0.0,,,,,,,1.0,0.7163366287946701,0.9264082312583923,,,,,
463,3,generator,generate_answer|generate_with_strict_citations|generate_short_answer,generate_short_answer,-0.07,0,verifier,0.836798,-0.520019,0.498769,-0.744414,0.836798,-0.520019,0.498769,-0.744414,,,,,,,,,,0.9183987677097321,0.23999035358428955,200,0.1277930736541748,
463,4,verifier,verify_answer,verify_answer,0.8974,1,,-0.559867,,,,-0.559867,0.0,0.0,0.0,,,,,,,,,,,,,,0.22006651759147644
464,1,retriever,dense_retrieve|sparse_retrieve|hybrid_retrieve|hybrid_rerank,hybrid_rerank,-0.02,0,grader,0.669738,-0.057455,0.007629,-0.384703,0.669738,-0.057455,0.007629,-0.384703,0.8348692357540131,12,0.5038146981969476,0.30764833092689514,,,,,,,,,,
464,2,grader,keep_all|loose_filter|medium_filter|strict_filter|rerank_only,strict_filter,-0.07,0,generator,0.801749,1.0,0.999854,,0.801749,1.0,0.999854,0.0,,,,,,,0.900874674320221,1.0,0.9999271929264069,,,,,
464,3,generator,generate_answer|generate_with_strict_citations|generate_short_answer,generate_with_strict_citations,-0.07,0,verifier,-0.287019,0.932465,1.0,-1.0,-0.287019,0.932465,1.0,-1.0,,,,,,,,,,0.3564906567335129,0.9662326276302338,192,0.0,
464,4,verifier,verify_answer,verify_answer,0.6464,1,,-0.643831,,,,-0.643831,0.0,0.0,0.0,,,,,,,,,,,,,,0.17808425426483154
465,1,retriever,dense_retrieve|sparse_retrieve|hybrid_retrieve|hybrid_rerank,dense_retrieve,-0.02,0,grader,0.749644,0.134394,-0.891129,-0.75059,0.749644,0.134394,-0.891129,-0.75059,0.8748219311237335,13,0.054435402154922485,0.1247052252292633,,,,,,,,,,
465,2,grader,keep_all|loose_filter|medium_filter|strict_filter|rerank_only,strict_filter,-0.07,0,generator,0.89251,0.785611,1.0,,0.89251,0.785611,1.0,0.0,,,,,,,0.9462548792362213,0.9678417086601256,1.0,,,,,
465,3,generator,generate_answer|generate_with_strict_citations|generate_short_answer,generate_answer,-0.07,0,verifier,0.079897,-0.900369,0.915707,0.828044,0.079897,-0.900369,0.915707,0.828044,,,,,,,,,,0.5399483293294907,0.04981568455696106,384,0.9140218198299408,
465,4,verifier,verify_answer,verify_answer,0.649,1,,-0.681143,,,,-0.681143,0.0,0.0,0.0,,,,,,,,,,,,,,0.15942874550819397
466,1,retriever,dense_retrieve|sparse_retrieve|hybrid_retrieve|hybrid_rerank,hybrid_retrieve,-0.02,0,grader,-0.046954,0.677131,-0.374911,-1.0,-0.046954,0.677131,-0.374911,-1.0,0.47652313485741615,17,0.3125442862510681,0.0,,,,,,,,,,
466,2,grader,keep_all|loose_filter|medium_filter|strict_filter|rerank_only,strict_filter,-0.07,0,generator,1.0,1.0,1.0,,1.0,1.0,1.0,0.0,,,,,,,1.0,1.0,1.0,,,,,
466,3,generator,generate_answer|generate_with_strict_citations|generate_short_answer,generate_short_answer,-0.07,0,verifier,-0.39748,0.130071,0.910379,-0.080123,-0.39748,0.130071,0.910379,-0.080123,,,,,,,,,,0.3012598007917404,0.5650357455015182,357,0.45993873849511147,
466,4,verifier,verify_answer,verify_answer,0.7624,1,,-0.443245,,,,-0.443245,0.0,0.0,0.0,,,,,,,,,,,,,,0.2783774137496948
467,1,retriever,dense_retrieve|sparse_retrieve|hybrid_retrieve|hybrid_rerank,hybrid_retrieve,-0.02,0,grader,0.007298,0.00922,-0.33168,-0.864942,0.007298,0.00922,-0.33168,-0.864942,0.5036488166078925,12,0.33415985107421875,0.06752899289131165,,,,,,,,,,
467,2,grader,keep_all|loose_filter|medium_filter|strict_filter|rerank_only,strict_filter,-0.07,0,generator,1.0,1.0,1.0,,1.0,1.0,1.0,0.0,,,,,,,1.0,1.0,1.0,,,,,
467,3,generator,generate_answer|generate_with_strict_citations|generate_short_answer,generate_short_answer,-0.07,0,verifier,-0.594285,-0.104658,1.0,-0.356222,-0.594285,-0.104658,1.0,-0.356222,,,,,,,,,,0.20285743474960327,0.44767120480537415,315,0.3218890577554703,
467,4,verifier,verify_answer,verify_answer,0.8496,1,,-0.446947,,,,-0.446947,0.0,0.0,0.0,,,,,,,,,,,,,,0.2765263617038727
468,1,retriever,dense_retrieve|sparse_retrieve|hybrid_retrieve|hybrid_rerank,hybrid_rerank,-0.02,0,grader,1.0,-1.0,0.877757,-0.335078,1.0,-1.0,0.877757,-0.335078,1.0,5,0.9388784766197205,0.3324609249830246,,,,,,,,,,
468,2,grader,keep_all|loose_filter|medium_filter|strict_filter|rerank_only,strict_filter,-0.07,0,generator,1.0,-1.0,1.0,,1.0,-1.0,1.0,0.0,,,,,,,1.0,0.7,1.0,,,,,
468,3,generator,generate_answer|generate_with_strict_citations|generate_short_answer,generate_short_answer,-0.07,0,verifier,0.630136,-1.0,0.972741,-0.784949,0.630136,-1.0,0.972741,-0.784949,,,,,,,,,,0.8150682151317596,0.0,230,0.10752558708190918,
468,4,verifier,verify_answer,verify_answer,0.8086,1,,-0.736484,,,,-0.736484,0.0,0.0,0.0,,,,,,,,,,,,,,0.13175776600837708
469,1,retriever,dense_retrieve|sparse_retrieve|hybrid_retrieve|hybrid_rerank,hybrid_retrieve,-0.02,0,grader,0.240611,0.028201,-0.168372,-0.961581,0.240611,0.028201,-0.168372,-0.961581,0.620305672287941,12,0.41581377387046814,0.01920941472053528,,,,,,,,,,
469,2,grader,keep_all|loose_filter|medium_filter|strict_filter|rerank_only,strict_filter,-0.07,0,generator,0.832811,0.90014,0.858281,,0.832811,0.90014,0.858281,0.0,,,,,,,0.916405588388443,0.9850209534168243,0.9291404187679291,,,,,
469,3,generator,generate_answer|generate_with_strict_citations|generate_short_answer,generate_short_answer,-0.07,0,verifier,0.042681,0.645628,1.0,-1.0,0.042681,0.645628,1.0,-1.0,,,,,,,,,,0.5213405415415764,0.8228141069412231,192,0.0,
469,4,verifier,verify_answer,verify_answer,0.7206,1,,-0.908169,,,,-0.908169,0.0,0.0,0.0,,,,,,,,,,,,,,0.04591527581214905
470,1,retriever,dense_retrieve|sparse_retrieve|hybrid_retrieve|hybrid_rerank,dense_retrieve,-0.02,0,grader,1.0,0.640425,-0.975063,-0.539094,1.0,0.640425,-0.975063,-0.539094,1.0,17,0.012468665838241577,0.23045307397842407,,,,,,,,,,
470,2,grader,keep_all|loose_filter|medium_filter|strict_filter|rerank_only,strict_filter,-0.07,0,generator,1.0,0.69328,1.0,,1.0,0.69328,1.0,0.0,,,,,,,1.0,0.9539919257164,1.0,,,,,
470,3,generator,generate_answer|generate_with_strict_citations|generate_short_answer,generate_with_strict_citations,-0.07,0,verifier,0.551011,1.0,-0.891055,-0.566868,0.551011,1.0,-0.891055,-0.566868,,,,,,,,,,0.7755053341388702,1.0,128,0.21656599640846252,
470,4,verifier,verify_answer,verify_answer,0.7195,1,,-0.851392,,,,-0.851392,0.0,0.0,0.0,,,,,,,,,,,,,,0.07430386543273926
471,1,retriever,dense_retrieve|sparse_retrieve|hybrid_retrieve|hybrid_rerank,dense_retrieve,-0.02,0,grader,1.0,0.905346,-0.592403,-0.513744,1.0,0.905346,-0.592403,-0.513744,1.0,19,0.20379838347434998,0.24312803149223328,,,,,,,,,,
471,2,grader,keep_all|loose_filter|medium_filter|strict_filter|rerank_only,strict_filter,-0.07,0,generator,0.952332,0.643482,1.0,,0.952332,0.643482,1.0,0.0,,,,,,,0.9761659204959869,0.946522331237793,1.0,,,,,
471,3,generator,generate_answer|generate_with_strict_citations|generate_short_answer,generate_answer,-0.07,0,verifier,0.731382,-0.433145,-0.074243,0.596547,0.731382,-0.433145,-0.074243,0.596547,,,,,,,,,,0.8656908273696899,0.2834276258945465,319,0.798273503780365,
471,4,verifier,verify_answer,verify_answer,0.7983,1,,-1.0,,,,-1.0,0.0,0.0,0.0,,,,,,,,,,,,,,0.0
472,1,retriever,dense_retrieve|sparse_retrieve|hybrid_retrieve|hybrid_rerank,dense_retrieve,-0.02,0,grader,0.65009,0.020897,-0.122342,-0.844006,0.65009,0.020897,-0.122342,-0.844006,0.8250449597835541,12,0.4388291500508785,0.07799723744392395,,,,,,,,,,
472,2,grader,keep_all|loose_filter|medium_filter|strict_filter|rerank_only,strict_filter,-0.07,0,generator,1.0,0.737143,1.0,,1.0,0.737143,1.0,0.0,,,,,,,1.0,0.9605714201927185,1.0,,,,,
472,3,generator,generate_answer|generate_with_strict_citations|generate_short_answer,generate_short_answer,-0.07,0,verifier,0.41108,0.047727,1.0,-0.514846,0.41108,0.047727,1.0,-0.514846,,,,,,,,,,0.7055399268865585,0.5238633006811142,285,0.24257716536521912,
472,4,verifier,verify_answer,verify_answer,0.7174,1,,-0.279559,,,,-0.279559,0.0,0.0,0.0,,,,,,,,,,,,,,0.3602202981710434
473,1,retriever,dense_retrieve|sparse_retrieve|hybrid_retrieve|hybrid_rerank,dense_retrieve,-0.02,0,grader,1.0,0.521603,-0.911562,-0.365122,1.0,0.521603,-0.911562,-0.365122,1.0,16,0.04421922564506531,0.31743913888931274,,,,,,,,,,
473,2,grader,keep_all|loose_filter|medium_filter|strict_filter|rerank_only,strict_filter,-0.07,0,generator,0.798244,0.452391,1.0,,0.798244,0.452391,1.0,0.0,,,,,,,0.8991218209266663,0.9178586855530738,1.0,,,,,
473,3,generator,generate_answer|generate_with_strict_citations|generate_short_answer,generate_answer,-0.07,0,verifier,0.989085,-1.0,1.0,0.958576,0.989085,-1.0,1.0,0.958576,,,,,,,,,,0.9945426285266876,0.0,384,0.9792878031730652,
473,4,verifier,verify_answer,verify_answer,0.2463,1,,-0.768163,,,,-0.768163,0.0,0.0,0.0,,,,,,,,,,,,,,0.11591839790344238
474,1,retriever,dense_retrieve|sparse_retrieve|hybrid_retrieve|hybrid_rerank,hybrid_rerank,-0.02,0,grader,0.688318,0.287577,0.352327,-0.758372,0.688318,0.287577,0.352327,-0.758372,0.8441588580608368,14,0.676163449883461,0.12081396579742432,,,,,,,,,,
474,2,grader,keep_all|loose_filter|medium_filter|strict_filter|rerank_only,strict_filter,-0.07,0,generator,1.0,1.0,0.944781,,1.0,1.0,0.944781,0.0,,,,,,,1.0,1.0,0.9723904430866241,,,,,
474,3,generator,generate_answer|generate_with_strict_citations|generate_short_answer,generate_short_answer,-0.07,0,verifier,0.036304,-0.51159,0.957623,-0.388783,0.036304,-0.51159,0.957623,-0.388783,,,,,,,,,,0.5181518346071243,0.2442047894001007,304,0.30560871958732605,
474,4,verifier,verify_answer,verify_answer,0.7425,1,,-0.265312,,,,-0.265312,0.0,0.0,0.0,,,,,,,,,,,,,,0.3673437833786011
475,1,retriever,dense_retrieve|sparse_retrieve|hybrid_retrieve|hybrid_rerank,hybrid_rerank,-0.02,0,grader,1.0,-1.0,1.0,-1.0,1.0,-1.0,1.0,-1.0,1.0,5,1.0,0.0,,,,,,,,,,
475,2,grader,keep_all|loose_filter|medium_filter|strict_filter|rerank_only,strict_filter,-0.07,0,generator,1.0,-0.522508,1.0,,1.0,-0.522508,1.0,0.0,,,,,,,1.0,0.7716238141059875,1.0,,,,,
475,3,generator,generate_answer|generate_with_strict_citations|generate_short_answer,generate_short_answer,-0.07,0,verifier,-0.345469,-1.0,0.21709,-0.799571,-0.345469,-1.0,0.21709,-0.799571,,,,,,,,,,0.32726553082466125,0.0,169,0.10021433234214783,
475,4,verifier,verify_answer,verify_answer,0.7393,1,,-0.797459,,,,-0.797459,0.0,0.0,0.0,,,,,,,,,,,,,,0.1012704074382782
476,1,retriever,dense_retrieve|sparse_retrieve|hybrid_retrieve|hybrid_rerank,dense_retrieve,-0.02,0,grader,1.0,0.75168,-0.736376,-0.228294,1.0,0.75168,-0.736376,-0.228294,1.0,18,0.13181200623512268,0.38585319370031357,,,,,,,,,,
476,2,grader,keep_all|loose_filter|medium_filter|strict_filter|rerank_only,strict_filter,-0.07,0,generator,0.985729,0.543685,0.946798,,0.985729,0.543685,0.946798,0.0,,,,,,,0.9928646981716156,0.9315527617931365,0.9733991324901581,,,,,
476,3,generator,generate_answer|generate_with_strict_citations|generate_short_answer,generate_answer,-0.07,0,verifier,0.701298,-0.931985,0.942366,1.0,0.701298,-0.931985,0.942366,1.0,,,,,,,,,,0.8506492376327515,0.03400754928588867,384,1.0,
476,4,verifier,verify_answer,verify_answer,0.6578,1,,-0.967409,,,,-0.967409,0.0,0.0,0.0,,,,,,,,,,,,,,0.016295582056045532
477,1,retriever,dense_retrieve|sparse_retrieve|hybrid_retrieve|hybrid_rerank,dense_retrieve,-0.02,0,grader,0.327989,0.34776,-0.387455,-0.459089,0.327989,0.34776,-0.387455,-0.459089,0.6639945656061172,15,0.30627256631851196,0.27045565843582153,,,,,,,,,,
477,2,grader,keep_all|loose_filter|medium_filter|strict_filter|rerank_only,strict_filter,-0.07,0,generator,0.828436,1.0,1.0,,0.828436,1.0,1.0,0.0,,,,,,,0.9142180681228638,1.0,1.0,,,,,
477,3,generator,generate_answer|generate_with_strict_citations|generate_short_answer,generate_short_answer,-0.07,0,verifier,-0.554334,-0.462802,1.0,0.11746,-0.554334,-0.462802,1.0,0.11746,,,,,,,,,,0.22283321619033813,0.268599197268486,384,0.5587299950420856,
477,4,verifier,verify_answer,verify_answer,0.7875,1,,-0.378919,,,,-0.378919,0.0,0.0,0.0,,,,,,,,,,,,,,0.31054046750068665
478,1,retriever,dense_retrieve|sparse_retrieve|hybrid_retrieve|hybrid_rerank,dense_retrieve,-0.02,0,grader,0.864867,0.87685,-0.54602,-0.30006,0.864867,0.87685,-0.54602,-0.30006,0.9324334859848022,19,0.22699019312858582,0.34997017681598663,,,,,,,,,,
478,2,grader,keep_all|loose_filter|medium_filter|strict_filter|rerank_only,strict_filter,-0.07,0,generator,1.0,0.466823,1.0,,1.0,0.466823,1.0,0.0,,,,,,,1.0,0.9200235098600387,1.0,,,,,
478,3,generator,generate_answer|generate_with_strict_citations|generate_short_answer,generate_answer,-0.07,0,verifier,0.795359,-0.804508,0.608158,0.955117,0.795359,-0.804508,0.608158,0.955117,,,,,,,,,,0.8976792693138123,0.09774619340896606,384,0.9775587320327759,
478,4,verifier,verify_answer,verify_answer,0.8765,1,,-1.0,,,,-1.0,0.0,0.0,0.0,,,,,,,,,,,,,,0.0
479,1,retriever,dense_retrieve|sparse_retrieve|hybrid_retrieve|hybrid_rerank,dense_retrieve,-0.02,0,grader,0.615514,0.374628,-0.08082,-0.704791,0.615514,0.374628,-0.08082,-0.704791,0.8077568709850311,15,0.4595901891589165,0.14760428667068481,,,,,,,,,,
479,2,grader,keep_all|loose_filter|medium_filter|strict_filter|rerank_only,strict_filter,-0.07,0,generator,0.982786,1.0,0.88536,,0.982786,1.0,0.88536,0.0,,,,,,,0.9913928806781769,1.0,0.9426798820495605,,,,,
479,3,generator,generate_answer|generate_with_strict_citations|generate_short_answer,generate_answer,-0.07,0,verifier,-0.327219,-0.029491,0.882624,0.696378,-0.327219,-0.029491,0.882624,0.696378,,,,,,,,,,0.33639031648635864,0.4852543780580163,384,0.8481890857219696,
479,4,verifier,verify_answer,verify_answer,0.6536,1,,0.239497,,,,0.239497,0.0,0.0,0.0,,,,,,,,,,,,,,0.6197483912110329
480,1,retriever,dense_retrieve|sparse_retrieve|hybrid_retrieve|hybrid_rerank,dense_retrieve,-0.02,0,grader,0.397044,0.333788,-0.01614,-0.71424,0.397044,0.333788,-0.01614,-0.71424,0.6985218673944473,15,0.4919302109628916,0.1428799331188202,,,,,,,,,,
480,2,grader,keep_all|loose_filter|medium_filter|strict_filter|rerank_only,strict_filter,-0.07,0,generator,1.0,0.998844,0.87933,,1.0,0.998844,0.87933,0.0,,,,,,,1.0,0.9998265594244002,0.9396648108959198,,,,,
480,3,generator,generate_answer|generate_with_strict_citations|generate_short_answer,generate_short_answer,-0.07,0,verifier,-0.431131,0.217009,0.913764,0.212503,-0.431131,0.217009,0.913764,0.212503,,,,,,,,,,0.28443439304828644,0.6085044741630554,384,0.6062513515353203,
480,4,verifier,verify_answer,verify_answer,0.7553,1,,-0.003968,,,,-0.003968,0.0,0.0,0.0,,,,,,,,,,,,,,0.4980157797690481
481,1,retriever,dense_retrieve|sparse_retrieve|hybrid_retrieve|hybrid_rerank,hybrid_rerank,-0.02,0,grader,0.925321,-1.0,0.984971,-0.805936,0.925321,-1.0,0.984971,-0.805936,0.9626604318618774,5,0.9924853146076202,0.09703201055526733,,,,,,,,,,
481,2,grader,keep_all|loose_filter|medium_filter|strict_filter|rerank_only,strict_filter,-0.07,0,generator,1.0,-0.25519,1.0,,1.0,-0.25519,1.0,0.0,,,,,,,1.0,0.8117215737700462,1.0,,,,,
481,3,generator,generate_answer|generate_with_strict_citations|generate_short_answer,generate_short_answer,-0.07,0,verifier,-0.147218,-1.0,0.786247,-0.529628,-0.147218,-1.0,0.786247,-0.529628,,,,,,,,,,0.42639102041721344,0.0,261,0.2351861596107483,
481,4,verifier,verify_answer,verify_answer,0.7946,1,,-1.0,,,,-1.0,0.0,0.0,0.0,,,,,,,,,,,,,,0.0
482,1,retriever,dense_retrieve|sparse_retrieve|hybrid_retrieve|hybrid_rerank,dense_retrieve,-0.02,0,grader,0.88354,0.62472,-0.784403,-0.355916,0.88354,0.62472,-0.784403,-0.355916,0.9417700469493866,17,0.10779863595962524,0.3220420181751251,,,,,,,,,,
482,2,grader,keep_all|loose_filter|medium_filter|strict_filter|rerank_only,strict_filter,-0.07,0,generator,0.976216,0.332154,1.0,,0.976216,0.332154,1.0,0.0,,,,,,,0.9881079792976379,0.8998230293393135,1.0,,,,,
482,3,generator,generate_answer|generate_with_strict_citations|generate_short_answer,generate_answer,-0.07,0,verifier,0.744385,-0.85057,1.0,0.787417,0.744385,-0.85057,1.0,0.787417,,,,,,,,,,0.8721926212310791,0.07471516728401184,384,0.8937084674835205,
482,4,verifier,verify_answer,verify_answer,0.8789,1,,-1.0,,,,-1.0,0.0,0.0,0.0,,,,,,,,,,,,,,0.0
483,1,retriever,dense_retrieve|sparse_retrieve|hybrid_retrieve|hybrid_rerank,dense_retrieve,-0.02,0,grader,1.0,0.629407,-0.742329,-0.49666,1.0,0.629407,-0.742329,-0.49666,1.0,17,0.12883558869361877,0.25166986882686615,,,,,,,,,,
483,2,grader,keep_all|loose_filter|medium_filter|strict_filter|rerank_only,strict_filter,-0.07,0,generator,0.975704,0.502938,0.861655,,0.975704,0.502938,0.861655,0.0,,,,,,,0.9878519773483276,0.9254406511783599,0.9308274388313293,,,,,
483,3,generator,generate_answer|generate_with_strict_citations|generate_short_answer,generate_answer,-0.07,0,verifier,0.961853,-1.0,0.782861,1.0,0.961853,-1.0,0.782861,1.0,,,,,,,,,,0.9809266626834869,0.0,384,1.0,
483,4,verifier,verify_answer,verify_answer,0.6465,1,,-0.977841,,,,-0.977841,0.0,0.0,0.0,,,,,,,,,,,,,,0.011079341173171997
484,1,retriever,dense_retrieve|sparse_retrieve|hybrid_retrieve|hybrid_rerank,dense_retrieve,-0.02,0,grader,0.975588,0.627144,-0.693254,-0.14316,0.975588,0.627144,-0.693254,-0.14316,0.9877939224243164,17,0.15337318181991577,0.4284198433160782,,,,,,,,,,
484,2,grader,keep_all|loose_filter|medium_filter|strict_filter|rerank_only,medium_filter,-0.07,0,generator,1.0,0.421268,0.735311,,1.0,0.421268,0.735311,0.0,,,,,,,1.0,0.913190135359764,0.8676554560661316,,,,,
484,3,generator,generate_answer|generate_with_strict_citations|generate_short_answer,generate_answer,-0.07,0,verifier,1.0,-0.429088,0.532246,0.930361,1.0,-0.429088,0.532246,0.930361,,,,,,,,,,1.0,0.28545601665973663,384,0.9651806652545929,
484,4,verifier,verify_answer,verify_answer,0.9112,1,,-0.811692,,,,-0.811692,0.0,0.0,0.0,,,,,,,,,,,,,,0.09415385127067566
485,1,retriever,dense_retrieve|sparse_retrieve|hybrid_retrieve|hybrid_rerank,dense_retrieve,-0.02,0,grader,0.696159,0.605708,-0.343265,-0.742538,0.696159,0.605708,-0.343265,-0.742538,0.848079264163971,17,0.3283674567937851,0.1287311315536499,,,,,,,,,,
485,2,grader,keep_all|loose_filter|medium_filter|strict_filter|rerank_only,loose_filter,-0.07,0,generator,0.898882,1.0,0.592685,,0.898882,1.0,0.592685,0.0,,,,,,,0.949441134929657,1.0,0.796342521905899,,,,,
485,3,generator,generate_answer|generate_with_strict_citations|generate_short_answer,generate_short_answer,-0.07,0,verifier,0.800024,0.639608,0.925341,-1.0,0.800024,0.639608,0.925341,-1.0,,,,,,,,,,0.9000122249126434,0.8198039829730988,187,0.0,
485,4,verifier,verify_answer,verify_answer,0.6199,1,,-0.952159,,,,-0.952159,0.0,0.0,0.0,,,,,,,,,,,,,,0.023920506238937378
486,1,retriever,dense_retrieve|sparse_retrieve|hybrid_retrieve|hybrid_rerank,dense_retrieve,-0.02,0,grader,0.672283,0.035742,-0.17957,-0.410953,0.672283,0.035742,-0.17957,-0.410953,0.8361414670944214,12,0.41021497547626495,0.2945237457752228,,,,,,,,,,
486,2,grader,keep_all|loose_filter|medium_filter|strict_filter|rerank_only,strict_filter,-0.07,0,generator,0.825648,1.0,0.939728,,0.825648,1.0,0.939728,0.0,,,,,,,0.9128241240978241,1.0,0.9698638916015625,,,,,
486,3,generator,generate_answer|generate_with_strict_citations|generate_short_answer,generate_answer,-0.07,0,verifier,-0.466287,-0.482599,0.900561,0.590665,-0.466287,-0.482599,0.900561,0.590665,,,,,,,,,,0.2668566107749939,0.2587006092071533,384,0.7953327298164368,
486,4,verifier,verify_answer,verify_answer,0.4561,1,,-0.191084,,,,-0.191084,0.0,0.0,0.0,,,,,,,,,,,,,,0.40445803105831146
487,1,retriever,dense_retrieve|sparse_retrieve|hybrid_retrieve|hybrid_rerank,dense_retrieve,-0.02,0,grader,0.928305,0.276204,-1.0,-0.701682,0.928305,0.276204,-1.0,-0.701682,0.9641523659229279,14,0.0,0.14915919303894043,,,,,,,,,,
487,2,grader,keep_all|loose_filter|medium_filter|strict_filter|rerank_only,strict_filter,-0.07,0,generator,1.0,0.066599,0.954158,,1.0,0.066599,0.954158,0.0,,,,,,,1.0,0.8599898371845484,0.9770789444446564,,,,,
487,3,generator,generate_answer|generate_with_strict_citations|generate_short_answer,generate_with_strict_citations,-0.07,0,verifier,1.0,1.0,-0.85814,0.019513,1.0,1.0,-0.85814,0.019513,,,,,,,,,,1.0,1.0,147,0.5097562912851572,
487,4,verifier,verify_answer,verify_answer,0.6566,1,,-0.707819,,,,-0.707819,0.0,0.0,0.0,,,,,,,,,,,,,,0.14609068632125854
488,1,retriever,dense_retrieve|sparse_retrieve|hybrid_retrieve|hybrid_rerank,dense_retrieve,-0.02,0,grader,0.724125,0.026651,-0.552767,-0.614324,0.724125,0.026651,-0.552767,-0.614324,0.8620625138282776,12,0.22361648082733154,0.19283786416053772,,,,,,,,,,
488,2,grader,keep_all|loose_filter|medium_filter|strict_filter|rerank_only,strict_filter,-0.07,0,generator,1.0,0.896516,1.0,,1.0,0.896516,1.0,0.0,,,,,,,1.0,0.9844773769378661,1.0,,,,,
488,3,generator,generate_answer|generate_with_strict_citations|generate_short_answer,generate_with_strict_citations,-0.07,0,verifier,0.929871,0.80647,0.581733,-1.0,0.929871,0.80647,0.581733,-1.0,,,,,,,,,,0.9649355113506317,0.9032350480556488,165,0.0,
488,4,verifier,verify_answer,verify_answer,0.388,1,,-0.210946,,,,-0.210946,0.0,0.0,0.0,,,,,,,,,,,,,,0.39452702552080154
489,1,retriever,dense_retrieve|sparse_retrieve|hybrid_retrieve|hybrid_rerank,dense_retrieve,-0.02,0,grader,0.902578,0.788401,-1.0,-0.113028,0.902578,0.788401,-1.0,-0.113028,0.9512892365455627,18,0.0,0.4434862397611141,,,,,,,,,,
489,2,grader,keep_all|loose_filter|medium_filter|strict_filter|rerank_only,strict_filter,-0.07,0,generator,0.96752,0.100935,1.0,,0.96752,0.100935,1.0,0.0,,,,,,,0.9837599098682404,0.8651401780545711,1.0,,,,,
489,3,generator,generate_answer|generate_with_strict_citations|generate_short_answer,generate_answer,-0.07,0,verifier,1.0,-0.277784,-0.07612,0.860329,1.0,-0.277784,-0.07612,0.860329,,,,,,,,,,1.0,0.3611080199480057,351,0.9301646649837494,
489,4,verifier,verify_answer,verify_answer,0.7871,1,,-0.839904,,,,-0.839904,0.0,0.0,0.0,,,,,,,,,,,,,,0.08004811406135559
490,1,retriever,dense_retrieve|sparse_retrieve|hybrid_retrieve|hybrid_rerank,dense_retrieve,-0.02,0,grader,0.743911,0.976992,-1.0,-0.394296,0.743911,0.976992,-1.0,-0.394296,0.8719556629657745,19,0.0,0.30285219848155975,,,,,,,,,,
490,2,grader,keep_all|loose_filter|medium_filter|strict_filter|rerank_only,strict_filter,-0.07,0,generator,1.0,0.239812,0.937178,,1.0,0.239812,0.937178,0.0,,,,,,,1.0,0.8859718292951584,0.9685890674591064,,,,,
490,3,generator,generate_answer|generate_with_strict_citations|generate_short_answer,generate_answer,-0.07,0,verifier,0.545969,-0.779282,0.751728,0.825064,0.545969,-0.779282,0.751728,0.825064,,,,,,,,,,0.7729846239089966,0.11035889387130737,384,0.912532240152359,
490,4,verifier,verify_answer,verify_answer,0.8105,1,,-1.0,,,,-1.0,0.0,0.0,0.0,,,,,,,,,,,,,,0.0
491,1,retriever,dense_retrieve|sparse_retrieve|hybrid_retrieve|hybrid_rerank,dense_retrieve,-0.02,0,grader,0.93705,0.548068,-0.382625,-0.742171,0.93705,0.548068,-0.382625,-0.742171,0.9685248136520386,16,0.3086874932050705,0.12891462445259094,,,,,,,,,,
491,2,grader,keep_all|loose_filter|medium_filter|strict_filter|rerank_only,strict_filter,-0.07,0,generator,0.909928,0.993486,1.0,,0.909928,0.993486,1.0,0.0,,,,,,,0.9549639225006104,0.9990228354930877,1.0,,,,,
491,3,generator,generate_answer|generate_with_strict_citations|generate_short_answer,generate_with_strict_citations,-0.07,0,verifier,1.0,0.817822,0.939123,-0.968035,1.0,0.817822,0.939123,-0.968035,,,,,,,,,,1.0,0.9089111089706421,194,0.015982627868652344,
491,4,verifier,verify_answer,verify_answer,0.6065,1,,-0.671738,,,,-0.671738,0.0,0.0,0.0,,,,,,,,,,,,,,0.1641310751438141
492,1,retriever,dense_retrieve|sparse_retrieve|hybrid_retrieve|hybrid_rerank,dense_retrieve,-0.02,0,grader,0.495201,0.494367,-0.450101,-0.642786,0.495201,0.494367,-0.450101,-0.642786,0.7476003766059875,16,0.2749495953321457,0.17860719561576843,,,,,,,,,,
492,2,grader,keep_all|loose_filter|medium_filter|strict_filter|rerank_only,strict_filter,-0.07,0,generator,1.0,0.961707,0.818274,,1.0,0.961707,0.818274,0.0,,,,,,,1.0,0.9942560851573943,0.9091369807720184,,,,,
492,3,generator,generate_answer|generate_with_strict_citations|generate_short_answer,generate_short_answer,-0.07,0,verifier,-0.340803,-0.499547,1.0,0.289039,-0.340803,-0.499547,1.0,0.289039,,,,,,,,,,0.3295982927083969,0.2502264231443405,384,0.6445195227861404,
492,4,verifier,verify_answer,verify_answer,0.7517,1,,-0.239189,,,,-0.239189,0.0,0.0,0.0,,,,,,,,,,,,,,0.3804054781794548
493,1,retriever,dense_retrieve|sparse_retrieve|hybrid_retrieve|hybrid_rerank,dense_retrieve,-0.02,0,grader,0.447285,0.596646,-0.517115,-0.584285,0.447285,0.596646,-0.517115,-0.584285,0.7236423939466476,16,0.24144232273101807,0.20785754919052124,,,,,,,,,,
493,2,grader,keep_all|loose_filter|medium_filter|strict_filter|rerank_only,strict_filter,-0.07,0,generator,1.0,0.941828,0.963436,,1.0,0.941828,0.963436,0.0,,,,,,,1.0,0.991274183988571,0.9817180931568146,,,,,
493,3,generator,generate_answer|generate_with_strict_citations|generate_short_answer,generate_with_strict_citations,-0.07,0,verifier,1.0,0.72368,1.0,-1.0,1.0,0.72368,1.0,-1.0,,,,,,,,,,1.0,0.861840158700943,192,0.0,
493,4,verifier,verify_answer,verify_answer,0.5946,1,,-0.403937,,,,-0.403937,0.0,0.0,0.0,,,,,,,,,,,,,,0.2980315685272217
494,1,retriever,dense_retrieve|sparse_retrieve|hybrid_retrieve|hybrid_rerank,dense_retrieve,-0.02,0,grader,0.394125,0.507622,-0.273428,-0.783393,0.394125,0.507622,-0.273428,-0.783393,0.6970625519752502,16,0.36328621208667755,0.10830339789390564,,,,,,,,,,
494,2,grader,keep_all|loose_filter|medium_filter|strict_filter|rerank_only,strict_filter,-0.07,0,generator,0.966733,0.772961,1.0,,0.966733,0.772961,1.0,0.0,,,,,,,0.9833664000034332,0.9659441262483597,1.0,,,,,
494,3,generator,generate_answer|generate_with_strict_citations|generate_short_answer,generate_short_answer,-0.07,0,verifier,0.014404,-0.626918,1.0,-0.02839,0.014404,-0.626918,1.0,-0.02839,,,,,,,,,,0.5072017903439701,0.18654108047485352,378,0.48580480832606554,
494,4,verifier,verify_answer,verify_answer,0.7086,1,,-0.138392,,,,-0.138392,0.0,0.0,0.0,,,,,,,,,,,,,,0.4308038502931595
495,1,retriever,dense_retrieve|sparse_retrieve|hybrid_retrieve|hybrid_rerank,dense_retrieve,-0.02,0,grader,0.989355,0.610963,-0.94382,-0.502642,0.989355,0.610963,-0.94382,-0.502642,0.9946774840354919,17,0.02809014916419983,0.24867913126945496,,,,,,,,,,
495,2,grader,keep_all|loose_filter|medium_filter|strict_filter|rerank_only,strict_filter,-0.07,0,generator,0.814059,0.40386,1.0,,0.814059,0.40386,1.0,0.0,,,,,,,0.9070296585559845,0.910578978061676,1.0,,,,,
495,3,generator,generate_answer|generate_with_strict_citations|generate_short_answer,generate_answer,-0.07,0,verifier,0.973365,-0.222333,-0.898322,1.0,0.973365,-0.222333,-0.898322,1.0,,,,,,,,,,0.9866823852062225,0.3888337090611458,211,1.0,
495,4,verifier,verify_answer,verify_answer,0.6515,1,,-1.0,,,,-1.0,0.0,0.0,0.0,,,,,,,,,,,,,,0.0
496,1,retriever,dense_retrieve|sparse_retrieve|hybrid_retrieve|hybrid_rerank,hybrid_rerank,-0.02,0,grader,0.607446,0.585286,0.077979,-0.408246,0.607446,0.585286,0.077979,-0.408246,0.8037230968475342,16,0.5389894358813763,0.2958768159151077,,,,,,,,,,
496,2,grader,keep_all|loose_filter|medium_filter|strict_filter|rerank_only,strict_filter,-0.07,0,generator,0.926181,0.785217,0.922216,,0.926181,0.785217,0.922216,0.0,,,,,,,0.963090568780899,0.9677825480699538,0.9611081182956696,,,,,
496,3,generator,generate_answer|generate_with_strict_citations|generate_short_answer,generate_with_strict_citations,-0.07,0,verifier,0.960644,1.0,1.0,-0.800414,0.960644,1.0,1.0,-0.800414,,,,,,,,,,0.9803221225738525,1.0,230,0.09979310631752014,
496,4,verifier,verify_answer,verify_answer,0.7111,1,,-1.0,,,,-1.0,0.0,0.0,0.0,,,,,,,,,,,,,,0.0
497,1,retriever,dense_retrieve|sparse_retrieve|hybrid_retrieve|hybrid_rerank,dense_retrieve,-0.02,0,grader,0.933133,0.463785,-0.91291,-0.612629,0.933133,0.463785,-0.91291,-0.612629,0.9665667414665222,15,0.0435451865196228,0.1936856508255005,,,,,,,,,,
497,2,grader,keep_all|loose_filter|medium_filter|strict_filter|rerank_only,strict_filter,-0.07,0,generator,1.0,0.48314,1.0,,1.0,0.48314,1.0,0.0,,,,,,,1.0,0.9224709719419479,1.0,,,,,
497,3,generator,generate_answer|generate_with_strict_citations|generate_short_answer,generate_answer,-0.07,0,verifier,0.8369,-1.0,0.824657,0.946562,0.8369,-1.0,0.824657,0.946562,,,,,,,,,,0.918449878692627,0.0,384,0.9732808172702789,
497,4,verifier,verify_answer,verify_answer,0.8457,1,,-1.0,,,,-1.0,0.0,0.0,0.0,,,,,,,,,,,,,,0.0
498,1,retriever,dense_retrieve|sparse_retrieve|hybrid_retrieve|hybrid_rerank,hybrid_rerank,-0.02,0,grader,1.0,-0.98657,0.920314,-0.733669,1.0,-0.98657,0.920314,-0.733669,1.0,5,0.9601568877696991,0.1331653892993927,,,,,,,,,,
498,2,grader,keep_all|loose_filter|medium_filter|strict_filter|rerank_only,strict_filter,-0.07,0,generator,0.824577,-0.117059,1.0,,0.824577,-0.117059,1.0,0.0,,,,,,,0.9122883379459381,0.8324411667883396,1.0,,,,,
498,3,generator,generate_answer|generate_with_strict_citations|generate_short_answer,generate_short_answer,-0.07,0,verifier,-0.852962,-1.0,0.693999,-0.954813,-0.852962,-1.0,0.693999,-0.954813,,,,,,,,,,0.07351908087730408,0.0,179,0.02259361743927002,
498,4,verifier,verify_answer,verify_answer,0.7542,1,,-0.97997,,,,-0.97997,0.0,0.0,0.0,,,,,,,,,,,,,,0.010014981031417847
499,1,retriever,dense_retrieve|sparse_retrieve|hybrid_retrieve|hybrid_rerank,dense_retrieve,-0.02,0,grader,0.874602,2.5e-05,-0.17091,-0.824759,0.874602,2.5e-05,-0.17091,-0.824759,0.9373009502887726,12,0.4145452082157135,0.08762028813362122,,,,,,,,,,
499,2,grader,keep_all|loose_filter|medium_filter|strict_filter|rerank_only,strict_filter,-0.07,0,generator,1.0,1.0,0.922863,,1.0,1.0,0.922863,0.0,,,,,,,1.0,1.0,0.961431473493576,,,,,
499,3,generator,generate_answer|generate_with_strict_citations|generate_short_answer,generate_with_strict_citations,-0.07,0,verifier,-0.164055,0.82385,1.0,-0.938974,-0.164055,0.82385,1.0,-0.938974,,,,,,,,,,0.41797273606061935,0.911924809217453,203,0.030513137578964233,
499,4,verifier,verify_answer,verify_answer,0.7578,1,,-0.983488,,,,-0.983488,0.0,0.0,0.0,,,,,,,,,,,,,,0.008255869150161743
500,1,retriever,dense_retrieve|sparse_retrieve|hybrid_retrieve|hybrid_rerank,dense_retrieve,-0.02,0,grader,0.445061,0.047727,-0.023944,-0.614957,0.445061,0.047727,-0.023944,-0.614957,0.7225304394960403,12,0.4880281686782837,0.19252139329910278,,,,,,,,,,
500,2,grader,keep_all|loose_filter|medium_filter|strict_filter|rerank_only,strict_filter,-0.07,0,generator,1.0,1.0,0.973969,,1.0,1.0,0.973969,0.0,,,,,,,1.0,1.0,0.9869846999645233,,,,,
500,3,generator,generate_answer|generate_with_strict_citations|generate_short_answer,generate_short_answer,-0.07,0,verifier,-0.265602,0.383241,1.0,-0.476342,-0.265602,0.383241,1.0,-0.476342,,,,,,,,,,0.36719919741153717,0.6916205883026123,292,0.2618290185928345,
500,4,verifier,verify_answer,verify_answer,0.8371,1,,-0.535473,,,,-0.535473,0.0,0.0,0.0,,,,,,,,,,,,,,0.23226338624954224
