episode,step,active_agent,valid_actions,discrete_action,reward,done,next_active_agent,raw_0,raw_1,raw_2,raw_3,padded_0,padded_1,padded_2,padded_3,dense_sparse_weight,top_k,rerank_threshold,source_diversity,rewrite_strength,query_expansion_weight,relevance_threshold,evidence_keep_ratio,strictness_score,temperature,citation_strictness,max_tokens,answer_detail_level,support_threshold
1,1,retriever,dense_retrieve|sparse_retrieve|hybrid_retrieve|hybrid_rerank,hybrid_retrieve,-0.02,0,grader,0.134772,-0.410132,-0.006659,-0.27329,0.134772,-0.410132,-0.006659,-0.27329,0.567385844886303,9,0.49667039373889565,0.36335521936416626,,,,,,,,,,
1,2,grader,keep_all|loose_filter|medium_filter|strict_filter|rerank_only,rerank_only,-0.07,0,generator,0.653231,-0.818126,0.081434,,0.653231,-0.818126,0.081434,0.0,,,,,,,0.82661572098732,0.5454685091972351,0.5407171882688999,,,,,
1,3,generator,generate_answer|generate_with_strict_citations|generate_short_answer,generate_short_answer,-0.07,0,verifier,0.849818,0.570412,0.155586,-0.287898,0.849818,0.570412,0.155586,-0.287898,,,,,,,,,,0.9249089956283569,0.7852059900760651,235,0.3560510277748108,
1,4,verifier,verify_answer,verify_answer,0.5318,1,,-0.809149,,,,-0.809149,0.0,0.0,0.0,,,,,,,,,,,,,,0.0954255759716034
2,1,retriever,dense_retrieve|sparse_retrieve|hybrid_retrieve|hybrid_rerank,hybrid_retrieve,-0.02,0,grader,0.049758,-0.0307,-0.33424,-0.810239,0.049758,-0.0307,-0.33424,-0.810239,0.5248788651078939,12,0.33288003504276276,0.09488058090209961,,,,,,,,,,
2,2,grader,keep_all|loose_filter|medium_filter|strict_filter|rerank_only,rerank_only,-0.07,0,generator,0.433704,-0.782667,-0.379614,,0.433704,-0.782667,-0.379614,0.0,,,,,,,0.7168522477149963,0.5543333739042282,0.31019310653209686,,,,,
2,3,generator,generate_answer|generate_with_strict_citations|generate_short_answer,generate_with_strict_citations,-0.07,0,verifier,0.435355,0.733517,0.003189,0.001655,0.435355,0.733517,0.003189,0.001655,,,,,,,,,,0.7176772803068161,0.8667585253715515,256,0.5008273556013592,
2,4,verifier,verify_answer,verify_answer,0.5546,1,,-0.844472,,,,-0.844472,0.0,0.0,0.0,,,,,,,,,,,,,,0.07776394486427307
3,1,retriever,dense_retrieve|sparse_retrieve|hybrid_retrieve|hybrid_rerank,hybrid_retrieve,-0.02,0,grader,-0.16502,-0.24776,-0.307032,-0.515222,-0.16502,-0.24776,-0.307032,-0.515222,0.4174898490309715,10,0.34648390114307404,0.2423889935016632,,,,,,,,,,
3,2,grader,keep_all|loose_filter|medium_filter|strict_filter|rerank_only,rerank_only,-0.07,0,generator,0.553924,-0.82138,-0.180162,,0.553924,-0.82138,-0.180162,0.0,,,,,,,0.7769617736339569,0.5446550101041794,0.40991900861263275,,,,,
3,3,generator,generate_answer|generate_with_strict_citations|generate_short_answer,generate_short_answer,-0.07,0,verifier,0.917965,0.637973,-0.006656,0.091246,0.917965,0.637973,-0.006656,0.091246,,,,,,,,,,0.9589823484420776,0.8189862966537476,266,0.5456231124699116,
3,4,verifier,verify_answer,verify_answer,0.5774,1,,-0.921196,,,,-0.921196,0.0,0.0,0.0,,,,,,,,,,,,,,0.03940209746360779
4,1,retriever,dense_retrieve|sparse_retrieve|hybrid_retrieve|hybrid_rerank,hybrid_retrieve,-0.02,0,grader,-0.061799,0.091913,-0.126206,-0.744127,-0.061799,0.091913,-0.126206,-0.744127,0.4691003803163767,13,0.43689682334661484,0.1279364824295044,,,,,,,,,,
4,2,grader,keep_all|loose_filter|medium_filter|strict_filter|rerank_only,rerank_only,-0.07,0,generator,0.689718,-0.807126,-0.053098,,0.689718,-0.807126,-0.053098,0.0,,,,,,,0.8448589146137238,0.5482185184955597,0.4734508916735649,,,,,
4,3,generator,generate_answer|generate_with_strict_citations|generate_short_answer,generate_short_answer,-0.07,0,verifier,0.551515,0.325483,-0.05424,0.192887,0.551515,0.325483,-0.05424,0.192887,,,,,,,,,,0.7757575511932373,0.6627413481473923,273,0.596443310379982,
4,4,verifier,verify_answer,verify_answer,0.6514,1,,-0.367215,,,,-0.367215,0.0,0.0,0.0,,,,,,,,,,,,,,0.316392719745636
5,1,retriever,dense_retrieve|sparse_retrieve|hybrid_retrieve|hybrid_rerank,hybrid_retrieve,-0.02,0,grader,0.120196,-0.657209,-0.129096,-0.537248,0.120196,-0.657209,-0.129096,-0.537248,0.5600978694856167,7,0.43545205891132355,0.2313758134841919,,,,,,,,,,
5,2,grader,keep_all|loose_filter|medium_filter|strict_filter|rerank_only,rerank_only,-0.07,0,generator,0.591547,-0.659315,-0.038717,,0.591547,-0.659315,-0.038717,0.0,,,,,,,0.7957732677459717,0.5851712226867676,0.4806414693593979,,,,,
5,3,generator,generate_answer|generate_with_strict_citations|generate_short_answer,generate_short_answer,-0.07,0,verifier,0.788394,0.514373,0.165853,0.005094,0.788394,0.514373,0.165853,0.005094,,,,,,,,,,0.8941969275474548,0.7571863532066345,277,0.5025470079854131,
5,4,verifier,verify_answer,verify_answer,0.7052,1,,-0.631439,,,,-0.631439,0.0,0.0,0.0,,,,,,,,,,,,,,0.18428069353103638
6,1,retriever,dense_retrieve|sparse_retrieve|hybrid_retrieve|hybrid_rerank,hybrid_retrieve,-0.02,0,grader,-0.084047,0.056549,-0.553496,-0.857799,-0.084047,0.056549,-0.553496,-0.857799,0.45797646045684814,12,0.22325190901756287,0.07110032439231873,,,,,,,,,,
6,2,grader,keep_all|loose_filter|medium_filter|strict_filter|rerank_only,rerank_only,-0.07,0,generator,0.692745,-0.609972,-0.319142,,0.692745,-0.609972,-0.319142,0.0,,,,,,,0.8463723659515381,0.5975069999694824,0.34042902290821075,,,,,
6,3,generator,generate_answer|generate_with_strict_citations|generate_short_answer,generate_short_answer,-0.07,0,verifier,0.913087,0.654886,0.066031,-0.434278,0.913087,0.654886,0.066031,-0.434278,,,,,,,,,,0.9565434753894806,0.8274431526660919,206,0.28286123275756836,
6,4,verifier,verify_answer,verify_answer,0.592,1,,-0.528573,,,,-0.528573,0.0,0.0,0.0,,,,,,,,,,,,,,0.23571369051933289
7,1,retriever,dense_retrieve|sparse_retrieve|hybrid_retrieve|hybrid_rerank,hybrid_retrieve,-0.02,0,grader,0.072649,-0.167352,-0.506563,-0.355667,0.072649,-0.167352,-0.506563,-0.355667,0.5363245904445648,11,0.2467186450958252,0.3221662789583206,,,,,,,,,,
7,2,grader,keep_all|loose_filter|medium_filter|strict_filter|rerank_only,rerank_only,-0.07,0,generator,0.708355,-0.837611,-0.149017,,0.708355,-0.837611,-0.149017,0.0,,,,,,,0.8541774153709412,0.5405973047018051,0.4254915788769722,,,,,
7,3,generator,generate_answer|generate_with_strict_citations|generate_short_answer,generate_short_answer,-0.07,0,verifier,0.311331,0.586129,0.275138,0.040198,0.311331,0.586129,0.275138,0.040198,,,,,,,,,,0.6556656360626221,0.793064296245575,296,0.5200992487370968,
7,4,verifier,verify_answer,verify_answer,0.5075,1,,-0.785615,,,,-0.785615,0.0,0.0,0.0,,,,,,,,,,,,,,0.1071922779083252
8,1,retriever,dense_retrieve|sparse_retrieve|hybrid_retrieve|hybrid_rerank,hybrid_rerank,-0.02,0,grader,-0.132758,0.205235,0.111246,-0.708108,-0.132758,0.205235,0.111246,-0.708108,0.43362078070640564,14,0.555622972548008,0.14594623446464539,,,,,,,,,,
8,2,grader,keep_all|loose_filter|medium_filter|strict_filter|rerank_only,rerank_only,-0.07,0,generator,0.488694,-0.762099,-0.209362,,0.488694,-0.762099,-0.209362,0.0,,,,,,,0.7443468570709229,0.5594752281904221,0.395318865776062,,,,,
8,3,generator,generate_answer|generate_with_strict_citations|generate_short_answer,generate_short_answer,-0.07,0,verifier,0.839065,0.541635,-0.097234,-0.202358,0.839065,0.541635,-0.097234,-0.202358,,,,,,,,,,0.91953244805336,0.7708173096179962,218,0.3988208472728729,
8,4,verifier,verify_answer,verify_answer,0.7046,1,,-0.912749,,,,-0.912749,0.0,0.0,0.0,,,,,,,,,,,,,,0.04362538456916809
9,1,retriever,dense_retrieve|sparse_retrieve|hybrid_retrieve|hybrid_rerank,hybrid_retrieve,-0.02,0,grader,0.026382,-0.253872,-0.081795,-0.634071,0.026382,-0.253872,-0.081795,-0.634071,0.513190858066082,10,0.4591025710105896,0.1829642653465271,,,,,,,,,,
9,2,grader,keep_all|loose_filter|medium_filter|strict_filter|rerank_only,rerank_only,-0.07,0,generator,0.45294,-0.853273,-0.121728,,0.45294,-0.853273,-0.121728,0.0,,,,,,,0.7264697849750519,0.5366817712783813,0.4391358233988285,,,,,
9,3,generator,generate_answer|generate_with_strict_citations|generate_short_answer,generate_short_answer,-0.07,0,verifier,0.6243,0.630462,0.176409,0.114371,0.6243,0.630462,0.176409,0.114371,,,,,,,,,,0.8121499717235565,0.8152307868003845,293,0.5571852996945381,
9,4,verifier,verify_answer,verify_answer,0.7219,1,,-0.696205,,,,-0.696205,0.0,0.0,0.0,,,,,,,,,,,,,,0.15189728140830994
10,1,retriever,dense_retrieve|sparse_retrieve|hybrid_retrieve|hybrid_rerank,hybrid_retrieve,-0.02,0,grader,0.055125,0.238103,-0.367219,-0.725031,0.055125,0.238103,-0.367219,-0.725031,0.527562690898776,14,0.3163904696702957,0.13748425245285034,,,,,,,,,,
10,2,grader,keep_all|loose_filter|medium_filter|strict_filter|rerank_only,rerank_only,-0.07,0,generator,0.582176,-0.456161,-0.282219,,0.582176,-0.456161,-0.282219,0.0,,,,,,,0.7910880744457245,0.6359598115086555,0.35889066755771637,,,,,
10,3,generator,generate_answer|generate_with_strict_citations|generate_short_answer,generate_short_answer,-0.07,0,verifier,0.748542,0.594165,-0.184158,-0.126465,0.748542,0.594165,-0.184158,-0.126465,,,,,,,,,,0.8742707669734955,0.7970824241638184,217,0.43676768988370895,
10,4,verifier,verify_answer,verify_answer,0.3735,1,,-0.6108,,,,-0.6108,0.0,0.0,0.0,,,,,,,,,,,,,,0.19460022449493408
11,1,retriever,dense_retrieve|sparse_retrieve|hybrid_retrieve|hybrid_rerank,hybrid_rerank,-0.02,0,grader,0.123743,-0.47073,0.06192,-0.718446,0.123743,-0.47073,0.06192,-0.718446,0.5618714019656181,8,0.5309598371386528,0.14077705144882202,,,,,,,,,,
11,2,grader,keep_all|loose_filter|medium_filter|strict_filter|rerank_only,rerank_only,-0.07,0,generator,0.699446,-0.424839,-0.315804,,0.699446,-0.424839,-0.315804,0.0,,,,,,,0.8497230112552643,0.6437901556491852,0.3420981168746948,,,,,
11,3,generator,generate_answer|generate_with_strict_citations|generate_short_answer,generate_short_answer,-0.07,0,verifier,0.625259,0.666402,-0.108948,-0.36766,0.625259,0.666402,-0.108948,-0.36766,,,,,,,,,,0.8126297295093536,0.8332009315490723,197,0.31617018580436707,
11,4,verifier,verify_answer,verify_answer,0.659,1,,-0.765505,,,,-0.765505,0.0,0.0,0.0,,,,,,,,,,,,,,0.11724764108657837
12,1,retriever,dense_retrieve|sparse_retrieve|hybrid_retrieve|hybrid_rerank,hybrid_retrieve,-0.02,0,grader,-0.166094,0.413074,-0.079027,-0.506207,-0.166094,0.413074,-0.079027,-0.506207,0.416952945291996,15,0.4604865275323391,0.24689629673957825,,,,,,,,,,
12,2,grader,keep_all|loose_filter|medium_filter|strict_filter|rerank_only,rerank_only,-0.07,0,generator,0.465764,-0.868141,0.009284,,0.465764,-0.868141,0.009284,0.0,,,,,,,0.7328819185495377,0.5329648703336716,0.5046422365121543,,,,,
12,3,generator,generate_answer|generate_with_strict_citations|generate_short_answer,generate_short_answer,-0.07,0,verifier,0.38248,0.557399,0.219331,-0.081838,0.38248,0.557399,0.219331,-0.081838,,,,,,,,,,0.6912399977445602,0.7786992788314819,272,0.4590807780623436,
12,4,verifier,verify_answer,verify_answer,0.6047,1,,-0.559915,,,,-0.559915,0.0,0.0,0.0,,,,,,,,,,,,,,0.22004243731498718
13,1,retriever,dense_retrieve|sparse_retrieve|hybrid_retrieve|hybrid_rerank,hybrid_retrieve,-0.02,0,grader,0.031151,-0.208086,-0.332273,-0.711638,0.031151,-0.208086,-0.332273,-0.711638,0.5155755067244172,10,0.33386361598968506,0.14418119192123413,,,,,,,,,,
13,2,grader,keep_all|loose_filter|medium_filter|strict_filter|rerank_only,rerank_only,-0.07,0,generator,0.733709,-0.73322,-0.116986,,0.733709,-0.73322,-0.116986,0.0,,,,,,,0.8668545186519623,0.5666950643062592,0.44150689616799355,,,,,
13,3,generator,generate_answer|generate_with_strict_citations|generate_short_answer,generate_short_answer,-0.07,0,verifier,0.752342,0.488583,0.024981,-0.131373,0.752342,0.488583,0.024981,-0.131373,,,,,,,,,,0.8761711716651917,0.7442916631698608,241,0.43431369960308075,
13,4,verifier,verify_answer,verify_answer,0.6523,1,,-0.848803,,,,-0.848803,0.0,0.0,0.0,,,,,,,,,,,,,,0.07559835910797119
14,1,retriever,dense_retrieve|sparse_retrieve|hybrid_retrieve|hybrid_rerank,dense_retrieve,-0.02,0,grader,0.383612,0.248535,-0.292508,-0.561356,0.383612,0.248535,-0.292508,-0.561356,0.6918061971664429,14,0.35374578833580017,0.2193218469619751,,,,,,,,,,
14,2,grader,keep_all|loose_filter|medium_filter|strict_filter|rerank_only,rerank_only,-0.07,0,generator,0.449989,-0.691082,-0.036852,,0.449989,-0.691082,-0.036852,0.0,,,,,,,0.7249945849180222,0.5772294849157333,0.4815741926431656,,,,,
14,3,generator,generate_answer|generate_with_strict_citations|generate_short_answer,generate_with_strict_citations,-0.07,0,verifier,0.644948,0.767725,0.065251,-0.098379,0.644948,0.767725,0.065251,-0.098379,,,,,,,,,,0.8224740624427795,0.88386270403862,251,0.4508107043802738,
14,4,verifier,verify_answer,verify_answer,0.6157,1,,-0.467418,,,,-0.467418,0.0,0.0,0.0,,,,,,,,,,,,,,0.2662911117076874
15,1,retriever,dense_retrieve|sparse_retrieve|hybrid_retrieve|hybrid_rerank,hybrid_retrieve,-0.02,0,grader,-0.120171,-0.377459,-0.26781,-0.693948,-0.120171,-0.377459,-0.26781,-0.693948,0.43991444632411003,9,0.36609484255313873,0.15302586555480957,,,,,,,,,,
15,2,grader,keep_all|loose_filter|medium_filter|strict_filter|rerank_only,rerank_only,-0.07,0,generator,0.638514,-0.725922,-0.032066,,0.638514,-0.725922,-0.032066,0.0,,,,,,,0.8192569613456726,0.5685194134712219,0.48396685160696507,,,,,
15,3,generator,generate_answer|generate_with_strict_citations|generate_short_answer,generate_short_answer,-0.07,0,verifier,0.766266,0.641181,0.363942,-0.059136,0.766266,0.641181,0.363942,-0.059136,,,,,,,,,,0.8831327557563782,0.8205905258655548,293,0.470431886613369,
15,4,verifier,verify_answer,verify_answer,0.5719,1,,-0.330344,,,,-0.330344,0.0,0.0,0.0,,,,,,,,,,,,,,0.3348279893398285
16,1,retriever,dense_retrieve|sparse_retrieve|hybrid_retrieve|hybrid_rerank,hybrid_retrieve,-0.02,0,grader,0.098938,-0.462896,-0.309133,-0.435797,0.098938,-0.462896,-0.309133,-0.435797,0.5494690574705601,9,0.3454333245754242,0.2821013182401657,,,,,,,,,,
16,2,grader,keep_all|loose_filter|medium_filter|strict_filter|rerank_only,rerank_only,-0.07,0,generator,0.631636,-0.652591,-0.065203,,0.631636,-0.652591,-0.065203,0.0,,,,,,,0.8158179521560669,0.5868521630764008,0.46739857643842697,,,,,
16,3,generator,generate_answer|generate_with_strict_citations|generate_short_answer,generate_short_answer,-0.07,0,verifier,0.738394,0.467348,-0.235115,-0.24124,0.738394,0.467348,-0.235115,-0.24124,,,,,,,,,,0.8691970705986023,0.7336739003658295,197,0.3793800473213196,
16,4,verifier,verify_answer,verify_answer,0.6773,1,,-0.624929,,,,-0.624929,0.0,0.0,0.0,,,,,,,,,,,,,,0.18753540515899658
17,1,retriever,dense_retrieve|sparse_retrieve|hybrid_retrieve|hybrid_rerank,hybrid_rerank,-0.02,0,grader,5.9e-05,-0.850391,0.098332,-0.526132,5.9e-05,-0.850391,0.098332,-0.526132,0.500029412609365,6,0.549165777862072,0.23693415522575378,,,,,,,,,,
17,2,grader,keep_all|loose_filter|medium_filter|strict_filter|rerank_only,rerank_only,-0.07,0,generator,0.463932,-0.87061,-0.242698,,0.463932,-0.87061,-0.242698,0.0,,,,,,,0.7319661974906921,0.5323473811149597,0.3786511719226837,,,,,
17,3,generator,generate_answer|generate_with_strict_citations|generate_short_answer,generate_short_answer,-0.07,0,verifier,0.370336,-0.02384,0.045543,-0.436002,0.370336,-0.02384,0.045543,-0.436002,,,,,,,,,,0.6851680278778076,0.4880799539387226,204,0.28199879825115204,
17,4,verifier,verify_answer,verify_answer,0.7101,1,,-0.800624,,,,-0.800624,0.0,0.0,0.0,,,,,,,,,,,,,,0.09968790411949158
18,1,retriever,dense_retrieve|sparse_retrieve|hybrid_retrieve|hybrid_rerank,hybrid_rerank,-0.02,0,grader,-0.480696,-0.850728,0.43421,-0.705293,-0.480696,-0.850728,0.43421,-0.705293,0.2596517950296402,6,0.7171049565076828,0.14735373854637146,,,,,,,,,,
18,2,grader,keep_all|loose_filter|medium_filter|strict_filter|rerank_only,rerank_only,-0.07,0,generator,0.300907,-0.394714,-0.548061,,0.300907,-0.394714,-0.548061,0.0,,,,,,,0.6504536718130112,0.6513214334845543,0.22596970200538635,,,,,
18,3,generator,generate_answer|generate_with_strict_citations|generate_short_answer,generate_short_answer,-0.07,0,verifier,0.29484,-0.472232,0.076662,-0.653921,0.29484,-0.472232,0.076662,-0.653921,,,,,,,,,,0.6474197655916214,0.26388394832611084,178,0.17303958535194397,
18,4,verifier,verify_answer,verify_answer,0.6757,1,,-0.874512,,,,-0.874512,0.0,0.0,0.0,,,,,,,,,,,,,,0.06274417042732239
19,1,retriever,dense_retrieve|sparse_retrieve|hybrid_retrieve|hybrid_rerank,hybrid_rerank,-0.02,0,grader,-0.843793,-0.964771,0.517171,-0.814783,-0.843793,-0.964771,0.517171,-0.814783,0.07810348272323608,5,0.7585853636264801,0.09260836243629456,,,,,,,,,,
19,2,grader,keep_all|loose_filter|medium_filter|strict_filter|rerank_only,rerank_only,-0.07,0,generator,-0.097208,-1.0,-0.372584,,-0.097208,-1.0,-0.372584,0.0,,,,,,,0.45139575004577637,0.5,0.31370821595191956,,,,,
19,3,generator,generate_answer|generate_with_strict_citations|generate_short_answer,generate_short_answer,-0.07,0,verifier,-0.519978,-0.926653,0.695544,-0.778084,-0.519978,-0.926653,0.695544,-0.778084,,,,,,,,,,0.24001124501228333,0.03667342662811279,210,0.11095815896987915,
19,4,verifier,verify_answer,verify_answer,0.7171,1,,-1.0,,,,-1.0,0.0,0.0,0.0,,,,,,,,,,,,,,0.0
20,1,retriever,dense_retrieve|sparse_retrieve|hybrid_retrieve|hybrid_rerank,hybrid_rerank,-0.02,0,grader,-0.906114,-0.844832,0.477806,-0.869497,-0.906114,-0.844832,0.477806,-0.869497,0.046943098306655884,6,0.738903135061264,0.06525155901908875,,,,,,,,,,
20,2,grader,keep_all|loose_filter|medium_filter|strict_filter|rerank_only,rerank_only,-0.07,0,generator,-0.702625,-1.0,-0.410987,,-0.702625,-1.0,-0.410987,0.0,,,,,,,0.1486876904964447,0.5,0.294506311416626,,,,,
20,3,generator,generate_answer|generate_with_strict_citations|generate_short_answer,generate_short_answer,-0.07,0,verifier,-0.412427,-1.0,0.647549,-0.842212,-0.412427,-1.0,0.647549,-0.842212,,,,,,,,,,0.2937864810228348,0.0,195,0.07889410853385925,
20,4,verifier,verify_answer,verify_answer,0.5222,1,,-0.869022,,,,-0.869022,0.0,0.0,0.0,,,,,,,,,,,,,,0.06548884510993958
21,1,retriever,dense_retrieve|sparse_retrieve|hybrid_retrieve|hybrid_rerank,hybrid_rerank,-0.02,0,grader,-1.0,-0.989994,0.858919,-0.79449,-1.0,-0.989994,0.858919,-0.79449,0.0,5,0.9294593632221222,0.10275480151176453,,,,,,,,,,
21,2,grader,keep_all|loose_filter|medium_filter|strict_filter|rerank_only,rerank_only,-0.07,0,generator,-1.0,-1.0,-0.763869,,-1.0,-1.0,-0.763869,0.0,,,,,,,0.0,0.5,0.11806544661521912,,,,,
21,3,generator,generate_answer|generate_with_strict_citations|generate_short_answer,generate_short_answer,-0.07,0,verifier,-0.706286,-0.681847,0.961898,-1.0,-0.706286,-0.681847,0.961898,-1.0,,,,,,,,,,0.14685696363449097,0.15907663106918335,189,0.0,
21,4,verifier,verify_answer,verify_answer,0.6715,1,,-0.860323,,,,-0.860323,0.0,0.0,0.0,,,,,,,,,,,,,,0.0698382556438446
22,1,retriever,dense_retrieve|sparse_retrieve|hybrid_retrieve|hybrid_rerank,hybrid_rerank,-0.02,0,grader,-0.352842,-0.829837,0.405411,-1.0,-0.352842,-0.829837,0.405411,-1.0,0.3235788941383362,6,0.7027052789926529,0.0,,,,,,,,,,
22,2,grader,keep_all|loose_filter|medium_filter|strict_filter|rerank_only,rerank_only,-0.07,0,generator,-0.676118,-1.0,-0.772535,,-0.676118,-1.0,-0.772535,0.0,,,,,,,0.16194090247154236,0.5,0.11373227834701538,,,,,
22,3,generator,generate_answer|generate_with_strict_citations|generate_short_answer,generate_short_answer,-0.07,0,verifier,-0.386899,-1.0,0.884966,-1.0,-0.386899,-1.0,0.884966,-1.0,,,,,,,,,,0.30655063688755035,0.0,184,0.0,
22,4,verifier,verify_answer,verify_answer,0.6089,1,,-1.0,,,,-1.0,0.0,0.0,0.0,,,,,,,,,,,,,,0.0
23,1,retriever,dense_retrieve|sparse_retrieve|hybrid_retrieve|hybrid_rerank,hybrid_rerank,-0.02,0,grader,-0.547769,-1.0,0.91432,-1.0,-0.547769,-1.0,0.91432,-1.0,0.2261156439781189,5,0.9571602046489716,0.0,,,,,,,,,,
23,2,grader,keep_all|loose_filter|medium_filter|strict_filter|rerank_only,rerank_only,-0.07,0,generator,-0.946889,-0.975521,-0.559253,,-0.946889,-0.975521,-0.559253,0.0,,,,,,,0.026555687189102173,0.5061198323965073,0.22037354111671448,,,,,
23,3,generator,generate_answer|generate_with_strict_citations|generate_short_answer,generate_short_answer,-0.07,0,verifier,-0.600363,-0.807327,0.947408,-0.950037,-0.600363,-0.807327,0.947408,-0.950037,,,,,,,,,,0.19981837272644043,0.0963367223739624,197,0.024981290102005005,
23,4,verifier,verify_answer,verify_answer,0.8041,1,,-0.929227,,,,-0.929227,0.0,0.0,0.0,,,,,,,,,,,,,,0.035386353731155396
24,1,retriever,dense_retrieve|sparse_retrieve|hybrid_retrieve|hybrid_rerank,hybrid_rerank,-0.02,0,grader,-0.069475,-1.0,0.715195,-1.0,-0.069475,-1.0,0.715195,-1.0,0.465262483805418,5,0.8575975894927979,0.0,,,,,,,,,,
24,2,grader,keep_all|loose_filter|medium_filter|strict_filter|rerank_only,rerank_only,-0.07,0,generator,-0.841655,-0.895825,-0.51028,,-0.841655,-0.895825,-0.51028,0.0,,,,,,,0.07917231321334839,0.5260436683893204,0.2448599934577942,,,,,
24,3,generator,generate_answer|generate_with_strict_citations|generate_short_answer,generate_short_answer,-0.07,0,verifier,-0.252445,-0.666023,0.672111,-0.801688,-0.252445,-0.666023,0.672111,-0.801688,,,,,,,,,,0.3737775683403015,0.16698849201202393,204,0.09915590286254883,
24,4,verifier,verify_answer,verify_answer,0.6963,1,,-0.910206,,,,-0.910206,0.0,0.0,0.0,,,,,,,,,,,,,,0.044897228479385376
25,1,retriever,dense_retrieve|sparse_retrieve|hybrid_retrieve|hybrid_rerank,hybrid_rerank,-0.02,0,grader,-0.321369,-1.0,0.889506,-1.0,-0.321369,-1.0,0.889506,-1.0,0.33931542932987213,5,0.944753110408783,0.0,,,,,,,,,,
25,2,grader,keep_all|loose_filter|medium_filter|strict_filter|rerank_only,rerank_only,-0.07,0,generator,-0.995692,-0.868105,-0.070069,,-0.995692,-0.868105,-0.070069,0.0,,,,,,,0.0021537840366363525,0.5329738408327103,0.46496549248695374,,,,,
25,3,generator,generate_answer|generate_with_strict_citations|generate_short_answer,generate_short_answer,-0.07,0,verifier,0.058731,-0.849504,1.0,-0.653556,0.058731,-0.849504,1.0,-0.653556,,,,,,,,,,0.5293655823916197,0.07524779438972473,258,0.17322203516960144,
25,4,verifier,verify_answer,verify_answer,0.7299,1,,-0.904429,,,,-0.904429,0.0,0.0,0.0,,,,,,,,,,,,,,0.04778549075126648
26,1,retriever,dense_retrieve|sparse_retrieve|hybrid_retrieve|hybrid_rerank,hybrid_rerank,-0.02,0,grader,-0.214687,-1.0,1.0,-0.864627,-0.214687,-1.0,1.0,-0.864627,0.3926565572619438,5,1.0,0.06768631935119629,,,,,,,,,,
26,2,grader,keep_all|loose_filter|medium_filter|strict_filter|rerank_only,loose_filter,-0.07,0,generator,-0.899659,-0.977503,0.475534,,-0.899659,-0.977503,0.475534,0.0,,,,,,,0.050170689821243286,0.505624309182167,0.7377667874097824,,,,,
26,3,generator,generate_answer|generate_with_strict_citations|generate_short_answer,generate_short_answer,-0.07,0,verifier,0.373285,-0.90386,0.957984,-0.76009,0.373285,-0.90386,0.957984,-0.76009,,,,,,,,,,0.6866423338651657,0.04806983470916748,234,0.11995497345924377,
26,4,verifier,verify_answer,verify_answer,0.6739,1,,-0.833994,,,,-0.833994,0.0,0.0,0.0,,,,,,,,,,,,,,0.08300316333770752
27,1,retriever,dense_retrieve|sparse_retrieve|hybrid_retrieve|hybrid_rerank,hybrid_rerank,-0.02,0,grader,0.141967,-0.869711,1.0,-0.946277,0.141967,-0.869711,1.0,-0.946277,0.570983424782753,5,1.0,0.0268612802028656,,,,,,,,,,
27,2,grader,keep_all|loose_filter|medium_filter|strict_filter|rerank_only,loose_filter,-0.07,0,generator,-0.758162,-1.0,0.591168,,-0.758162,-1.0,0.591168,0.0,,,,,,,0.1209191381931305,0.5,0.7955839931964874,,,,,
27,3,generator,generate_answer|generate_with_strict_citations|generate_short_answer,generate_short_answer,-0.07,0,verifier,0.707849,-0.973662,1.0,-0.751235,0.707849,-0.973662,1.0,-0.751235,,,,,,,,,,0.8539246022701263,0.01316899061203003,239,0.12438273429870605,
27,4,verifier,verify_answer,verify_answer,0.4886,1,,-0.684815,,,,-0.684815,0.0,0.0,0.0,,,,,,,,,,,,,,0.15759238600730896
28,1,retriever,dense_retrieve|sparse_retrieve|hybrid_retrieve|hybrid_rerank,hybrid_rerank,-0.02,0,grader,-0.309223,-1.0,1.0,-0.834471,-0.309223,-1.0,1.0,-0.834471,0.3453886955976486,5,1.0,0.08276432752609253,,,,,,,,,,
28,2,grader,keep_all|loose_filter|medium_filter|strict_filter|rerank_only,medium_filter,-0.07,0,generator,-0.735825,-0.899459,0.793756,,-0.735825,-0.899459,0.793756,0.0,,,,,,,0.1320873200893402,0.5251353681087494,0.8968779444694519,,,,,
28,3,generator,generate_answer|generate_with_strict_citations|generate_short_answer,generate_short_answer,-0.07,0,verifier,0.722653,-0.979515,0.884435,-0.352125,0.722653,-0.979515,0.884435,-0.352125,,,,,,,,,,0.8613264262676239,0.010242551565170288,304,0.3239375203847885,
28,4,verifier,verify_answer,verify_answer,0.6708,1,,-1.0,,,,-1.0,0.0,0.0,0.0,,,,,,,,,,,,,,0.0
29,1,retriever,dense_retrieve|sparse_retrieve|hybrid_retrieve|hybrid_rerank,hybrid_rerank,-0.02,0,grader,-0.35506,-1.0,1.0,-1.0,-0.35506,-1.0,1.0,-1.0,0.3224700093269348,5,1.0,0.0,,,,,,,,,,
29,2,grader,keep_all|loose_filter|medium_filter|strict_filter|rerank_only,strict_filter,-0.07,0,generator,-0.876834,-0.956536,0.914881,,-0.876834,-0.956536,0.914881,0.0,,,,,,,0.06158295273780823,0.5108658820390701,0.9574404954910278,,,,,
29,3,generator,generate_answer|generate_with_strict_citations|generate_short_answer,generate_short_answer,-0.07,0,verifier,0.832736,-1.0,1.0,-0.56408,0.832736,-1.0,1.0,-0.56408,,,,,,,,,,0.9163682162761688,0.0,275,0.21796023845672607,
29,4,verifier,verify_answer,verify_answer,0.5853,1,,-1.0,,,,-1.0,0.0,0.0,0.0,,,,,,,,,,,,,,0.0
30,1,retriever,dense_retrieve|sparse_retrieve|hybrid_retrieve|hybrid_rerank,hybrid_rerank,-0.02,0,grader,0.412909,-1.0,0.714801,-0.670922,0.412909,-1.0,0.714801,-0.670922,0.7064545452594757,5,0.8574004769325256,0.16453900933265686,,,,,,,,,,
30,2,grader,keep_all|loose_filter|medium_filter|strict_filter|rerank_only,medium_filter,-0.07,0,generator,-0.143697,-1.0,0.633414,,-0.143697,-1.0,0.633414,0.0,,,,,,,0.4281514137983322,0.5,0.8167070746421814,,,,,
30,3,generator,generate_answer|generate_with_strict_citations|generate_short_answer,generate_short_answer,-0.07,0,verifier,0.800922,-0.996709,0.934313,-0.000662,0.800922,-0.996709,0.934313,-0.000662,,,,,,,,,,0.9004608392715454,0.0016453862190246582,374,0.4996688469836954,
30,4,verifier,verify_answer,verify_answer,0.5885,1,,-1.0,,,,-1.0,0.0,0.0,0.0,,,,,,,,,,,,,,0.0
31,1,retriever,dense_retrieve|sparse_retrieve|hybrid_retrieve|hybrid_rerank,hybrid_rerank,-0.02,0,grader,0.618034,-0.763099,0.603153,-0.813338,0.618034,-0.763099,0.603153,-0.813338,0.8090172111988068,6,0.8015766441822052,0.09333106875419617,,,,,,,,,,
31,2,grader,keep_all|loose_filter|medium_filter|strict_filter|rerank_only,medium_filter,-0.07,0,generator,0.191416,-1.0,0.688163,,0.191416,-1.0,0.688163,0.0,,,,,,,0.5957079231739044,0.5,0.8440815806388855,,,,,
31,3,generator,generate_answer|generate_with_strict_citations|generate_short_answer,generate_short_answer,-0.07,0,verifier,0.96536,-0.979948,0.862208,0.179582,0.96536,-0.979948,0.862208,0.179582,,,,,,,,,,0.9826799035072327,0.010026246309280396,384,0.5897912159562111,
31,4,verifier,verify_answer,verify_answer,0.6272,1,,-0.923117,,,,-0.923117,0.0,0.0,0.0,,,,,,,,,,,,,,0.038441628217697144
32,1,retriever,dense_retrieve|sparse_retrieve|hybrid_retrieve|hybrid_rerank,hybrid_rerank,-0.02,0,grader,0.927743,-0.848466,0.394801,-0.948561,0.927743,-0.848466,0.394801,-0.948561,0.9638713598251343,6,0.6974004656076431,0.025719493627548218,,,,,,,,,,
32,2,grader,keep_all|loose_filter|medium_filter|strict_filter|rerank_only,medium_filter,-0.07,0,generator,0.608162,-0.970249,0.707038,,0.608162,-0.970249,0.707038,0.0,,,,,,,0.8040811419487,0.5074377059936523,0.8535192310810089,,,,,
32,3,generator,generate_answer|generate_with_strict_citations|generate_short_answer,generate_short_answer,-0.07,0,verifier,0.850731,-1.0,0.881071,0.181034,0.850731,-1.0,0.881071,0.181034,,,,,,,,,,0.925365686416626,0.0,384,0.5905169993638992,
32,4,verifier,verify_answer,verify_answer,0.7196,1,,-1.0,,,,-1.0,0.0,0.0,0.0,,,,,,,,,,,,,,0.0
33,1,retriever,dense_retrieve|sparse_retrieve|hybrid_retrieve|hybrid_rerank,hybrid_rerank,-0.02,0,grader,0.400065,-0.970395,0.599789,-0.492679,0.400065,-0.970395,0.599789,-0.492679,0.7000326216220856,5,0.7998946905136108,0.2536603659391403,,,,,,,,,,
33,2,grader,keep_all|loose_filter|medium_filter|strict_filter|rerank_only,loose_filter,-0.07,0,generator,0.871991,-1.0,0.520251,,0.871991,-1.0,0.520251,0.0,,,,,,,0.9359952807426453,0.5,0.7601255476474762,,,,,
33,3,generator,generate_answer|generate_with_strict_citations|generate_short_answer,generate_answer,-0.07,0,verifier,1.0,-1.0,1.0,0.78708,1.0,-1.0,1.0,0.78708,,,,,,,,,,1.0,0.0,384,0.8935400545597076,
33,4,verifier,verify_answer,verify_answer,0.6214,1,,-1.0,,,,-1.0,0.0,0.0,0.0,,,,,,,,,,,,,,0.0
34,1,retriever,dense_retrieve|sparse_retrieve|hybrid_retrieve|hybrid_rerank,hybrid_rerank,-0.02,0,grader,0.224777,-0.789808,0.500666,-0.481448,0.224777,-0.789808,0.500666,-0.481448,0.6123883351683617,6,0.7503328025341034,0.25927595794200897,,,,,,,,,,
34,2,grader,keep_all|loose_filter|medium_filter|strict_filter|rerank_only,loose_filter,-0.07,0,generator,0.616924,-1.0,0.591222,,0.616924,-1.0,0.591222,0.0,,,,,,,0.8084617853164673,0.5,0.7956109941005707,,,,,
34,3,generator,generate_answer|generate_with_strict_citations|generate_short_answer,generate_answer,-0.07,0,verifier,0.980482,-1.0,1.0,0.629848,0.980482,-1.0,1.0,0.629848,,,,,,,,,,0.9902409911155701,0.0,384,0.8149242103099823,
34,4,verifier,verify_answer,verify_answer,0.6019,1,,-1.0,,,,-1.0,0.0,0.0,0.0,,,,,,,,,,,,,,0.0
35,1,retriever,dense_retrieve|sparse_retrieve|hybrid_retrieve|hybrid_rerank,hybrid_rerank,-0.02,0,grader,-0.484853,-0.910881,1.0,-0.931041,-0.484853,-0.910881,1.0,-0.931041,0.2575736939907074,5,1.0,0.03447958827018738,,,,,,,,,,
35,2,grader,keep_all|loose_filter|medium_filter|strict_filter|rerank_only,strict_filter,-0.07,0,generator,0.595618,-0.805926,0.931199,,0.595618,-0.805926,0.931199,0.0,,,,,,,0.7978090345859528,0.5485185235738754,0.9655997157096863,,,,,
35,3,generator,generate_answer|generate_with_strict_citations|generate_short_answer,generate_answer,-0.07,0,verifier,0.846348,-0.763296,0.997933,1.0,0.846348,-0.763296,0.997933,1.0,,,,,,,,,,0.9231741428375244,0.11835178732872009,384,1.0,
35,4,verifier,verify_answer,verify_answer,0.3422,1,,-0.987816,,,,-0.987816,0.0,0.0,0.0,,,,,,,,,,,,,,0.006092101335525513
36,1,retriever,dense_retrieve|sparse_retrieve|hybrid_retrieve|hybrid_rerank,hybrid_rerank,-0.02,0,grader,-0.338639,-0.725518,0.889441,-0.507919,-0.338639,-0.725518,0.889441,-0.507919,0.330680251121521,7,0.944720596075058,0.24604034423828125,,,,,,,,,,
36,2,grader,keep_all|loose_filter|medium_filter|strict_filter|rerank_only,medium_filter,-0.07,0,generator,0.983707,-0.792767,0.707685,,0.983707,-0.792767,0.707685,0.0,,,,,,,0.9918536841869354,0.5518081784248352,0.8538424670696259,,,,,
36,3,generator,generate_answer|generate_with_strict_citations|generate_short_answer,generate_answer,-0.07,0,verifier,1.0,-0.83753,0.717352,0.735459,1.0,-0.83753,0.717352,0.735459,,,,,,,,,,1.0,0.081234872341156,384,0.8677294254302979,
36,4,verifier,verify_answer,verify_answer,0.5514,1,,-1.0,,,,-1.0,0.0,0.0,0.0,,,,,,,,,,,,,,0.0
37,1,retriever,dense_retrieve|sparse_retrieve|hybrid_retrieve|hybrid_rerank,hybrid_rerank,-0.02,0,grader,-0.749053,-0.87885,1.0,-0.384896,-0.749053,-0.87885,1.0,-0.384896,0.12547364830970764,5,1.0,0.30755195021629333,,,,,,,,,,
37,2,grader,keep_all|loose_filter|medium_filter|strict_filter|rerank_only,loose_filter,-0.07,0,generator,1.0,-1.0,0.59016,,1.0,-1.0,0.59016,0.0,,,,,,,1.0,0.5,0.7950798869132996,,,,,
37,3,generator,generate_answer|generate_with_strict_citations|generate_short_answer,generate_answer,-0.07,0,verifier,0.949633,-0.939033,0.972716,0.633037,0.949633,-0.939033,0.972716,0.633037,,,,,,,,,,0.9748166799545288,0.03048369288444519,384,0.8165185749530792,
37,4,verifier,verify_answer,verify_answer,0.3808,1,,-1.0,,,,-1.0,0.0,0.0,0.0,,,,,,,,,,,,,,0.0
38,1,retriever,dense_retrieve|sparse_retrieve|hybrid_retrieve|hybrid_rerank,hybrid_rerank,-0.02,0,grader,-0.927697,-0.884381,0.970156,-0.177595,-0.927697,-0.884381,0.970156,-0.177595,0.03615128993988037,5,0.9850780963897705,0.41120241582393646,,,,,,,,,,
38,2,grader,keep_all|loose_filter|medium_filter|strict_filter|rerank_only,medium_filter,-0.07,0,generator,0.864435,-1.0,0.798561,,0.864435,-1.0,0.798561,0.0,,,,,,,0.9322176277637482,0.5,0.8992805778980255,,,,,
38,3,generator,generate_answer|generate_with_strict_citations|generate_short_answer,generate_answer,-0.07,0,verifier,1.0,-1.0,1.0,0.873398,1.0,-1.0,1.0,0.873398,,,,,,,,,,1.0,0.0,384,0.9366992115974426,
38,4,verifier,verify_answer,verify_answer,0.104,1,,-1.0,,,,-1.0,0.0,0.0,0.0,,,,,,,,,,,,,,0.0
39,1,retriever,dense_retrieve|sparse_retrieve|hybrid_retrieve|hybrid_rerank,hybrid_rerank,-0.02,0,grader,-0.28007,-1.0,0.323549,0.486866,-0.28007,-1.0,0.323549,0.486866,0.35996513068675995,5,0.6617746949195862,0.7434332221746445,,,,,,,,,,
39,2,grader,keep_all|loose_filter|medium_filter|strict_filter|rerank_only,rerank_only,-0.07,0,generator,1.0,-0.993559,-0.004313,,1.0,-0.993559,-0.004313,0.0,,,,,,,1.0,0.5016102939844131,0.49784371932037175,,,,,
39,3,generator,generate_answer|generate_with_strict_citations|generate_short_answer,generate_answer,-0.07,0,verifier,0.993164,-1.0,0.9408,1.0,0.993164,-1.0,0.9408,1.0,,,,,,,,,,0.9965818822383881,0.0,384,1.0,
39,4,verifier,verify_answer,verify_answer,0.8192,1,,-0.875181,,,,-0.875181,0.0,0.0,0.0,,,,,,,,,,,,,,0.06240952014923096
40,1,retriever,dense_retrieve|sparse_retrieve|hybrid_retrieve|hybrid_rerank,hybrid_rerank,-0.02,0,grader,-0.938984,-1.0,0.879829,0.140486,-0.938984,-1.0,0.879829,0.140486,0.030508100986480713,5,0.9399144947528839,0.5702427700161934,,,,,,,,,,
40,2,grader,keep_all|loose_filter|medium_filter|strict_filter|rerank_only,strict_filter,-0.07,0,generator,0.731899,-0.793705,0.993553,,0.731899,-0.793705,0.993553,0.0,,,,,,,0.8659495115280151,0.551573634147644,0.9967764019966125,,,,,
40,3,generator,generate_answer|generate_with_strict_citations|generate_short_answer,generate_answer,-0.07,0,verifier,0.90702,-0.910654,1.0,1.0,0.90702,-0.910654,1.0,1.0,,,,,,,,,,0.9535098671913147,0.04467281699180603,384,1.0,
40,4,verifier,verify_answer,verify_answer,0.2266,1,,-0.830209,,,,-0.830209,0.0,0.0,0.0,,,,,,,,,,,,,,0.0848955512046814
41,1,retriever,dense_retrieve|sparse_retrieve|hybrid_retrieve|hybrid_rerank,hybrid_rerank,-0.02,0,grader,-0.679035,-1.0,0.205424,0.799634,-0.679035,-1.0,0.205424,0.799634,0.16048237681388855,5,0.6027117520570755,0.899817019701004,,,,,,,,,,
41,2,grader,keep_all|loose_filter|medium_filter|strict_filter|rerank_only,rerank_only,-0.07,0,generator,0.86813,-1.0,-0.203005,,0.86813,-1.0,-0.203005,0.0,,,,,,,0.9340648949146271,0.5,0.3984975442290306,,,,,
41,3,generator,generate_answer|generate_with_strict_citations|generate_short_answer,generate_answer,-0.07,0,verifier,0.784462,-0.744143,1.0,0.97912,0.784462,-0.744143,1.0,0.97912,,,,,,,,,,0.892230898141861,0.12792840600013733,384,0.9895599484443665,
41,4,verifier,verify_answer,verify_answer,0.7704,1,,-0.763666,,,,-0.763666,0.0,0.0,0.0,,,,,,,,,,,,,,0.11816677451133728
42,1,retriever,dense_retrieve|sparse_retrieve|hybrid_retrieve|hybrid_rerank,hybrid_rerank,-0.02,0,grader,-0.846623,-1.0,1.0,0.835117,-0.846623,-1.0,1.0,0.835117,0.07668858766555786,5,1.0,0.9175583124160767,,,,,,,,,,
42,2,grader,keep_all|loose_filter|medium_filter|strict_filter|rerank_only,loose_filter,-0.07,0,generator,0.81432,-1.0,0.498775,,0.81432,-1.0,0.498775,0.0,,,,,,,0.9071598947048187,0.5,0.7493874877691269,,,,,
42,3,generator,generate_answer|generate_with_strict_citations|generate_short_answer,generate_answer,-0.07,0,verifier,0.722783,-0.858303,1.0,0.773774,0.722783,-0.858303,1.0,0.773774,,,,,,,,,,0.8613916635513306,0.07084867358207703,384,0.8868870437145233,
42,4,verifier,verify_answer,verify_answer,0.7235,1,,-0.913645,,,,-0.913645,0.0,0.0,0.0,,,,,,,,,,,,,,0.04317745566368103
43,1,retriever,dense_retrieve|sparse_retrieve|hybrid_retrieve|hybrid_rerank,hybrid_rerank,-0.02,0,grader,-0.948421,-1.0,0.852853,0.691199,-0.948421,-1.0,0.852853,0.691199,0.02578940987586975,5,0.926426351070404,0.8455994129180908,,,,,,,,,,
43,2,grader,keep_all|loose_filter|medium_filter|strict_filter|rerank_only,medium_filter,-0.07,0,generator,0.978865,-1.0,0.664687,,0.978865,-1.0,0.664687,0.0,,,,,,,0.9894323647022247,0.5,0.8323436975479126,,,,,
43,3,generator,generate_answer|generate_with_strict_citations|generate_short_answer,generate_answer,-0.07,0,verifier,0.91117,-1.0,0.832317,0.899354,0.91117,-1.0,0.832317,0.899354,,,,,,,,,,0.9555850625038147,0.0,384,0.9496771097183228,
43,4,verifier,verify_answer,verify_answer,0.7552,1,,-0.884928,,,,-0.884928,0.0,0.0,0.0,,,,,,,,,,,,,,0.057536154985427856
44,1,retriever,dense_retrieve|sparse_retrieve|hybrid_retrieve|hybrid_rerank,hybrid_rerank,-0.02,0,grader,-0.58821,-1.0,0.87012,1.0,-0.58821,-1.0,0.87012,1.0,0.20589521527290344,5,0.9350599050521851,1.0,,,,,,,,,,
44,2,grader,keep_all|loose_filter|medium_filter|strict_filter|rerank_only,rerank_only,-0.07,0,generator,0.734297,-0.917643,0.172485,,0.734297,-0.917643,0.172485,0.0,,,,,,,0.8671485185623169,0.5205893069505692,0.5862426683306694,,,,,
44,3,generator,generate_answer|generate_with_strict_citations|generate_short_answer,generate_answer,-0.07,0,verifier,1.0,-1.0,0.688368,0.744392,1.0,-1.0,0.688368,0.744392,,,,,,,,,,1.0,0.0,384,0.8721960186958313,
44,4,verifier,verify_answer,verify_answer,0.5796,1,,-0.988153,,,,-0.988153,0.0,0.0,0.0,,,,,,,,,,,,,,0.00592350959777832
45,1,retriever,dense_retrieve|sparse_retrieve|hybrid_retrieve|hybrid_rerank,hybrid_rerank,-0.02,0,grader,-0.789868,-1.0,1.0,0.631143,-0.789868,-1.0,1.0,0.631143,0.10506603121757507,5,1.0,0.8155714571475983,,,,,,,,,,
45,2,grader,keep_all|loose_filter|medium_filter|strict_filter|rerank_only,medium_filter,-0.07,0,generator,0.960518,-1.0,0.667646,,0.960518,-1.0,0.667646,0.0,,,,,,,0.9802590012550354,0.5,0.8338230848312378,,,,,
45,3,generator,generate_answer|generate_with_strict_citations|generate_short_answer,generate_answer,-0.07,0,verifier,0.887539,-1.0,0.899725,1.0,0.887539,-1.0,0.899725,1.0,,,,,,,,,,0.9437695741653442,0.0,384,1.0,
45,4,verifier,verify_answer,verify_answer,0.5755,1,,-1.0,,,,-1.0,0.0,0.0,0.0,,,,,,,,,,,,,,0.0
46,1,retriever,dense_retrieve|sparse_retrieve|hybrid_retrieve|hybrid_rerank,hybrid_rerank,-0.02,0,grader,-0.367711,-1.0,0.87966,1.0,-0.367711,-1.0,0.87966,1.0,0.31614457070827484,5,0.9398298561573029,1.0,,,,,,,,,,
46,2,grader,keep_all|loose_filter|medium_filter|strict_filter|rerank_only,loose_filter,-0.07,0,generator,0.614672,-1.0,0.467875,,0.614672,-1.0,0.467875,0.0,,,,,,,0.8073358237743378,0.5,0.7339374125003815,,,,,
46,3,generator,generate_answer|generate_with_strict_citations|generate_short_answer,generate_answer,-0.07,0,verifier,0.85007,-0.942025,0.850056,1.0,0.85007,-0.942025,0.850056,1.0,,,,,,,,,,0.9250350296497345,0.028987467288970947,384,1.0,
46,4,verifier,verify_answer,verify_answer,0.6743,1,,-1.0,,,,-1.0,0.0,0.0,0.0,,,,,,,,,,,,,,0.0
47,1,retriever,dense_retrieve|sparse_retrieve|hybrid_retrieve|hybrid_rerank,hybrid_rerank,-0.02,0,grader,-0.310197,-0.911636,0.926981,0.90748,-0.310197,-0.911636,0.926981,0.90748,0.34490126371383667,5,0.9634903967380524,0.9537402391433716,,,,,,,,,,
47,2,grader,keep_all|loose_filter|medium_filter|strict_filter|rerank_only,strict_filter,-0.07,0,generator,0.910032,-1.0,0.82492,,0.910032,-1.0,0.82492,0.0,,,,,,,0.9550158381462097,0.5,0.9124599099159241,,,,,
47,3,generator,generate_answer|generate_with_strict_citations|generate_short_answer,generate_answer,-0.07,0,verifier,0.778951,-0.954259,1.0,1.0,0.778951,-0.954259,1.0,1.0,,,,,,,,,,0.8894757032394409,0.022870510816574097,384,1.0,
47,4,verifier,verify_answer,verify_answer,0.5345,1,,-1.0,,,,-1.0,0.0,0.0,0.0,,,,,,,,,,,,,,0.0
48,1,retriever,dense_retrieve|sparse_retrieve|hybrid_retrieve|hybrid_rerank,hybrid_rerank,-0.02,0,grader,-0.092441,-0.993421,0.504975,0.819432,-0.092441,-0.993421,0.504975,0.819432,0.45377949997782707,5,0.7524876594543457,0.909716010093689,,,,,,,,,,
48,2,grader,keep_all|loose_filter|medium_filter|strict_filter|rerank_only,medium_filter,-0.07,0,generator,0.703615,-1.0,0.706228,,0.703615,-1.0,0.706228,0.0,,,,,,,0.8518073260784149,0.5,0.8531141877174377,,,,,
48,3,generator,generate_answer|generate_with_strict_citations|generate_short_answer,generate_answer,-0.07,0,verifier,1.0,-0.948814,0.893993,1.0,1.0,-0.948814,0.893993,1.0,,,,,,,,,,1.0,0.02559313178062439,384,1.0,
48,4,verifier,verify_answer,verify_answer,0.7919,1,,-1.0,,,,-1.0,0.0,0.0,0.0,,,,,,,,,,,,,,0.0
49,1,retriever,dense_retrieve|sparse_retrieve|hybrid_retrieve|hybrid_rerank,hybrid_rerank,-0.02,0,grader,-0.394403,-0.733146,0.725316,1.0,-0.394403,-0.733146,0.725316,1.0,0.3027983158826828,7,0.8626581430435181,1.0,,,,,,,,,,
49,2,grader,keep_all|loose_filter|medium_filter|strict_filter|rerank_only,strict_filter,-0.07,0,generator,1.0,-1.0,1.0,,1.0,-1.0,1.0,0.0,,,,,,,1.0,0.5,1.0,,,,,
49,3,generator,generate_answer|generate_with_strict_citations|generate_short_answer,generate_answer,-0.07,0,verifier,1.0,-0.970493,0.976208,0.922031,1.0,-0.970493,0.976208,0.922031,,,,,,,,,,1.0,0.01475369930267334,384,0.9610155522823334,
49,4,verifier,verify_answer,verify_answer,0.7499,1,,-1.0,,,,-1.0,0.0,0.0,0.0,,,,,,,,,,,,,,0.0
50,1,retriever,dense_retrieve|sparse_retrieve|hybrid_retrieve|hybrid_rerank,hybrid_rerank,-0.02,0,grader,-0.241634,-0.945434,0.95573,0.848806,-0.241634,-0.945434,0.95573,0.848806,0.37918277084827423,5,0.9778651893138885,0.924403041601181,,,,,,,,,,
50,2,grader,keep_all|loose_filter|medium_filter|strict_filter|rerank_only,strict_filter,-0.07,0,generator,1.0,-0.949022,1.0,,1.0,-0.949022,1.0,0.0,,,,,,,1.0,0.5127445012331009,1.0,,,,,
50,3,generator,generate_answer|generate_with_strict_citations|generate_short_answer,generate_answer,-0.07,0,verifier,0.550914,-1.0,0.779787,0.92454,0.550914,-1.0,0.779787,0.92454,,,,,,,,,,0.775456964969635,0.0,384,0.9622701704502106,
50,4,verifier,verify_answer,verify_answer,0.6569,1,,-0.942566,,,,-0.942566,0.0,0.0,0.0,,,,,,,,,,,,,,0.028716951608657837
51,1,retriever,dense_retrieve|sparse_retrieve|hybrid_retrieve|hybrid_rerank,hybrid_rerank,-0.02,0,grader,-0.08358,-0.924753,1.0,1.0,-0.08358,-0.924753,1.0,1.0,0.45821021497249603,5,1.0,1.0,,,,,,,,,,
51,2,grader,keep_all|loose_filter|medium_filter|strict_filter|rerank_only,strict_filter,-0.07,0,generator,1.0,-0.717565,0.849051,,1.0,-0.717565,0.849051,0.0,,,,,,,1.0,0.5706087946891785,0.9245255887508392,,,,,
51,3,generator,generate_answer|generate_with_strict_citations|generate_short_answer,generate_answer,-0.07,0,verifier,0.349383,-1.0,1.0,1.0,0.349383,-1.0,1.0,1.0,,,,,,,,,,0.6746912896633148,0.0,384,1.0,
51,4,verifier,verify_answer,verify_answer,0.7757,1,,-1.0,,,,-1.0,0.0,0.0,0.0,,,,,,,,,,,,,,0.0
52,1,retriever,dense_retrieve|sparse_retrieve|hybrid_retrieve|hybrid_rerank,hybrid_rerank,-0.02,0,grader,0.277627,-1.0,1.0,0.995976,0.277627,-1.0,1.0,0.995976,0.6388134956359863,5,1.0,0.9979878664016724,,,,,,,,,,
52,2,grader,keep_all|loose_filter|medium_filter|strict_filter|rerank_only,strict_filter,-0.07,0,generator,0.995825,-0.890463,1.0,,0.995825,-0.890463,1.0,0.0,,,,,,,0.9979123175144196,0.5273841619491577,1.0,,,,,
52,3,generator,generate_answer|generate_with_strict_citations|generate_short_answer,generate_answer,-0.07,0,verifier,0.498284,-1.0,0.958733,1.0,0.498284,-1.0,0.958733,1.0,,,,,,,,,,0.7491421550512314,0.0,384,1.0,
52,4,verifier,verify_answer,verify_answer,0.7356,1,,-0.796814,,,,-0.796814,0.0,0.0,0.0,,,,,,,,,,,,,,0.10159298777580261
53,1,retriever,dense_retrieve|sparse_retrieve|hybrid_retrieve|hybrid_rerank,hybrid_rerank,-0.02,0,grader,0.172289,-0.900408,0.766681,0.886573,0.172289,-0.900408,0.766681,0.886573,0.5861445441842079,5,0.8833404183387756,0.9432863891124725,,,,,,,,,,
53,2,grader,keep_all|loose_filter|medium_filter|strict_filter|rerank_only,medium_filter,-0.07,0,generator,0.963061,-0.83501,0.719094,,0.963061,-0.83501,0.719094,0.0,,,,,,,0.9815305173397064,0.5412475317716599,0.8595471382141113,,,,,
53,3,generator,generate_answer|generate_with_strict_citations|generate_short_answer,generate_answer,-0.07,0,verifier,0.462004,-1.0,0.820406,0.840256,0.462004,-1.0,0.820406,0.840256,,,,,,,,,,0.7310018688440323,0.0,384,0.9201278984546661,
53,4,verifier,verify_answer,verify_answer,0.6796,1,,-1.0,,,,-1.0,0.0,0.0,0.0,,,,,,,,,,,,,,0.0
54,1,retriever,dense_retrieve|sparse_retrieve|hybrid_retrieve|hybrid_rerank,hybrid_rerank,-0.02,0,grader,0.088596,-0.840047,0.700707,0.698902,0.088596,-0.840047,0.700707,0.698902,0.5442981235682964,6,0.8503532707691193,0.8494507670402527,,,,,,,,,,
54,2,grader,keep_all|loose_filter|medium_filter|strict_filter|rerank_only,strict_filter,-0.07,0,generator,0.903441,-0.748831,0.934906,,0.903441,-0.748831,0.934906,0.0,,,,,,,0.9517205953598022,0.5627923309803009,0.9674531817436218,,,,,
54,3,generator,generate_answer|generate_with_strict_citations|generate_short_answer,generate_answer,-0.07,0,verifier,-0.185384,-1.0,0.823305,0.587492,-0.185384,-1.0,0.823305,0.587492,,,,,,,,,,0.4073079824447632,0.0,384,0.793745756149292,
54,4,verifier,verify_answer,verify_answer,0.6242,1,,-1.0,,,,-1.0,0.0,0.0,0.0,,,,,,,,,,,,,,0.0
55,1,retriever,dense_retrieve|sparse_retrieve|hybrid_retrieve|hybrid_rerank,hybrid_rerank,-0.02,0,grader,-0.035902,-0.769829,1.0,1.0,-0.035902,-0.769829,1.0,1.0,0.4820488654077053,6,1.0,1.0,,,,,,,,,,
55,2,grader,keep_all|loose_filter|medium_filter|strict_filter|rerank_only,strict_filter,-0.07,0,generator,0.909885,-1.0,1.0,,0.909885,-1.0,1.0,0.0,,,,,,,0.9549427330493927,0.5,1.0,,,,,
55,3,generator,generate_answer|generate_with_strict_citations|generate_short_answer,generate_answer,-0.07,0,verifier,-0.153046,-0.995761,0.815448,1.0,-0.153046,-0.995761,0.815448,1.0,,,,,,,,,,0.4234769195318222,0.0021193325519561768,384,1.0,
55,4,verifier,verify_answer,verify_answer,0.74,1,,-1.0,,,,-1.0,0.0,0.0,0.0,,,,,,,,,,,,,,0.0
56,1,retriever,dense_retrieve|sparse_retrieve|hybrid_retrieve|hybrid_rerank,hybrid_rerank,-0.02,0,grader,-0.075041,-0.978755,0.809053,0.773584,-0.075041,-0.978755,0.809053,0.773584,0.4624794311821461,5,0.9045266211032867,0.8867922425270081,,,,,,,,,,
56,2,grader,keep_all|loose_filter|medium_filter|strict_filter|rerank_only,strict_filter,-0.07,0,generator,0.841296,-0.983214,0.938316,,0.841296,-0.983214,0.938316,0.0,,,,,,,0.9206478297710419,0.5041963905096054,0.9691581428050995,,,,,
56,3,generator,generate_answer|generate_with_strict_citations|generate_short_answer,generate_answer,-0.07,0,verifier,-0.057839,-1.0,0.933223,1.0,-0.057839,-1.0,0.933223,1.0,,,,,,,,,,0.47108050622045994,0.0,384,1.0,
56,4,verifier,verify_answer,verify_answer,0.3294,1,,-1.0,,,,-1.0,0.0,0.0,0.0,,,,,,,,,,,,,,0.0
57,1,retriever,dense_retrieve|sparse_retrieve|hybrid_retrieve|hybrid_rerank,hybrid_rerank,-0.02,0,grader,-0.082041,-0.983207,0.572041,0.718978,-0.082041,-0.983207,0.572041,0.718978,0.45897966623306274,5,0.7860207259654999,0.8594887554645538,,,,,,,,,,
57,2,grader,keep_all|loose_filter|medium_filter|strict_filter|rerank_only,strict_filter,-0.07,0,generator,0.781829,-0.736352,1.0,,0.781829,-0.736352,1.0,0.0,,,,,,,0.8909147381782532,0.5659119486808777,1.0,,,,,
57,3,generator,generate_answer|generate_with_strict_citations|generate_short_answer,generate_answer,-0.07,0,verifier,-0.273763,-0.889668,0.553478,0.913117,-0.273763,-0.889668,0.553478,0.913117,,,,,,,,,,0.36311860382556915,0.05516591668128967,384,0.956558495759964,
57,4,verifier,verify_answer,verify_answer,0.6519,1,,-0.925961,,,,-0.925961,0.0,0.0,0.0,,,,,,,,,,,,,,0.03701961040496826
58,1,retriever,dense_retrieve|sparse_retrieve|hybrid_retrieve|hybrid_rerank,hybrid_rerank,-0.02,0,grader,-0.235441,-0.838463,0.712244,0.750095,-0.235441,-0.838463,0.712244,0.750095,0.3822793737053871,6,0.8561218082904816,0.8750476241111755,,,,,,,,,,
58,2,grader,keep_all|loose_filter|medium_filter|strict_filter|rerank_only,strict_filter,-0.07,0,generator,1.0,-0.93253,0.925122,,1.0,-0.93253,0.925122,0.0,,,,,,,1.0,0.516867458820343,0.962561160326004,,,,,
58,3,generator,generate_answer|generate_with_strict_citations|generate_short_answer,generate_answer,-0.07,0,verifier,-0.417702,-1.0,0.766564,1.0,-0.417702,-1.0,0.766564,1.0,,,,,,,,,,0.2911489009857178,0.0,384,1.0,
58,4,verifier,verify_answer,verify_answer,0.6921,1,,-1.0,,,,-1.0,0.0,0.0,0.0,,,,,,,,,,,,,,0.0
59,1,retriever,dense_retrieve|sparse_retrieve|hybrid_retrieve|hybrid_rerank,hybrid_rerank,-0.02,0,grader,1.6e-05,-1.0,0.858864,0.728871,1.6e-05,-1.0,0.858864,0.728871,0.5000079683613876,5,0.9294320940971375,0.8644352853298187,,,,,,,,,,
59,2,grader,keep_all|loose_filter|medium_filter|strict_filter|rerank_only,strict_filter,-0.07,0,generator,0.866104,-0.841849,0.873103,,0.866104,-0.841849,0.873103,0.0,,,,,,,0.9330519735813141,0.5395377278327942,0.9365517199039459,,,,,
59,3,generator,generate_answer|generate_with_strict_citations|generate_short_answer,generate_answer,-0.07,0,verifier,-0.849455,-1.0,0.771628,0.799786,-0.849455,-1.0,0.771628,0.799786,,,,,,,,,,0.07527253031730652,0.0,384,0.8998929858207703,
59,4,verifier,verify_answer,verify_answer,0.7398,1,,-0.736194,,,,-0.736194,0.0,0.0,0.0,,,,,,,,,,,,,,0.13190308213233948
60,1,retriever,dense_retrieve|sparse_retrieve|hybrid_retrieve|hybrid_rerank,hybrid_rerank,-0.02,0,grader,-0.367616,-0.708362,0.737784,0.663672,-0.367616,-0.708362,0.737784,0.663672,0.316192090511322,7,0.8688917756080627,0.8318359553813934,,,,,,,,,,
60,2,grader,keep_all|loose_filter|medium_filter|strict_filter|rerank_only,strict_filter,-0.07,0,generator,0.864496,-0.939428,0.968838,,0.864496,-0.939428,0.968838,0.0,,,,,,,0.9322482049465179,0.5151429176330566,0.9844189584255219,,,,,
60,3,generator,generate_answer|generate_with_strict_citations|generate_short_answer,generate_answer,-0.07,0,verifier,-0.530532,-0.980904,0.730208,0.937276,-0.530532,-0.980904,0.730208,0.937276,,,,,,,,,,0.2347339391708374,0.009548157453536987,384,0.9686379134654999,
60,4,verifier,verify_answer,verify_answer,0.4394,1,,-1.0,,,,-1.0,0.0,0.0,0.0,,,,,,,,,,,,,,0.0
61,1,retriever,dense_retrieve|sparse_retrieve|hybrid_retrieve|hybrid_rerank,dense_retrieve,-0.02,0,grader,0.520232,-1.0,-0.253686,1.0,0.520232,-1.0,-0.253686,1.0,0.7601160407066345,5,0.3731568157672882,1.0,,,,,,,,,,
61,2,grader,keep_all|loose_filter|medium_filter|strict_filter|rerank_only,strict_filter,-0.07,0,generator,1.0,-1.0,0.925025,,1.0,-1.0,0.925025,0.0,,,,,,,1.0,0.5,0.9625123739242554,,,,,
61,3,generator,generate_answer|generate_with_strict_citations|generate_short_answer,generate_answer,-0.07,0,verifier,-0.715848,-1.0,0.541704,1.0,-0.715848,-1.0,0.541704,1.0,,,,,,,,,,0.14207619428634644,0.0,384,1.0,
61,4,verifier,verify_answer,verify_answer,0.6924,1,,-1.0,,,,-1.0,0.0,0.0,0.0,,,,,,,,,,,,,,0.0
62,1,retriever,dense_retrieve|sparse_retrieve|hybrid_retrieve|hybrid_rerank,hybrid_rerank,-0.02,0,grader,0.312675,-1.0,0.42697,0.933437,0.312675,-1.0,0.42697,0.933437,0.6563373357057571,5,0.7134848684072495,0.9667182564735413,,,,,,,,,,
62,2,grader,keep_all|loose_filter|medium_filter|strict_filter|rerank_only,strict_filter,-0.07,0,generator,1.0,-0.852011,1.0,,1.0,-0.852011,1.0,0.0,,,,,,,1.0,0.5369973182678223,1.0,,,,,
62,3,generator,generate_answer|generate_with_strict_citations|generate_short_answer,generate_answer,-0.07,0,verifier,-0.725645,-1.0,0.508105,0.899461,-0.725645,-1.0,0.508105,0.899461,,,,,,,,,,0.1371777057647705,0.0,384,0.9497305452823639,
62,4,verifier,verify_answer,verify_answer,0.5445,1,,-0.995363,,,,-0.995363,0.0,0.0,0.0,,,,,,,,,,,,,,0.0023185908794403076
63,1,retriever,dense_retrieve|sparse_retrieve|hybrid_retrieve|hybrid_rerank,hybrid_rerank,-0.02,0,grader,0.456945,-1.0,0.324989,0.729791,0.456945,-1.0,0.324989,0.729791,0.7284725904464722,5,0.6624944508075714,0.8648953437805176,,,,,,,,,,
63,2,grader,keep_all|loose_filter|medium_filter|strict_filter|rerank_only,strict_filter,-0.07,0,generator,0.881966,-1.0,0.8179,,0.881966,-1.0,0.8179,0.0,,,,,,,0.9409829676151276,0.5,0.9089500606060028,,,,,
63,3,generator,generate_answer|generate_with_strict_citations|generate_short_answer,generate_answer,-0.07,0,verifier,-1.0,-1.0,0.92023,0.850682,-1.0,-1.0,0.92023,0.850682,,,,,,,,,,0.0,0.0,384,0.9253410696983337,
63,4,verifier,verify_answer,verify_answer,0.6017,1,,-0.604432,,,,-0.604432,0.0,0.0,0.0,,,,,,,,,,,,,,0.19778379797935486
64,1,retriever,dense_retrieve|sparse_retrieve|hybrid_retrieve|hybrid_rerank,hybrid_rerank,-0.02,0,grader,-0.107788,-0.952366,0.645348,-0.10523,-0.107788,-0.952366,0.645348,-0.10523,0.4461062066257,5,0.8226739764213562,0.44738514721393585,,,,,,,,,,
64,2,grader,keep_all|loose_filter|medium_filter|strict_filter|rerank_only,strict_filter,-0.07,0,generator,0.854719,-0.981042,1.0,,0.854719,-0.981042,1.0,0.0,,,,,,,0.927359402179718,0.5047393888235092,1.0,,,,,
64,3,generator,generate_answer|generate_with_strict_citations|generate_short_answer,generate_answer,-0.07,0,verifier,-0.91762,-0.825744,0.749744,0.986908,-0.91762,-0.825744,0.749744,0.986908,,,,,,,,,,0.04118978977203369,0.08712780475616455,384,0.9934539794921875,
64,4,verifier,verify_answer,verify_answer,0.3671,1,,-0.733838,,,,-0.733838,0.0,0.0,0.0,,,,,,,,,,,,,,0.13308116793632507
65,1,retriever,dense_retrieve|sparse_retrieve|hybrid_retrieve|hybrid_rerank,hybrid_rerank,-0.02,0,grader,-0.294904,-0.708964,0.872092,-0.538844,-0.294904,-0.708964,0.872092,-0.538844,0.3525482416152954,7,0.9360461533069611,0.23057788610458374,,,,,,,,,,
65,2,grader,keep_all|loose_filter|medium_filter|strict_filter|rerank_only,strict_filter,-0.07,0,generator,1.0,-0.853486,1.0,,1.0,-0.853486,1.0,0.0,,,,,,,1.0,0.5366285294294357,1.0,,,,,
65,3,generator,generate_answer|generate_with_strict_citations|generate_short_answer,generate_answer,-0.07,0,verifier,-1.0,-1.0,0.852961,0.980301,-1.0,-1.0,0.852961,0.980301,,,,,,,,,,0.0,0.0,384,0.9901502728462219,
65,4,verifier,verify_answer,verify_answer,0.5725,1,,-0.906231,,,,-0.906231,0.0,0.0,0.0,,,,,,,,,,,,,,0.04688471555709839
66,1,retriever,dense_retrieve|sparse_retrieve|hybrid_retrieve|hybrid_rerank,hybrid_rerank,-0.02,0,grader,-0.133715,-1.0,0.79494,-0.559674,-0.133715,-1.0,0.79494,-0.559674,0.43314263969659805,5,0.8974701166152954,0.2201632261276245,,,,,,,,,,
66,2,grader,keep_all|loose_filter|medium_filter|strict_filter|rerank_only,strict_filter,-0.07,0,generator,1.0,-0.837243,1.0,,1.0,-0.837243,1.0,0.0,,,,,,,1.0,0.5406891703605652,1.0,,,,,
66,3,generator,generate_answer|generate_with_strict_citations|generate_short_answer,generate_answer,-0.07,0,verifier,-0.864355,-1.0,0.660317,1.0,-0.864355,-1.0,0.660317,1.0,,,,,,,,,,0.06782251596450806,0.0,384,1.0,
66,4,verifier,verify_answer,verify_answer,0.5717,1,,-0.968333,,,,-0.968333,0.0,0.0,0.0,,,,,,,,,,,,,,0.01583346724510193
67,1,retriever,dense_retrieve|sparse_retrieve|hybrid_retrieve|hybrid_rerank,hybrid_rerank,-0.02,0,grader,-0.101501,-1.0,0.562861,-0.632447,-0.101501,-1.0,0.562861,-0.632447,0.44924964010715485,5,0.7814303040504456,0.1837766468524933,,,,,,,,,,
67,2,grader,keep_all|loose_filter|medium_filter|strict_filter|rerank_only,strict_filter,-0.07,0,generator,0.928136,-0.897131,0.975592,,0.928136,-0.897131,0.975592,0.0,,,,,,,0.9640679657459259,0.5257171988487244,0.9877959489822388,,,,,
67,3,generator,generate_answer|generate_with_strict_citations|generate_short_answer,generate_answer,-0.07,0,verifier,-0.941651,-0.857442,0.849272,1.0,-0.941651,-0.857442,0.849272,1.0,,,,,,,,,,0.02917465567588806,0.0712791383266449,384,1.0,
67,4,verifier,verify_answer,verify_answer,0.7103,1,,-1.0,,,,-1.0,0.0,0.0,0.0,,,,,,,,,,,,,,0.0
68,1,retriever,dense_retrieve|sparse_retrieve|hybrid_retrieve|hybrid_rerank,hybrid_rerank,-0.02,0,grader,-0.15208,-1.0,0.729605,-0.948392,-0.15208,-1.0,0.729605,-0.948392,0.4239601418375969,5,0.8648025989532471,0.02580404281616211,,,,,,,,,,
68,2,grader,keep_all|loose_filter|medium_filter|strict_filter|rerank_only,strict_filter,-0.07,0,generator,1.0,-1.0,0.940429,,1.0,-1.0,0.940429,0.0,,,,,,,1.0,0.5,0.9702146351337433,,,,,
68,3,generator,generate_answer|generate_with_strict_citations|generate_short_answer,generate_answer,-0.07,0,verifier,-1.0,-0.781352,0.970359,1.0,-1.0,-0.781352,0.970359,1.0,,,,,,,,,,0.0,0.10932394862174988,384,1.0,
68,4,verifier,verify_answer,verify_answer,0.6185,1,,-1.0,,,,-1.0,0.0,0.0,0.0,,,,,,,,,,,,,,0.0
69,1,retriever,dense_retrieve|sparse_retrieve|hybrid_retrieve|hybrid_rerank,hybrid_rerank,-0.02,0,grader,-0.016962,-0.840939,0.68499,-0.770336,-0.016962,-0.840939,0.68499,-0.770336,0.49151917174458504,6,0.8424951136112213,0.11483198404312134,,,,,,,,,,
69,2,grader,keep_all|loose_filter|medium_filter|strict_filter|rerank_only,strict_filter,-0.07,0,generator,0.853526,-0.787978,1.0,,0.853526,-0.787978,1.0,0.0,,,,,,,0.9267630875110626,0.5530055016279221,1.0,,,,,
69,3,generator,generate_answer|generate_with_strict_citations|generate_short_answer,generate_answer,-0.07,0,verifier,-1.0,-1.0,1.0,1.0,-1.0,-1.0,1.0,1.0,,,,,,,,,,0.0,0.0,384,1.0,
69,4,verifier,verify_answer,verify_answer,0.5748,1,,-1.0,,,,-1.0,0.0,0.0,0.0,,,,,,,,,,,,,,0.0
70,1,retriever,dense_retrieve|sparse_retrieve|hybrid_retrieve|hybrid_rerank,dense_retrieve,-0.02,0,grader,0.709867,-0.993754,-0.220521,-0.816469,0.709867,-0.993754,-0.220521,-0.816469,0.8549337387084961,5,0.3897395208477974,0.09176555275917053,,,,,,,,,,
70,2,grader,keep_all|loose_filter|medium_filter|strict_filter|rerank_only,loose_filter,-0.07,0,generator,0.834055,-1.0,0.425431,,0.834055,-1.0,0.425431,0.0,,,,,,,0.9170275032520294,0.5,0.7127154916524887,,,,,
70,3,generator,generate_answer|generate_with_strict_citations|generate_short_answer,generate_answer,-0.07,0,verifier,-0.927015,-0.765829,0.78381,1.0,-0.927015,-0.765829,0.78381,1.0,,,,,,,,,,0.036492347717285156,0.11708548665046692,384,1.0,
70,4,verifier,verify_answer,verify_answer,0.6159,1,,-1.0,,,,-1.0,0.0,0.0,0.0,,,,,,,,,,,,,,0.0
71,1,retriever,dense_retrieve|sparse_retrieve|hybrid_retrieve|hybrid_rerank,hybrid_rerank,-0.02,0,grader,0.18492,-0.864545,0.39495,-0.91881,0.18492,-0.864545,0.39495,-0.91881,0.5924598872661591,6,0.6974750906229019,0.04059487581253052,,,,,,,,,,
71,2,grader,keep_all|loose_filter|medium_filter|strict_filter|rerank_only,strict_filter,-0.07,0,generator,0.950092,-0.925533,1.0,,0.950092,-0.925533,1.0,0.0,,,,,,,0.9750458002090454,0.51861672103405,1.0,,,,,
71,3,generator,generate_answer|generate_with_strict_citations|generate_short_answer,generate_answer,-0.07,0,verifier,-0.592393,-1.0,0.886939,0.898014,-0.592393,-1.0,0.886939,0.898014,,,,,,,,,,0.20380353927612305,0.0,384,0.9490070641040802,
71,4,verifier,verify_answer,verify_answer,0.6555,1,,-1.0,,,,-1.0,0.0,0.0,0.0,,,,,,,,,,,,,,0.0
72,1,retriever,dense_retrieve|sparse_retrieve|hybrid_retrieve|hybrid_rerank,hybrid_rerank,-0.02,0,grader,0.234705,-0.780518,0.665976,-1.0,0.234705,-0.780518,0.665976,-1.0,0.6173524484038353,6,0.8329878747463226,0.0,,,,,,,,,,
72,2,grader,keep_all|loose_filter|medium_filter|strict_filter|rerank_only,strict_filter,-0.07,0,generator,0.795876,-0.928681,0.878592,,0.795876,-0.928681,0.878592,0.0,,,,,,,0.8979381322860718,0.5178297907114029,0.939295768737793,,,,,
72,3,generator,generate_answer|generate_with_strict_citations|generate_short_answer,generate_answer,-0.07,0,verifier,-0.869607,-0.968208,0.742968,1.0,-0.869607,-0.968208,0.742968,1.0,,,,,,,,,,0.06519627571105957,0.015896141529083252,384,1.0,
72,4,verifier,verify_answer,verify_answer,0.6985,1,,-0.730094,,,,-0.730094,0.0,0.0,0.0,,,,,,,,,,,,,,0.13495296239852905
73,1,retriever,dense_retrieve|sparse_retrieve|hybrid_retrieve|hybrid_rerank,dense_retrieve,-0.02,0,grader,0.734692,-0.996678,-0.283979,-0.867304,0.734692,-0.996678,-0.283979,-0.867304,0.8673457503318787,5,0.35801054537296295,0.06634777784347534,,,,,,,,,,
73,2,grader,keep_all|loose_filter|medium_filter|strict_filter|rerank_only,medium_filter,-0.07,0,generator,1.0,-0.698168,0.712254,,1.0,-0.698168,0.712254,0.0,,,,,,,1.0,0.5754579901695251,0.8561268448829651,,,,,
73,3,generator,generate_answer|generate_with_strict_citations|generate_short_answer,generate_answer,-0.07,0,verifier,-1.0,-1.0,0.844434,0.988823,-1.0,-1.0,0.844434,0.988823,,,,,,,,,,0.0,0.0,384,0.994411438703537,
73,4,verifier,verify_answer,verify_answer,0.6921,1,,-0.730235,,,,-0.730235,0.0,0.0,0.0,,,,,,,,,,,,,,0.13488233089447021
74,1,retriever,dense_retrieve|sparse_retrieve|hybrid_retrieve|hybrid_rerank,dense_retrieve,-0.02,0,grader,0.82836,-0.872441,-0.457682,-0.777754,0.82836,-0.872441,-0.457682,-0.777754,0.9141799807548523,5,0.2711590528488159,0.11112317442893982,,,,,,,,,,
74,2,grader,keep_all|loose_filter|medium_filter|strict_filter|rerank_only,rerank_only,-0.07,0,generator,1.0,-1.0,0.153165,,1.0,-1.0,0.153165,0.0,,,,,,,1.0,0.5,0.5765824168920517,,,,,
74,3,generator,generate_answer|generate_with_strict_citations|generate_short_answer,generate_answer,-0.07,0,verifier,-0.808945,-0.896593,1.0,1.0,-0.808945,-0.896593,1.0,1.0,,,,,,,,,,0.09552732110023499,0.051703572273254395,384,1.0,
74,4,verifier,verify_answer,verify_answer,-0.07,0,verifier,-1.0,,,,-1.0,0.0,0.0,0.0,,,,,,,,,,,,,,0.0
74,5,verifier,request_regeneration|request_more_retrieval|request_rewrite,request_more_retrieval,-0.07,0,retriever,-0.955699,,,,-0.955699,0.0,0.0,0.0,,,,,,,,,,,,,,0.022150367498397827
74,6,retriever,retrieve_more,retrieve_more,-0.02,0,grader,0.957344,-0.692783,-0.340994,-0.668014,0.957344,-0.692783,-0.340994,-0.668014,0.9786718487739563,7,0.3295030891895294,0.16599306464195251,,,,,,,,,,
74,7,grader,keep_all|loose_filter|medium_filter|strict_filter|rerank_only,rerank_only,-0.07,0,generator,1.0,-0.860066,0.183899,,1.0,-0.860066,0.183899,0.0,,,,,,,1.0,0.5349836051464081,0.591949425637722,,,,,
74,8,generator,generate_answer|generate_with_strict_citations|generate_short_answer,generate_answer,-0.07,0,verifier,-0.856904,-0.890114,1.0,0.945768,-0.856904,-0.890114,1.0,0.945768,,,,,,,,,,0.0715482234954834,0.054942786693573,384,0.9728838205337524,
74,9,verifier,verify_answer,verify_answer,-0.07,0,verifier,-0.907429,,,,-0.907429,0.0,0.0,0.0,,,,,,,,,,,,,,0.046285271644592285
74,10,verifier,request_regeneration|request_more_retrieval|request_rewrite,request_more_retrieval,-0.07,0,retriever,-0.97987,,,,-0.97987,0.0,0.0,0.0,,,,,,,,,,,,,,0.010064780712127686
74,11,retriever,retrieve_more,retrieve_more,-0.02,0,grader,0.966295,-0.488467,-0.291067,-0.720351,0.966295,-0.488467,-0.291067,-0.720351,0.9831474721431732,8,0.3544662743806839,0.13982439041137695,,,,,,,,,,
74,12,grader,keep_all|loose_filter|medium_filter|strict_filter|rerank_only,rerank_only,-0.4736,1,,1.0,-0.769009,0.334979,,1.0,-0.769009,0.334979,0.0,,,,,,,1.0,0.5577478408813477,0.6674895733594894,,,,,
75,1,retriever,dense_retrieve|sparse_retrieve|hybrid_retrieve|hybrid_rerank,hybrid_rerank,-0.02,0,grader,1.0,-0.928589,0.087706,-0.95962,1.0,-0.928589,0.087706,-0.95962,1.0,5,0.5438527651131153,0.020190149545669556,,,,,,,,,,
75,2,grader,keep_all|loose_filter|medium_filter|strict_filter|rerank_only,strict_filter,-0.07,0,generator,1.0,-1.0,0.999451,,1.0,-1.0,0.999451,0.0,,,,,,,1.0,0.5,0.9997252821922302,,,,,
75,3,generator,generate_answer|generate_with_strict_citations|generate_short_answer,generate_answer,-0.07,0,verifier,-0.874395,-0.971103,0.916044,1.0,-0.874395,-0.971103,0.916044,1.0,,,,,,,,,,0.06280264258384705,0.01444825530052185,384,1.0,
75,4,verifier,verify_answer,verify_answer,0.6528,1,,-0.838447,,,,-0.838447,0.0,0.0,0.0,,,,,,,,,,,,,,0.08077666163444519
76,1,retriever,dense_retrieve|sparse_retrieve|hybrid_retrieve|hybrid_rerank,dense_retrieve,-0.02,0,grader,0.779645,-0.801167,-0.674324,-0.805002,0.779645,-0.801167,-0.674324,-0.805002,0.8898226916790009,6,0.162837952375412,0.09749919176101685,,,,,,,,,,
76,2,grader,keep_all|loose_filter|medium_filter|strict_filter|rerank_only,loose_filter,-0.07,0,generator,0.749631,-1.0,0.596571,,0.749631,-1.0,0.596571,0.0,,,,,,,0.8748154938220978,0.5,0.7982856333255768,,,,,
76,3,generator,generate_answer|generate_with_strict_citations|generate_short_answer,generate_answer,-0.07,0,verifier,-0.71932,-1.0,0.888915,1.0,-0.71932,-1.0,0.888915,1.0,,,,,,,,,,0.14033979177474976,0.0,384,1.0,
76,4,verifier,verify_answer,verify_answer,0.6128,1,,-1.0,,,,-1.0,0.0,0.0,0.0,,,,,,,,,,,,,,0.0
77,1,retriever,dense_retrieve|sparse_retrieve|hybrid_retrieve|hybrid_rerank,hybrid_rerank,-0.02,0,grader,0.527425,-0.757923,0.09406,-1.0,0.527425,-0.757923,0.09406,-1.0,0.763712614774704,6,0.5470301248133183,0.0,,,,,,,,,,
77,2,grader,keep_all|loose_filter|medium_filter|strict_filter|rerank_only,strict_filter,-0.07,0,generator,0.983882,-0.96278,0.863447,,0.983882,-0.96278,0.863447,0.0,,,,,,,0.9919408857822418,0.5093049556016922,0.9317235350608826,,,,,
77,3,generator,generate_answer|generate_with_strict_citations|generate_short_answer,generate_answer,-0.07,0,verifier,-1.0,-0.868501,1.0,0.978183,-1.0,-0.868501,1.0,0.978183,,,,,,,,,,0.0,0.06574931740760803,384,0.9890912771224976,
77,4,verifier,verify_answer,verify_answer,0.3685,1,,-0.722569,,,,-0.722569,0.0,0.0,0.0,,,,,,,,,,,,,,0.13871541619300842
78,1,retriever,dense_retrieve|sparse_retrieve|hybrid_retrieve|hybrid_rerank,dense_retrieve,-0.02,0,grader,0.770138,-1.0,-0.489183,-0.996265,0.770138,-1.0,-0.489183,-0.996265,0.88506880402565,5,0.25540830194950104,0.0018673241138458252,,,,,,,,,,
78,2,grader,keep_all|loose_filter|medium_filter|strict_filter|rerank_only,strict_filter,-0.07,0,generator,1.0,-1.0,0.865581,,1.0,-1.0,0.865581,0.0,,,,,,,1.0,0.5,0.9327904880046844,,,,,
78,3,generator,generate_answer|generate_with_strict_citations|generate_short_answer,generate_answer,-0.07,0,verifier,-1.0,-0.782852,0.966048,1.0,-1.0,-0.782852,0.966048,1.0,,,,,,,,,,0.0,0.10857391357421875,384,1.0,
78,4,verifier,verify_answer,verify_answer,0.6299,1,,-0.947995,,,,-0.947995,0.0,0.0,0.0,,,,,,,,,,,,,,0.026002317667007446
79,1,retriever,dense_retrieve|sparse_retrieve|hybrid_retrieve|hybrid_rerank,hybrid_rerank,-0.02,0,grader,0.945172,-0.662583,0.413008,-0.901937,0.945172,-0.662583,0.413008,-0.901937,0.9725857675075531,7,0.7065040618181229,0.049031347036361694,,,,,,,,,,
79,2,grader,keep_all|loose_filter|medium_filter|strict_filter|rerank_only,strict_filter,-0.07,0,generator,1.0,-0.969865,1.0,,1.0,-0.969865,1.0,0.0,,,,,,,1.0,0.5075338184833527,1.0,,,,,
79,3,generator,generate_answer|generate_with_strict_citations|generate_short_answer,generate_answer,-0.07,0,verifier,-0.92848,-0.783383,0.886862,1.0,-0.92848,-0.783383,0.886862,1.0,,,,,,,,,,0.03575986623764038,0.10830828547477722,384,1.0,
79,4,verifier,verify_answer,verify_answer,0.6891,1,,-1.0,,,,-1.0,0.0,0.0,0.0,,,,,,,,,,,,,,0.0
80,1,retriever,dense_retrieve|sparse_retrieve|hybrid_retrieve|hybrid_rerank,hybrid_rerank,-0.02,0,grader,0.66251,-0.66405,0.291238,-0.872456,0.66251,-0.66405,0.291238,-0.872456,0.831255167722702,7,0.6456191688776016,0.06377178430557251,,,,,,,,,,
80,2,grader,keep_all|loose_filter|medium_filter|strict_filter|rerank_only,medium_filter,-0.07,0,generator,0.747734,-1.0,0.651093,,0.747734,-1.0,0.651093,0.0,,,,,,,0.8738672435283661,0.5,0.8255465626716614,,,,,
80,3,generator,generate_answer|generate_with_strict_citations|generate_short_answer,generate_answer,-0.07,0,verifier,-0.97857,-1.0,0.751496,1.0,-0.97857,-1.0,0.751496,1.0,,,,,,,,,,0.010714858770370483,0.0,384,1.0,
80,4,verifier,verify_answer,verify_answer,0.7007,1,,-0.881622,,,,-0.881622,0.0,0.0,0.0,,,,,,,,,,,,,,0.059189021587371826
81,1,retriever,dense_retrieve|sparse_retrieve|hybrid_retrieve|hybrid_rerank,dense_retrieve,-0.02,0,grader,0.99475,-0.72745,-0.300673,-0.993771,0.99475,-0.72745,-0.300673,-0.993771,0.9973749816417694,7,0.3496636897325516,0.0031145215034484863,,,,,,,,,,
81,2,grader,keep_all|loose_filter|medium_filter|strict_filter|rerank_only,medium_filter,-0.07,0,generator,0.792663,-0.774198,0.703217,,0.792663,-0.774198,0.703217,0.0,,,,,,,0.896331399679184,0.5564503818750381,0.8516084849834442,,,,,
81,3,generator,generate_answer|generate_with_strict_citations|generate_short_answer,generate_answer,-0.07,0,verifier,-0.939042,-0.995544,1.0,0.688243,-0.939042,-0.995544,1.0,0.688243,,,,,,,,,,0.030479073524475098,0.00222817063331604,384,0.8441213965415955,
81,4,verifier,verify_answer,verify_answer,0.7763,1,,-1.0,,,,-1.0,0.0,0.0,0.0,,,,,,,,,,,,,,0.0
82,1,retriever,dense_retrieve|sparse_retrieve|hybrid_retrieve|hybrid_rerank,hybrid_rerank,-0.02,0,grader,0.768269,-0.592281,0.376193,-0.72914,0.768269,-0.592281,0.376193,-0.72914,0.8841345906257629,8,0.6880964934825897,0.13542979955673218,,,,,,,,,,
82,2,grader,keep_all|loose_filter|medium_filter|strict_filter|rerank_only,strict_filter,-0.07,0,generator,0.924864,-1.0,0.98423,,0.924864,-1.0,0.98423,0.0,,,,,,,0.9624319076538086,0.5,0.9921149611473083,,,,,
82,3,generator,generate_answer|generate_with_strict_citations|generate_short_answer,generate_answer,-0.07,0,verifier,-0.658263,-0.860808,0.998956,0.89454,-0.658263,-0.860808,0.998956,0.89454,,,,,,,,,,0.1708686351776123,0.06959602236747742,384,0.9472701251506805,
82,4,verifier,verify_answer,verify_answer,0.5712,1,,-0.89475,,,,-0.89475,0.0,0.0,0.0,,,,,,,,,,,,,,0.052625060081481934
83,1,retriever,dense_retrieve|sparse_retrieve|hybrid_retrieve|hybrid_rerank,dense_retrieve,-0.02,0,grader,0.997635,-0.145382,-0.370194,-0.835944,0.997635,-0.145382,-0.370194,-0.835944,0.9988174438476562,11,0.3149028867483139,0.08202806115150452,,,,,,,,,,
83,2,grader,keep_all|loose_filter|medium_filter|strict_filter|rerank_only,rerank_only,-0.07,0,generator,0.901452,-0.802123,-0.689198,,0.901452,-0.802123,-0.689198,0.0,,,,,,,0.9507260620594025,0.5494693666696548,0.15540090203285217,,,,,
83,3,generator,generate_answer|generate_with_strict_citations|generate_short_answer,generate_answer,-0.07,0,verifier,-0.482061,-1.0,1.0,1.0,-0.482061,-1.0,1.0,1.0,,,,,,,,,,0.2589692771434784,0.0,384,1.0,
83,4,verifier,verify_answer,verify_answer,0.5244,1,,-1.0,,,,-1.0,0.0,0.0,0.0,,,,,,,,,,,,,,0.0
84,1,retriever,dense_retrieve|sparse_retrieve|hybrid_retrieve|hybrid_rerank,hybrid_rerank,-0.02,0,grader,0.807666,-0.107663,0.272633,-0.920193,0.807666,-0.107663,0.272633,-0.920193,0.9038329422473907,11,0.6363165378570557,0.0399034321308136,,,,,,,,,,
84,2,grader,keep_all|loose_filter|medium_filter|strict_filter|rerank_only,strict_filter,-0.07,0,generator,0.801866,-1.0,0.934027,,0.801866,-1.0,0.934027,0.0,,,,,,,0.9009330570697784,0.5,0.9670135676860809,,,,,
84,3,generator,generate_answer|generate_with_strict_citations|generate_short_answer,generate_answer,-0.07,0,verifier,-0.45402,-0.934154,0.994724,1.0,-0.45402,-0.934154,0.994724,1.0,,,,,,,,,,0.27298979461193085,0.03292301297187805,384,1.0,
84,4,verifier,verify_answer,verify_answer,0.0918,1,,-0.907515,,,,-0.907515,0.0,0.0,0.0,,,,,,,,,,,,,,0.04624226689338684
85,1,retriever,dense_retrieve|sparse_retrieve|hybrid_retrieve|hybrid_rerank,dense_retrieve,-0.02,0,grader,0.702763,0.063371,-0.106964,-0.938943,0.702763,0.063371,-0.106964,-0.938943,0.8513815999031067,12,0.44651777669787407,0.03052857518196106,,,,,,,,,,
85,2,grader,keep_all|loose_filter|medium_filter|strict_filter|rerank_only,medium_filter,-0.07,0,generator,0.977179,-1.0,0.792615,,0.977179,-1.0,0.792615,0.0,,,,,,,0.9885893166065216,0.5,0.8963073492050171,,,,,
85,3,generator,generate_answer|generate_with_strict_citations|generate_short_answer,generate_answer,-0.07,0,verifier,-0.825342,-1.0,1.0,1.0,-0.825342,-1.0,1.0,1.0,,,,,,,,,,0.08732903003692627,0.0,384,1.0,
85,4,verifier,verify_answer,verify_answer,0.5196,1,,-0.746817,,,,-0.746817,0.0,0.0,0.0,,,,,,,,,,,,,,0.12659141421318054
86,1,retriever,dense_retrieve|sparse_retrieve|hybrid_retrieve|hybrid_rerank,dense_retrieve,-0.02,0,grader,0.840674,0.197114,-0.663839,-1.0,0.840674,0.197114,-0.663839,-1.0,0.9203368425369263,13,0.16808056831359863,0.0,,,,,,,,,,
86,2,grader,keep_all|loose_filter|medium_filter|strict_filter|rerank_only,rerank_only,-0.07,0,generator,1.0,-0.901886,-0.996158,,1.0,-0.901886,-0.996158,0.0,,,,,,,1.0,0.5245284885168076,0.0019209682941436768,,,,,
86,3,generator,generate_answer|generate_with_strict_citations|generate_short_answer,generate_answer,-0.07,0,verifier,-0.246382,-0.792699,0.886848,1.0,-0.246382,-0.792699,0.886848,1.0,,,,,,,,,,0.3768092393875122,0.10365068912506104,384,1.0,
86,4,verifier,verify_answer,verify_answer,0.6604,1,,-0.925317,,,,-0.925317,0.0,0.0,0.0,,,,,,,,,,,,,,0.03734135627746582
87,1,retriever,dense_retrieve|sparse_retrieve|hybrid_retrieve|hybrid_rerank,dense_retrieve,-0.02,0,grader,0.939658,-0.039947,-0.842835,-0.997432,0.939658,-0.039947,-0.842835,-0.997432,0.9698287844657898,12,0.07858243584632874,0.0012842416763305664,,,,,,,,,,
87,2,grader,keep_all|loose_filter|medium_filter|strict_filter|rerank_only,rerank_only,-0.07,0,generator,1.0,-0.918186,-0.89365,,1.0,-0.918186,-0.89365,0.0,,,,,,,1.0,0.5204534083604813,0.05317521095275879,,,,,
87,3,generator,generate_answer|generate_with_strict_citations|generate_short_answer,generate_answer,-0.07,0,verifier,-0.219661,-1.0,1.0,0.732258,-0.219661,-1.0,1.0,0.732258,,,,,,,,,,0.3901697248220444,0.0,384,0.866129070520401,
87,4,verifier,verify_answer,verify_answer,-0.07,0,verifier,-1.0,,,,-1.0,0.0,0.0,0.0,,,,,,,,,,,,,,0.0
87,5,verifier,request_regeneration|request_more_retrieval|request_rewrite,request_more_retrieval,-0.07,0,retriever,-1.0,,,,-1.0,0.0,0.0,0.0,,,,,,,,,,,,,,0.0
87,6,retriever,retrieve_more,retrieve_more,-0.02,0,grader,0.679677,-0.57071,-1.0,-0.946223,0.679677,-0.57071,-1.0,-0.946223,0.8398386836051941,8,0.0,0.026888251304626465,,,,,,,,,,
87,7,grader,keep_all|loose_filter|medium_filter|strict_filter|rerank_only,rerank_only,-0.07,0,generator,1.0,-0.858582,-1.0,,1.0,-0.858582,-1.0,0.0,,,,,,,1.0,0.535354495048523,0.0,,,,,
87,8,generator,generate_answer|generate_with_strict_citations|generate_short_answer,generate_answer,-0.07,0,verifier,-0.384669,-1.0,1.0,0.53764,-0.384669,-1.0,1.0,0.53764,,,,,,,,,,0.30766570568084717,0.0,384,0.7688202261924744,
87,9,verifier,verify_answer,verify_answer,-0.07,0,verifier,-1.0,,,,-1.0,0.0,0.0,0.0,,,,,,,,,,,,,,0.0
87,10,verifier,request_regeneration|request_more_retrieval|request_rewrite,request_more_retrieval,-0.07,0,retriever,-0.983325,,,,-0.983325,0.0,0.0,0.0,,,,,,,,,,,,,,0.00833749771118164
87,11,retriever,retrieve_more,retrieve_more,-0.02,0,grader,0.781915,-0.784584,-1.0,-1.0,0.781915,-0.784584,-1.0,-1.0,0.8909572958946228,6,0.0,0.0,,,,,,,,,,
87,12,grader,keep_all|loose_filter|medium_filter|strict_filter|rerank_only,rerank_only,-0.4818,1,,1.0,-0.821917,-0.950154,,1.0,-0.821917,-0.950154,0.0,,,,,,,1.0,0.5445207804441452,0.02492302656173706,,,,,
88,1,retriever,dense_retrieve|sparse_retrieve|hybrid_retrieve|hybrid_rerank,dense_retrieve,-0.02,0,grader,0.866873,0.263843,-0.325125,-1.0,0.866873,0.263843,-0.325125,-1.0,0.933436393737793,14,0.33743731677532196,0.0,,,,,,,,,,
88,2,grader,keep_all|loose_filter|medium_filter|strict_filter|rerank_only,medium_filter,-0.07,0,generator,0.286955,-1.0,0.723713,,0.286955,-1.0,0.723713,0.0,,,,,,,0.6434774547815323,0.5,0.8618562519550323,,,,,
88,3,generator,generate_answer|generate_with_strict_citations|generate_short_answer,generate_answer,-0.07,0,verifier,0.120696,-0.889805,0.976995,0.999467,0.120696,-0.889805,0.976995,0.999467,,,,,,,,,,0.5603479892015457,0.0550975501537323,384,0.9997337162494659,
88,4,verifier,verify_answer,verify_answer,0.6398,1,,-1.0,,,,-1.0,0.0,0.0,0.0,,,,,,,,,,,,,,0.0
89,1,retriever,dense_retrieve|sparse_retrieve|hybrid_retrieve|hybrid_rerank,dense_retrieve,-0.02,0,grader,0.825871,0.301592,-0.12035,-1.0,0.825871,0.301592,-0.12035,-1.0,0.912935346364975,14,0.43982483819127083,0.0,,,,,,,,,,
89,2,grader,keep_all|loose_filter|medium_filter|strict_filter|rerank_only,medium_filter,-0.07,0,generator,0.562545,-1.0,0.695954,,0.562545,-1.0,0.695954,0.0,,,,,,,0.7812726199626923,0.5,0.8479771614074707,,,,,
89,3,generator,generate_answer|generate_with_strict_citations|generate_short_answer,generate_answer,-0.07,0,verifier,0.253539,-0.907816,0.829548,0.893401,0.253539,-0.907816,0.829548,0.893401,,,,,,,,,,0.6267695724964142,0.04609188437461853,384,0.9467004537582397,
89,4,verifier,verify_answer,verify_answer,0.6378,1,,-0.712438,,,,-0.712438,0.0,0.0,0.0,,,,,,,,,,,,,,0.14378106594085693
90,1,retriever,dense_retrieve|sparse_retrieve|hybrid_retrieve|hybrid_rerank,dense_retrieve,-0.02,0,grader,0.774321,0.04625,-0.67816,-0.919767,0.774321,0.04625,-0.67816,-0.919767,0.8871603906154633,12,0.1609199345111847,0.04011666774749756,,,,,,,,,,
90,2,grader,keep_all|loose_filter|medium_filter|strict_filter|rerank_only,rerank_only,-0.07,0,generator,0.96622,-0.944976,-0.57124,,0.96622,-0.944976,-0.57124,0.0,,,,,,,0.9831098318099976,0.5137559473514557,0.2143799364566803,,,,,
90,3,generator,generate_answer|generate_with_strict_citations|generate_short_answer,generate_answer,-0.07,0,verifier,0.585215,-0.969608,1.0,1.0,0.585215,-0.969608,1.0,1.0,,,,,,,,,,0.7926077246665955,0.0151958167552948,384,1.0,
90,4,verifier,verify_answer,verify_answer,0.5181,1,,-0.821303,,,,-0.821303,0.0,0.0,0.0,,,,,,,,,,,,,,0.08934834599494934
91,1,retriever,dense_retrieve|sparse_retrieve|hybrid_retrieve|hybrid_rerank,hybrid_rerank,-0.02,0,grader,0.688822,0.124181,0.171312,-1.0,0.688822,0.124181,0.171312,-1.0,0.8444111049175262,13,0.5856557711958885,0.0,,,,,,,,,,
91,2,grader,keep_all|loose_filter|medium_filter|strict_filter|rerank_only,medium_filter,-0.07,0,generator,-0.009609,-1.0,0.699535,,-0.009609,-1.0,0.699535,0.0,,,,,,,0.4951954619027674,0.5,0.8497674465179443,,,,,
91,3,generator,generate_answer|generate_with_strict_citations|generate_short_answer,generate_answer,-0.07,0,verifier,0.635931,-0.951533,1.0,1.0,0.635931,-0.951533,1.0,1.0,,,,,,,,,,0.8179657459259033,0.024233371019363403,384,1.0,
91,4,verifier,verify_answer,verify_answer,-0.07,0,verifier,-0.931438,,,,-0.931438,0.0,0.0,0.0,,,,,,,,,,,,,,0.034281015396118164
91,5,verifier,request_regeneration|request_more_retrieval|request_rewrite,request_more_retrieval,-0.07,0,retriever,-0.977902,,,,-0.977902,0.0,0.0,0.0,,,,,,,,,,,,,,0.011049091815948486
91,6,retriever,retrieve_more,retrieve_more,-0.02,0,grader,0.770603,-0.424901,-0.475071,-1.0,0.770603,-0.424901,-0.475071,-1.0,0.8853014409542084,9,0.2624644935131073,0.0,,,,,,,,,,
91,7,grader,keep_all|loose_filter|medium_filter|strict_filter|rerank_only,rerank_only,-0.07,0,generator,0.556845,-1.0,0.165102,,0.556845,-1.0,0.165102,0.0,,,,,,,0.778422474861145,0.5,0.5825509503483772,,,,,
91,8,generator,generate_answer|generate_with_strict_citations|generate_short_answer,generate_answer,-0.07,0,verifier,0.539044,-0.93994,1.0,1.0,0.539044,-0.93994,1.0,1.0,,,,,,,,,,0.7695222496986389,0.030029892921447754,384,1.0,
91,9,verifier,verify_answer,verify_answer,0.6376,1,,-1.0,,,,-1.0,0.0,0.0,0.0,,,,,,,,,,,,,,0.0
92,1,retriever,dense_retrieve|sparse_retrieve|hybrid_retrieve|hybrid_rerank,dense_retrieve,-0.02,0,grader,0.506951,0.369703,-0.872847,-1.0,0.506951,0.369703,-0.872847,-1.0,0.7534754872322083,15,0.0635765790939331,0.0,,,,,,,,,,
92,2,grader,keep_all|loose_filter|medium_filter|strict_filter|rerank_only,rerank_only,-0.07,0,generator,0.648826,-1.0,-1.0,,0.648826,-1.0,-1.0,0.0,,,,,,,0.8244132101535797,0.5,0.0,,,,,
92,3,generator,generate_answer|generate_with_strict_citations|generate_short_answer,generate_answer,-0.07,0,verifier,1.0,-0.848303,0.873444,1.0,1.0,-0.848303,0.873444,1.0,,,,,,,,,,1.0,0.07584857940673828,384,1.0,
92,4,verifier,verify_answer,verify_answer,0.6913,1,,-0.851703,,,,-0.851703,0.0,0.0,0.0,,,,,,,,,,,,,,0.07414841651916504
93,1,retriever,dense_retrieve|sparse_retrieve|hybrid_retrieve|hybrid_rerank,dense_retrieve,-0.02,0,grader,0.611793,-0.18976,-0.35777,-1.0,0.611793,-0.18976,-0.35777,-1.0,0.8058966398239136,11,0.3211148679256439,0.0,,,,,,,,,,
93,2,grader,keep_all|loose_filter|medium_filter|strict_filter|rerank_only,rerank_only,-0.07,0,generator,0.727307,-0.846333,-0.61667,,0.727307,-0.846333,-0.61667,0.0,,,,,,,0.8636534512042999,0.5384168177843094,0.19166505336761475,,,,,
93,3,generator,generate_answer|generate_with_strict_citations|generate_short_answer,generate_answer,-0.07,0,verifier,0.981282,-0.9152,1.0,1.0,0.981282,-0.9152,1.0,1.0,,,,,,,,,,0.9906411170959473,0.04239979386329651,384,1.0,
93,4,verifier,verify_answer,verify_answer,0.6923,1,,-0.884907,,,,-0.884907,0.0,0.0,0.0,,,,,,,,,,,,,,0.05754649639129639
94,1,retriever,dense_retrieve|sparse_retrieve|hybrid_retrieve|hybrid_rerank,dense_retrieve,-0.02,0,grader,0.504247,0.20244,-0.554561,-1.0,0.504247,0.20244,-0.554561,-1.0,0.7521236836910248,14,0.2227194905281067,0.0,,,,,,,,,,
94,2,grader,keep_all|loose_filter|medium_filter|strict_filter|rerank_only,rerank_only,-0.07,0,generator,0.927665,-1.0,-0.917772,,0.927665,-1.0,-0.917772,0.0,,,,,,,0.9638324081897736,0.5,0.04111394286155701,,,,,
94,3,generator,generate_answer|generate_with_strict_citations|generate_short_answer,generate_answer,-0.07,0,verifier,0.65114,-1.0,1.0,1.0,0.65114,-1.0,1.0,1.0,,,,,,,,,,0.82557013630867,0.0,384,1.0,
94,4,verifier,verify_answer,verify_answer,0.5815,1,,-0.861098,,,,-0.861098,0.0,0.0,0.0,,,,,,,,,,,,,,0.06945085525512695
95,1,retriever,dense_retrieve|sparse_retrieve|hybrid_retrieve|hybrid_rerank,hybrid_rerank,-0.02,0,grader,-0.032712,0.360291,0.483717,-1.0,-0.032712,0.360291,0.483717,-1.0,0.4836438540369272,15,0.7418582588434219,0.0,,,,,,,,,,
95,2,grader,keep_all|loose_filter|medium_filter|strict_filter|rerank_only,medium_filter,-0.07,0,generator,0.540375,-0.917015,0.6113,,0.540375,-0.917015,0.6113,0.0,,,,,,,0.7701873183250427,0.5207461714744568,0.8056497871875763,,,,,
95,3,generator,generate_answer|generate_with_strict_citations|generate_short_answer,generate_answer,-0.07,0,verifier,0.760045,-1.0,0.897775,1.0,0.760045,-1.0,0.897775,1.0,,,,,,,,,,0.8800225555896759,0.0,384,1.0,
95,4,verifier,verify_answer,verify_answer,0.5363,1,,-1.0,,,,-1.0,0.0,0.0,0.0,,,,,,,,,,,,,,0.0
96,1,retriever,dense_retrieve|sparse_retrieve|hybrid_retrieve|hybrid_rerank,hybrid_rerank,-0.02,0,grader,0.196188,0.545151,0.426141,-0.965302,0.196188,0.545151,0.426141,-0.965302,0.5980938076972961,16,0.713070422410965,0.01734909415245056,,,,,,,,,,
96,2,grader,keep_all|loose_filter|medium_filter|strict_filter|rerank_only,medium_filter,-0.07,0,generator,0.898975,-0.980846,0.629364,,0.898975,-0.980846,0.629364,0.0,,,,,,,0.9494876861572266,0.5047885477542877,0.814682126045227,,,,,
96,3,generator,generate_answer|generate_with_strict_citations|generate_short_answer,generate_answer,-0.07,0,verifier,0.814259,-0.91828,0.99389,0.970204,0.814259,-0.91828,0.99389,0.970204,,,,,,,,,,0.9071292579174042,0.04085984826087952,384,0.9851018786430359,
96,4,verifier,verify_answer,verify_answer,0.8643,1,,-1.0,,,,-1.0,0.0,0.0,0.0,,,,,,,,,,,,,,0.0
97,1,retriever,dense_retrieve|sparse_retrieve|hybrid_retrieve|hybrid_rerank,hybrid_rerank,-0.02,0,grader,-0.211469,0.434153,0.71059,-1.0,-0.211469,0.434153,0.71059,-1.0,0.3942652568221092,15,0.8552949726581573,0.0,,,,,,,,,,
97,2,grader,keep_all|loose_filter|medium_filter|strict_filter|rerank_only,strict_filter,-0.07,0,generator,0.358633,-1.0,1.0,,0.358633,-1.0,1.0,0.0,,,,,,,0.6793164610862732,0.5,1.0,,,,,
97,3,generator,generate_answer|generate_with_strict_citations|generate_short_answer,generate_answer,-0.07,0,verifier,0.665248,-0.812611,0.887196,0.997917,0.665248,-0.812611,0.887196,0.997917,,,,,,,,,,0.8326241970062256,0.09369471669197083,384,0.9989586174488068,
97,4,verifier,verify_answer,verify_answer,0.6367,1,,-1.0,,,,-1.0,0.0,0.0,0.0,,,,,,,,,,,,,,0.0
98,1,retriever,dense_retrieve|sparse_retrieve|hybrid_retrieve|hybrid_rerank,dense_retrieve,-0.02,0,grader,0.301545,0.093884,-0.497261,-0.898824,0.301545,0.093884,-0.497261,-0.898824,0.6507725417613983,13,0.25136972963809967,0.05058795213699341,,,,,,,,,,
98,2,grader,keep_all|loose_filter|medium_filter|strict_filter|rerank_only,rerank_only,-0.07,0,generator,1.0,-1.0,-0.932485,,1.0,-1.0,-0.932485,0.0,,,,,,,1.0,0.5,0.03375762701034546,,,,,
98,3,generator,generate_answer|generate_with_strict_citations|generate_short_answer,generate_answer,-0.07,0,verifier,0.845337,-1.0,1.0,1.0,0.845337,-1.0,1.0,1.0,,,,,,,,,,0.9226686656475067,0.0,384,1.0,
98,4,verifier,verify_answer,verify_answer,0.5341,1,,-1.0,,,,-1.0,0.0,0.0,0.0,,,,,,,,,,,,,,0.0
99,1,retriever,dense_retrieve|sparse_retrieve|hybrid_retrieve|hybrid_rerank,sparse_retrieve,-0.02,0,grader,-0.553668,0.234175,-0.041479,-1.0,-0.553668,0.234175,-0.041479,-1.0,0.22316581010818481,14,0.4792605973780155,0.0,,,,,,,,,,
99,2,grader,keep_all|loose_filter|medium_filter|strict_filter|rerank_only,rerank_only,-0.07,0,generator,1.0,-0.74814,-0.886659,,1.0,-0.74814,-0.886659,0.0,,,,,,,1.0,0.5629650056362152,0.056670546531677246,,,,,
99,3,generator,generate_answer|generate_with_strict_citations|generate_short_answer,generate_answer,-0.07,0,verifier,-0.774692,-0.75433,0.915554,0.740179,-0.774692,-0.75433,0.915554,0.740179,,,,,,,,,,0.11265408992767334,0.12283509969711304,384,0.870089590549469,
99,4,verifier,verify_answer,verify_answer,0.6015,1,,0.102195,,,,0.102195,0.0,0.0,0.0,,,,,,,,,,,,,,0.5510973855853081
100,1,retriever,dense_retrieve|sparse_retrieve|hybrid_retrieve|hybrid_rerank,hybrid_rerank,-0.02,0,grader,-0.615247,0.485435,0.091923,-0.993908,-0.615247,0.485435,0.091923,-0.993908,0.19237655401229858,16,0.5459616333246231,0.0030458271503448486,,,,,,,,,,
100,2,grader,keep_all|loose_filter|medium_filter|strict_filter|rerank_only,medium_filter,-0.07,0,generator,0.173338,-0.964179,0.71717,,0.173338,-0.964179,0.71717,0.0,,,,,,,0.5866689682006836,0.5089552849531174,0.8585851788520813,,,,,
100,3,generator,generate_answer|generate_with_strict_citations|generate_short_answer,generate_answer,-0.07,0,verifier,0.624271,-0.874736,0.687593,0.96003,0.624271,-0.874736,0.687593,0.96003,,,,,,,,,,0.8121357262134552,0.06263202428817749,384,0.9800151586532593,
100,4,verifier,verify_answer,verify_answer,0.6731,1,,-0.811219,,,,-0.811219,0.0,0.0,0.0,,,,,,,,,,,,,,0.09439066052436829
101,1,retriever,dense_retrieve|sparse_retrieve|hybrid_retrieve|hybrid_rerank,sparse_retrieve,-0.02,0,grader,-0.820664,0.664274,-0.147575,-1.0,-0.820664,0.664274,-0.147575,-1.0,0.08966785669326782,17,0.4262123927474022,0.0,,,,,,,,,,
101,2,grader,keep_all|loose_filter|medium_filter|strict_filter|rerank_only,rerank_only,-0.07,0,generator,0.934927,-0.916069,-0.682828,,0.934927,-0.916069,-0.682828,0.0,,,,,,,0.9674632847309113,0.5209828466176987,0.15858587622642517,,,,,
101,3,generator,generate_answer|generate_with_strict_citations|generate_short_answer,generate_answer,-0.07,0,verifier,-0.830926,-1.0,0.993667,0.419805,-0.830926,-1.0,0.993667,0.419805,,,,,,,,,,0.08453705906867981,0.0,384,0.7099023759365082,
101,4,verifier,verify_answer,verify_answer,0.6203,1,,0.854801,,,,0.854801,0.0,0.0,0.0,,,,,,,,,,,,,,0.927400529384613
102,1,retriever,dense_retrieve|sparse_retrieve|hybrid_retrieve|hybrid_rerank,sparse_retrieve,-0.02,0,grader,-0.783572,0.225215,-0.067693,-0.833025,-0.783572,0.225215,-0.067693,-0.833025,0.10821396112442017,14,0.4661535285413265,0.08348730206489563,,,,,,,,,,
102,2,grader,keep_all|loose_filter|medium_filter|strict_filter|rerank_only,rerank_only,-0.07,0,generator,1.0,-1.0,-0.689322,,1.0,-1.0,-0.689322,0.0,,,,,,,1.0,0.5,0.15533879399299622,,,,,
102,3,generator,generate_answer|generate_with_strict_citations|generate_short_answer,generate_answer,-0.07,0,verifier,-0.736208,-0.977411,1.0,0.570938,-0.736208,-0.977411,1.0,0.570938,,,,,,,,,,0.13189589977264404,0.01129448413848877,384,0.785469114780426,
102,4,verifier,verify_answer,verify_answer,0.7834,1,,0.839958,,,,0.839958,0.0,0.0,0.0,,,,,,,,,,,,,,0.9199791252613068
103,1,retriever,dense_retrieve|sparse_retrieve|hybrid_retrieve|hybrid_rerank,hybrid_rerank,-0.02,0,grader,-0.537175,0.432979,0.081246,-0.892723,-0.537175,0.432979,0.081246,-0.892723,0.2314125895500183,15,0.540623065084219,0.053638309240341187,,,,,,,,,,
103,2,grader,keep_all|loose_filter|medium_filter|strict_filter|rerank_only,medium_filter,-0.07,0,generator,-0.1049,-1.0,0.783985,,-0.1049,-1.0,0.783985,0.0,,,,,,,0.4475497826933861,0.5,0.8919925093650818,,,,,
103,3,generator,generate_answer|generate_with_strict_citations|generate_short_answer,generate_answer,-0.07,0,verifier,0.025109,-0.92357,0.818708,0.407709,0.025109,-0.92357,0.818708,0.407709,,,,,,,,,,0.5125542841851711,0.03821498155593872,384,0.7038546651601791,
103,4,verifier,verify_answer,verify_answer,0.6289,1,,-0.936352,,,,-0.936352,0.0,0.0,0.0,,,,,,,,,,,,,,0.0318240225315094
104,1,retriever,dense_retrieve|sparse_retrieve|hybrid_retrieve|hybrid_rerank,hybrid_retrieve,-0.02,0,grader,-0.226734,0.211632,-0.388865,-0.983361,-0.226734,0.211632,-0.388865,-0.983361,0.3866327628493309,14,0.3055676817893982,0.008319258689880371,,,,,,,,,,
104,2,grader,keep_all|loose_filter|medium_filter|strict_filter|rerank_only,rerank_only,-0.07,0,generator,0.941513,-0.862027,-0.518989,,0.941513,-0.862027,-0.518989,0.0,,,,,,,0.9707566201686859,0.534493163228035,0.24050557613372803,,,,,
104,3,generator,generate_answer|generate_with_strict_citations|generate_short_answer,generate_answer,-0.07,0,verifier,0.663363,-0.951574,0.870349,0.901236,0.663363,-0.951574,0.870349,0.901236,,,,,,,,,,0.8316813707351685,0.024213075637817383,384,0.9506181478500366,
104,4,verifier,verify_answer,verify_answer,0.6621,1,,-0.838686,,,,-0.838686,0.0,0.0,0.0,,,,,,,,,,,,,,0.0806572437286377
105,1,retriever,dense_retrieve|sparse_retrieve|hybrid_retrieve|hybrid_rerank,sparse_retrieve,-0.02,0,grader,-0.648324,0.354193,-0.799354,-0.990531,-0.648324,0.354193,-0.799354,-0.990531,0.17583778500556946,15,0.10032278299331665,0.004734724760055542,,,,,,,,,,
105,2,grader,keep_all|loose_filter|medium_filter|strict_filter|rerank_only,rerank_only,-0.07,0,generator,0.891726,-0.836943,-0.189859,,0.891726,-0.836943,-0.189859,0.0,,,,,,,0.9458631277084351,0.5407642126083374,0.4050704762339592,,,,,
105,3,generator,generate_answer|generate_with_strict_citations|generate_short_answer,generate_short_answer,-0.07,0,verifier,-0.911291,-0.875537,1.0,-0.562753,-0.911291,-0.875537,1.0,-0.562753,,,,,,,,,,0.04435461759567261,0.062231630086898804,275,0.21862328052520752,
105,4,verifier,verify_answer,verify_answer,0.4795,1,,0.765754,,,,0.765754,0.0,0.0,0.0,,,,,,,,,,,,,,0.882876843214035
106,1,retriever,dense_retrieve|sparse_retrieve|hybrid_retrieve|hybrid_rerank,sparse_retrieve,-0.02,0,grader,-0.583055,0.386191,-0.055718,-1.0,-0.583055,0.386191,-0.055718,-1.0,0.20847240090370178,15,0.472141046077013,0.0,,,,,,,,,,
106,2,grader,keep_all|loose_filter|medium_filter|strict_filter|rerank_only,rerank_only,-0.07,0,generator,0.837263,-0.991307,0.089523,,0.837263,-0.991307,0.089523,0.0,,,,,,,0.9186314046382904,0.5021731406450272,0.5447614081203938,,,,,
106,3,generator,generate_answer|generate_with_strict_citations|generate_short_answer,generate_short_answer,-0.07,0,verifier,-0.926222,-0.924462,0.976588,-1.0,-0.926222,-0.924462,0.976588,-1.0,,,,,,,,,,0.03688886761665344,0.03776895999908447,190,0.0,
106,4,verifier,verify_answer,verify_answer,-0.07,0,verifier,0.521763,,,,0.521763,0.0,0.0,0.0,,,,,,,,,,,,,,0.7608816027641296
106,5,verifier,request_regeneration|request_more_retrieval|request_rewrite,request_regeneration,-0.07,0,generator,0.529607,,,,0.529607,0.0,0.0,0.0,,,,,,,,,,,,,,0.7648034989833832
106,6,generator,generate_answer|generate_with_strict_citations|generate_short_answer|regenerate,generate_short_answer,-0.07,0,verifier,-1.0,-0.845034,1.0,-1.0,-1.0,-0.845034,1.0,-1.0,,,,,,,,,,0.0,0.07748299837112427,192,0.0,
106,7,verifier,verify_answer,verify_answer,0.6285,1,,0.499075,,,,0.499075,0.0,0.0,0.0,,,,,,,,,,,,,,0.7495373487472534
107,1,retriever,dense_retrieve|sparse_retrieve|hybrid_retrieve|hybrid_rerank,hybrid_retrieve,-0.02,0,grader,-0.282448,0.674609,-0.712749,-1.0,-0.282448,0.674609,-0.712749,-1.0,0.3587760925292969,17,0.14362531900405884,0.0,,,,,,,,,,
107,2,grader,keep_all|loose_filter|medium_filter|strict_filter|rerank_only,rerank_only,-0.07,0,generator,0.928491,-1.0,-0.534374,,0.928491,-1.0,-0.534374,0.0,,,,,,,0.964245617389679,0.5,0.23281309008598328,,,,,
107,3,generator,generate_answer|generate_with_strict_citations|generate_short_answer,generate_short_answer,-0.07,0,verifier,0.757563,-0.999342,1.0,-0.253919,0.757563,-0.999342,1.0,-0.253919,,,,,,,,,,0.8787814378738403,0.00032910704612731934,335,0.3730403035879135,
107,4,verifier,verify_answer,verify_answer,0.5732,1,,-0.631415,,,,-0.631415,0.0,0.0,0.0,,,,,,,,,,,,,,0.1842924952507019
108,1,retriever,dense_retrieve|sparse_retrieve|hybrid_retrieve|hybrid_rerank,hybrid_rerank,-0.02,0,grader,-0.634931,0.356969,0.053984,-1.0,-0.634931,0.356969,0.053984,-1.0,0.18253445625305176,15,0.5269921999424696,0.0,,,,,,,,,,
108,2,grader,keep_all|loose_filter|medium_filter|strict_filter|rerank_only,medium_filter,-0.07,0,generator,0.01008,-1.0,0.717993,,0.01008,-1.0,0.717993,0.0,,,,,,,0.5050399908795953,0.5,0.8589966595172882,,,,,
108,3,generator,generate_answer|generate_with_strict_citations|generate_short_answer,generate_short_answer,-0.07,0,verifier,0.298174,-0.885752,0.902923,-1.0,0.298174,-0.885752,0.902923,-1.0,,,,,,,,,,0.6490870118141174,0.05712401866912842,185,0.0,
108,4,verifier,verify_answer,verify_answer,0.4721,1,,-1.0,,,,-1.0,0.0,0.0,0.0,,,,,,,,,,,,,,0.0
109,1,retriever,dense_retrieve|sparse_retrieve|hybrid_retrieve|hybrid_rerank,sparse_retrieve,-0.02,0,grader,-0.384815,0.561339,-0.083047,-1.0,-0.384815,0.561339,-0.083047,-1.0,0.3075927346944809,16,0.458476472645998,0.0,,,,,,,,,,
109,2,grader,keep_all|loose_filter|medium_filter|strict_filter|rerank_only,loose_filter,-0.07,0,generator,0.976891,-0.981898,0.507598,,0.976891,-0.981898,0.507598,0.0,,,,,,,0.9884456992149353,0.504525437951088,0.7537988126277924,,,,,
109,3,generator,generate_answer|generate_with_strict_citations|generate_short_answer,generate_short_answer,-0.07,0,verifier,-0.545985,-1.0,0.974854,-1.0,-0.545985,-1.0,0.974854,-1.0,,,,,,,,,,0.22700729966163635,0.0,190,0.0,
109,4,verifier,verify_answer,verify_answer,0.6029,1,,0.615947,,,,0.615947,0.0,0.0,0.0,,,,,,,,,,,,,,0.8079734742641449
110,1,retriever,dense_retrieve|sparse_retrieve|hybrid_retrieve|hybrid_rerank,hybrid_rerank,-0.02,0,grader,-0.631613,0.793334,0.113483,-1.0,-0.631613,0.793334,0.113483,-1.0,0.18419340252876282,18,0.5567417033016682,0.0,,,,,,,,,,
110,2,grader,keep_all|loose_filter|medium_filter|strict_filter|rerank_only,strict_filter,-0.07,0,generator,0.018651,-0.77871,0.956769,,0.018651,-0.77871,0.956769,0.0,,,,,,,0.5093254977837205,0.5553224235773087,0.9783845543861389,,,,,
110,3,generator,generate_answer|generate_with_strict_citations|generate_short_answer,generate_short_answer,-0.07,0,verifier,0.279347,-0.843614,0.901423,-0.674036,0.279347,-0.843614,0.901423,-0.674036,,,,,,,,,,0.6396736800670624,0.07819291949272156,245,0.162981778383255,
110,4,verifier,verify_answer,verify_answer,0.7869,1,,-0.896694,,,,-0.896694,0.0,0.0,0.0,,,,,,,,,,,,,,0.051652878522872925
111,1,retriever,dense_retrieve|sparse_retrieve|hybrid_retrieve|hybrid_rerank,sparse_retrieve,-0.02,0,grader,-0.670428,1.0,-0.259277,-0.887939,-0.670428,1.0,-0.259277,-0.887939,0.16478610038757324,20,0.3703613728284836,0.05603039264678955,,,,,,,,,,
111,2,grader,keep_all|loose_filter|medium_filter|strict_filter|rerank_only,strict_filter,-0.07,0,generator,0.970688,-0.804601,1.0,,0.970688,-0.804601,1.0,0.0,,,,,,,0.9853439033031464,0.5488498359918594,1.0,,,,,
111,3,generator,generate_answer|generate_with_strict_citations|generate_short_answer,generate_short_answer,-0.07,0,verifier,-0.488483,-1.0,1.0,-1.0,-0.488483,-1.0,1.0,-1.0,,,,,,,,,,0.25575871765613556,0.0,192,0.0,
111,4,verifier,verify_answer,verify_answer,0.6206,1,,1.0,,,,1.0,0.0,0.0,0.0,,,,,,,,,,,,,,1.0
112,1,retriever,dense_retrieve|sparse_retrieve|hybrid_retrieve|hybrid_rerank,sparse_retrieve,-0.02,0,grader,-0.755416,0.795165,-0.677886,-1.0,-0.755416,0.795165,-0.677886,-1.0,0.12229195237159729,18,0.1610570251941681,0.0,,,,,,,,,,
112,2,grader,keep_all|loose_filter|medium_filter|strict_filter|rerank_only,medium_filter,-0.07,0,generator,0.788803,-0.819811,0.717018,,0.788803,-0.819811,0.717018,0.0,,,,,,,0.8944014608860016,0.5450472384691238,0.8585092425346375,,,,,
112,3,generator,generate_answer|generate_with_strict_citations|generate_short_answer,generate_short_answer,-0.07,0,verifier,-0.505161,-0.915185,1.0,-0.889254,-0.505161,-0.915185,1.0,-0.889254,,,,,,,,,,0.2474193572998047,0.04240727424621582,213,0.05537313222885132,
112,4,verifier,verify_answer,verify_answer,0.5381,1,,1.0,,,,1.0,0.0,0.0,0.0,,,,,,,,,,,,,,1.0
113,1,retriever,dense_retrieve|sparse_retrieve|hybrid_retrieve|hybrid_rerank,sparse_retrieve,-0.02,0,grader,-0.8808,0.638394,-0.49581,-1.0,-0.8808,0.638394,-0.49581,-1.0,0.05959993600845337,17,0.25209519267082214,0.0,,,,,,,,,,
113,2,grader,keep_all|loose_filter|medium_filter|strict_filter|rerank_only,strict_filter,-0.07,0,generator,0.901659,-0.80065,0.938116,,0.901659,-0.80065,0.938116,0.0,,,,,,,0.9508295357227325,0.5498374402523041,0.9690579473972321,,,,,
113,3,generator,generate_answer|generate_with_strict_citations|generate_short_answer,generate_short_answer,-0.07,0,verifier,-0.154037,-0.670682,0.891295,-0.858272,-0.154037,-0.670682,0.891295,-0.858272,,,,,,,,,,0.4229815751314163,0.164658784866333,211,0.07086393237113953,
113,4,verifier,verify_answer,verify_answer,0.692,1,,0.896754,,,,0.896754,0.0,0.0,0.0,,,,,,,,,,,,,,0.9483771026134491
114,1,retriever,dense_retrieve|sparse_retrieve|hybrid_retrieve|hybrid_rerank,sparse_retrieve,-0.02,0,grader,-0.787747,1.0,-0.086,-0.91867,-0.787747,1.0,-0.086,-0.91867,0.10612639784812927,20,0.45700009167194366,0.040665119886398315,,,,,,,,,,
114,2,grader,keep_all|loose_filter|medium_filter|strict_filter|rerank_only,strict_filter,-0.07,0,generator,1.0,-1.0,0.815991,,1.0,-1.0,0.815991,0.0,,,,,,,1.0,0.5,0.9079956412315369,,,,,
114,3,generator,generate_answer|generate_with_strict_citations|generate_short_answer,generate_short_answer,-0.07,0,verifier,-0.218301,-1.0,1.0,-1.0,-0.218301,-1.0,1.0,-1.0,,,,,,,,,,0.39084941148757935,0.0,192,0.0,
114,4,verifier,verify_answer,verify_answer,0.5409,1,,0.874001,,,,0.874001,0.0,0.0,0.0,,,,,,,,,,,,,,0.9370007216930389
115,1,retriever,dense_retrieve|sparse_retrieve|hybrid_retrieve|hybrid_rerank,sparse_retrieve,-0.02,0,grader,-0.909236,0.934213,-0.643625,-0.867857,-0.909236,0.934213,-0.643625,-0.867857,0.045381754636764526,19,0.17818772792816162,0.06607171893119812,,,,,,,,,,
115,2,grader,keep_all|loose_filter|medium_filter|strict_filter|rerank_only,strict_filter,-0.07,0,generator,0.849809,-1.0,0.982115,,0.849809,-1.0,0.982115,0.0,,,,,,,0.9249042570590973,0.5,0.991057425737381,,,,,
115,3,generator,generate_answer|generate_with_strict_citations|generate_short_answer,generate_short_answer,-0.07,0,verifier,0.132478,-0.75348,1.0,-0.887461,0.132478,-0.75348,1.0,-0.887461,,,,,,,,,,0.5662387683987617,0.12325987219810486,213,0.05626925826072693,
115,4,verifier,verify_answer,verify_answer,-0.07,0,verifier,1.0,,,,1.0,0.0,0.0,0.0,,,,,,,,,,,,,,1.0
115,5,verifier,request_regeneration|request_more_retrieval|request_rewrite,request_regeneration,-0.07,0,generator,1.0,,,,1.0,0.0,0.0,0.0,,,,,,,,,,,,,,1.0
115,6,generator,generate_answer|generate_with_strict_citations|generate_short_answer|regenerate,generate_short_answer,-0.07,0,verifier,0.205238,-0.983637,1.0,-1.0,0.205238,-0.983637,1.0,-1.0,,,,,,,,,,0.6026189848780632,0.008181273937225342,192,0.0,
115,7,verifier,verify_answer,verify_answer,-0.07,0,verifier,1.0,,,,1.0,0.0,0.0,0.0,,,,,,,,,,,,,,1.0
115,8,verifier,request_regeneration|request_more_retrieval|request_rewrite,request_regeneration,-0.07,0,generator,1.0,,,,1.0,0.0,0.0,0.0,,,,,,,,,,,,,,1.0
115,9,generator,generate_answer|generate_with_strict_citations|generate_short_answer|regenerate,generate_short_answer,-0.07,0,verifier,0.517195,-0.980814,1.0,-0.745877,0.517195,-0.980814,1.0,-0.745877,,,,,,,,,,0.7585973143577576,0.009592890739440918,240,0.1270613968372345,
115,10,verifier,verify_answer,verify_answer,0.6237,1,,1.0,,,,1.0,0.0,0.0,0.0,,,,,,,,,,,,,,1.0
116,1,retriever,dense_retrieve|sparse_retrieve|hybrid_retrieve|hybrid_rerank,sparse_retrieve,-0.02,0,grader,-0.522927,0.979699,-1.0,-0.884039,-0.522927,0.979699,-1.0,-0.884039,0.23853635787963867,19,0.0,0.05798029899597168,,,,,,,,,,
116,2,grader,keep_all|loose_filter|medium_filter|strict_filter|rerank_only,strict_filter,-0.07,0,generator,1.0,-0.806379,1.0,,1.0,-0.806379,1.0,0.0,,,,,,,1.0,0.548405185341835,1.0,,,,,
116,3,generator,generate_answer|generate_with_strict_citations|generate_short_answer,generate_short_answer,-0.07,0,verifier,0.536695,-1.0,0.960367,-1.0,0.536695,-1.0,0.960367,-1.0,,,,,,,,,,0.7683474123477936,0.0,189,0.0,
116,4,verifier,verify_answer,verify_answer,0.4902,1,,0.882769,,,,0.882769,0.0,0.0,0.0,,,,,,,,,,,,,,0.9413843154907227
117,1,retriever,dense_retrieve|sparse_retrieve|hybrid_retrieve|hybrid_rerank,hybrid_rerank,-0.02,0,grader,-0.861511,1.0,0.0778,-1.0,-0.861511,1.0,0.0778,-1.0,0.06924465298652649,20,0.538900014013052,0.0,,,,,,,,,,
117,2,grader,keep_all|loose_filter|medium_filter|strict_filter|rerank_only,strict_filter,-0.07,0,generator,0.364843,-0.819969,0.902704,,0.364843,-0.819969,0.902704,0.0,,,,,,,0.6824216693639755,0.5450077801942825,0.9513521492481232,,,,,
117,3,generator,generate_answer|generate_with_strict_citations|generate_short_answer,generate_short_answer,-0.07,0,verifier,-0.153007,-0.997042,0.879819,-0.894708,-0.153007,-0.997042,0.879819,-0.894708,,,,,,,,,,0.4234965965151787,0.0014788806438446045,203,0.05264577269554138,
117,4,verifier,verify_answer,verify_answer,0.5695,1,,-1.0,,,,-1.0,0.0,0.0,0.0,,,,,,,,,,,,,,0.0
118,1,retriever,dense_retrieve|sparse_retrieve|hybrid_retrieve|hybrid_rerank,sparse_retrieve,-0.02,0,grader,-0.864183,0.749932,-0.670999,-0.888947,-0.864183,0.749932,-0.670999,-0.888947,0.06790861487388611,18,0.16450026631355286,0.055526405572891235,,,,,,,,,,
118,2,grader,keep_all|loose_filter|medium_filter|strict_filter|rerank_only,strict_filter,-0.07,0,generator,0.903069,-0.740772,0.926693,,0.903069,-0.740772,0.926693,0.0,,,,,,,0.9515343606472015,0.5648068785667419,0.9633463025093079,,,,,
118,3,generator,generate_answer|generate_with_strict_citations|generate_short_answer,generate_short_answer,-0.07,0,verifier,0.789799,-0.850361,0.779918,-1.0,0.789799,-0.850361,0.779918,-1.0,,,,,,,,,,0.8948992788791656,0.07481974363327026,177,0.0,
118,4,verifier,verify_answer,verify_answer,-0.07,0,verifier,0.750193,,,,0.750193,0.0,0.0,0.0,,,,,,,,,,,,,,0.8750964403152466
118,5,verifier,request_regeneration|request_more_retrieval|request_rewrite,request_regeneration,-0.07,0,generator,0.977127,,,,0.977127,0.0,0.0,0.0,,,,,,,,,,,,,,0.9885636270046234
118,6,generator,generate_answer|generate_with_strict_citations|generate_short_answer|regenerate,generate_short_answer,-0.07,0,verifier,0.696962,-0.485989,0.72737,-1.0,0.696962,-0.485989,0.72737,-1.0,,,,,,,,,,0.848481148481369,0.25700540840625763,174,0.0,
118,7,verifier,verify_answer,verify_answer,-0.07,0,verifier,1.0,,,,1.0,0.0,0.0,0.0,,,,,,,,,,,,,,1.0
118,8,verifier,request_regeneration|request_more_retrieval|request_rewrite,request_regeneration,-0.07,0,generator,1.0,,,,1.0,0.0,0.0,0.0,,,,,,,,,,,,,,1.0
118,9,generator,generate_answer|generate_with_strict_citations|generate_short_answer|regenerate,generate_short_answer,-0.07,0,verifier,1.0,-0.376343,0.921015,-1.0,1.0,-0.376343,0.921015,-1.0,,,,,,,,,,1.0,0.31182828545570374,186,0.0,
118,10,verifier,verify_answer,verify_answer,-0.1892,1,,1.0,,,,1.0,0.0,0.0,0.0,,,,,,,,,,,,,,1.0
119,1,retriever,dense_retrieve|sparse_retrieve|hybrid_retrieve|hybrid_rerank,sparse_retrieve,-0.02,0,grader,-1.0,0.765117,-0.379961,-1.0,-1.0,0.765117,-0.379961,-1.0,0.0,18,0.31001947820186615,0.0,,,,,,,,,,
119,2,grader,keep_all|loose_filter|medium_filter|strict_filter|rerank_only,strict_filter,-0.07,0,generator,0.899494,-0.895261,1.0,,0.899494,-0.895261,1.0,0.0,,,,,,,0.9497472047805786,0.5261848568916321,1.0,,,,,
119,3,generator,generate_answer|generate_with_strict_citations|generate_short_answer,generate_short_answer,-0.07,0,verifier,0.909256,-0.751089,0.820862,-1.0,0.909256,-0.751089,0.820862,-1.0,,,,,,,,,,0.954628199338913,0.1244555115699768,180,0.0,
119,4,verifier,verify_answer,verify_answer,0.6397,1,,0.888966,,,,0.888966,0.0,0.0,0.0,,,,,,,,,,,,,,0.9444831013679504
120,1,retriever,dense_retrieve|sparse_retrieve|hybrid_retrieve|hybrid_rerank,hybrid_rerank,-0.02,0,grader,-1.0,0.949118,0.337899,-0.772643,-1.0,0.949118,0.337899,-0.772643,0.0,19,0.6689493060112,0.11367839574813843,,,,,,,,,,
120,2,grader,keep_all|loose_filter|medium_filter|strict_filter|rerank_only,strict_filter,-0.07,0,generator,0.36592,-1.0,1.0,,0.36592,-1.0,1.0,0.0,,,,,,,0.6829600930213928,0.5,1.0,,,,,
120,3,generator,generate_answer|generate_with_strict_citations|generate_short_answer,generate_short_answer,-0.07,0,verifier,-0.459285,-0.911214,0.964281,-1.0,-0.459285,-0.911214,0.964281,-1.0,,,,,,,,,,0.2703574597835541,0.044392913579940796,189,0.0,
120,4,verifier,verify_answer,verify_answer,0.6696,1,,-1.0,,,,-1.0,0.0,0.0,0.0,,,,,,,,,,,,,,0.0
121,1,retriever,dense_retrieve|sparse_retrieve|hybrid_retrieve|hybrid_rerank,hybrid_rerank,-0.02,0,grader,-0.816303,1.0,0.660505,-1.0,-0.816303,1.0,0.660505,-1.0,0.09184831380844116,20,0.8302523195743561,0.0,,,,,,,,,,
121,2,grader,keep_all|loose_filter|medium_filter|strict_filter|rerank_only,medium_filter,-0.07,0,generator,0.109719,-0.978349,0.731253,,0.109719,-0.978349,0.731253,0.0,,,,,,,0.5548597425222397,0.5054128021001816,0.8656266331672668,,,,,
121,3,generator,generate_answer|generate_with_strict_citations|generate_short_answer,generate_short_answer,-0.07,0,verifier,-0.636925,-1.0,0.928434,-1.0,-0.636925,-1.0,0.928434,-1.0,,,,,,,,,,0.1815374791622162,0.0,187,0.0,
121,4,verifier,verify_answer,verify_answer,0.6299,1,,-0.922656,,,,-0.922656,0.0,0.0,0.0,,,,,,,,,,,,,,0.03867194056510925
122,1,retriever,dense_retrieve|sparse_retrieve|hybrid_retrieve|hybrid_rerank,hybrid_rerank,-0.02,0,grader,-1.0,0.785791,0.054909,-1.0,-1.0,0.785791,0.054909,-1.0,0.0,18,0.5274543892592192,0.0,,,,,,,,,,
122,2,grader,keep_all|loose_filter|medium_filter|strict_filter|rerank_only,strict_filter,-0.07,0,generator,0.483054,-0.750252,0.928243,,0.483054,-0.750252,0.928243,0.0,,,,,,,0.7415268272161484,0.5624368786811829,0.9641217291355133,,,,,
122,3,generator,generate_answer|generate_with_strict_citations|generate_short_answer,generate_short_answer,-0.07,0,verifier,-0.847809,-0.927518,0.848641,-0.950313,-0.847809,-0.927518,0.848641,-0.950313,,,,,,,,,,0.07609546184539795,0.03624102473258972,191,0.02484336495399475,
122,4,verifier,verify_answer,verify_answer,0.695,1,,-0.884838,,,,-0.884838,0.0,0.0,0.0,,,,,,,,,,,,,,0.0575808584690094
123,1,retriever,dense_retrieve|sparse_retrieve|hybrid_retrieve|hybrid_rerank,hybrid_rerank,-0.02,0,grader,-0.798822,0.944513,0.505252,-1.0,-0.798822,0.944513,0.505252,-1.0,0.10058897733688354,19,0.7526260912418365,0.0,,,,,,,,,,
123,2,grader,keep_all|loose_filter|medium_filter|strict_filter|rerank_only,strict_filter,-0.07,0,generator,0.064648,-1.0,1.0,,0.064648,-1.0,1.0,0.0,,,,,,,0.5323240235447884,0.5,1.0,,,,,
123,3,generator,generate_answer|generate_with_strict_citations|generate_short_answer,generate_short_answer,-0.07,0,verifier,-0.626841,-1.0,1.0,-1.0,-0.626841,-1.0,1.0,-1.0,,,,,,,,,,0.1865794062614441,0.0,192,0.0,
123,4,verifier,verify_answer,verify_answer,0.6428,1,,-1.0,,,,-1.0,0.0,0.0,0.0,,,,,,,,,,,,,,0.0
124,1,retriever,dense_retrieve|sparse_retrieve|hybrid_retrieve|hybrid_rerank,hybrid_rerank,-0.02,0,grader,-1.0,0.591619,0.713316,-0.889179,-1.0,0.591619,0.713316,-0.889179,0.0,16,0.8566581308841705,0.05541026592254639,,,,,,,,,,
124,2,grader,keep_all|loose_filter|medium_filter|strict_filter|rerank_only,strict_filter,-0.07,0,generator,-0.041288,-0.989193,1.0,,-0.041288,-0.989193,1.0,0.0,,,,,,,0.4793561324477196,0.5027017295360565,1.0,,,,,
124,3,generator,generate_answer|generate_with_strict_citations|generate_short_answer,generate_short_answer,-0.07,0,verifier,-1.0,-1.0,1.0,-1.0,-1.0,-1.0,1.0,-1.0,,,,,,,,,,0.0,0.0,192,0.0,
124,4,verifier,verify_answer,verify_answer,0.6804,1,,-0.955754,,,,-0.955754,0.0,0.0,0.0,,,,,,,,,,,,,,0.022123068571090698
125,1,retriever,dense_retrieve|sparse_retrieve|hybrid_retrieve|hybrid_rerank,sparse_retrieve,-0.02,0,grader,-1.0,0.915018,-0.475257,-1.0,-1.0,0.915018,-0.475257,-1.0,0.0,19,0.26237134635448456,0.0,,,,,,,,,,
125,2,grader,keep_all|loose_filter|medium_filter|strict_filter|rerank_only,strict_filter,-0.07,0,generator,1.0,-1.0,0.873996,,1.0,-1.0,0.873996,0.0,,,,,,,1.0,0.5,0.936998188495636,,,,,
125,3,generator,generate_answer|generate_with_strict_citations|generate_short_answer,generate_short_answer,-0.07,0,verifier,1.0,-0.684385,0.839274,-0.987038,1.0,-0.684385,0.839274,-0.987038,,,,,,,,,,1.0,0.1578073501586914,183,0.006480783224105835,
125,4,verifier,verify_answer,verify_answer,0.5696,1,,1.0,,,,1.0,0.0,0.0,0.0,,,,,,,,,,,,,,1.0
126,1,retriever,dense_retrieve|sparse_retrieve|hybrid_retrieve|hybrid_rerank,sparse_retrieve,-0.02,0,grader,-0.83987,0.767495,-0.623137,-1.0,-0.83987,0.767495,-0.623137,-1.0,0.08006501197814941,18,0.1884315311908722,0.0,,,,,,,,,,
126,2,grader,keep_all|loose_filter|medium_filter|strict_filter|rerank_only,loose_filter,-0.07,0,generator,0.959277,-1.0,0.557241,,0.959277,-1.0,0.557241,0.0,,,,,,,0.9796386659145355,0.5,0.7786203622817993,,,,,
126,3,generator,generate_answer|generate_with_strict_citations|generate_short_answer,generate_short_answer,-0.07,0,verifier,1.0,-0.657205,0.637255,-1.0,1.0,-0.657205,0.637255,-1.0,,,,,,,,,,1.0,0.17139750719070435,168,0.0,
126,4,verifier,verify_answer,verify_answer,0.6811,1,,1.0,,,,1.0,0.0,0.0,0.0,,,,,,,,,,,,,,1.0
127,1,retriever,dense_retrieve|sparse_retrieve|hybrid_retrieve|hybrid_rerank,hybrid_rerank,-0.02,0,grader,-0.676439,0.937774,0.611281,-1.0,-0.676439,0.937774,0.611281,-1.0,0.16178041696548462,19,0.805640459060669,0.0,,,,,,,,,,
127,2,grader,keep_all|loose_filter|medium_filter|strict_filter|rerank_only,strict_filter,-0.07,0,generator,0.385288,-1.0,0.877173,,0.385288,-1.0,0.877173,0.0,,,,,,,0.6926442235708237,0.5,0.9385864734649658,,,,,
127,3,generator,generate_answer|generate_with_strict_citations|generate_short_answer,generate_short_answer,-0.07,0,verifier,-0.782674,-1.0,1.0,-0.752889,-0.782674,-1.0,1.0,-0.752889,,,,,,,,,,0.10866275429725647,0.0,239,0.12355566024780273,
127,4,verifier,verify_answer,verify_answer,0.6546,1,,-0.951113,,,,-0.951113,0.0,0.0,0.0,,,,,,,,,,,,,,0.024443447589874268
128,1,retriever,dense_retrieve|sparse_retrieve|hybrid_retrieve|hybrid_rerank,sparse_retrieve,-0.02,0,grader,-1.0,0.678822,-0.792822,-0.865664,-1.0,0.678822,-0.792822,-0.865664,0.0,17,0.10358881950378418,0.06716802716255188,,,,,,,,,,
128,2,grader,keep_all|loose_filter|medium_filter|strict_filter|rerank_only,strict_filter,-0.07,0,generator,0.944471,-1.0,1.0,,0.944471,-1.0,1.0,0.0,,,,,,,0.9722355604171753,0.5,1.0,,,,,
128,3,generator,generate_answer|generate_with_strict_citations|generate_short_answer,generate_short_answer,-0.07,0,verifier,1.0,-0.72701,0.928369,-0.822305,1.0,-0.72701,0.928369,-0.822305,,,,,,,,,,1.0,0.13649508357048035,220,0.08884763717651367,
128,4,verifier,verify_answer,verify_answer,0.5625,1,,1.0,,,,1.0,0.0,0.0,0.0,,,,,,,,,,,,,,1.0
129,1,retriever,dense_retrieve|sparse_retrieve|hybrid_retrieve|hybrid_rerank,hybrid_rerank,-0.02,0,grader,-1.0,1.0,0.669496,-0.718739,-1.0,1.0,0.669496,-0.718739,0.0,20,0.8347481489181519,0.14063063263893127,,,,,,,,,,
129,2,grader,keep_all|loose_filter|medium_filter|strict_filter|rerank_only,strict_filter,-0.07,0,generator,0.52083,-1.0,1.0,,0.52083,-1.0,1.0,0.0,,,,,,,0.7604147791862488,0.5,1.0,,,,,
129,3,generator,generate_answer|generate_with_strict_citations|generate_short_answer,generate_short_answer,-0.07,0,verifier,-0.753146,-0.858981,1.0,-1.0,-0.753146,-0.858981,1.0,-1.0,,,,,,,,,,0.12342694401741028,0.07050973176956177,192,0.0,
129,4,verifier,verify_answer,verify_answer,0.3305,1,,-1.0,,,,-1.0,0.0,0.0,0.0,,,,,,,,,,,,,,0.0
130,1,retriever,dense_retrieve|sparse_retrieve|hybrid_retrieve|hybrid_rerank,sparse_retrieve,-0.02,0,grader,-0.797307,0.506715,-0.817302,-1.0,-0.797307,0.506715,-0.817302,-1.0,0.1013467013835907,16,0.09134882688522339,0.0,,,,,,,,,,
130,2,grader,keep_all|loose_filter|medium_filter|strict_filter|rerank_only,strict_filter,-0.07,0,generator,1.0,-0.690259,0.83513,,1.0,-0.690259,0.83513,0.0,,,,,,,1.0,0.5774352997541428,0.9175650179386139,,,,,
130,3,generator,generate_answer|generate_with_strict_citations|generate_short_answer,generate_short_answer,-0.07,0,verifier,0.999594,-0.24622,0.981916,-0.92663,0.999594,-0.24622,0.981916,-0.92663,,,,,,,,,,0.9997968375682831,0.37689024209976196,204,0.03668481111526489,
130,4,verifier,verify_answer,verify_answer,-0.07,0,verifier,0.838598,,,,0.838598,0.0,0.0,0.0,,,,,,,,,,,,,,0.9192988872528076
130,5,verifier,request_regeneration|request_more_retrieval|request_rewrite,request_regeneration,-0.07,0,generator,0.926603,,,,0.926603,0.0,0.0,0.0,,,,,,,,,,,,,,0.9633014500141144
130,6,generator,generate_answer|generate_with_strict_citations|generate_short_answer|regenerate,generate_short_answer,-0.07,0,verifier,0.970327,-0.048771,1.0,-0.548661,0.970327,-0.048771,1.0,-0.548661,,,,,,,,,,0.9851635992527008,0.47561458498239517,278,0.2256694734096527,
130,7,verifier,verify_answer,verify_answer,-0.07,0,verifier,1.0,,,,1.0,0.0,0.0,0.0,,,,,,,,,,,,,,1.0
130,8,verifier,request_regeneration|request_more_retrieval|request_rewrite,request_regeneration,-0.07,0,generator,1.0,,,,1.0,0.0,0.0,0.0,,,,,,,,,,,,,,1.0
130,9,generator,generate_answer|generate_with_strict_citations|generate_short_answer|regenerate,generate_short_answer,-0.07,0,verifier,1.0,0.036163,1.0,-0.660212,1.0,0.036163,1.0,-0.660212,,,,,,,,,,1.0,0.5180813502520323,257,0.1698938012123108,
130,10,verifier,verify_answer,verify_answer,-0.0917,1,,1.0,,,,1.0,0.0,0.0,0.0,,,,,,,,,,,,,,1.0
131,1,retriever,dense_retrieve|sparse_retrieve|hybrid_retrieve|hybrid_rerank,hybrid_rerank,-0.02,0,grader,-0.789317,0.727165,1.0,-0.802196,-0.789317,0.727165,1.0,-0.802196,0.10534170269966125,17,1.0,0.0989018976688385,,,,,,,,,,
131,2,grader,keep_all|loose_filter|medium_filter|strict_filter|rerank_only,strict_filter,-0.07,0,generator,0.306615,-1.0,0.90589,,0.306615,-1.0,0.90589,0.0,,,,,,,0.6533074378967285,0.5,0.952944815158844,,,,,
131,3,generator,generate_answer|generate_with_strict_citations|generate_short_answer,generate_short_answer,-0.07,0,verifier,-0.748674,-0.977994,0.848949,-1.0,-0.748674,-0.977994,0.848949,-1.0,,,,,,,,,,0.12566286325454712,0.011002898216247559,182,0.0,
131,4,verifier,verify_answer,verify_answer,0.7372,1,,-0.873364,,,,-0.873364,0.0,0.0,0.0,,,,,,,,,,,,,,0.06331798434257507
132,1,retriever,dense_retrieve|sparse_retrieve|hybrid_retrieve|hybrid_rerank,sparse_retrieve,-0.02,0,grader,-0.83685,0.1731,-0.738875,-1.0,-0.83685,0.1731,-0.738875,-1.0,0.08157515525817871,13,0.13056251406669617,0.0,,,,,,,,,,
132,2,grader,keep_all|loose_filter|medium_filter|strict_filter|rerank_only,strict_filter,-0.07,0,generator,0.833456,-0.75744,0.946226,,0.833456,-0.75744,0.946226,0.0,,,,,,,0.9167281091213226,0.5606400221586227,0.9731130003929138,,,,,
132,3,generator,generate_answer|generate_with_strict_citations|generate_short_answer,generate_short_answer,-0.07,0,verifier,1.0,0.338523,1.0,-1.0,1.0,0.338523,1.0,-1.0,,,,,,,,,,1.0,0.6692615449428558,192,0.0,
132,4,verifier,verify_answer,verify_answer,-0.07,0,verifier,1.0,,,,1.0,0.0,0.0,0.0,,,,,,,,,,,,,,1.0
132,5,verifier,request_regeneration|request_more_retrieval|request_rewrite,request_regeneration,-0.07,0,generator,1.0,,,,1.0,0.0,0.0,0.0,,,,,,,,,,,,,,1.0
132,6,generator,generate_answer|generate_with_strict_citations|generate_short_answer|regenerate,generate_short_answer,-0.07,0,verifier,1.0,0.434622,0.945769,-0.87175,1.0,0.434622,0.945769,-0.87175,,,,,,,,,,1.0,0.7173111140727997,212,0.06412521004676819,
132,7,verifier,verify_answer,verify_answer,0.5034,1,,0.967793,,,,0.967793,0.0,0.0,0.0,,,,,,,,,,,,,,0.9838964939117432
133,1,retriever,dense_retrieve|sparse_retrieve|hybrid_retrieve|hybrid_rerank,hybrid_rerank,-0.02,0,grader,-0.956837,0.929253,0.858197,-0.911755,-0.956837,0.929253,0.858197,-0.911755,0.021581709384918213,19,0.9290983974933624,0.0441226065158844,,,,,,,,,,
133,2,grader,keep_all|loose_filter|medium_filter|strict_filter|rerank_only,medium_filter,-0.07,0,generator,0.257208,-0.868989,0.795409,,0.257208,-0.868989,0.795409,0.0,,,,,,,0.6286038011312485,0.53275266289711,0.897704541683197,,,,,
133,3,generator,generate_answer|generate_with_strict_citations|generate_short_answer,generate_short_answer,-0.07,0,verifier,-0.937179,-0.677083,0.848856,-1.0,-0.937179,-0.677083,0.848856,-1.0,,,,,,,,,,0.0314105749130249,0.16145852208137512,182,0.0,
133,4,verifier,verify_answer,verify_answer,0.5502,1,,-0.921556,,,,-0.921556,0.0,0.0,0.0,,,,,,,,,,,,,,0.039222121238708496
134,1,retriever,dense_retrieve|sparse_retrieve|hybrid_retrieve|hybrid_rerank,hybrid_rerank,-0.02,0,grader,-0.959418,0.948198,0.979092,-0.904549,-0.959418,0.948198,0.979092,-0.904549,0.020291119813919067,19,0.989546149969101,0.04772531986236572,,,,,,,,,,
134,2,grader,keep_all|loose_filter|medium_filter|strict_filter|rerank_only,strict_filter,-0.07,0,generator,0.549412,-0.938247,0.961033,,0.549412,-0.938247,0.961033,0.0,,,,,,,0.7747058272361755,0.5154383331537247,0.9805164337158203,,,,,
134,3,generator,generate_answer|generate_with_strict_citations|generate_short_answer,generate_short_answer,-0.07,0,verifier,-0.846453,-0.688261,0.979063,-1.0,-0.846453,-0.688261,0.979063,-1.0,,,,,,,,,,0.07677355408668518,0.15586954355239868,190,0.0,
134,4,verifier,verify_answer,verify_answer,0.4913,1,,-0.832919,,,,-0.832919,0.0,0.0,0.0,,,,,,,,,,,,,,0.08354055881500244
135,1,retriever,dense_retrieve|sparse_retrieve|hybrid_retrieve|hybrid_rerank,hybrid_rerank,-0.02,0,grader,-1.0,0.586679,1.0,-1.0,-1.0,0.586679,1.0,-1.0,0.0,16,1.0,0.0,,,,,,,,,,
135,2,grader,keep_all|loose_filter|medium_filter|strict_filter|rerank_only,strict_filter,-0.07,0,generator,0.250979,-0.949888,1.0,,0.250979,-0.949888,1.0,0.0,,,,,,,0.6254897266626358,0.5125279873609543,1.0,,,,,
135,3,generator,generate_answer|generate_with_strict_citations|generate_short_answer,generate_short_answer,-0.07,0,verifier,-0.845796,-1.0,1.0,-1.0,-0.845796,-1.0,1.0,-1.0,,,,,,,,,,0.07710200548171997,0.0,192,0.0,
135,4,verifier,verify_answer,verify_answer,0.6202,1,,-0.888211,,,,-0.888211,0.0,0.0,0.0,,,,,,,,,,,,,,0.05589437484741211
136,1,retriever,dense_retrieve|sparse_retrieve|hybrid_retrieve|hybrid_rerank,hybrid_rerank,-0.02,0,grader,-0.890849,0.764801,1.0,-1.0,-0.890849,0.764801,1.0,-1.0,0.05457526445388794,18,1.0,0.0,,,,,,,,,,
136,2,grader,keep_all|loose_filter|medium_filter|strict_filter|rerank_only,strict_filter,-0.07,0,generator,0.520869,-0.944652,1.0,,0.520869,-0.944652,1.0,0.0,,,,,,,0.7604345083236694,0.5138369798660278,1.0,,,,,
136,3,generator,generate_answer|generate_with_strict_citations|generate_short_answer,generate_short_answer,-0.07,0,verifier,-0.975445,-1.0,0.996092,-1.0,-0.975445,-1.0,0.996092,-1.0,,,,,,,,,,0.012277394533157349,0.0,191,0.0,
136,4,verifier,verify_answer,verify_answer,0.5492,1,,-0.879061,,,,-0.879061,0.0,0.0,0.0,,,,,,,,,,,,,,0.060469627380371094
137,1,retriever,dense_retrieve|sparse_retrieve|hybrid_retrieve|hybrid_rerank,hybrid_rerank,-0.02,0,grader,-1.0,0.767903,0.777219,-0.857229,-1.0,0.767903,0.777219,-0.857229,0.0,18,0.8886093497276306,0.07138574123382568,,,,,,,,,,
137,2,grader,keep_all|loose_filter|medium_filter|strict_filter|rerank_only,strict_filter,-0.07,0,generator,0.370799,-1.0,0.972646,,0.370799,-1.0,0.972646,0.0,,,,,,,0.6853994131088257,0.5,0.9863231778144836,,,,,
137,3,generator,generate_answer|generate_with_strict_citations|generate_short_answer,generate_short_answer,-0.07,0,verifier,-0.936841,-0.798955,0.859895,-0.961642,-0.936841,-0.798955,0.859895,-0.961642,,,,,,,,,,0.03157925605773926,0.10052245855331421,190,0.019178926944732666,
137,4,verifier,verify_answer,verify_answer,0.6326,1,,-0.85249,,,,-0.85249,0.0,0.0,0.0,,,,,,,,,,,,,,0.07375520467758179
138,1,retriever,dense_retrieve|sparse_retrieve|hybrid_retrieve|hybrid_rerank,sparse_retrieve,-0.02,0,grader,-0.840798,0.706458,-0.358377,-1.0,-0.840798,0.706458,-0.358377,-1.0,0.07960104942321777,17,0.32081127166748047,0.0,,,,,,,,,,
138,2,grader,keep_all|loose_filter|medium_filter|strict_filter|rerank_only,medium_filter,-0.07,0,generator,1.0,-1.0,0.721828,,1.0,-1.0,0.721828,0.0,,,,,,,1.0,0.5,0.8609138429164886,,,,,
138,3,generator,generate_answer|generate_with_strict_citations|generate_short_answer,generate_short_answer,-0.07,0,verifier,1.0,0.693955,0.975994,-0.846824,1.0,0.693955,0.975994,-0.846824,,,,,,,,,,1.0,0.8469776511192322,219,0.07658782601356506,
138,4,verifier,verify_answer,verify_answer,0.7355,1,,1.0,,,,1.0,0.0,0.0,0.0,,,,,,,,,,,,,,1.0
139,1,retriever,dense_retrieve|sparse_retrieve|hybrid_retrieve|hybrid_rerank,hybrid_rerank,-0.02,0,grader,-0.784196,1.0,1.0,-0.988441,-0.784196,1.0,1.0,-0.988441,0.1079021692276001,20,1.0,0.00577932596206665,,,,,,,,,,
139,2,grader,keep_all|loose_filter|medium_filter|strict_filter|rerank_only,strict_filter,-0.07,0,generator,-0.105929,-1.0,0.871454,,-0.105929,-1.0,0.871454,0.0,,,,,,,0.4470353499054909,0.5,0.9357272386550903,,,,,
139,3,generator,generate_answer|generate_with_strict_citations|generate_short_answer,generate_short_answer,-0.07,0,verifier,-0.627597,-0.991819,1.0,-0.914847,-0.627597,-0.991819,1.0,-0.914847,,,,,,,,,,0.18620166182518005,0.004090458154678345,208,0.04257658123970032,
139,4,verifier,verify_answer,verify_answer,0.3427,1,,-0.991269,,,,-0.991269,0.0,0.0,0.0,,,,,,,,,,,,,,0.004365473985671997
140,1,retriever,dense_retrieve|sparse_retrieve|hybrid_retrieve|hybrid_rerank,sparse_retrieve,-0.02,0,grader,-0.517184,0.248581,-0.444508,-1.0,-0.517184,0.248581,-0.444508,-1.0,0.24140813946723938,14,0.27774578332901,0.0,,,,,,,,,,
140,2,grader,keep_all|loose_filter|medium_filter|strict_filter|rerank_only,strict_filter,-0.07,0,generator,0.780395,-1.0,0.991326,,0.780395,-1.0,0.991326,0.0,,,,,,,0.890197366476059,0.5,0.9956632256507874,,,,,
140,3,generator,generate_answer|generate_with_strict_citations|generate_short_answer,generate_short_answer,-0.07,0,verifier,0.933379,0.123678,0.786345,-1.0,0.933379,0.123678,0.786345,-1.0,,,,,,,,,,0.9666893780231476,0.5618392154574394,178,0.0,
140,4,verifier,verify_answer,verify_answer,0.655,1,,0.770406,,,,0.770406,0.0,0.0,0.0,,,,,,,,,,,,,,0.8852029740810394
141,1,retriever,dense_retrieve|sparse_retrieve|hybrid_retrieve|hybrid_rerank,sparse_retrieve,-0.02,0,grader,-0.718315,0.443656,-0.810691,-1.0,-0.718315,0.443656,-0.810691,-1.0,0.14084258675575256,15,0.09465458989143372,0.0,,,,,,,,,,
141,2,grader,keep_all|loose_filter|medium_filter|strict_filter|rerank_only,strict_filter,-0.07,0,generator,0.867187,-0.95185,1.0,,0.867187,-0.95185,1.0,0.0,,,,,,,0.9335933923721313,0.512037605047226,1.0,,,,,
141,3,generator,generate_answer|generate_with_strict_citations|generate_short_answer,generate_short_answer,-0.07,0,verifier,0.716473,0.098312,0.973532,-0.887864,0.716473,0.098312,0.973532,-0.887864,,,,,,,,,,0.8582364618778229,0.5491560995578766,211,0.056068211793899536,
141,4,verifier,verify_answer,verify_answer,0.6448,1,,1.0,,,,1.0,0.0,0.0,0.0,,,,,,,,,,,,,,1.0
142,1,retriever,dense_retrieve|sparse_retrieve|hybrid_retrieve|hybrid_rerank,hybrid_rerank,-0.02,0,grader,-1.0,0.821753,0.82645,-0.838331,-1.0,0.821753,0.82645,-0.838331,0.0,18,0.9132247865200043,0.08083441853523254,,,,,,,,,,
142,2,grader,keep_all|loose_filter|medium_filter|strict_filter|rerank_only,strict_filter,-0.07,0,generator,0.40074,-0.714608,0.989097,,0.40074,-0.714608,0.989097,0.0,,,,,,,0.7003697901964188,0.5713481158018112,0.9945483803749084,,,,,
142,3,generator,generate_answer|generate_with_strict_citations|generate_short_answer,generate_short_answer,-0.07,0,verifier,-1.0,-1.0,0.728747,-1.0,-1.0,-1.0,0.728747,-1.0,,,,,,,,,,0.0,0.0,174,0.0,
142,4,verifier,verify_answer,verify_answer,-0.07,0,verifier,-0.957103,,,,-0.957103,0.0,0.0,0.0,,,,,,,,,,,,,,0.021448373794555664
142,5,verifier,request_regeneration|request_more_retrieval|request_rewrite,request_more_retrieval,-0.07,0,retriever,-0.869187,,,,-0.869187,0.0,0.0,0.0,,,,,,,,,,,,,,0.06540659070014954
142,6,retriever,retrieve_more,retrieve_more,-0.02,0,grader,-1.0,-0.881172,-1.0,-0.836697,-1.0,-0.881172,-1.0,-0.836697,0.0,5,0.0,0.08165159821510315,,,,,,,,,,
142,7,grader,keep_all|loose_filter|medium_filter|strict_filter|rerank_only,strict_filter,-0.07,0,generator,-0.699232,-0.621867,0.939629,,-0.699232,-0.621867,0.939629,0.0,,,,,,,0.15038388967514038,0.5945331752300262,0.9698144197463989,,,,,
142,8,generator,generate_answer|generate_with_strict_citations|generate_short_answer,generate_short_answer,-0.07,0,verifier,-1.0,-1.0,0.661098,-1.0,-1.0,-1.0,0.661098,-1.0,,,,,,,,,,0.0,0.0,170,0.0,
142,9,verifier,verify_answer,verify_answer,-0.07,0,verifier,-1.0,,,,-1.0,0.0,0.0,0.0,,,,,,,,,,,,,,0.0
142,10,verifier,request_regeneration|request_more_retrieval|request_rewrite,request_more_retrieval,-0.07,0,retriever,-1.0,,,,-1.0,0.0,0.0,0.0,,,,,,,,,,,,,,0.0
142,11,retriever,retrieve_more,retrieve_more,-0.02,0,grader,-1.0,-0.93847,-1.0,-0.8333,-1.0,-0.93847,-1.0,-0.8333,0.0,5,0.0,0.08334991335868835,,,,,,,,,,
142,12,grader,keep_all|loose_filter|medium_filter|strict_filter|rerank_only,medium_filter,-0.4941,1,,-0.716238,-0.841315,0.654774,,-0.716238,-0.841315,0.654774,0.0,,,,,,,0.14188119769096375,0.5396711528301239,0.8273870944976807,,,,,
143,1,retriever,dense_retrieve|sparse_retrieve|hybrid_retrieve|hybrid_rerank,hybrid_rerank,-0.02,0,grader,-0.986725,0.894927,1.0,-0.96475,-0.986725,0.894927,1.0,-0.96475,0.006637513637542725,19,1.0,0.017625004053115845,,,,,,,,,,
143,2,grader,keep_all|loose_filter|medium_filter|strict_filter|rerank_only,strict_filter,-0.07,0,generator,0.574826,-0.956726,0.906563,,0.574826,-0.956726,0.906563,0.0,,,,,,,0.7874130308628082,0.5108184218406677,0.9532813727855682,,,,,
143,3,generator,generate_answer|generate_with_strict_citations|generate_short_answer,generate_short_answer,-0.07,0,verifier,-0.887272,-1.0,1.0,-1.0,-0.887272,-1.0,1.0,-1.0,,,,,,,,,,0.05636417865753174,0.0,192,0.0,
143,4,verifier,verify_answer,verify_answer,0.6076,1,,-1.0,,,,-1.0,0.0,0.0,0.0,,,,,,,,,,,,,,0.0
144,1,retriever,dense_retrieve|sparse_retrieve|hybrid_retrieve|hybrid_rerank,hybrid_rerank,-0.02,0,grader,-0.801119,0.060811,0.223977,-0.984312,-0.801119,0.060811,0.223977,-0.984312,0.09944045543670654,12,0.6119885593652725,0.007843762636184692,,,,,,,,,,
144,2,grader,keep_all|loose_filter|medium_filter|strict_filter|rerank_only,strict_filter,-0.07,0,generator,0.923438,-1.0,1.0,,0.923438,-1.0,1.0,0.0,,,,,,,0.9617190659046173,0.5,1.0,,,,,
144,3,generator,generate_answer|generate_with_strict_citations|generate_short_answer,generate_short_answer,-0.07,0,verifier,-0.814985,-0.751291,1.0,-1.0,-0.814985,-0.751291,1.0,-1.0,,,,,,,,,,0.09250760078430176,0.12435451149940491,192,0.0,
144,4,verifier,verify_answer,verify_answer,0.9712,1,,-0.382763,,,,-0.382763,0.0,0.0,0.0,,,,,,,,,,,,,,0.3086185157299042
145,1,retriever,dense_retrieve|sparse_retrieve|hybrid_retrieve|hybrid_rerank,hybrid_retrieve,-0.02,0,grader,-0.240678,0.042351,-0.093992,-1.0,-0.240678,0.042351,-0.093992,-1.0,0.3796610087156296,12,0.4530038349330425,0.0,,,,,,,,,,
145,2,grader,keep_all|loose_filter|medium_filter|strict_filter|rerank_only,strict_filter,-0.07,0,generator,1.0,-1.0,0.98761,,1.0,-1.0,0.98761,0.0,,,,,,,1.0,0.5,0.9938051700592041,,,,,
145,3,generator,generate_answer|generate_with_strict_citations|generate_short_answer,generate_short_answer,-0.07,0,verifier,0.74242,-1.0,1.0,-0.860749,0.74242,-1.0,1.0,-0.860749,,,,,,,,,,0.8712102174758911,0.0,218,0.06962549686431885,
145,4,verifier,verify_answer,verify_answer,0.56,1,,-0.718684,,,,-0.718684,0.0,0.0,0.0,,,,,,,,,,,,,,0.14065784215927124
146,1,retriever,dense_retrieve|sparse_retrieve|hybrid_retrieve|hybrid_rerank,sparse_retrieve,-0.02,0,grader,-0.37683,0.1696,-0.501565,-0.827761,-0.37683,0.1696,-0.501565,-0.827761,0.3115847557783127,13,0.24921762943267822,0.08611935377120972,,,,,,,,,,
146,2,grader,keep_all|loose_filter|medium_filter|strict_filter|rerank_only,strict_filter,-0.07,0,generator,0.812919,-1.0,0.832526,,0.812919,-1.0,0.832526,0.0,,,,,,,0.9064596891403198,0.5,0.916263222694397,,,,,
146,3,generator,generate_answer|generate_with_strict_citations|generate_short_answer,generate_short_answer,-0.07,0,verifier,0.964905,-0.655086,1.0,-0.788246,0.964905,-0.655086,1.0,-0.788246,,,,,,,,,,0.9824524521827698,0.1724570095539093,232,0.10587713122367859,
146,4,verifier,verify_answer,verify_answer,-0.07,0,verifier,1.0,,,,1.0,0.0,0.0,0.0,,,,,,,,,,,,,,1.0
146,5,verifier,request_regeneration|request_more_retrieval|request_rewrite,request_regeneration,-0.07,0,generator,1.0,,,,1.0,0.0,0.0,0.0,,,,,,,,,,,,,,1.0
146,6,generator,generate_answer|generate_with_strict_citations|generate_short_answer|regenerate,generate_short_answer,-0.07,0,verifier,0.938198,-0.93607,0.976981,-0.672458,0.938198,-0.93607,0.976981,-0.672458,,,,,,,,,,0.9690989255905151,0.03196510672569275,252,0.16377082467079163,
146,7,verifier,verify_answer,verify_answer,-0.07,0,verifier,1.0,,,,1.0,0.0,0.0,0.0,,,,,,,,,,,,,,1.0
146,8,verifier,request_regeneration|request_more_retrieval|request_rewrite,request_regeneration,-0.07,0,generator,1.0,,,,1.0,0.0,0.0,0.0,,,,,,,,,,,,,,1.0
146,9,generator,generate_answer|generate_with_strict_citations|generate_short_answer|regenerate,generate_short_answer,-0.07,0,verifier,0.858027,-0.905456,1.0,-0.840527,0.858027,-0.905456,1.0,-0.840527,,,,,,,,,,0.9290134906768799,0.04727202653884888,222,0.07973673939704895,
146,10,verifier,verify_answer,verify_answer,-0.0928,1,,1.0,,,,1.0,0.0,0.0,0.0,,,,,,,,,,,,,,1.0
147,1,retriever,dense_retrieve|sparse_retrieve|hybrid_retrieve|hybrid_rerank,hybrid_rerank,-0.02,0,grader,-1.0,0.907038,1.0,-0.998797,-1.0,0.907038,1.0,-0.998797,0.0,19,1.0,0.000601649284362793,,,,,,,,,,
147,2,grader,keep_all|loose_filter|medium_filter|strict_filter|rerank_only,strict_filter,-0.07,0,generator,0.277606,-1.0,0.985522,,0.277606,-1.0,0.985522,0.0,,,,,,,0.6388029158115387,0.5,0.9927608370780945,,,,,
147,3,generator,generate_answer|generate_with_strict_citations|generate_short_answer,generate_short_answer,-0.07,0,verifier,-1.0,0.157067,1.0,-0.914634,-1.0,0.157067,1.0,-0.914634,,,,,,,,,,0.0,0.5785336792469025,208,0.04268309473991394,
147,4,verifier,verify_answer,verify_answer,0.4935,1,,-1.0,,,,-1.0,0.0,0.0,0.0,,,,,,,,,,,,,,0.0
148,1,retriever,dense_retrieve|sparse_retrieve|hybrid_retrieve|hybrid_rerank,sparse_retrieve,-0.02,0,grader,-0.61042,0.47103,-0.510064,-0.941396,-0.61042,0.47103,-0.510064,-0.941396,0.19479024410247803,16,0.24496811628341675,0.029302150011062622,,,,,,,,,,
148,2,grader,keep_all|loose_filter|medium_filter|strict_filter|rerank_only,medium_filter,-0.07,0,generator,0.957562,-0.932499,0.763073,,0.957562,-0.932499,0.763073,0.0,,,,,,,0.9787811040878296,0.5168752372264862,0.881536602973938,,,,,
148,3,generator,generate_answer|generate_with_strict_citations|generate_short_answer,generate_short_answer,-0.07,0,verifier,0.828381,-1.0,1.0,-0.717383,0.828381,-1.0,1.0,-0.717383,,,,,,,,,,0.9141905009746552,0.0,246,0.1413085162639618,
148,4,verifier,verify_answer,verify_answer,0.6206,1,,1.0,,,,1.0,0.0,0.0,0.0,,,,,,,,,,,,,,1.0
149,1,retriever,dense_retrieve|sparse_retrieve|hybrid_retrieve|hybrid_rerank,hybrid_rerank,-0.02,0,grader,-0.892259,1.0,0.696369,-1.0,-0.892259,1.0,0.696369,-1.0,0.05387040972709656,20,0.8481844067573547,0.0,,,,,,,,,,
149,2,grader,keep_all|loose_filter|medium_filter|strict_filter|rerank_only,strict_filter,-0.07,0,generator,0.071578,-1.0,0.973738,,0.071578,-1.0,0.973738,0.0,,,,,,,0.5357889458537102,0.5,0.9868688583374023,,,,,
149,3,generator,generate_answer|generate_with_strict_citations|generate_short_answer,generate_short_answer,-0.07,0,verifier,-1.0,-0.078924,1.0,-1.0,-1.0,-0.078924,1.0,-1.0,,,,,,,,,,0.0,0.46053824201226234,192,0.0,
149,4,verifier,verify_answer,verify_answer,0.5529,1,,-0.963645,,,,-0.963645,0.0,0.0,0.0,,,,,,,,,,,,,,0.018177568912506104
150,1,retriever,dense_retrieve|sparse_retrieve|hybrid_retrieve|hybrid_rerank,sparse_retrieve,-0.02,0,grader,-0.504914,0.476716,-1.0,-1.0,-0.504914,0.476716,-1.0,-1.0,0.2475428581237793,16,0.0,0.0,,,,,,,,,,
150,2,grader,keep_all|loose_filter|medium_filter|strict_filter|rerank_only,strict_filter,-0.07,0,generator,1.0,-0.705907,0.814226,,1.0,-0.705907,0.814226,0.0,,,,,,,1.0,0.5735233575105667,0.9071129262447357,,,,,
150,3,generator,generate_answer|generate_with_strict_citations|generate_short_answer,generate_short_answer,-0.07,0,verifier,1.0,-0.995971,0.982362,-0.574003,1.0,-0.995971,0.982362,-0.574003,,,,,,,,,,1.0,0.0020146071910858154,271,0.21299827098846436,
150,4,verifier,verify_answer,verify_answer,0.6443,1,,0.770966,,,,0.770966,0.0,0.0,0.0,,,,,,,,,,,,,,0.8854831755161285
151,1,retriever,dense_retrieve|sparse_retrieve|hybrid_retrieve|hybrid_rerank,sparse_retrieve,-0.02,0,grader,-0.712568,0.648907,-0.530663,-0.982261,-0.712568,0.648907,-0.530663,-0.982261,0.14371606707572937,17,0.23466846346855164,0.008869707584381104,,,,,,,,,,
151,2,grader,keep_all|loose_filter|medium_filter|strict_filter|rerank_only,strict_filter,-0.07,0,generator,1.0,-1.0,1.0,,1.0,-1.0,1.0,0.0,,,,,,,1.0,0.5,1.0,,,,,
151,3,generator,generate_answer|generate_with_strict_citations|generate_short_answer,generate_short_answer,-0.07,0,verifier,0.945232,-0.857375,0.942776,-0.911406,0.945232,-0.857375,0.942776,-0.911406,,,,,,,,,,0.9726159274578094,0.07131263613700867,204,0.04429680109024048,
151,4,verifier,verify_answer,verify_answer,0.5978,1,,0.991948,,,,0.991948,0.0,0.0,0.0,,,,,,,,,,,,,,0.995974212884903
152,1,retriever,dense_retrieve|sparse_retrieve|hybrid_retrieve|hybrid_rerank,sparse_retrieve,-0.02,0,grader,-0.363936,0.338884,-0.761065,-0.806805,-0.363936,0.338884,-0.761065,-0.806805,0.31803199648857117,15,0.11946746706962585,0.09659749269485474,,,,,,,,,,
152,2,grader,keep_all|loose_filter|medium_filter|strict_filter|rerank_only,strict_filter,-0.07,0,generator,0.84386,-1.0,0.909352,,0.84386,-1.0,0.909352,0.0,,,,,,,0.9219298958778381,0.5,0.9546758234500885,,,,,
152,3,generator,generate_answer|generate_with_strict_citations|generate_short_answer,generate_short_answer,-0.07,0,verifier,1.0,-1.0,1.0,-0.807481,1.0,-1.0,1.0,-0.807481,,,,,,,,,,1.0,0.0,228,0.0962594747543335,
152,4,verifier,verify_answer,verify_answer,0.663,1,,1.0,,,,1.0,0.0,0.0,0.0,,,,,,,,,,,,,,1.0
153,1,retriever,dense_retrieve|sparse_retrieve|hybrid_retrieve|hybrid_rerank,hybrid_rerank,-0.02,0,grader,-0.998907,1.0,1.0,-0.903051,-0.998907,1.0,1.0,-0.903051,0.0005465447902679443,20,1.0,0.048474520444869995,,,,,,,,,,
153,2,grader,keep_all|loose_filter|medium_filter|strict_filter|rerank_only,strict_filter,-0.07,0,generator,0.498056,-0.986325,0.96927,,0.498056,-0.986325,0.96927,0.0,,,,,,,0.7490280419588089,0.5034186542034149,0.9846349060535431,,,,,
153,3,generator,generate_answer|generate_with_strict_citations|generate_short_answer,generate_short_answer,-0.07,0,verifier,-0.93141,0.097918,1.0,-0.909523,-0.93141,0.097918,1.0,-0.909523,,,,,,,,,,0.03429505228996277,0.5489590987563133,209,0.045238614082336426,
153,4,verifier,verify_answer,verify_answer,0.6179,1,,-1.0,,,,-1.0,0.0,0.0,0.0,,,,,,,,,,,,,,0.0
154,1,retriever,dense_retrieve|sparse_retrieve|hybrid_retrieve|hybrid_rerank,hybrid_rerank,-0.02,0,grader,-0.890893,0.984886,0.964422,-1.0,-0.890893,0.984886,0.964422,-1.0,0.05455362796783447,19,0.9822110235691071,0.0,,,,,,,,,,
154,2,grader,keep_all|loose_filter|medium_filter|strict_filter|rerank_only,strict_filter,-0.07,0,generator,0.705356,-0.857673,0.882767,,0.705356,-0.857673,0.882767,0.0,,,,,,,0.8526778221130371,0.5355818569660187,0.9413836896419525,,,,,
154,3,generator,generate_answer|generate_with_strict_citations|generate_short_answer,generate_short_answer,-0.07,0,verifier,-0.812816,0.109654,0.792368,-1.0,-0.812816,0.109654,0.792368,-1.0,,,,,,,,,,0.09359177947044373,0.5548270270228386,178,0.0,
154,4,verifier,verify_answer,verify_answer,0.3834,1,,-0.869395,,,,-0.869395,0.0,0.0,0.0,,,,,,,,,,,,,,0.06530264019966125
155,1,retriever,dense_retrieve|sparse_retrieve|hybrid_retrieve|hybrid_rerank,hybrid_rerank,-0.02,0,grader,-0.848075,1.0,1.0,-0.922411,-0.848075,1.0,1.0,-0.922411,0.07596248388290405,20,1.0,0.03879430890083313,,,,,,,,,,
155,2,grader,keep_all|loose_filter|medium_filter|strict_filter|rerank_only,strict_filter,-0.07,0,generator,0.409696,-0.934998,1.0,,0.409696,-0.934998,1.0,0.0,,,,,,,0.7048480063676834,0.516250416636467,1.0,,,,,
155,3,generator,generate_answer|generate_with_strict_citations|generate_short_answer,generate_short_answer,-0.07,0,verifier,-0.700803,0.445054,1.0,-0.945972,-0.700803,0.445054,1.0,-0.945972,,,,,,,,,,0.1495983898639679,0.7225269079208374,202,0.027014106512069702,
155,4,verifier,verify_answer,verify_answer,0.6489,1,,-0.838702,,,,-0.838702,0.0,0.0,0.0,,,,,,,,,,,,,,0.08064907789230347
156,1,retriever,dense_retrieve|sparse_retrieve|hybrid_retrieve|hybrid_rerank,hybrid_rerank,-0.02,0,grader,-0.995181,0.832639,0.955307,-1.0,-0.995181,0.832639,0.955307,-1.0,0.0024092793464660645,18,0.9776534140110016,0.0,,,,,,,,,,
156,2,grader,keep_all|loose_filter|medium_filter|strict_filter|rerank_only,strict_filter,-0.07,0,generator,0.328206,-1.0,0.880061,,0.328206,-1.0,0.880061,0.0,,,,,,,0.6641027927398682,0.5,0.9400307238101959,,,,,
156,3,generator,generate_answer|generate_with_strict_citations|generate_short_answer,generate_short_answer,-0.07,0,verifier,-0.761547,-0.15389,1.0,-0.998493,-0.761547,-0.15389,1.0,-0.998493,,,,,,,,,,0.1192266047000885,0.4230549857020378,192,0.0007534623146057129,
156,4,verifier,verify_answer,verify_answer,0.7023,1,,-1.0,,,,-1.0,0.0,0.0,0.0,,,,,,,,,,,,,,0.0
157,1,retriever,dense_retrieve|sparse_retrieve|hybrid_retrieve|hybrid_rerank,sparse_retrieve,-0.02,0,grader,-0.518385,0.554659,-0.871588,-1.0,-0.518385,0.554659,-0.871588,-1.0,0.24080774188041687,16,0.0642060935497284,0.0,,,,,,,,,,
157,2,grader,keep_all|loose_filter|medium_filter|strict_filter|rerank_only,strict_filter,-0.07,0,generator,0.871877,-1.0,1.0,,0.871877,-1.0,1.0,0.0,,,,,,,0.9359386563301086,0.5,1.0,,,,,
157,3,generator,generate_answer|generate_with_strict_citations|generate_short_answer,generate_short_answer,-0.07,0,verifier,0.964825,-1.0,0.697587,-0.86175,0.964825,-1.0,0.697587,-0.86175,,,,,,,,,,0.9824126064777374,0.0,196,0.06912478804588318,
157,4,verifier,verify_answer,verify_answer,0.6158,1,,0.810008,,,,0.810008,0.0,0.0,0.0,,,,,,,,,,,,,,0.9050038754940033
158,1,retriever,dense_retrieve|sparse_retrieve|hybrid_retrieve|hybrid_rerank,hybrid_rerank,-0.02,0,grader,0.058129,0.014256,0.255333,-1.0,0.058129,0.014256,0.255333,-1.0,0.5290644504129887,12,0.6276666969060898,0.0,,,,,,,,,,
158,2,grader,keep_all|loose_filter|medium_filter|strict_filter|rerank_only,strict_filter,-0.07,0,generator,0.514751,-0.972383,1.0,,0.514751,-0.972383,1.0,0.0,,,,,,,0.7573755383491516,0.5069042295217514,1.0,,,,,
158,3,generator,generate_answer|generate_with_strict_citations|generate_short_answer,generate_short_answer,-0.07,0,verifier,0.905162,-0.955606,0.924909,-0.85908,0.905162,-0.955606,0.924909,-0.85908,,,,,,,,,,0.9525808095932007,0.02219700813293457,213,0.07045978307723999,
158,4,verifier,verify_answer,verify_answer,0.7296,1,,-0.622058,,,,-0.622058,0.0,0.0,0.0,,,,,,,,,,,,,,0.18897107243537903
159,1,retriever,dense_retrieve|sparse_retrieve|hybrid_retrieve|hybrid_rerank,hybrid_rerank,-0.02,0,grader,-0.919538,1.0,1.0,-0.585886,-0.919538,1.0,1.0,-0.585886,0.04023104906082153,20,1.0,0.20705685019493103,,,,,,,,,,
159,2,grader,keep_all|loose_filter|medium_filter|strict_filter|rerank_only,strict_filter,-0.07,0,generator,0.652626,-1.0,0.994917,,0.652626,-1.0,0.994917,0.0,,,,,,,0.8263132274150848,0.5,0.9974583089351654,,,,,
159,3,generator,generate_answer|generate_with_strict_citations|generate_short_answer,generate_short_answer,-0.07,0,verifier,-0.564855,-0.432866,0.938024,-1.0,-0.564855,-0.432866,0.938024,-1.0,,,,,,,,,,0.21757254004478455,0.28356723487377167,188,0.0,
159,4,verifier,verify_answer,verify_answer,0.714,1,,-0.975823,,,,-0.975823,0.0,0.0,0.0,,,,,,,,,,,,,,0.01208844780921936
160,1,retriever,dense_retrieve|sparse_retrieve|hybrid_retrieve|hybrid_rerank,hybrid_rerank,-0.02,0,grader,-1.0,1.0,0.98474,-1.0,-1.0,1.0,0.98474,-1.0,0.0,20,0.9923700392246246,0.0,,,,,,,,,,
160,2,grader,keep_all|loose_filter|medium_filter|strict_filter|rerank_only,strict_filter,-0.07,0,generator,0.536894,-0.976548,1.0,,0.536894,-0.976548,1.0,0.0,,,,,,,0.7684469521045685,0.5058630555868149,1.0,,,,,
160,3,generator,generate_answer|generate_with_strict_citations|generate_short_answer,generate_short_answer,-0.07,0,verifier,-0.590385,-0.254618,0.953898,-1.0,-0.590385,-0.254618,0.953898,-1.0,,,,,,,,,,0.204807311296463,0.3726910501718521,189,0.0,
160,4,verifier,verify_answer,verify_answer,0.4331,1,,-1.0,,,,-1.0,0.0,0.0,0.0,,,,,,,,,,,,,,0.0
161,1,retriever,dense_retrieve|sparse_retrieve|hybrid_retrieve|hybrid_rerank,hybrid_rerank,-0.02,0,grader,-1.0,1.0,1.0,-0.970817,-1.0,1.0,1.0,-0.970817,0.0,20,1.0,0.01459154486656189,,,,,,,,,,
161,2,grader,keep_all|loose_filter|medium_filter|strict_filter|rerank_only,strict_filter,-0.07,0,generator,0.385399,-1.0,1.0,,0.385399,-1.0,1.0,0.0,,,,,,,0.6926996558904648,0.5,1.0,,,,,
161,3,generator,generate_answer|generate_with_strict_citations|generate_short_answer,generate_short_answer,-0.07,0,verifier,-0.650062,0.112432,0.91206,-1.0,-0.650062,0.112432,0.91206,-1.0,,,,,,,,,,0.17496910691261292,0.5562159046530724,186,0.0,
161,4,verifier,verify_answer,verify_answer,0.6398,1,,-1.0,,,,-1.0,0.0,0.0,0.0,,,,,,,,,,,,,,0.0
162,1,retriever,dense_retrieve|sparse_retrieve|hybrid_retrieve|hybrid_rerank,sparse_retrieve,-0.02,0,grader,-0.692866,0.780192,-0.105749,-0.813349,-0.692866,0.780192,-0.105749,-0.813349,0.15356680750846863,18,0.44712571427226067,0.09332531690597534,,,,,,,,,,
162,2,grader,keep_all|loose_filter|medium_filter|strict_filter|rerank_only,strict_filter,-0.07,0,generator,0.998688,-0.970058,0.905875,,0.998688,-0.970058,0.905875,0.0,,,,,,,0.9993439614772797,0.5074855834245682,0.9529376029968262,,,,,
162,3,generator,generate_answer|generate_with_strict_citations|generate_short_answer,generate_short_answer,-0.07,0,verifier,0.93584,-0.90024,1.0,-0.97252,0.93584,-0.90024,1.0,-0.97252,,,,,,,,,,0.9679198265075684,0.04988020658493042,197,0.01373976469039917,
162,4,verifier,verify_answer,verify_answer,0.545,1,,0.929301,,,,0.929301,0.0,0.0,0.0,,,,,,,,,,,,,,0.9646503329277039
163,1,retriever,dense_retrieve|sparse_retrieve|hybrid_retrieve|hybrid_rerank,hybrid_rerank,-0.02,0,grader,-0.994082,1.0,0.768789,-1.0,-0.994082,1.0,0.768789,-1.0,0.00295904278755188,20,0.8843944668769836,0.0,,,,,,,,,,
163,2,grader,keep_all|loose_filter|medium_filter|strict_filter|rerank_only,strict_filter,-0.07,0,generator,0.256854,-1.0,0.922478,,0.256854,-1.0,0.922478,0.0,,,,,,,0.6284271329641342,0.5,0.961239218711853,,,,,
163,3,generator,generate_answer|generate_with_strict_citations|generate_short_answer,generate_short_answer,-0.07,0,verifier,-0.764865,0.118064,1.0,-0.948858,-0.764865,0.118064,1.0,-0.948858,,,,,,,,,,0.11756759881973267,0.5590318664908409,201,0.025570929050445557,
163,4,verifier,verify_answer,verify_answer,0.3,1,,-0.954013,,,,-0.954013,0.0,0.0,0.0,,,,,,,,,,,,,,0.02299332618713379
164,1,retriever,dense_retrieve|sparse_retrieve|hybrid_retrieve|hybrid_rerank,sparse_retrieve,-0.02,0,grader,-0.834637,0.485787,-0.319765,-1.0,-0.834637,0.485787,-0.319765,-1.0,0.08268147706985474,16,0.34011757373809814,0.0,,,,,,,,,,
164,2,grader,keep_all|loose_filter|medium_filter|strict_filter|rerank_only,medium_filter,-0.07,0,generator,1.0,-1.0,0.765419,,1.0,-1.0,0.765419,0.0,,,,,,,1.0,0.5,0.8827095329761505,,,,,
164,3,generator,generate_answer|generate_with_strict_citations|generate_short_answer,generate_short_answer,-0.07,0,verifier,1.0,-0.938174,0.863189,-1.0,1.0,-0.938174,0.863189,-1.0,,,,,,,,,,1.0,0.030912846326828003,183,0.0,
164,4,verifier,verify_answer,verify_answer,0.5114,1,,1.0,,,,1.0,0.0,0.0,0.0,,,,,,,,,,,,,,1.0
165,1,retriever,dense_retrieve|sparse_retrieve|hybrid_retrieve|hybrid_rerank,hybrid_rerank,-0.02,0,grader,-1.0,1.0,0.846551,-0.904087,-1.0,1.0,0.846551,-0.904087,0.0,20,0.9232757389545441,0.04795670509338379,,,,,,,,,,
165,2,grader,keep_all|loose_filter|medium_filter|strict_filter|rerank_only,strict_filter,-0.07,0,generator,0.403498,-0.909318,0.916859,,0.403498,-0.909318,0.916859,0.0,,,,,,,0.701748788356781,0.5226704031229019,0.9584294557571411,,,,,
165,3,generator,generate_answer|generate_with_strict_citations|generate_short_answer,generate_short_answer,-0.07,0,verifier,-0.584034,-0.356351,0.849269,-0.88638,-0.584034,-0.356351,0.849269,-0.88638,,,,,,,,,,0.20798292756080627,0.3218245804309845,202,0.05680987238883972,
165,4,verifier,verify_answer,verify_answer,0.5801,1,,-1.0,,,,-1.0,0.0,0.0,0.0,,,,,,,,,,,,,,0.0
166,1,retriever,dense_retrieve|sparse_retrieve|hybrid_retrieve|hybrid_rerank,hybrid_rerank,-0.02,0,grader,-1.0,0.823917,0.602752,-1.0,-1.0,0.823917,0.602752,-1.0,0.0,18,0.801376074552536,0.0,,,,,,,,,,
166,2,grader,keep_all|loose_filter|medium_filter|strict_filter|rerank_only,strict_filter,-0.07,0,generator,0.614495,-0.882035,0.99579,,0.614495,-0.882035,0.99579,0.0,,,,,,,0.8072474002838135,0.5294913202524185,0.9978950619697571,,,,,
166,3,generator,generate_answer|generate_with_strict_citations|generate_short_answer,generate_short_answer,-0.07,0,verifier,-0.570463,-0.306459,1.0,-1.0,-0.570463,-0.306459,1.0,-1.0,,,,,,,,,,0.21476835012435913,0.3467707335948944,192,0.0,
166,4,verifier,verify_answer,verify_answer,0.6998,1,,-0.832155,,,,-0.832155,0.0,0.0,0.0,,,,,,,,,,,,,,0.08392229676246643
167,1,retriever,dense_retrieve|sparse_retrieve|hybrid_retrieve|hybrid_rerank,hybrid_rerank,-0.02,0,grader,-0.886127,1.0,1.0,-0.996902,-0.886127,1.0,1.0,-0.996902,0.056936293840408325,20,1.0,0.0015487968921661377,,,,,,,,,,
167,2,grader,keep_all|loose_filter|medium_filter|strict_filter|rerank_only,strict_filter,-0.07,0,generator,0.798768,-0.911108,0.944936,,0.798768,-0.911108,0.944936,0.0,,,,,,,0.8993839621543884,0.5222228914499283,0.9724681675434113,,,,,
167,3,generator,generate_answer|generate_with_strict_citations|generate_short_answer,generate_short_answer,-0.07,0,verifier,-0.452401,-0.394363,1.0,-1.0,-0.452401,-0.394363,1.0,-1.0,,,,,,,,,,0.2737995982170105,0.3028187155723572,192,0.0,
167,4,verifier,verify_answer,verify_answer,0.8024,1,,-1.0,,,,-1.0,0.0,0.0,0.0,,,,,,,,,,,,,,0.0
168,1,retriever,dense_retrieve|sparse_retrieve|hybrid_retrieve|hybrid_rerank,hybrid_rerank,-0.02,0,grader,-0.970423,0.981049,1.0,-0.963265,-0.970423,0.981049,1.0,-0.963265,0.014788299798965454,19,1.0,0.01836758852005005,,,,,,,,,,
168,2,grader,keep_all|loose_filter|medium_filter|strict_filter|rerank_only,medium_filter,-0.07,0,generator,0.464957,-0.776309,0.75844,,0.464957,-0.776309,0.75844,0.0,,,,,,,0.7324787229299545,0.555922657251358,0.8792199194431305,,,,,
168,3,generator,generate_answer|generate_with_strict_citations|generate_short_answer,generate_short_answer,-0.07,0,verifier,-0.525106,-0.293019,0.753151,-1.0,-0.525106,-0.293019,0.753151,-1.0,,,,,,,,,,0.23744681477546692,0.35349054634571075,176,0.0,
168,4,verifier,verify_answer,verify_answer,0.637,1,,-0.750197,,,,-0.750197,0.0,0.0,0.0,,,,,,,,,,,,,,0.124901682138443
169,1,retriever,dense_retrieve|sparse_retrieve|hybrid_retrieve|hybrid_rerank,sparse_retrieve,-0.02,0,grader,-0.871045,0.543022,-0.905664,-1.0,-0.871045,0.543022,-0.905664,-1.0,0.0644775927066803,16,0.04716813564300537,0.0,,,,,,,,,,
169,2,grader,keep_all|loose_filter|medium_filter|strict_filter|rerank_only,strict_filter,-0.07,0,generator,0.931603,-1.0,1.0,,0.931603,-1.0,1.0,0.0,,,,,,,0.9658015072345734,0.5,1.0,,,,,
169,3,generator,generate_answer|generate_with_strict_citations|generate_short_answer,generate_short_answer,-0.07,0,verifier,1.0,-1.0,1.0,-0.849373,1.0,-1.0,1.0,-0.849373,,,,,,,,,,1.0,0.0,220,0.07531353831291199,
169,4,verifier,verify_answer,verify_answer,0.6584,1,,1.0,,,,1.0,0.0,0.0,0.0,,,,,,,,,,,,,,1.0
170,1,retriever,dense_retrieve|sparse_retrieve|hybrid_retrieve|hybrid_rerank,sparse_retrieve,-0.02,0,grader,-0.612297,0.419424,-0.849254,-1.0,-0.612297,0.419424,-0.849254,-1.0,0.19385161995887756,15,0.07537281513214111,0.0,,,,,,,,,,
170,2,grader,keep_all|loose_filter|medium_filter|strict_filter|rerank_only,strict_filter,-0.07,0,generator,0.952708,-0.929779,1.0,,0.952708,-0.929779,1.0,0.0,,,,,,,0.97635418176651,0.5175551325082779,1.0,,,,,
170,3,generator,generate_answer|generate_with_strict_citations|generate_short_answer,generate_short_answer,-0.07,0,verifier,0.973354,-1.0,1.0,-1.0,0.973354,-1.0,1.0,-1.0,,,,,,,,,,0.986676812171936,0.0,192,0.0,
170,4,verifier,verify_answer,verify_answer,-0.07,0,verifier,1.0,,,,1.0,0.0,0.0,0.0,,,,,,,,,,,,,,1.0
170,5,verifier,request_regeneration|request_more_retrieval|request_rewrite,request_regeneration,-0.07,0,generator,1.0,,,,1.0,0.0,0.0,0.0,,,,,,,,,,,,,,1.0
170,6,generator,generate_answer|generate_with_strict_citations|generate_short_answer|regenerate,generate_short_answer,-0.07,0,verifier,1.0,-0.732644,1.0,-1.0,1.0,-0.732644,1.0,-1.0,,,,,,,,,,1.0,0.13367784023284912,192,0.0,
170,7,verifier,verify_answer,verify_answer,-0.07,0,verifier,0.964585,,,,0.964585,0.0,0.0,0.0,,,,,,,,,,,,,,0.9822925925254822
170,8,verifier,request_regeneration|request_more_retrieval|request_rewrite,request_regeneration,-0.07,0,generator,0.942355,,,,0.942355,0.0,0.0,0.0,,,,,,,,,,,,,,0.9711773097515106
170,9,generator,generate_answer|generate_with_strict_citations|generate_short_answer|regenerate,generate_short_answer,-0.07,0,verifier,1.0,-1.0,1.0,-1.0,1.0,-1.0,1.0,-1.0,,,,,,,,,,1.0,0.0,192,0.0,
170,10,verifier,verify_answer,verify_answer,-0.1115,1,,0.909925,,,,0.909925,0.0,0.0,0.0,,,,,,,,,,,,,,0.9549624621868134
171,1,retriever,dense_retrieve|sparse_retrieve|hybrid_retrieve|hybrid_rerank,hybrid_rerank,-0.02,0,grader,-1.0,1.0,0.751381,-0.930537,-1.0,1.0,0.751381,-0.930537,0.0,20,0.8756905794143677,0.03473162651062012,,,,,,,,,,
171,2,grader,keep_all|loose_filter|medium_filter|strict_filter|rerank_only,strict_filter,-0.07,0,generator,0.682783,-1.0,1.0,,0.682783,-1.0,1.0,0.0,,,,,,,0.8413913249969482,0.5,1.0,,,,,
171,3,generator,generate_answer|generate_with_strict_citations|generate_short_answer,generate_short_answer,-0.07,0,verifier,-0.368337,-0.130033,1.0,-1.0,-0.368337,-0.130033,1.0,-1.0,,,,,,,,,,0.3158315271139145,0.4349837377667427,192,0.0,
171,4,verifier,verify_answer,verify_answer,0.6264,1,,-0.926222,,,,-0.926222,0.0,0.0,0.0,,,,,,,,,,,,,,0.03688892722129822
172,1,retriever,dense_retrieve|sparse_retrieve|hybrid_retrieve|hybrid_rerank,sparse_retrieve,-0.02,0,grader,-0.492273,0.636047,-0.566188,-1.0,-0.492273,0.636047,-0.566188,-1.0,0.2538636475801468,17,0.21690604090690613,0.0,,,,,,,,,,
172,2,grader,keep_all|loose_filter|medium_filter|strict_filter|rerank_only,strict_filter,-0.07,0,generator,0.843025,-0.928843,1.0,,0.843025,-0.928843,1.0,0.0,,,,,,,0.9215123057365417,0.5177893340587616,1.0,,,,,
172,3,generator,generate_answer|generate_with_strict_citations|generate_short_answer,generate_short_answer,-0.07,0,verifier,1.0,-1.0,0.998567,-1.0,1.0,-1.0,0.998567,-1.0,,,,,,,,,,1.0,0.0,191,0.0,
172,4,verifier,verify_answer,verify_answer,0.5489,1,,1.0,,,,1.0,0.0,0.0,0.0,,,,,,,,,,,,,,1.0
173,1,retriever,dense_retrieve|sparse_retrieve|hybrid_retrieve|hybrid_rerank,sparse_retrieve,-0.02,0,grader,-0.599258,0.563653,-0.737946,-0.958512,-0.599258,0.563653,-0.737946,-0.958512,0.2003711760044098,16,0.13102713227272034,0.020744234323501587,,,,,,,,,,
173,2,grader,keep_all|loose_filter|medium_filter|strict_filter|rerank_only,strict_filter,-0.07,0,generator,0.917982,-1.0,1.0,,0.917982,-1.0,1.0,0.0,,,,,,,0.9589910507202148,0.5,1.0,,,,,
173,3,generator,generate_answer|generate_with_strict_citations|generate_short_answer,generate_short_answer,-0.07,0,verifier,0.936691,-1.0,0.901558,-0.788429,0.936691,-1.0,0.901558,-0.788429,,,,,,,,,,0.9683457016944885,0.0,224,0.10578534007072449,
173,4,verifier,verify_answer,verify_answer,0.4299,1,,0.969344,,,,0.969344,0.0,0.0,0.0,,,,,,,,,,,,,,0.9846718907356262
174,1,retriever,dense_retrieve|sparse_retrieve|hybrid_retrieve|hybrid_rerank,sparse_retrieve,-0.02,0,grader,-0.830993,0.808991,-0.456966,-1.0,-0.830993,0.808991,-0.456966,-1.0,0.08450347185134888,18,0.2715171277523041,0.0,,,,,,,,,,
174,2,grader,keep_all|loose_filter|medium_filter|strict_filter|rerank_only,strict_filter,-0.07,0,generator,0.701967,-0.84852,0.896167,,0.701967,-0.84852,0.896167,0.0,,,,,,,0.8509832918643951,0.5378699600696564,0.9480833411216736,,,,,
174,3,generator,generate_answer|generate_with_strict_citations|generate_short_answer,generate_short_answer,-0.07,0,verifier,1.0,-1.0,1.0,-1.0,1.0,-1.0,1.0,-1.0,,,,,,,,,,1.0,0.0,192,0.0,
174,4,verifier,verify_answer,verify_answer,0.6291,1,,1.0,,,,1.0,0.0,0.0,0.0,,,,,,,,,,,,,,1.0
175,1,retriever,dense_retrieve|sparse_retrieve|hybrid_retrieve|hybrid_rerank,hybrid_rerank,-0.02,0,grader,-0.991561,0.839217,0.928677,-0.896916,-0.991561,0.839217,0.928677,-0.896916,0.0042195916175842285,18,0.9643383026123047,0.05154186487197876,,,,,,,,,,
175,2,grader,keep_all|loose_filter|medium_filter|strict_filter|rerank_only,strict_filter,-0.07,0,generator,0.104985,-0.912116,1.0,,0.104985,-0.912116,1.0,0.0,,,,,,,0.5524926669895649,0.5219710469245911,1.0,,,,,
175,3,generator,generate_answer|generate_with_strict_citations|generate_short_answer,generate_short_answer,-0.07,0,verifier,-0.685189,-0.031215,1.0,-1.0,-0.685189,-0.031215,1.0,-1.0,,,,,,,,,,0.15740558505058289,0.4843926941975951,192,0.0,
175,4,verifier,verify_answer,verify_answer,0.3517,1,,-1.0,,,,-1.0,0.0,0.0,0.0,,,,,,,,,,,,,,0.0
176,1,retriever,dense_retrieve|sparse_retrieve|hybrid_retrieve|hybrid_rerank,sparse_retrieve,-0.02,0,grader,-0.798186,0.711361,-0.748684,-0.771583,-0.798186,0.711361,-0.748684,-0.771583,0.10090702772140503,17,0.12565797567367554,0.11420828104019165,,,,,,,,,,
176,2,grader,keep_all|loose_filter|medium_filter|strict_filter|rerank_only,strict_filter,-0.07,0,generator,0.762812,-1.0,0.811124,,0.762812,-1.0,0.811124,0.0,,,,,,,0.8814060091972351,0.5,0.9055618643760681,,,,,
176,3,generator,generate_answer|generate_with_strict_citations|generate_short_answer,generate_short_answer,-0.07,0,verifier,1.0,-0.863249,0.935621,-1.0,1.0,-0.863249,0.935621,-1.0,,,,,,,,,,1.0,0.06837555766105652,187,0.0,
176,4,verifier,verify_answer,verify_answer,0.5122,1,,1.0,,,,1.0,0.0,0.0,0.0,,,,,,,,,,,,,,1.0
177,1,retriever,dense_retrieve|sparse_retrieve|hybrid_retrieve|hybrid_rerank,sparse_retrieve,-0.02,0,grader,-0.707435,0.586045,-0.591596,-1.0,-0.707435,0.586045,-0.591596,-1.0,0.1462823450565338,16,0.20420214533805847,0.0,,,,,,,,,,
177,2,grader,keep_all|loose_filter|medium_filter|strict_filter|rerank_only,medium_filter,-0.07,0,generator,1.0,-0.820768,0.732249,,1.0,-0.820768,0.732249,0.0,,,,,,,1.0,0.544807955622673,0.8661246299743652,,,,,
177,3,generator,generate_answer|generate_with_strict_citations|generate_short_answer,generate_short_answer,-0.07,0,verifier,1.0,-1.0,0.986485,-0.793069,1.0,-1.0,0.986485,-0.793069,,,,,,,,,,1.0,0.0,230,0.10346531867980957,
177,4,verifier,verify_answer,verify_answer,-0.07,0,verifier,0.924031,,,,0.924031,0.0,0.0,0.0,,,,,,,,,,,,,,0.9620155692100525
177,5,verifier,request_regeneration|request_more_retrieval|request_rewrite,request_regeneration,-0.07,0,generator,0.833839,,,,0.833839,0.0,0.0,0.0,,,,,,,,,,,,,,0.9169197380542755
177,6,generator,generate_answer|generate_with_strict_citations|generate_short_answer|regenerate,generate_short_answer,-0.07,0,verifier,1.0,-1.0,0.825406,-0.658778,1.0,-1.0,0.825406,-0.658778,,,,,,,,,,1.0,0.0,242,0.17061105370521545,
177,7,verifier,verify_answer,verify_answer,-0.07,0,verifier,0.685721,,,,0.685721,0.0,0.0,0.0,,,,,,,,,,,,,,0.8428606986999512
177,8,verifier,request_regeneration|request_more_retrieval|request_rewrite,request_regeneration,-0.07,0,generator,0.832552,,,,0.832552,0.0,0.0,0.0,,,,,,,,,,,,,,0.9162757694721222
177,9,generator,generate_answer|generate_with_strict_citations|generate_short_answer|regenerate,generate_short_answer,-0.07,0,verifier,1.0,-1.0,0.749731,-0.476234,1.0,-1.0,0.749731,-0.476234,,,,,,,,,,1.0,0.0,267,0.2618827521800995,
177,10,verifier,verify_answer,verify_answer,0.0577,1,,0.709753,,,,0.709753,0.0,0.0,0.0,,,,,,,,,,,,,,0.8548766672611237
178,1,retriever,dense_retrieve|sparse_retrieve|hybrid_retrieve|hybrid_rerank,hybrid_rerank,-0.02,0,grader,-1.0,1.0,1.0,-1.0,-1.0,1.0,1.0,-1.0,0.0,20,1.0,0.0,,,,,,,,,,
178,2,grader,keep_all|loose_filter|medium_filter|strict_filter|rerank_only,strict_filter,-1.0,1,,-0.053666,-0.786371,1.0,,-0.053666,-0.786371,1.0,0.0,,,,,,,0.4731667935848236,0.5534073561429977,1.0,,,,,
179,1,retriever,dense_retrieve|sparse_retrieve|hybrid_retrieve|hybrid_rerank,sparse_retrieve,-0.02,0,grader,-0.632339,0.181935,-0.351856,-1.0,-0.632339,0.181935,-0.351856,-1.0,0.18383070826530457,13,0.32407180964946747,0.0,,,,,,,,,,
179,2,grader,keep_all|loose_filter|medium_filter|strict_filter|rerank_only,strict_filter,-0.07,0,generator,1.0,-0.936968,1.0,,1.0,-0.936968,1.0,0.0,,,,,,,1.0,0.5157580971717834,1.0,,,,,
179,3,generator,generate_answer|generate_with_strict_citations|generate_short_answer,generate_short_answer,-0.07,0,verifier,1.0,-1.0,1.0,-0.845853,1.0,-1.0,1.0,-0.845853,,,,,,,,,,1.0,0.0,221,0.0770736038684845,
179,4,verifier,verify_answer,verify_answer,0.8558,1,,0.938551,,,,0.938551,0.0,0.0,0.0,,,,,,,,,,,,,,0.9692752957344055
180,1,retriever,dense_retrieve|sparse_retrieve|hybrid_retrieve|hybrid_rerank,sparse_retrieve,-0.02,0,grader,-0.839071,0.750674,-0.375184,-0.907427,-0.839071,0.750674,-0.375184,-0.907427,0.08046457171440125,18,0.31240807473659515,0.04628637433052063,,,,,,,,,,
180,2,grader,keep_all|loose_filter|medium_filter|strict_filter|rerank_only,strict_filter,-0.07,0,generator,0.951945,-0.919479,1.0,,0.951945,-0.919479,1.0,0.0,,,,,,,0.975972592830658,0.5201301425695419,1.0,,,,,
180,3,generator,generate_answer|generate_with_strict_citations|generate_short_answer,generate_short_answer,-0.07,0,verifier,0.931848,-0.728336,1.0,-0.490249,0.931848,-0.728336,1.0,-0.490249,,,,,,,,,,0.9659239053726196,0.13583210110664368,289,0.2548755556344986,
180,4,verifier,verify_answer,verify_answer,0.5403,1,,1.0,,,,1.0,0.0,0.0,0.0,,,,,,,,,,,,,,1.0
181,1,retriever,dense_retrieve|sparse_retrieve|hybrid_retrieve|hybrid_rerank,hybrid_rerank,-0.02,0,grader,-0.933745,1.0,0.898102,-1.0,-0.933745,1.0,0.898102,-1.0,0.033127397298812866,20,0.9490508735179901,0.0,,,,,,,,,,
181,2,grader,keep_all|loose_filter|medium_filter|strict_filter|rerank_only,strict_filter,-0.07,0,generator,0.05024,-0.93387,1.0,,0.05024,-0.93387,1.0,0.0,,,,,,,0.5251199975609779,0.5165325701236725,1.0,,,,,
181,3,generator,generate_answer|generate_with_strict_citations|generate_short_answer,generate_short_answer,-0.07,0,verifier,-0.066631,-0.237702,0.998882,-0.833216,-0.066631,-0.237702,0.998882,-0.833216,,,,,,,,,,0.4666847176849842,0.38114918023347855,223,0.08339190483093262,
181,4,verifier,verify_answer,verify_answer,0.557,1,,-1.0,,,,-1.0,0.0,0.0,0.0,,,,,,,,,,,,,,0.0
182,1,retriever,dense_retrieve|sparse_retrieve|hybrid_retrieve|hybrid_rerank,sparse_retrieve,-0.02,0,grader,-0.945715,0.659736,-0.69965,-1.0,-0.945715,0.659736,-0.69965,-1.0,0.027142465114593506,17,0.15017488598823547,0.0,,,,,,,,,,
182,2,grader,keep_all|loose_filter|medium_filter|strict_filter|rerank_only,strict_filter,-0.07,0,generator,0.96532,-1.0,0.94576,,0.96532,-1.0,0.94576,0.0,,,,,,,0.9826600253582001,0.5,0.9728802442550659,,,,,
182,3,generator,generate_answer|generate_with_strict_citations|generate_short_answer,generate_short_answer,-0.07,0,verifier,1.0,-0.91124,1.0,-0.362248,1.0,-0.91124,1.0,-0.362248,,,,,,,,,,1.0,0.04437980055809021,314,0.3188759684562683,
182,4,verifier,verify_answer,verify_answer,0.6354,1,,0.998789,,,,0.998789,0.0,0.0,0.0,,,,,,,,,,,,,,0.9993946850299835
183,1,retriever,dense_retrieve|sparse_retrieve|hybrid_retrieve|hybrid_rerank,sparse_retrieve,-0.02,0,grader,-0.965041,0.715433,-0.766125,-0.924287,-0.965041,0.715433,-0.766125,-0.924287,0.01747959852218628,17,0.11693748831748962,0.03785628080368042,,,,,,,,,,
183,2,grader,keep_all|loose_filter|medium_filter|strict_filter|rerank_only,strict_filter,-0.07,0,generator,0.895695,-1.0,1.0,,0.895695,-1.0,1.0,0.0,,,,,,,0.9478475749492645,0.5,1.0,,,,,
183,3,generator,generate_answer|generate_with_strict_citations|generate_short_answer,generate_short_answer,-0.07,0,verifier,0.908488,-1.0,1.0,-0.250214,0.908488,-1.0,1.0,-0.250214,,,,,,,,,,0.9542439579963684,0.0,335,0.3748932480812073,
183,4,verifier,verify_answer,verify_answer,-0.07,0,verifier,1.0,,,,1.0,0.0,0.0,0.0,,,,,,,,,,,,,,1.0
183,5,verifier,request_regeneration|request_more_retrieval|request_rewrite,request_regeneration,-0.07,0,generator,1.0,,,,1.0,0.0,0.0,0.0,,,,,,,,,,,,,,1.0
183,6,generator,generate_answer|generate_with_strict_citations|generate_short_answer|regenerate,generate_short_answer,-0.07,0,verifier,1.0,-1.0,1.0,-0.046653,1.0,-1.0,1.0,-0.046653,,,,,,,,,,1.0,0.0,375,0.4766733795404434,
183,7,verifier,verify_answer,verify_answer,-0.07,0,verifier,1.0,,,,1.0,0.0,0.0,0.0,,,,,,,,,,,,,,1.0
183,8,verifier,request_regeneration|request_more_retrieval|request_rewrite,request_regeneration,-0.07,0,generator,1.0,,,,1.0,0.0,0.0,0.0,,,,,,,,,,,,,,1.0
183,9,generator,generate_answer|generate_with_strict_citations|generate_short_answer|regenerate,generate_short_answer,-0.07,0,verifier,0.747844,-1.0,1.0,-0.192388,0.747844,-1.0,1.0,-0.192388,,,,,,,,,,0.8739220798015594,0.0,347,0.4038059338927269,
183,10,verifier,verify_answer,verify_answer,0.0982,1,,0.887083,,,,0.887083,0.0,0.0,0.0,,,,,,,,,,,,,,0.9435414373874664
184,1,retriever,dense_retrieve|sparse_retrieve|hybrid_retrieve|hybrid_rerank,hybrid_rerank,-0.02,0,grader,-0.830164,0.900461,1.0,-1.0,-0.830164,0.900461,1.0,-1.0,0.08491796255111694,19,1.0,0.0,,,,,,,,,,
184,2,grader,keep_all|loose_filter|medium_filter|strict_filter|rerank_only,strict_filter,-0.07,0,generator,-0.404273,-1.0,1.0,,-0.404273,-1.0,1.0,0.0,,,,,,,0.2978636175394058,0.5,1.0,,,,,
184,3,generator,generate_answer|generate_with_strict_citations|generate_short_answer,generate_short_answer,-0.07,0,verifier,0.220079,0.045983,1.0,-0.41286,0.220079,0.045983,1.0,-0.41286,,,,,,,,,,0.610039547085762,0.5229914281517267,304,0.29356975853443146,
184,4,verifier,verify_answer,verify_answer,0.6367,1,,-0.83202,,,,-0.83202,0.0,0.0,0.0,,,,,,,,,,,,,,0.08399003744125366
185,1,retriever,dense_retrieve|sparse_retrieve|hybrid_retrieve|hybrid_rerank,hybrid_rerank,-0.02,0,grader,-0.779665,0.941348,0.793607,-1.0,-0.779665,0.941348,0.793607,-1.0,0.11016726493835449,19,0.8968035578727722,0.0,,,,,,,,,,
185,2,grader,keep_all|loose_filter|medium_filter|strict_filter|rerank_only,strict_filter,-0.07,0,generator,0.189156,-1.0,0.855091,,0.189156,-1.0,0.855091,0.0,,,,,,,0.594578243792057,0.5,0.9275453984737396,,,,,
185,3,generator,generate_answer|generate_with_strict_citations|generate_short_answer,generate_short_answer,-0.07,0,verifier,0.30857,0.02549,1.0,-0.475674,0.30857,0.02549,1.0,-0.475674,,,,,,,,,,0.6542848944664001,0.512744958512485,292,0.26216302812099457,
185,4,verifier,verify_answer,verify_answer,0.4895,1,,-1.0,,,,-1.0,0.0,0.0,0.0,,,,,,,,,,,,,,0.0
186,1,retriever,dense_retrieve|sparse_retrieve|hybrid_retrieve|hybrid_rerank,hybrid_rerank,-0.02,0,grader,-1.0,1.0,1.0,-1.0,-1.0,1.0,1.0,-1.0,0.0,20,1.0,0.0,,,,,,,,,,
186,2,grader,keep_all|loose_filter|medium_filter|strict_filter|rerank_only,strict_filter,-0.07,0,generator,-0.398757,-1.0,0.901011,,-0.398757,-1.0,0.901011,0.0,,,,,,,0.3006215989589691,0.5,0.9505056738853455,,,,,
186,3,generator,generate_answer|generate_with_strict_citations|generate_short_answer,generate_short_answer,-0.07,0,verifier,0.143994,-0.566885,0.86142,-0.419073,0.143994,-0.566885,0.86142,-0.419073,,,,,,,,,,0.5719969421625137,0.21655768156051636,289,0.29046349227428436,
186,4,verifier,verify_answer,verify_answer,0.6685,1,,-0.968575,,,,-0.968575,0.0,0.0,0.0,,,,,,,,,,,,,,0.015712648630142212
187,1,retriever,dense_retrieve|sparse_retrieve|hybrid_retrieve|hybrid_rerank,sparse_retrieve,-0.02,0,grader,-0.810861,0.65917,-0.811803,-1.0,-0.810861,0.65917,-0.811803,-1.0,0.09456932544708252,17,0.09409841895103455,0.0,,,,,,,,,,
187,2,grader,keep_all|loose_filter|medium_filter|strict_filter|rerank_only,strict_filter,-0.07,0,generator,0.933329,-0.748653,1.0,,0.933329,-0.748653,1.0,0.0,,,,,,,0.9666647017002106,0.5628368705511093,1.0,,,,,
187,3,generator,generate_answer|generate_with_strict_citations|generate_short_answer,generate_short_answer,-0.07,0,verifier,0.783317,-0.872677,1.0,-0.302419,0.783317,-0.872677,1.0,-0.302419,,,,,,,,,,0.8916585743427277,0.06366142630577087,325,0.34879031777381897,
187,4,verifier,verify_answer,verify_answer,-0.07,0,verifier,1.0,,,,1.0,0.0,0.0,0.0,,,,,,,,,,,,,,1.0
187,5,verifier,request_regeneration|request_more_retrieval|request_rewrite,request_regeneration,-0.07,0,generator,1.0,,,,1.0,0.0,0.0,0.0,,,,,,,,,,,,,,1.0
187,6,generator,generate_answer|generate_with_strict_citations|generate_short_answer|regenerate,generate_short_answer,-0.07,0,verifier,0.642749,-1.0,1.0,-0.391056,0.642749,-1.0,1.0,-0.391056,,,,,,,,,,0.8213747143745422,0.0,308,0.30447202920913696,
187,7,verifier,verify_answer,verify_answer,-0.07,0,verifier,1.0,,,,1.0,0.0,0.0,0.0,,,,,,,,,,,,,,1.0
187,8,verifier,request_regeneration|request_more_retrieval|request_rewrite,request_regeneration,-0.07,0,generator,1.0,,,,1.0,0.0,0.0,0.0,,,,,,,,,,,,,,1.0
187,9,generator,generate_answer|generate_with_strict_citations|generate_short_answer|regenerate,generate_short_answer,-0.07,0,verifier,0.749915,-1.0,1.0,-0.292329,0.749915,-1.0,1.0,-0.292329,,,,,,,,,,0.8749576210975647,0.0,327,0.3538353890180588,
187,10,verifier,verify_answer,verify_answer,0.0572,1,,1.0,,,,1.0,0.0,0.0,0.0,,,,,,,,,,,,,,1.0
188,1,retriever,dense_retrieve|sparse_retrieve|hybrid_retrieve|hybrid_rerank,hybrid_rerank,-0.02,0,grader,-1.0,0.76679,1.0,-0.914,-1.0,0.76679,1.0,-0.914,0.0,18,1.0,0.04299977421760559,,,,,,,,,,
188,2,grader,keep_all|loose_filter|medium_filter|strict_filter|rerank_only,strict_filter,-0.07,0,generator,0.10912,-0.831184,0.948555,,0.10912,-0.831184,0.948555,0.0,,,,,,,0.5545601062476635,0.5422039180994034,0.9742772579193115,,,,,
188,3,generator,generate_answer|generate_with_strict_citations|generate_short_answer,generate_short_answer,-0.07,0,verifier,0.045526,-0.6924,0.996168,-0.592344,0.045526,-0.6924,0.996168,-0.592344,,,,,,,,,,0.5227629486471415,0.15380004048347473,269,0.2038278877735138,
188,4,verifier,verify_answer,verify_answer,0.4006,1,,-0.965887,,,,-0.965887,0.0,0.0,0.0,,,,,,,,,,,,,,0.017056584358215332
189,1,retriever,dense_retrieve|sparse_retrieve|hybrid_retrieve|hybrid_rerank,sparse_retrieve,-0.02,0,grader,-0.607462,0.398758,-0.52536,-1.0,-0.607462,0.398758,-0.52536,-1.0,0.1962689459323883,15,0.2373199760913849,0.0,,,,,,,,,,
189,2,grader,keep_all|loose_filter|medium_filter|strict_filter|rerank_only,strict_filter,-0.07,0,generator,0.734691,-0.73727,1.0,,0.734691,-0.73727,1.0,0.0,,,,,,,0.8673456907272339,0.565682515501976,1.0,,,,,
189,3,generator,generate_answer|generate_with_strict_citations|generate_short_answer,generate_short_answer,-0.07,0,verifier,0.784303,-0.892719,0.923373,-0.641256,0.784303,-0.892719,0.923373,-0.641256,,,,,,,,,,0.8921513557434082,0.053640395402908325,254,0.17937177419662476,
189,4,verifier,verify_answer,verify_answer,0.6373,1,,1.0,,,,1.0,0.0,0.0,0.0,,,,,,,,,,,,,,1.0
190,1,retriever,dense_retrieve|sparse_retrieve|hybrid_retrieve|hybrid_rerank,hybrid_rerank,-0.02,0,grader,-1.0,0.879058,0.886923,-1.0,-1.0,0.879058,0.886923,-1.0,0.0,19,0.9434613585472107,0.0,,,,,,,,,,
190,2,grader,keep_all|loose_filter|medium_filter|strict_filter|rerank_only,strict_filter,-0.07,0,generator,-0.091085,-1.0,0.891159,,-0.091085,-1.0,0.891159,0.0,,,,,,,0.45445774495601654,0.5,0.9455794095993042,,,,,
190,3,generator,generate_answer|generate_with_strict_citations|generate_short_answer,generate_short_answer,-0.07,0,verifier,-0.028484,-0.298962,0.912698,-0.611499,-0.028484,-0.298962,0.912698,-0.611499,,,,,,,,,,0.4857580652460456,0.35051898658275604,258,0.19425034523010254,
190,4,verifier,verify_answer,verify_answer,0.6247,1,,-0.924496,,,,-0.924496,0.0,0.0,0.0,,,,,,,,,,,,,,0.03775188326835632
191,1,retriever,dense_retrieve|sparse_retrieve|hybrid_retrieve|hybrid_rerank,sparse_retrieve,-0.02,0,grader,-0.720643,0.731231,-0.763907,-0.92623,-0.720643,0.731231,-0.763907,-0.92623,0.13967835903167725,17,0.11804649233818054,0.036884963512420654,,,,,,,,,,
191,2,grader,keep_all|loose_filter|medium_filter|strict_filter|rerank_only,strict_filter,-0.07,0,generator,0.786656,-0.869344,1.0,,0.786656,-0.869344,1.0,0.0,,,,,,,0.8933280110359192,0.5326640456914902,1.0,,,,,
191,3,generator,generate_answer|generate_with_strict_citations|generate_short_answer,generate_short_answer,-0.07,0,verifier,0.859339,-0.989695,1.0,-0.844453,0.859339,-0.989695,1.0,-0.844453,,,,,,,,,,0.9296697080135345,0.005152314901351929,221,0.07777339220046997,
191,4,verifier,verify_answer,verify_answer,0.5917,1,,1.0,,,,1.0,0.0,0.0,0.0,,,,,,,,,,,,,,1.0
192,1,retriever,dense_retrieve|sparse_retrieve|hybrid_retrieve|hybrid_rerank,hybrid_retrieve,-0.02,0,grader,-0.199339,0.268921,-0.845521,-0.951937,-0.199339,0.268921,-0.845521,-0.951937,0.4003303349018097,14,0.07723939418792725,0.024031490087509155,,,,,,,,,,
192,2,grader,keep_all|loose_filter|medium_filter|strict_filter|rerank_only,strict_filter,-0.07,0,generator,1.0,-1.0,1.0,,1.0,-1.0,1.0,0.0,,,,,,,1.0,0.5,1.0,,,,,
192,3,generator,generate_answer|generate_with_strict_citations|generate_short_answer,generate_short_answer,-0.07,0,verifier,-0.350767,-0.887181,0.90737,-0.227614,-0.350767,-0.887181,0.90737,-0.227614,,,,,,,,,,0.3246167451143265,0.05640929937362671,329,0.38619314879179,
192,4,verifier,verify_answer,verify_answer,0.1983,1,,-0.531502,,,,-0.531502,0.0,0.0,0.0,,,,,,,,,,,,,,0.23424875736236572
193,1,retriever,dense_retrieve|sparse_retrieve|hybrid_retrieve|hybrid_rerank,hybrid_rerank,-0.02,0,grader,-1.0,0.914652,1.0,-1.0,-1.0,0.914652,1.0,-1.0,0.0,19,1.0,0.0,,,,,,,,,,
193,2,grader,keep_all|loose_filter|medium_filter|strict_filter|rerank_only,medium_filter,-0.07,0,generator,-0.479353,-0.995932,0.710273,,-0.479353,-0.995932,0.710273,0.0,,,,,,,0.26032328605651855,0.5010171234607697,0.85513636469841,,,,,
193,3,generator,generate_answer|generate_with_strict_citations|generate_short_answer,generate_short_answer,-0.07,0,verifier,-0.606806,-0.732708,0.925607,-0.512682,-0.606806,-0.732708,0.925607,-0.512682,,,,,,,,,,0.19659680128097534,0.1336458921432495,278,0.24365916848182678,
193,4,verifier,verify_answer,verify_answer,0.4387,1,,-1.0,,,,-1.0,0.0,0.0,0.0,,,,,,,,,,,,,,0.0
194,1,retriever,dense_retrieve|sparse_retrieve|hybrid_retrieve|hybrid_rerank,sparse_retrieve,-0.02,0,grader,-0.748845,0.727972,-0.870037,-0.880346,-0.748845,0.727972,-0.870037,-0.880346,0.1255774199962616,17,0.064981609582901,0.05982676148414612,,,,,,,,,,
194,2,grader,keep_all|loose_filter|medium_filter|strict_filter|rerank_only,strict_filter,-0.07,0,generator,0.995435,-0.914064,1.0,,0.995435,-0.914064,1.0,0.0,,,,,,,0.9977177083492279,0.521483913064003,1.0,,,,,
194,3,generator,generate_answer|generate_with_strict_citations|generate_short_answer,generate_short_answer,-0.07,0,verifier,0.920735,-1.0,0.836116,-1.0,0.920735,-1.0,0.836116,-1.0,,,,,,,,,,0.960367739200592,0.0,181,0.0,
194,4,verifier,verify_answer,verify_answer,-0.07,0,verifier,1.0,,,,1.0,0.0,0.0,0.0,,,,,,,,,,,,,,1.0
194,5,verifier,request_regeneration|request_more_retrieval|request_rewrite,request_regeneration,-0.07,0,generator,1.0,,,,1.0,0.0,0.0,0.0,,,,,,,,,,,,,,1.0
194,6,generator,generate_answer|generate_with_strict_citations|generate_short_answer|regenerate,generate_short_answer,-0.07,0,verifier,0.727647,-1.0,0.932805,-0.93208,0.727647,-1.0,0.932805,-0.93208,,,,,,,,,,0.8638235628604889,0.0,200,0.033959925174713135,
194,7,verifier,verify_answer,verify_answer,0.5519,1,,1.0,,,,1.0,0.0,0.0,0.0,,,,,,,,,,,,,,1.0
195,1,retriever,dense_retrieve|sparse_retrieve|hybrid_retrieve|hybrid_rerank,sparse_retrieve,-0.02,0,grader,-0.897123,0.698812,-0.82196,-0.985693,-0.897123,0.698812,-0.82196,-0.985693,0.05143865942955017,17,0.08902010321617126,0.007153570652008057,,,,,,,,,,
195,2,grader,keep_all|loose_filter|medium_filter|strict_filter|rerank_only,strict_filter,-0.07,0,generator,0.605839,-1.0,0.871979,,0.605839,-1.0,0.871979,0.0,,,,,,,0.8029195368289948,0.5,0.9359896183013916,,,,,
195,3,generator,generate_answer|generate_with_strict_citations|generate_short_answer,generate_short_answer,-0.07,0,verifier,1.0,-0.545534,1.0,-0.968626,1.0,-0.545534,1.0,-0.968626,,,,,,,,,,1.0,0.22723320126533508,198,0.01568692922592163,
195,4,verifier,verify_answer,verify_answer,0.5,1,,1.0,,,,1.0,0.0,0.0,0.0,,,,,,,,,,,,,,1.0
196,1,retriever,dense_retrieve|sparse_retrieve|hybrid_retrieve|hybrid_rerank,sparse_retrieve,-0.02,0,grader,-0.819663,0.796514,-0.736614,-0.690378,-0.819663,0.796514,-0.736614,-0.690378,0.09016847610473633,18,0.1316927969455719,0.15481102466583252,,,,,,,,,,
196,2,grader,keep_all|loose_filter|medium_filter|strict_filter|rerank_only,strict_filter,-0.07,0,generator,0.770034,-0.928619,0.860747,,0.770034,-0.928619,0.860747,0.0,,,,,,,0.8850169777870178,0.5178452879190445,0.9303732514381409,,,,,
196,3,generator,generate_answer|generate_with_strict_citations|generate_short_answer,generate_short_answer,-0.07,0,verifier,1.0,-1.0,0.936296,-0.975307,1.0,-1.0,0.936296,-0.975307,,,,,,,,,,1.0,0.0,192,0.012346595525741577,
196,4,verifier,verify_answer,verify_answer,0.64,1,,1.0,,,,1.0,0.0,0.0,0.0,,,,,,,,,,,,,,1.0
197,1,retriever,dense_retrieve|sparse_retrieve|hybrid_retrieve|hybrid_rerank,hybrid_rerank,-0.02,0,grader,-0.860017,0.810452,1.0,-1.0,-0.860017,0.810452,1.0,-1.0,0.06999173760414124,18,1.0,0.0,,,,,,,,,,
197,2,grader,keep_all|loose_filter|medium_filter|strict_filter|rerank_only,strict_filter,-0.07,0,generator,-0.543719,-1.0,0.952226,,-0.543719,-1.0,0.952226,0.0,,,,,,,0.22814074158668518,0.5,0.9761128127574921,,,,,
197,3,generator,generate_answer|generate_with_strict_citations|generate_short_answer,generate_short_answer,-0.07,0,verifier,0.122638,-0.431146,0.792998,-0.865212,0.122638,-0.431146,0.792998,-0.865212,,,,,,,,,,0.5613192468881607,0.28442706167697906,202,0.06739416718482971,
197,4,verifier,verify_answer,verify_answer,0.4912,1,,-0.846414,,,,-0.846414,0.0,0.0,0.0,,,,,,,,,,,,,,0.07679286599159241
198,1,retriever,dense_retrieve|sparse_retrieve|hybrid_retrieve|hybrid_rerank,hybrid_rerank,-0.02,0,grader,-0.684579,0.759426,0.709865,-0.719042,-0.684579,0.759426,0.709865,-0.719042,0.1577104926109314,18,0.8549323081970215,0.14047923684120178,,,,,,,,,,
198,2,grader,keep_all|loose_filter|medium_filter|strict_filter|rerank_only,strict_filter,-0.07,0,generator,-0.118382,-1.0,1.0,,-0.118382,-1.0,1.0,0.0,,,,,,,0.44080910459160805,0.5,1.0,,,,,
198,3,generator,generate_answer|generate_with_strict_citations|generate_short_answer,generate_short_answer,-0.07,0,verifier,-0.382882,-0.415744,1.0,-0.639936,-0.382882,-0.415744,1.0,-0.639936,,,,,,,,,,0.30855900049209595,0.2921280711889267,261,0.18003180623054504,
198,4,verifier,verify_answer,verify_answer,0.3456,1,,-1.0,,,,-1.0,0.0,0.0,0.0,,,,,,,,,,,,,,0.0
199,1,retriever,dense_retrieve|sparse_retrieve|hybrid_retrieve|hybrid_rerank,hybrid_rerank,-0.02,0,grader,-0.985151,0.85856,1.0,-1.0,-0.985151,0.85856,1.0,-1.0,0.007424265146255493,18,1.0,0.0,,,,,,,,,,
199,2,grader,keep_all|loose_filter|medium_filter|strict_filter|rerank_only,strict_filter,-0.07,0,generator,-0.075266,-1.0,1.0,,-0.075266,-1.0,1.0,0.0,,,,,,,0.4623669683933258,0.5,1.0,,,,,
199,3,generator,generate_answer|generate_with_strict_citations|generate_short_answer,generate_short_answer,-0.07,0,verifier,0.274128,-0.282149,1.0,-0.988742,0.274128,-0.282149,1.0,-0.988742,,,,,,,,,,0.6370639353990555,0.358925461769104,194,0.005629032850265503,
199,4,verifier,verify_answer,verify_answer,0.7066,1,,-1.0,,,,-1.0,0.0,0.0,0.0,,,,,,,,,,,,,,0.0
200,1,retriever,dense_retrieve|sparse_retrieve|hybrid_retrieve|hybrid_rerank,hybrid_rerank,-0.02,0,grader,-1.0,1.0,0.826412,-0.780009,-1.0,1.0,0.826412,-0.780009,0.0,20,0.9132060706615448,0.10999557375907898,,,,,,,,,,
200,2,grader,keep_all|loose_filter|medium_filter|strict_filter|rerank_only,strict_filter,-0.07,0,generator,0.479281,-0.957765,1.0,,0.479281,-0.957765,1.0,0.0,,,,,,,0.7396405339241028,0.5105586647987366,1.0,,,,,
200,3,generator,generate_answer|generate_with_strict_citations|generate_short_answer,generate_short_answer,-0.07,0,verifier,0.051582,-0.352775,0.991703,-0.583528,0.051582,-0.352775,0.991703,-0.583528,,,,,,,,,,0.5257908813655376,0.32361268997192383,270,0.20823591947555542,
200,4,verifier,verify_answer,verify_answer,0.6044,1,,-0.835301,,,,-0.835301,0.0,0.0,0.0,,,,,,,,,,,,,,0.08234971761703491
